molecule_chembl_id,standard_type,standard_units,IC50,type,units,value,canonical_smiles,pIC50
CHEMBL68920,IC50,nM,41.0,IC50,uM,0.041,Cc1cc(C)c(/C=C2\C(=O)Nc3ncnc(Nc4ccc(F)c(Cl)c4)c32)[nH]1,7.3872161432802645
CHEMBL69960,IC50,nM,170.0,IC50,uM,0.17,Cc1cc(C(=O)N2CCOCC2)[nH]c1/C=C1\C(=O)Nc2ncnc(Nc3ccc(F)c(Cl)c3)c21,6.769551078621726
CHEMBL137635,IC50,nM,9300.0,IC50,uM,9.3,CN(c1ccccc1)c1ncnc2ccc(N/N=N/Cc3ccccn3)cc12,5.031517051446065
CHEMBL306988,IC50,nM,500000.0,IC50,uM,500.0,CC(=C(C#N)C#N)c1ccc(NC(=O)CCC(=O)O)cc1,3.3010299956639813
CHEMBL66879,IC50,nM,3000000.0,IC50,uM,3000.0,O=C(O)/C=C/c1ccc(O)cc1,2.5228787452803374
CHEMBL77085,IC50,nM,96000.0,IC50,uM,96.0,N#CC(C#N)=Cc1cc(O)ccc1[N+](=O)[O-],4.017728766960432
CHEMBL443268,IC50,nM,5310.0,IC50,uM,5.31,Cc1cc(C(=O)NCCN2CCOCC2)[nH]c1/C=C1\C(=O)N(C)c2ncnc(Nc3ccc(F)c(Cl)c3)c21,5.274905478918531
CHEMBL76979,IC50,nM,264000.0,IC50,uM,264.0,COc1cc(/C=C(\C#N)C(=O)O)cc(OC)c1O,3.5783960731301687
CHEMBL76589,IC50,nM,125.0,IC50,uM,0.125,N#CC(C#N)=C(N)/C(C#N)=C/c1ccc(O)cc1,6.903089986991944
CHEMBL76904,IC50,nM,35000.0,IC50,uM,35.0,N#CC(C#N)=Cc1ccc(O)c(O)c1,4.455931955649724
CHEMBL1009,IC50,nM,900000.0,IC50,uM,900.0,N[C@@H](Cc1ccc(O)c(O)c1)C(=O)O,3.0457574905606752
CHEMBL304271,IC50,nM,0.45,IC50,uM,0.00045,CCN(CC)CC(O)CNC(=O)c1cc(C)c(/C=C2\C(=O)Nc3ncnc(Nc4ccc(F)c(Cl)c4)c32)[nH]1,9.346787486224656
CHEMBL296407,IC50,nM,10000.0,IC50,uM,10.0,N#C/C(=C\c1ccc(O)c(O)c1)C(N)=O,5.0
CHEMBL309625,IC50,nM,60000.0,IC50,uM,60.0,N#CC(C#N)=C(N)/C(C#N)=C/c1ccc(O)c([N+](=O)[O-])c1,4.221848749616356
CHEMBL77825,IC50,nM,600000.0,IC50,uM,600.0,COc1ccc(NN=C(C#N)C#N)cc1,3.221848749616356
CHEMBL421877,IC50,nM,850000.0,IC50,uM,850.0,COc1cc(C=C(C#N)C#N)cc(OC)c1O,3.070581074285707
CHEMBL310798,IC50,nM,3000.0,IC50,uM,3.0,N#CC(C#N)=Cc1cc(O)c(O)c(O)c1,5.522878745280337
CHEMBL135592,IC50,nM,8000.0,IC50,uM,8.0,C/N=N/Nc1ccc2ncnc(N(C)c3ccccc3)c2c1,5.096910013008056
CHEMBL309866,IC50,nM,1300000.0,IC50,uM,1300.0,N#C/C(=C\c1ccc([N+](=O)[O-])cc1)C(=O)O,2.886056647693163
CHEMBL77381,IC50,nM,1360000.0,IC50,uM,1360.0,N#C/C(=C/c1ccc[nH]1)C(=O)O,2.8664610916297826
CHEMBL76602,IC50,nM,165000.0,IC50,uM,165.0,N#C/C(=C\c1ccc(O)cc1)C(=O)O,3.7825160557860937
CHEMBL77737,IC50,nM,250000.0,IC50,uM,250.0,N#CC(C#N)=Cc1ccncc1,3.6020599913279625
CHEMBL308134,IC50,nM,125000.0,IC50,uM,125.0,N#CC(C#N)=Cc1ccc(O)c([N+](=O)[O-])c1,3.9030899869919438
CHEMBL136491,IC50,nM,14.0,IC50,uM,0.014,CN(C)/N=N/c1ccc2ncnc(Nc3cccc(Cl)c3)c2c1,7.853871964321762
CHEMBL76557,IC50,nM,625000.0,IC50,uM,625.0,N#CCNC(=O)/C(C#N)=C/c1ccc(O)cc1,3.2041199826559246
CHEMBL336113,IC50,nM,1000.0,IC50,uM,1.0,Cc1cccc(Nc2ncnc3ccc(N)cc23)c1,6.0
CHEMBL133024,IC50,nM,100.0,IC50,uM,0.1,C/N=N/Nc1ccc2ncnc(Nc3cccc(Cl)c3)c2c1,7.0
CHEMBL344652,IC50,nM,13350.0,IC50,uM,13.35,CN(C)/N=N/c1ccc2ncnc(N(C)c3ccccc3)c2c1,4.874518734299406
CHEMBL77814,IC50,nM,350000.0,IC50,uM,350.0,N#CC(C#N)=CNc1ccc(O)cc1,3.4559319556497243
CHEMBL47986,IC50,nM,14000.0,IC50,uM,14.0,O=CN/C=C/c1cc(O)ccc1O,4.853871964321762
CHEMBL138125,IC50,nM,238.0,IC50,uM,0.238,Brc1cccc(Nc2ncnc3ccc(N/N=N/Cc4ccccn4)cc23)c1,6.623423042943488
CHEMBL137364,IC50,nM,64.0,IC50,uM,0.064,Brc1cccc(Nc2ncnc3ccc(N/N=N/CCN4CCOCC4)cc23)c1,7.1938200260161125
CHEMBL308339,IC50,nM,1400000.0,IC50,uM,1400.0,N#CC(C#N)=C1C(=O)NC(=O)NC1=O,2.853871964321762
CHEMBL78174,IC50,nM,430000.0,IC50,uM,430.0,N#CC(C#N)=Cc1ccc(C(=O)O)cc1,3.3665315444204134
CHEMBL302552,IC50,nM,22.0,IC50,uM,0.022,O=C1Nc2ncnc(Nc3ccc(F)c(Cl)c3)c2/C1=C/c1ccc(C(=O)NCCN2CCOCC2)[nH]1,7.657577319177793
CHEMBL309598,IC50,nM,13500.0,IC50,uM,13.5,N#CC(C#N)=C(O)c1cc(O)c(O)c(O)c1,4.8696662315049934
CHEMBL67057,IC50,nM,4.5,IC50,uM,0.0045,Cc1cc(C(=O)N2CCOCC2)[nH]c1/C=C1\C(=O)Nc2ncnc(Nc3ccc4c(ccn4Cc4ccccc4)c3)c21,8.346787486224656
CHEMBL332096,IC50,nM,508.0,IC50,uM,0.508,Nc1ccc2ncnc(NCc3ccccc3)c2c1,6.294136287716081
CHEMBL77387,IC50,nM,450000.0,IC50,uM,450.0,N#CC(C#N)=Cc1ccc([N+](=O)[O-])c(O)c1,3.3467874862246565
CHEMBL432903,IC50,nM,200.0,IC50,uM,0.2,CCN(CC)CCNC(=O)c1c(C)[nH]c(/C=C2\C(=O)Nc3ncnc(Nc4ccc(F)c(Cl)c4)c32)c1C,6.698970004336019
CHEMBL69964,IC50,nM,210.0,IC50,uM,0.21,Cc1cc(/C=C2\C(=O)Nc3ncnc(Nc4ccc(F)c(Cl)c4)c32)[nH]c1C(=O)N1CCN(C)CC1,6.6777807052660805
CHEMBL65848,IC50,nM,1410.0,IC50,uM,1.41,Cc1cc(C(=O)N2CCOCC2)[nH]c1/C=C1\C(=O)Nc2ncnc(Nc3ccc4c(c3)CCC4)c21,5.85078088734462
CHEMBL78184,IC50,nM,833000.0,IC50,uM,833.0,N#C/C(=C\c1ccc(F)cc1)C(=O)O,3.0793549985932125
CHEMBL76985,IC50,nM,47000.0,IC50,uM,47.0,N#C/C(=C\c1ccc(C=O)cc1)C(=O)O,4.327902142064283
CHEMBL145,IC50,nM,1200000.0,IC50,uM,1200.0,O=C(O)/C=C/c1ccc(O)c(O)c1,2.9208187539523753
CHEMBL69629,IC50,nM,6.5,IC50,uM,0.0065,Cc1cc(C(=O)NCCN2CCOCC2)[nH]c1/C=C1\C(=O)Nc2ncnc(Nc3ccc(F)c(Cl)c3)c21,8.187086643357144
CHEMBL136492,IC50,nM,8400.0,IC50,uM,8.4,CN(c1ccccc1)c1ncnc2ccc(N)cc12,5.075720713938118
CHEMBL77197,IC50,nM,1100000.0,IC50,uM,1100.0,COc1cc(/C(C)=C(\C#N)C(=O)O)ccc1O,2.958607314841775
CHEMBL305695,IC50,nM,560000.0,IC50,uM,560.0,N#CC(C#N)=Cc1ccc(O)cc1,3.2518119729937993
CHEMBL76587,IC50,nM,6500000.0,IC50,uM,6500.0,N#CC(C#N)Cc1ccc(O)cc1,2.1870866433571443
CHEMBL66570,IC50,nM,13.0,IC50,uM,0.013,CCN1CCN(C(=O)c2cc(C)c(/C=C3\C(=O)Nc4ncnc(Nc5ccc(F)c(Cl)c5)c43)[nH]2)CC1,7.886056647693163
CHEMBL308048,IC50,nM,800000.0,IC50,uM,800.0,N#C/C(=C\c1ccc(O)cc1)C(N)=O,3.0969100130080562
CHEMBL311119,IC50,nM,60000.0,IC50,uM,60.0,N#CC(C#N)=Cc1ccc(C=O)cc1,4.221848749616356
CHEMBL76905,IC50,nM,37000.0,IC50,uM,37.0,N#CC(C#N)=Cc1cc(O)cc(O)c1,4.431798275933005
CHEMBL77524,IC50,nM,833000.0,IC50,uM,833.0,COc1ccc(/C=C(\C#N)C(=O)O)cc1,3.0793549985932125
CHEMBL305194,IC50,nM,29.0,IC50,uM,0.029,Cc1cc(C(=O)O)[nH]c1/C=C1\C(=O)Nc2ncnc(Nc3ccc(F)c(Cl)c3)c21,7.5376020021010435
CHEMBL307250,IC50,nM,325000.0,IC50,uM,325.0,COc1cc(/C=C(\C#N)C(=O)O)ccc1O,3.4881166390211256
CHEMBL80155,IC50,nM,6000.0,IC50,uM,6.0,COc1cc(C=C(C#N)C#N)cc(O)c1O,5.221848749616356
CHEMBL343352,IC50,nM,200.0,IC50,uM,0.2,Nc1ccc2ncnc(Nc3cccc(Cl)c3)c2c1,6.698970004336019
CHEMBL52765,IC50,nM,44.0,IC50,uM,0.044,Nc1ccc2ncnc(Nc3cccc(Br)c3)c2c1,7.356547323513812
CHEMBL311564,IC50,nM,450000.0,IC50,uM,450.0,COc1ccc(C(O)=C(C#N)C#N)cc1,3.3467874862246565
CHEMBL76642,IC50,nM,75000.0,IC50,uM,75.0,N#C/C(=C/c1cc(O)ccc1O)C(=O)O,4.1249387366083
CHEMBL308645,IC50,nM,4.7,IC50,uM,0.0047,Cc1cc(CCC(=O)O)[nH]c1/C=C1\C(=O)Nc2ncnc(Nc3ccc(F)c(Cl)c3)c21,8.327902142064282
CHEMBL67003,IC50,nM,1.8,IC50,uM,0.0018,Cc1cc(C(=O)N2CCOCC2)[nH]c1/C=C1\C(=O)Nc2ncnc(Nc3ccc4c(cnn4Cc4ccccc4)c3)c21,8.744727494896694
CHEMBL307248,IC50,nM,640000.0,IC50,uM,640.0,N#CC(C#N)=Cc1ccc(NC(=O)CCC(=O)O)cc1,3.193820026016113
CHEMBL310958,IC50,nM,225000.0,IC50,uM,225.0,N#CC(C#N)=NNc1ccc(O)cc1,3.6478174818886373
CHEMBL78005,IC50,nM,350000.0,IC50,uM,350.0,N#CC(C#N)=Cc1ccc2c(c1)OCO2,3.4559319556497243
CHEMBL134312,IC50,nM,11.0,IC50,uM,0.011,CN(C)/N=N/c1ccc2ncnc(Nc3cccc(Br)c3)c2c1,7.958607314841775
CHEMBL77243,IC50,nM,55000.0,IC50,uM,55.0,CCCCc1cc(/C=C(\C#N)C(N)=O)cc(CCCC)c1O,4.259637310505756
CHEMBL80745,IC50,nM,1200.0,IC50,uM,1.2,COc1cc(/C=C(\C#N)C(N)=C(C#N)C#N)cc(O)c1O,5.920818753952375
CHEMBL77778,IC50,nM,450000.0,IC50,uM,450.0,N#CC(C#N)=Cc1ccc(/C=C/C(=O)O)cc1,3.3467874862246565
CHEMBL305246,IC50,nM,2.8,IC50,uM,0.0028,Cc1cc(C(=O)N2CCN(C)CC2)[nH]c1/C=C1\C(=O)Nc2ncnc(Nc3ccc(F)c(Cl)c3)c21,8.55284196865778
CHEMBL69966,IC50,nM,18.0,IC50,uM,0.018,C#Cc1cccc(Nc2ncnc3c2/C(=C/c2[nH]c(C(=O)NCCN4CCOCC4)cc2C)C(=O)N3)c1,7.7447274948966935
CHEMBL47940,IC50,nM,3200.0,IC50,uM,3.2,Nc1ncnc2c1c(-c1ccc(Oc3ccccc3)cc1)cn2C1CCCC1,5.494850021680094
CHEMBL57712,IC50,nM,1300000.0,IC50,uM,1300.0,N#CC(C#N)=Cc1cc[n+]([O-])cc1,2.886056647693163
CHEMBL77869,IC50,nM,200000.0,IC50,uM,200.0,COc1cc(C=C(C#N)C#N)ccc1O,3.6989700043360187
CHEMBL69358,IC50,nM,1.2,IC50,uM,0.0012,CCN(CC)CCNC(=O)c1cc(C)c(/C=C2\C(=O)Nc3ncnc(Nc4ccc(F)c(Cl)c4)c32)[nH]1,8.920818753952375
CHEMBL137189,IC50,nM,200.0,IC50,uM,0.2,C/N=N/Nc1ccc2ncnc(Nc3cccc(C)c3)c2c1,6.698970004336019
CHEMBL137617,IC50,nM,39.0,IC50,uM,0.039,C/N=N/Nc1ccc2ncnc(Nc3cccc(Br)c3)c2c1,7.4089353929735005
CHEMBL137027,IC50,nM,482.0,IC50,uM,0.482,CN(C)/N=N/c1ccc2ncnc(NCc3ccccc3)c2c1,6.31695296176115
CHEMBL78257,IC50,nM,800.0,IC50,uM,0.8,N#CC(C#N)=C(N)/C(C#N)=C/c1cc(O)c(O)c(O)c1,6.096910013008056
CHEMBL76082,IC50,nM,560000.0,IC50,uM,560.0,N#CC(C#N)=Cc1cc2c(cc1[N+](=O)[O-])OCO2,3.2518119729937993
CHEMBL77595,IC50,nM,850000.0,IC50,uM,850.0,N#C/C(=C\c1ccccc1)C(=O)O,3.070581074285707
CHEMBL309334,IC50,nM,2500.0,IC50,uM,2.5,N#CC(C#N)=C(N)/C(C#N)=C/c1ccc(O)c(O)c1,5.6020599913279625
CHEMBL310514,IC50,nM,260000.0,IC50,uM,260.0,N#CC(C#N)=Cc1ccc[nH]1,3.585026652029182
CHEMBL304971,IC50,nM,410.0,IC50,uM,0.41,Cc1c(C(=O)N2CCN(C)CC2)c[nH]c1/C=C1\C(=O)Nc2ncnc(Nc3ccc(F)c(Cl)c3)c21,6.3872161432802645
CHEMBL69071,IC50,nM,5.9,IC50,uM,0.0059,Cc1cc(C(=O)N2CC(C)NC(C)C2)[nH]c1/C=C1\C(=O)Nc2ncnc(Nc3ccc(F)c(Cl)c3)c21,8.229147988357855
CHEMBL137534,IC50,nM,38.0,IC50,uM,0.038,CN(C)CC/N=N/Nc1ccc2ncnc(Nc3cccc(Br)c3)c2c1,7.42021640338319
CHEMBL137788,IC50,nM,335.0,IC50,uM,0.335,C/N=N/Nc1ccc2ncnc(NCc3ccccc3)c2c1,6.474955192963154
CHEMBL424093,IC50,nM,25.0,IC50,uM,0.025,Brc1cccc(Nc2ncnc3ccc(N/N=N/Cc4ccccc4)cc23)c1,7.6020599913279625
CHEMBL77030,IC50,nM,2400.0,IC50,uM,2.4,N#C/C(=C\c1ccc(O)c(O)c1)C(N)=S,5.619788758288394
CHEMBL78150,IC50,nM,460000.0,IC50,uM,460.0,CC(C)(C)c1cc(C=C(C#N)C#N)cc(C(C)(C)C)c1O,3.337242168318426
CHEMBL264382,IC50,nM,1.1,IC50,uM,0.0011,Cc1cc(C(=O)NCCN2CCOCC2)[nH]c1/C=C1\C(=O)Nc2ncnc(Nc3ccc4c(ccn4Cc4ccccc4)c3)c21,8.958607314841775
CHEMBL308133,IC50,nM,1500000.0,IC50,uM,1500.0,O=C(O)C(=Cc1ccc(O)cc1)C(=O)O,2.8239087409443187
CHEMBL307179,IC50,nM,160000.0,IC50,uM,160.0,COc1cc(C=C(C#N)C#N)cc([N+](=O)[O-])c1O,3.795880017344075
CHEMBL305782,IC50,nM,180.0,IC50,uM,0.18,Cc1[nH]c(/C=C2\C(=O)Nc3ncnc(Nc4ccc(F)c(Cl)c4)c32)c(C)c1CCC(=O)O,6.7447274948966935
CHEMBL308672,IC50,nM,450.0,IC50,uM,0.45,CCN(CC)CCNC(=O)c1cc(C)c(/C=C2\C(=O)Nc3ncnc(Nc4ccc(Cl)cc4F)c32)[nH]1,6.346787486224656
CHEMBL133023,IC50,nM,24.0,IC50,uM,0.024,Cc1cccc(Nc2ncnc3ccc(/N=N/N(C)C)cc23)c1,7.619788758288394
CHEMBL310400,IC50,nM,375000.0,IC50,uM,375.0,N#CC(C#N)=Cc1cccc(O)c1,3.425968732272281
CHEMBL136674,IC50,nM,71.0,IC50,uM,0.071,COCC/N=N/Nc1ccc2ncnc(Nc3cccc(Br)c3)c2c1,7.1487416512809245
CHEMBL73820,IC50,nM,25000.0,IC50,uM,25.0,N#C/C(=C\c1ccc(O)c(O)c1)C(=O)O,4.6020599913279625
CHEMBL79064,IC50,nM,230000.0,IC50,uM,230.0,N#CC(C#N)=C(O)c1ccc(O)cc1,3.638272163982407
CHEMBL77803,IC50,nM,500.0,IC50,uM,0.5,N#CC(C#N)=C(N)/C(C#N)=C/c1cc(O)c(O)c(Br)c1,6.301029995663981
CHEMBL75718,IC50,nM,2400000.0,IC50,uM,2400.0,N#C/C=C/c1ccc(O)cc1,2.619788758288394
CHEMBL77298,IC50,nM,153000.0,IC50,uM,153.0,COc1cc(C=C(C#N)C#N)cc(Br)c1O,3.815308569182401
CHEMBL432941,IC50,nM,8880.0,IC50,uM,8.88,COc1cccc(-c2ccc3c(c2)NC(=O)/C3=C\c2[nH]c3c(c2CCC(=O)O)CCCC3)c1,5.051587034221399
CHEMBL322395,IC50,nM,3000.0,IC50,nM,3000.0,COc1cc(Nc2c(C#N)cnc3cc(-c4ccc(CN5CCOCC5)cc4)ccc23)c(Cl)cc1Cl,5.522878745280337
CHEMBL431996,IC50,nM,56500.0,IC50,uM,56.5,O=C(O)CCc1c(/C=C2\C(=O)Nc3ccc(C(=O)O)cc32)[nH]c2c1CCCC2,4.247951552180561
CHEMBL86531,IC50,nM,29100.0,IC50,uM,29.1,NS(=O)(=O)c1ccc2c(c1)/C(=C/c1[nH]c3c(c1CCC(=O)O)CCCC3)C(=O)N2,4.536107011014093
CHEMBL138691,IC50,nM,2282.0,IC50,nM,2282.0,C=CC(=O)N(CCN(C)C)c1cc2c(Nc3cccc(Br)c3)ncnc2cn1,5.641684359917804
CHEMBL139307,IC50,nM,194.0,IC50,nM,194.0,C=CC(=O)N(CCCN1CCOCC1)c1ccc2ncnc(Nc3cccc(Br)c3)c2c1,6.7121982700697735
CHEMBL322298,IC50,nM,200.0,IC50,uM,0.2,CCn1c(=O)c(-c2c(Cl)cccc2Cl)cc2cnc(Nc3ccccc3)nc21,6.698970004336019
CHEMBL111434,IC50,nM,670.0,IC50,uM,0.67,Cn1c(=O)c(-c2c(Cl)cccc2Cl)cc2cnc(Nc3cccc(Br)c3)nc21,6.173925197299173
CHEMBL111197,IC50,nM,30.0,IC50,uM,0.03,COc1cccc(Nc2ncc3cc(-c4c(Cl)cccc4Cl)c(=O)n(C)c3n2)c1,7.522878745280337
CHEMBL136058,IC50,nM,8.8,IC50,nM,8.8,O=C(/C=C/C(=O)Nc1cc2c(Nc3cccc(Br)c3)ncnc2cn1)NCCCN1CCOCC1,8.05551732784983
CHEMBL939,IC50,nM,515.0,IC50,uM,0.515,COc1cc2ncnc(Nc3ccc(F)c(Cl)c3)c2cc1OCCCN1CCOCC1,6.288192770958809
CHEMBL95320,IC50,nM,850.0,IC50,uM,0.85,C#Cc1cccc(Nc2c(C#N)cnc3cc(OCCOC)c(OCCOC)cc23)c1,6.070581074285707
CHEMBL292323,IC50,nM,6500.0,IC50,uM,6.5,COc1cccc2c(C(=O)Nc3ccccc3)c(SSc3c(C(=O)Nc4ccccc4)c4cccc(OC)c4n3C)n(C)c12,5.187086643357144
CHEMBL545315,IC50,nM,7.4,IC50,nM,7.4,C=CC(=O)Nc1cc2c(Nc3ccc(F)c(Cl)c3)ncnc2cc1OCCCN1CCOCC1.Cl.Cl,8.130768280269024
CHEMBL111365,IC50,nM,1300.0,IC50,uM,1.3,COc1ccc(Nc2ncc3cc(-c4c(Cl)cccc4Cl)c(=O)n(C)c3n2)cn1,5.886056647693163
CHEMBL422292,IC50,nM,51.0,IC50,nM,51.0,CCOC(=O)/C=C/C(=O)Nc1cc2c(Nc3cccc(Br)c3)ncnc2cn1,7.292429823902063
CHEMBL113023,IC50,nM,250.0,IC50,uM,0.25,COc1ccc(Nc2ncc3cc(-c4c(Cl)cccc4Cl)c(=O)n(C)c3n2)cc1C,6.6020599913279625
CHEMBL304414,IC50,nM,10000.0,IC50,uM,10.0,Cn1c(SSc2c(C(=O)Nc3ccccc3)c3ccccc3n2C)c(C(=O)Nc2ccccc2)c2ccccc21,5.0
CHEMBL106232,IC50,nM,4500.0,IC50,uM,4.5,CN1CCN(CCCCCNc2ncc3cc(-c4c(Cl)cccc4Cl)c(=O)n(C)c3n2)CC1,5.346787486224656
CHEMBL327127,IC50,nM,90.0,IC50,uM,0.09,Cn1c(=O)c(-c2c(Cl)cccc2Cl)cc2cnc(Nc3cccc(CO)c3)nc21,7.045757490560675
CHEMBL293261,IC50,nM,850.0,IC50,uM,0.85,O=C(CCc1c(SSc2[nH]c3ccccc3c2CCC(=O)NCc2ccccc2)[nH]c2ccccc12)NCc1ccccc1,6.070581074285707
CHEMBL267019,IC50,nM,2500.0,IC50,uM,2.5,O=C1NC(=O)c2cc(Nc3ccc(O)cc3)c(Nc3ccc(O)cc3)cc21,5.6020599913279625
CHEMBL285063,IC50,nM,2.7,IC50,nM,2.7,C=CC(=O)Nc1ccc2ncnc(Nc3cccc(Br)c3)c2c1,8.568636235841012
CHEMBL136404,IC50,nM,7.7,IC50,nM,7.7,C/C=C/C(=O)Nc1cc2c(Nc3cccc(Br)c3)ncnc2cn1,8.113509274827518
CHEMBL291979,IC50,nM,54100.0,IC50,uM,54.1,Cn1c(SSc2c(C(=O)Nc3ccccc3)c3cc(C#N)ccc3n2C)c(C(=O)Nc2ccccc2)c2cc(C#N)ccc21,4.266802734893431
CHEMBL62843,IC50,nM,100000.0,IC50,uM,100.0,Cn1c(SSc2c(C(=O)Nc3ccccc3)c3cccc(O)c3n2C)c(C(=O)Nc2ccccc2)c2cccc(O)c21,4.0
CHEMBL434827,IC50,nM,21.0,IC50,nM,21.0,CCN(CC)CCCNC(=O)/C=C/C(=O)Nc1cc2c(Nc3cccc(Br)c3)ncnc2cn1,7.6777807052660805
CHEMBL64430,IC50,nM,5000.0,IC50,uM,5.0,Cn1c(SSc2c(C(=O)Nc3ccccc3)c3cc([N+](=O)[O-])ccc3n2C)c(C(=O)Nc2ccccc2)c2cc([N+](=O)[O-])ccc21,5.301029995663981
CHEMBL137082,IC50,nM,156.0,IC50,nM,156.0,C=CC(=O)N(CCCN1CCOCC1)c1cc2c(Nc3cccc(Br)c3)ncnc2cn1,6.806875401645538
CHEMBL324926,IC50,nM,330.0,IC50,uM,0.33,COc1cc(Nc2ncc3cc(-c4c(Cl)cccc4Cl)c(=O)n(C)c3n2)cc(OC)c1,6.481486060122113
CHEMBL62176,IC50,nM,1000.0,IC50,uM,1.0,CN1C(=S)C(C(=O)Nc2ccccc2)c2ccccc21,6.0
CHEMBL138363,IC50,nM,44.0,IC50,nM,44.0,C=C(C)C(=O)Nc1cc2c(Nc3cccc(Br)c3)ncnc2cn1,7.356547323513812
CHEMBL93464,IC50,nM,8.7,IC50,nM,8.7,C/C=C/C(=O)Nc1ccc2ncnc(Nc3cccc(Br)c3)c2c1,8.060480747381382
CHEMBL31965,IC50,nM,74.0,IC50,uM,0.074,C=CC(=O)Nc1cc2c(Nc3ccc(F)c(Cl)c3)ncnc2cc1OCCCN1CCOCC1,7.130768280269024
CHEMBL344486,IC50,nM,64.0,IC50,nM,64.0,CCOC(=O)/C=C/C(=O)Nc1ccc2ncnc(Nc3cccc(Br)c3)c2c1,7.1938200260161125
CHEMBL138940,IC50,nM,14.0,IC50,nM,14.0,O=C(/C=C/C(=O)Nc1cc2c(Nc3ccc(F)c(Cl)c3)ncnc2cn1)NCCCN1CCOCC1,7.853871964321762
CHEMBL321193,IC50,nM,150.0,IC50,uM,0.15,Cn1c(=O)c(-c2c(Cl)cccc2Cl)cc2cnc(Nc3cccc(O)c3)nc21,6.823908740944319
CHEMBL419022,IC50,nM,700.0,IC50,uM,0.7,CCOC(=O)CCCc1ccc(Nc2ncc3cc(-c4c(Cl)cccc4Cl)c(=O)n(C)c3n2)cc1,6.154901959985743
CHEMBL344177,IC50,nM,20.0,IC50,nM,20.0,O=C(/C=C/Cl)Nc1cc2c(Nc3cccc(Br)c3)ncnc2cn1,7.698970004336019
CHEMBL136178,IC50,nM,1039.0,IC50,nM,1039.0,CC(=O)/C=C/C(=O)Nc1ccc2ncnc(Nc3cccc(Br)c3)c2c1,5.983384452442823
CHEMBL136511,IC50,nM,2.7,IC50,nM,2.7,C=CS(=O)(=O)Nc1ccc2ncnc(Nc3cccc(Br)c3)c2c1,8.568636235841012
CHEMBL44,IC50,nM,1000.0,IC50,uM,1.0,O=c1c(-c2ccc(O)cc2)coc2cc(O)cc(O)c12,6.0
CHEMBL136102,IC50,nM,193.0,IC50,nM,193.0,CN(C)CCCNC(=O)/C=C/C(=O)N(C)c1cc2c(Nc3cccc(Br)c3)ncnc2cn1,6.714442690992226
CHEMBL104153,IC50,nM,220.0,IC50,uM,0.22,COc1ccc(Nc2ncc3cc(-c4c(Cl)cccc4Cl)c(=O)n(C)c3n2)cc1,6.657577319177793
CHEMBL95774,IC50,nM,80.0,IC50,uM,0.08,C=CC(=O)Nc1cc2c(Nc3ccc(F)c(Cl)c3)c(C#N)cnc2cc1OCCCN1CCOCC1,7.096910013008056
CHEMBL268868,IC50,nM,300.0,IC50,uM,0.3,O=C1NC(=O)c2cc(Nc3ccccc3)c(Nc3ccccc3)cc21,6.522878745280337
CHEMBL7775,IC50,nM,8700.0,IC50,uM,8.7,CN(c1ccccc1)c1cc2c(cc1Nc1ccccc1)C(=O)NC2=O,5.060480747381382
CHEMBL61119,IC50,nM,5300.0,IC50,uM,5.3,CC(=O)Oc1ccc2c(c1)c(C(=O)Nc1ccccc1)c(SSc1c(C(=O)Nc3ccccc3)c3cc(OC(C)=O)ccc3n1C)n2C,5.275724130399211
CHEMBL50647,IC50,nM,220.0,IC50,uM,0.22,Cn1c(=O)c(-c2c(Cl)cccc2Cl)cc2cnc(Nc3ccc(CC(=O)O)cc3)nc21,6.657577319177793
CHEMBL320705,IC50,nM,66.0,IC50,uM,0.066,COc1ccccc1Nc1ncc2cc(-c3c(Cl)cccc3Cl)c(=O)n(C)c2n1,7.180456064458132
CHEMBL113863,IC50,nM,1000.0,IC50,uM,1.0,Cn1c(=O)c(-c2c(Cl)cccc2Cl)cc2cnc(NCCCCCC(=O)O)nc21,6.0
CHEMBL553,IC50,nM,1450.0,IC50,uM,1.45,C#Cc1cccc(Nc2ncnc3cc(OCCOC)c(OCCOC)cc23)c1,5.838631997765025
CHEMBL92086,IC50,nM,16.0,IC50,nM,16.0,C=C(C)C(=O)Nc1ccc2ncnc(Nc3cccc(Br)c3)c2c1,7.795880017344075
CHEMBL109631,IC50,nM,190.0,IC50,uM,0.19,Cn1c(=O)c(-c2c(Cl)cccc2Cl)cc2cnc(Nc3cccc(C(=O)O)c3)nc21,6.721246399047171
CHEMBL293913,IC50,nM,44000.0,IC50,uM,44.0,Cn1c(SSc2c(C(=O)Nc3ccccc3)c3ccc(O)cc3n2C)c(C(=O)Nc2ccccc2)c2ccc(O)cc21,4.356547323513812
CHEMBL7914,IC50,nM,2500.0,IC50,uM,2.5,Cc1ccc(Nc2cc3c(cc2Nc2ccc(C)cc2)C(=O)NC3=O)cc1,5.6020599913279625
CHEMBL334801,IC50,nM,57.0,IC50,nM,57.0,CN(C)CCCNC(=O)/C=C/C(=O)Nc1cc2c(Nc3cccc(Br)c3)ncnc2cn1,7.2441251443275085
CHEMBL325589,IC50,nM,510.0,IC50,uM,0.51,Cn1c(=O)c(-c2c(Cl)cccc2Cl)cc2cnc(Nc3cccnc3)nc21,6.292429823902063
CHEMBL99024,IC50,nM,1040.0,IC50,uM,1.04,COc1cc2ncc(C#N)c(Nc3ccc(F)c(Cl)c3)c2cc1OCCCN1CCOCC1,5.982966660701219
CHEMBL59812,IC50,nM,20000.0,IC50,uM,20.0,CC(=O)Oc1cccc2c1c(C(=O)Nc1ccccc1)c(SSc1c(C(=O)Nc3ccccc3)c3c(OC(C)=O)cccc3n1C)n2C,4.698970004336019
CHEMBL434828,IC50,nM,77.0,IC50,nM,77.0,O=C(/C=C/c1ccccc1)Nc1cc2c(Nc3cccc(Br)c3)ncnc2cn1,7.113509274827518
CHEMBL49596,IC50,nM,5600.0,IC50,uM,5.6,Cn1c(=O)c(-c2c(Cl)cccc2Cl)cc2cnc(N)nc21,5.251811972993799
CHEMBL293250,IC50,nM,40500.0,IC50,uM,40.5,Cn1c(SSc2c(C(=O)Nc3ccccc3)c3cc(O)ccc3n2C)c(C(=O)Nc2ccccc2)c2cc(O)ccc21,4.392544976785332
CHEMBL62701,IC50,nM,22300.0,IC50,uM,22.3,Cn1c(SSc2c(C(=O)Nc3ccccc3)c3cccnc3n2C)c(C(=O)Nc2ccccc2)c2cccnc21,4.651695136951839
CHEMBL51659,IC50,nM,3.4,IC50,nM,3.4,C=CC(=O)Nc1cc2c(Nc3cccc(Br)c3)ncnc2cn1,8.468521082957745
CHEMBL135142,IC50,nM,35.0,IC50,nM,35.0,O=C(/C=C/C(F)(F)F)Nc1ccc2ncnc(Nc3cccc(Br)c3)c2c1,7.455931955649724
CHEMBL343722,IC50,nM,120.0,IC50,nM,120.0,C=C=CC(=O)Nc1ccc2ncnc(Nc3cccc(Br)c3)c2c1,6.920818753952375
CHEMBL448154,IC50,nM,490.0,IC50,uM,0.49,CCn1c(=O)c(-c2c(Cl)cccc2Cl)cc2cnc(Nc3ccncc3)nc21,6.309803919971486
CHEMBL50470,IC50,nM,1400.0,IC50,uM,1.4,CCN(CC)CCCNc1ncc2cc(-c3c(Cl)cccc3Cl)c(=O)n(C)c2n1,5.853871964321762
CHEMBL104244,IC50,nM,210.0,IC50,uM,0.21,CN1CCN(CCCCNc2ncc3cc(-c4c(Cl)cccc4Cl)c(=O)n(C)c3n2)CC1,6.6777807052660805
CHEMBL293889,IC50,nM,4300.0,IC50,uM,4.3,Cn1c(SSc2c(C(=O)Nc3ccccc3)c3cc(Cl)ccc3n2C)c(C(=O)Nc2ccccc2)c2cc(Cl)ccc21,5.366531544420414
CHEMBL140561,IC50,nM,108.0,IC50,nM,108.0,CN(C)CCCOC(=O)/C=C/C(=O)Nc1ccc2ncnc(Nc3cccc(Br)c3)c2c1,6.966576244513051
CHEMBL345077,IC50,nM,340.0,IC50,nM,340.0,C=C[S+]([O-])c1cc2c(Nc3cccc(Br)c3)ncnc2cn1,6.468521082957745
CHEMBL107472,IC50,nM,7500.0,IC50,uM,7.5,CNc1ncc2cc(-c3c(Cl)cccc3Cl)c(=O)n(C)c2n1,5.1249387366083
CHEMBL139044,IC50,nM,27.0,IC50,nM,27.0,C=C/C=C/C(=O)Nc1cc2c(Nc3cccc(Br)c3)ncnc2cn1,7.568636235841013
CHEMBL139095,IC50,nM,2.4,IC50,nM,2.4,C=CS(=O)(=O)Nc1cc2c(Nc3cccc(Br)c3)ncnc2cn1,8.619788758288394
CHEMBL113070,IC50,nM,80.0,IC50,uM,0.08,Cn1c(=O)c(-c2c(Cl)cccc2Cl)cc2cnc(Nc3ccc(CCCC(=O)O)cc3)nc21,7.096910013008056
CHEMBL104779,IC50,nM,910.0,IC50,uM,0.91,Cn1c(=O)c(-c2c(Cl)cccc2Cl)cc2cnc(Nc3ccncc3)nc21,6.040958607678906
CHEMBL301612,IC50,nM,260.0,IC50,uM,0.26,Cn1c(=O)c(-c2c(Cl)cccc2Cl)cc2cnc(Nc3ccccc3)nc21,6.585026652029182
CHEMBL293251,IC50,nM,11400.0,IC50,uM,11.4,Cn1c(SSc2c(C(=O)Nc3ccccc3)c3cc(Br)ccc3n2C)c(C(=O)Nc2ccccc2)c2cc(Br)ccc21,4.943095148663527
CHEMBL60472,IC50,nM,3600.0,IC50,uM,3.6,COc1ccc2c(C(=O)Nc3ccccc3)c(SSc3c(C(=O)Nc4ccccc4)c4ccc(OC)cc4n3C)n(C)c2c1,5.443697499232712
CHEMBL342828,IC50,nM,14.0,IC50,nM,14.0,O=C(/C=C/C(=O)Nc1cc2c(Nc3cccc(Br)c3)ncnc2cn1)NCCCn1ccnc1,7.853871964321762
CHEMBL299194,IC50,nM,8700.0,IC50,uM,8.7,CN1CCN(CCCNc2ncc3cc(-c4c(Cl)cccc4Cl)c(=O)n(C)c3n2)CC1,5.060480747381382
CHEMBL291359,IC50,nM,9900.0,IC50,uM,9.9,CC(=O)Oc1cccc2c(C(=O)Nc3ccccc3)c(SSc3c(C(=O)Nc4ccccc4)c4cccc(OC(C)=O)c4n3C)n(C)c12,5.00436480540245
CHEMBL109296,IC50,nM,4500.0,IC50,uM,4.5,CCNc1ncc2cc(-c3c(Cl)cccc3Cl)c(=O)n(C)c2n1,5.346787486224656
CHEMBL111339,IC50,nM,480.0,IC50,uM,0.48,Cc1ccc(Nc2ncc3cc(-c4c(Cl)cccc4Cl)c(=O)n(C)c3n2)cc1,6.318758762624412
CHEMBL7939,IC50,nM,700.0,IC50,uM,0.7,O=C1NC(=O)c2cc(Nc3ccc(F)cc3)c(Nc3ccc(F)cc3)cc21,6.154901959985743
CHEMBL8095,IC50,nM,2000.0,IC50,uM,2.0,COc1ccc(Nc2cc3c(cc2Nc2ccccc2)C(=O)NC3=O)cc1,5.698970004336019
CHEMBL345109,IC50,nM,59.0,IC50,nM,59.0,CN(C)CCCNC(=O)/C=C/C(=O)Nc1ccc2ncnc(Nc3cccc(Br)c3)c2c1,7.229147988357855
CHEMBL607707,IC50,nM,83.0,IC50,uM,0.083,CCOc1cc2ncc(C#N)c(Nc3ccc(F)c(Cl)c3)c2cc1NC(=O)/C=C/CN(C)C,7.080921907623926
CHEMBL293986,IC50,nM,100000.0,IC50,uM,100.0,Cn1c(SSc2c(C(=O)Nc3ccccc3)c3c(Cl)cccc3n2C)c(C(=O)Nc2ccccc2)c2c(Cl)cccc21,4.0
CHEMBL8223,IC50,nM,50000.0,IC50,uM,50.0,CCN(CC)c1ccc(Nc2cc3c(cc2Nc2ccc(N(CC)CC)cc2)C(=O)NC3=O)cc1,4.301029995663981
CHEMBL332269,IC50,nM,4400.0,IC50,uM,4.4,CCCCNc1ncc2cc(-c3c(Cl)cccc3Cl)c(=O)n(C)c2n1,5.356547323513812
CHEMBL428690,IC50,nM,7600.0,IC50,nM,7600.0,CN1CC[C@H](c2c(O)cc(O)c3c(=O)cc(-c4ccccc4Cl)oc23)[C@H](O)C1,5.119186407719209
CHEMBL14932,IC50,nM,98.0,IC50,nM,98.0,Oc1ccc2ncnc(Nc3ccc(OCc4ccccc4)cc3)c2c1,7.008773924307505
CHEMBL38199,IC50,nM,3.7,IC50,nM,3.7,Brc1cccc(Nc2ncnc3cc4c(cnn4CCN4CCOCC4)cc23)c1,8.431798275933005
CHEMBL29197,IC50,nM,0.025,IC50,nM,0.025,COc1cc2ncnc(Nc3cccc(Br)c3)c2cc1OC,10.602059991327963
CHEMBL287007,IC50,nM,2.6,IC50,nM,2.6,CN(C)Cc1c[nH]c2cc3ncnc(Nc4cccc(Br)c4)c3cc12,8.585026652029182
CHEMBL37346,IC50,nM,5500.0,IC50,nM,5500.0,Brc1cccc(Nc2ccnc3ccccc23)c1,5.259637310505756
CHEMBL15346,IC50,nM,74.0,IC50,nM,74.0,CS(=O)(=O)CCNCCCCOc1ccc2ncnc(Nc3ccc(OCc4ccccc4)cc3)c2c1,7.130768280269024
CHEMBL15202,IC50,nM,68.0,IC50,nM,68.0,COc1ccc2ncnc(Nc3ccc(OCc4ccccc4)cc3)c2c1,7.167491087293763
CHEMBL554,IC50,nM,10.0,IC50,uM,0.01,CS(=O)(=O)CCNCc1ccc(-c2ccc3ncnc(Nc4ccc(OCc5cccc(F)c5)c(Cl)c4)c3c2)o1,8.0
CHEMBL36819,IC50,nM,53.0,IC50,nM,53.0,O=C(O)Cn1ncc2cc3c(Nc4cccc(Br)c4)ncnc3cc21,7.275724130399211
CHEMBL40130,IC50,nM,3.7,IC50,nM,3.7,Brc1cccc(Nc2ncnc3cc4c(ccn4CCN4CCOCC4)cc23)c1,8.431798275933005
CHEMBL35820,IC50,nM,0.006,IC50,nM,0.006,CCOc1cc2ncnc(Nc3cccc(Br)c3)c2cc1OCC,11.221848749616356
CHEMBL14627,IC50,nM,74.0,IC50,nM,74.0,O=C(NCCCCOc1ccc2ncnc(Nc3ccc(OCc4ccccc4)cc3)c2c1)C(F)(F)F,7.130768280269024
CHEMBL290096,IC50,nM,27.0,IC50,nM,27.0,Brc1cccc(Nc2ncnc3ccccc23)c1,7.568636235841013
CHEMBL460731,IC50,nM,20.0,IC50,nM,20.0,CS(=O)(=O)CCNCCCCOc1ccc2ncnc(Nc3ccc(F)c(Cl)c3)c2c1,7.698970004336019
CHEMBL37543,IC50,nM,12.0,IC50,nM,12.0,OCC(O)Cn1ncc2cc3c(Nc4cccc(Br)c4)ncnc3cc21,7.920818753952375
CHEMBL287289,IC50,nM,21.0,IC50,nM,21.0,CN(C)CCCn1ccc2cc3c(Nc4cccc(Br)c4)ncnc3cc21,7.6777807052660805
CHEMBL514436,IC50,nM,27.0,IC50,nM,27.0,CS(=O)(=O)CCNCCCCOc1ccc2ncnc(Nc3ccc(OCc4cccc(F)c4)c(Cl)c3)c2c1,7.568636235841013
CHEMBL39320,IC50,nM,0.37,IC50,nM,0.37,Cn1ncc2cc3c(Nc4cccc(Br)c4)ncnc3cc21,9.431798275933005
CHEMBL289162,IC50,nM,5.1,IC50,nM,5.1,O=C(O)Cn1ccc2cc3c(Nc4cccc(Br)c4)ncnc3cc21,8.292429823902063
CHEMBL14952,IC50,nM,104.0,IC50,nM,104.0,CS(=O)(=O)CCNCCCOc1ccc2ncnc(Nc3ccc(OCc4ccccc4)cc3)c2c1,6.982966660701219
CHEMBL37373,IC50,nM,41.0,IC50,nM,41.0,CN(C)CCn1ccc2cc3c(Nc4cccc(Br)c4)ncnc3cc21,7.3872161432802645
CHEMBL39715,IC50,nM,3.4,IC50,nM,3.4,COC(=O)CN(C)Cc1c[nH]c2cc3ncnc(Nc4cccc(Br)c4)c3cc12,8.468521082957745
CHEMBL289213,IC50,nM,0.72,IC50,nM,0.72,CN(CC(=O)O)Cc1c[nH]c2cc3ncnc(Nc4cccc(Br)c4)c3cc12,9.142667503568731
CHEMBL273789,IC50,nM,263.0,IC50,nM,263.0,CS(=O)(=O)CCN(CCCCOc1ccc2ncnc(Nc3ccc(OCc4ccccc4)cc3)c2c1)C(=O)C(F)(F)F,6.580044251510242
CHEMBL517907,IC50,nM,11.0,IC50,nM,11.0,C#Cc1cccc(Nc2ncnc3ccc(OCCCCNCCS(C)(=O)=O)cc23)c1,7.958607314841775
CHEMBL460732,IC50,nM,93.0,IC50,nM,93.0,CS(=O)(=O)CCNCCCCOc1ccc2ncnc(Nc3ccc(S(=O)(=O)c4ccccc4)cc3)c2c1,7.031517051446065
CHEMBL540701,IC50,nM,79.0,IC50,nM,79.0,C=CCOc1ccc2ncnc(Nc3ccc(OCc4ccccc4)cc3)c2c1,7.102372908709558
CHEMBL287832,IC50,nM,40.0,IC50,nM,40.0,CN(C)CCn1ncc2cc3c(Nc4cccc(Br)c4)ncnc3cc21,7.3979400086720375
CHEMBL39337,IC50,nM,0.44,IC50,nM,0.44,Brc1cccc(Nc2ncnc3cc4[nH]ncc4cc23)c1,9.356547323513812
CHEMBL40734,IC50,nM,0.44,IC50,nM,0.44,Brc1cccc(Nc2ncnc3cc4[nH]ccc4cc23)c1,9.356547323513812
CHEMBL39811,IC50,nM,7.5,IC50,nM,7.5,CN(C)CCN(C)Cc1c[nH]c2cc3ncnc(Nc4cccc(Br)c4)c3cc12,8.1249387366083
CHEMBL36727,IC50,nM,0.8,IC50,nM,0.8,Cn1ccc2cc3c(Nc4cccc(Br)c4)ncnc3cc21,9.096910013008056
CHEMBL39355,IC50,nM,8.8,IC50,nM,8.8,Brc1cccc(Nc2ncnc3cc4c(cnn4CCCN4CCOCC4)cc23)c1,8.05551732784983
CHEMBL493428,IC50,nM,24.0,IC50,nM,24.0,CS(=O)(=O)CCNCCCCOc1ccc2ncnc(Nc3ccc4c(cnn4Cc4cccc(F)c4)c3)c2c1,7.619788758288394
CHEMBL289959,IC50,nM,346.0,IC50,nM,346.0,c1ccc(Nc2ncnc3ccccc23)cc1,6.460923901207224
CHEMBL14874,IC50,nM,830.0,IC50,nM,830.0,CN(CCCOc1ccc2ncnc(Nc3ccc(OCc4ccccc4)cc3)c2c1)CCS(C)(=O)=O,6.080921907623926
CHEMBL416611,IC50,nM,1.6,IC50,nM,1.6,OCC(O)Cn1ccc2cc3c(Nc4cccc(Br)c4)ncnc3cc21,8.795880017344075
CHEMBL36967,IC50,nM,4.8,IC50,nM,4.8,Brc1cccc(Nc2ncnc3cc4[nH]cc(CN5CCOCC5)c4cc23)c1,8.318758762624412
CHEMBL36164,IC50,nM,3.5,IC50,nM,3.5,OCCN(CCO)Cc1c[nH]c2cc3ncnc(Nc4cccc(Br)c4)c3cc12,8.455931955649724
CHEMBL1242973,IC50,nM,590000.0,IC50,uM,590.0,COC(=O)[C@@]1(Cc2ccc(O)c(CC=C(C)C)c2)OC(=O)C(O)=C1c1ccc(O)cc1,3.2291479883578558
CHEMBL280074,IC50,nM,440000.0,IC50,uM,440.0,Cn1cnc2c(NCc3ccccc3)nc(NCCO)nc21,3.3565473235138126
CHEMBL338448,IC50,nM,1900.0,IC50,uM,1.9,CO[C@H]1[C@@H](N(C)C(=O)c2ccccc2)C[C@@H]2O[C@@]1(C)n1c3ccccc3c3c4c(c5c6ccccc6n2c5c31)C(=O)NC4,5.721246399047171
CHEMBL131715,IC50,nM,7000.0,IC50,uM,7.0,CO[C@H]1[C@@H](N(C)C(=O)c2ccc(Cl)cc2)C[C@@H]2O[C@@]1(C)n1c3ccccc3c3c4c(c5c6ccccc6n2c5c31)C(=O)NC4,5.154901959985743
CHEMBL435809,IC50,nM,110.0,IC50,uM,0.11,CO[C@H]1[C@@H](N(C)C(=O)c2ccc(C(=O)O)cc2)C[C@@H]2O[C@@]1(C)n1c3ccccc3c3c4c(c5c6ccccc6n2c5c31)C(=O)NC4,6.958607314841775
CHEMBL57323,IC50,nM,610.0,IC50,uM,0.61,Cc1cccc(C)c1-c1cc2cnc(N)nc2nc1NC(=O)NC(C)(C)C,6.214670164989233
CHEMBL57347,IC50,nM,150.0,IC50,uM,0.15,CN1CCN(CCCNc2ncc3cc(-c4c(Cl)cccc4Cl)c(NC(=O)NC(C)(C)C)nc3n2)CC1,6.823908740944319
CHEMBL75188,IC50,nM,7000.0,IC50,uM,7.0,Cc1cc(C)c(C)c(-c2cc3cnc(NCCCN4CCN(C)CC4)nc3nc2NC(=O)NC(C)(C)C)c1C,5.154901959985743
CHEMBL131020,IC50,nM,1100.0,IC50,uM,1.1,CO[C@H]1[C@@H](N(C)S(C)(=O)=O)C[C@@H]2O[C@@]1(C)n1c3ccccc3c3c4c(c5c6ccccc6n2c5c31)C(=O)NC4,5.958607314841775
CHEMBL131590,IC50,nM,4700.0,IC50,uM,4.7,CO[C@H]1[C@@H](N(C)C(=O)c2ccccc2Cl)C[C@@H]2O[C@@]1(C)n1c3ccccc3c3c4c(c5c6ccccc6n2c5c31)C(=O)NC4,5.327902142064283
CHEMBL160846,IC50,nM,8.0,IC50,uM,0.008,CS(=O)(=O)CCNc1nc(-c2ccc3ncnc(Nc4ccc(OCc5ccccc5)c(Cl)c4)c3c2)cs1,8.096910013008056
CHEMBL26001,IC50,nM,250000.0,IC50,uM,250.0,O=P(O)(O)C(O)c1ccc2ccccc2c1,3.6020599913279625
CHEMBL444337,IC50,nM,1300.0,IC50,uM,1.3,COC(=O)CN(C)[C@H]1C[C@@H]2O[C@](C)([C@H]1OC)n1c3ccccc3c3c4c(c5c6ccccc6n2c5c31)C(=O)NC4,5.886056647693163
CHEMBL422347,IC50,nM,82.0,IC50,uM,0.082,CS(=O)(=O)CCNc1nc(-c2ccc3ncnc(Nc4ccc(OCc5ccccc5)cc4)c3c2)cs1,7.086186147616283
CHEMBL131426,IC50,nM,1100.0,IC50,uM,1.1,CO[C@H]1[C@@H](N(C)CCC#N)C[C@@H]2O[C@@]1(C)n1c3ccccc3c3c4c(c5c6ccccc6n2c5c31)C(=O)NC4,5.958607314841775
CHEMBL160303,IC50,nM,71.0,IC50,uM,0.071,CS(=O)(=O)CCNc1nc(-c2ccc3ncnc(Nc4ccc5c(cnn5Cc5ccccc5)c4)c3c2)cs1,7.1487416512809245
CHEMBL338935,IC50,nM,220.0,IC50,uM,0.22,CO[C@H]1[C@@H](N(C)C(=O)CN)C[C@@H]2O[C@@]1(C)n1c3ccccc3c3c4c(c5c6ccccc6n2c5c31)C(=O)NC4,6.657577319177793
CHEMBL269620,IC50,nM,540.0,IC50,uM,0.54,CS(=O)(=O)CCNc1nc(-c2ccc3ncnc(Nc4ccc(OCc5cccc(C(F)(F)F)c5)cc4)c3c2)cs1,6.267606240177032
CHEMBL335012,IC50,nM,8180.0,IC50,uM,8.18,CO[C@H]1[C@@H](N(C)C(=O)c2cccnc2)C[C@@H]2O[C@@]1(C)n1c3ccccc3c3c4c(c5c6ccccc6n2c5c31)C(=O)NC4,5.087246696328677
CHEMBL76599,IC50,nM,5530.0,IC50,uM,5.53,CC(C)(C)NC(=O)Nc1nc2nc(N)ncc2cc1-c1ccccc1,5.257274868695302
CHEMBL299026,IC50,nM,6200.0,IC50,uM,6.2,CCN(CC)CCCNc1ncc2cc(-c3c(Cl)cccc3Cl)c(NC(=O)NC(C)(C)C)nc2n1,5.207608310501746
CHEMBL132348,IC50,nM,31.0,IC50,uM,0.031,CO[C@H]1[C@@H](N(C)CC(=O)O)C[C@@H]2O[C@@]1(C)n1c3ccccc3c3c4c(c5c6ccccc6n2c5c31)C(=O)NC4,7.508638306165727
CHEMBL132169,IC50,nM,3600.0,IC50,uM,3.6,COc1ccc(C(=O)N(C)[C@H]2C[C@@H]3O[C@](C)([C@H]2OC)n2c4ccccc4c4c5c(c6c7ccccc7n3c6c42)C(=O)NC5)cc1,5.443697499232712
CHEMBL335648,IC50,nM,19.0,IC50,uM,0.019,CO[C@H]1[C@@H]([N+](C)(C)C)C[C@@H]2O[C@@]1(C)n1c3ccccc3c3c4c(c5c6ccccc6n2c5c31)C(=O)NC4,7.721246399047171
CHEMBL155761,IC50,nM,10.0,IC50,uM,0.01,CS(=O)(=O)CCNc1nc(-c2ccc3ncnc(Nc4ccc(OCc5cccc(F)c5)c(Cl)c4)c3c2)cs1,8.0
CHEMBL45827,IC50,nM,240.0,IC50,uM,0.24,CCN(CC)CCCCNc1ncc2cc(-c3c(Cl)cccc3Cl)c(NC(=O)NC(C)(C)C)nc2n1,6.619788758288394
CHEMBL335718,IC50,nM,1300.0,IC50,uM,1.3,CCCCC(O)CN(C)[C@H]1C[C@@H]2O[C@](C)([C@H]1OC)n1c3ccccc3c3c4c(c5c6ccccc6n2c5c31)C(=O)NC4,5.886056647693163
CHEMBL130163,IC50,nM,2600.0,IC50,uM,2.6,CO[C@H]1[C@@H](N(C)C(C)=O)C[C@@H]2O[C@@]1(C)n1c3ccccc3c3c4c(c5c6ccccc6n2c5c31)C(=O)NC4,5.585026652029182
CHEMBL335932,IC50,nM,6400.0,IC50,uM,6.4,CO[C@H]1[C@@H](N(C)C(=O)C(F)(F)F)C[C@@H]2O[C@@]1(C)n1c3ccccc3c3c4c(c5c6ccccc6n2c5c31)C(=O)NC4,5.1938200260161125
CHEMBL336192,IC50,nM,7400.0,IC50,uM,7.4,COC(=O)c1ccc(C(=O)N(C)[C@H]2C[C@@H]3O[C@](C)([C@H]2OC)n2c4ccccc4c4c5c(c6c7ccccc7n3c6c42)C(=O)NC5)cc1,5.130768280269024
CHEMBL157084,IC50,nM,35.0,IC50,uM,0.035,CS(=O)(=O)CCNc1nc(-c2ccc3ncnc(Nc4ccc(F)c(Cl)c4)c3c2)cs1,7.455931955649724
CHEMBL388978,IC50,nM,100.0,IC50,uM,0.1,CN[C@@H]1C[C@H]2O[C@@](C)([C@@H]1OC)n1c3ccccc3c3c4c(c5c6ccccc6n2c5c31)C(=O)NC4,7.0
CHEMBL129946,IC50,nM,330.0,IC50,uM,0.33,CCN(C)[C@H]1C[C@@H]2O[C@](C)([C@H]1OC)n1c3ccccc3c3c4c(c5c6ccccc6n2c5c31)C(=O)NC4,6.481486060122113
CHEMBL337027,IC50,nM,160.0,IC50,uM,0.16,CO[C@H]1[C@@H](N(C)C(=O)CCC(=O)O)C[C@@H]2O[C@@]1(C)n1c3ccccc3c3c4c(c5c6ccccc6n2c5c31)C(=O)NC4,6.795880017344075
CHEMBL338449,IC50,nM,13500.0,IC50,uM,13.5,CO[C@H]1[C@@H](N(C)C(=O)OC(C)(C)C)C[C@@H]2O[C@@]1(C)n1c3ccccc3c3c4c(c5c6ccccc6n2c5c31)C(=O)NC4,4.8696662315049934
CHEMBL130049,IC50,nM,2400.0,IC50,uM,2.4,COC(=O)N(C)[C@H]1C[C@@H]2O[C@](C)([C@H]1OC)n1c3ccccc3c3c4c(c5c6ccccc6n2c5c31)C(=O)NC4,5.619788758288394
CHEMBL56236,IC50,nM,6680.0,IC50,uM,6.68,Cc1cc(C)c(C)c(-c2cc3cnc(N)nc3nc2NC(=O)NC(C)(C)C)c1C,5.175223537524454
CHEMBL335931,IC50,nM,3500.0,IC50,uM,3.5,CO[C@H]1[C@@H](N(C)C(=O)CNC(=O)OC(C)(C)C)C[C@@H]2O[C@@]1(C)n1c3ccccc3c3c4c(c5c6ccccc6n2c5c31)C(=O)NC4,5.455931955649724
CHEMBL337026,IC50,nM,200.0,IC50,uM,0.2,CN[C@H]1C[C@@H]2O[C@](C)([C@H]1OC)n1c3ccccc3c3c4c(c5c6ccccc6n2c5c31)C(=O)NC4=O,6.698970004336019
CHEMBL340611,IC50,nM,43.0,IC50,uM,0.043,CC[N+](C)(C)[C@H]1C[C@@H]2O[C@](C)([C@H]1OC)n1c3ccccc3c3c4c(c5c6ccccc6n2c5c31)C(=O)NC4,7.366531544420414
CHEMBL338944,IC50,nM,4600.0,IC50,uM,4.6,CO[C@H]1[C@@H](N(C)C(=O)c2cccc(Cl)c2)C[C@@H]2O[C@@]1(C)n1c3ccccc3c3c4c(c5c6ccccc6n2c5c31)C(=O)NC4,5.337242168318426
CHEMBL57366,IC50,nM,450.0,IC50,uM,0.45,CC(C)(C)NC(=O)Nc1nc2nc(N)ncc2cc1-c1c(Cl)cccc1Cl,6.346787486224656
CHEMBL337297,IC50,nM,8180.0,IC50,uM,8.18,CO[C@H]1[C@@H](N(C)C(=O)c2cnccn2)C[C@@H]2O[C@@]1(C)n1c3ccccc3c3c4c(c5c6ccccc6n2c5c31)C(=O)NC4,5.087246696328677
CHEMBL338049,IC50,nM,17.0,IC50,uM,0.017,CN[C@H]1C[C@@H]2O[C@](C)([C@H]1OC)n1c3ccccc3c3c4c(c5c6ccccc6n2c5c31)C(=O)N[C@@H]4O,7.769551078621726
CHEMBL432738,IC50,nM,1360.0,IC50,uM,1.36,CCNC(=O)Nc1nc2nc(N)ncc2cc1-c1c(Cl)cccc1Cl,5.866461091629782
CHEMBL131193,IC50,nM,910.0,IC50,uM,0.91,CO[C@H]1[C@@H](N(C)Cc2ccccc2)C[C@@H]2O[C@@]1(C)n1c3ccccc3c3c4c(c5c6ccccc6n2c5c31)C(=O)NC4,6.040958607678906
CHEMBL337035,IC50,nM,12500.0,IC50,uM,12.5,CNC(=S)N(C)[C@H]1C[C@@H]2O[C@](C)([C@H]1OC)n1c3ccccc3c3c4c(c5c6ccccc6n2c5c31)C(=O)NC4,4.903089986991944
CHEMBL338155,IC50,nM,260.0,IC50,uM,0.26,CN[C@H]1C[C@@H]2O[C@](C)([C@H]1OC)n1c3ccccc3c3c4c(c5c6ccccc6n2c5c31)[C@H](O)NC4=O,6.585026652029182
CHEMBL301483,IC50,nM,1260.0,IC50,uM,1.26,CCNC(=O)Nc1nc2nc(NCCCCN(CC)CC)ncc2cc1-c1c(Cl)cccc1Cl,5.8996294548824375
CHEMBL130208,IC50,nM,4800.0,IC50,uM,4.8,CO[C@H]1[C@@H](N(C)C(=O)c2cccc([N+](=O)[O-])c2)C[C@@H]2O[C@@]1(C)n1c3ccccc3c3c4c(c5c6ccccc6n2c5c31)C(=O)NC4,5.318758762624412
CHEMBL2448064,IC50,nM,300.0,IC50,uM,0.3,COc1cc2c(Nc3ccc(Cl)cc3F)ncnc2cc1OCC1CCNCC1.Cl,6.522878745280337
CHEMBL25579,IC50,nM,300.0,IC50,uM,0.3,COc1cc2c(Nc3ccc(Cl)cc3F)ncnc2cc1OCCN(C)c1ccncc1,6.522878745280337
CHEMBL24026,IC50,nM,800.0,IC50,uM,0.8,COc1cc2c(Nc3ccc(C#N)cc3F)ncnc2cc1OC/C=C/CN1CCCC1,6.096910013008056
CHEMBL135861,IC50,nM,13000.0,IC50,uM,13.0,CNC(=O)c1c([Se][Se]c2[nH]c3ccccc3c2C(=O)NC)[nH]c2ccccc12,4.886056647693163
CHEMBL428534,IC50,nM,500.0,IC50,uM,0.5,COc1cc2c(Nc3ccc(C)cc3F)ncnc2cc1OCC1CCNCC1,6.301029995663981
CHEMBL281872,IC50,nM,400.0,IC50,uM,0.4,COc1cc2c(Nc3ccc(Br)cc3F)ncnc2cc1OCCn1ccnn1,6.3979400086720375
CHEMBL281990,IC50,nM,1000.0,IC50,uM,1.0,COc1cc2c(Nc3ccc(C)cc3F)ncnc2cc1OCC1CCN(C)CC1,6.0
CHEMBL422758,IC50,nM,450.0,IC50,uM,0.45,COc1cc2c(Nc3c(F)cc(Cl)cc3F)ncnc2cc1OCC1CCN(C)CC1,6.346787486224656
CHEMBL25450,IC50,nM,500.0,IC50,uM,0.5,COc1cc2c(Nc3c(F)cc(Cl)cc3F)ncnc2cc1OCC1CCNCC1,6.301029995663981
CHEMBL1907763,IC50,nM,100.0,IC50,uM,0.1,COc1cc2c(Nc3ccc(Cl)cc3F)ncnc2cc1OC[C@@H]1CCCN(C)C1,7.0
CHEMBL24137,IC50,nM,100.0,IC50,uM,0.1,COc1cc2c(Nc3ccc(Cl)cc3F)ncnc2cc1OCCCN1CCOCC1,7.0
CHEMBL263666,IC50,nM,4700.0,IC50,uM,4.7,CCN(CC)CCNC(=O)c1c([Se][Se]c2c(C(=O)NCCN(CC)CC)c3ccccc3n2C)n(C)c2ccccc12,5.327902142064283
CHEMBL24828,IC50,nM,200.0,IC50,uM,0.2,COc1cc2/c(=N/c3ccc(Br)cc3F)nc[nH]c2cc1OCC1CCN(C)CC1,6.698970004336019
CHEMBL1744349,IC50,nM,90.0,IC50,uM,0.09,COc1cc2c(Nc3ccc(Cl)cc3F)ncnc2cc1OC/C=C/CN1CCCC1.Cl,7.045757490560675
CHEMBL24979,IC50,nM,200.0,IC50,uM,0.2,COc1cc2c(Nc3ccc(Br)cc3F)ncnc2cc1OCCC1CCN(C)CC1,6.698970004336019
CHEMBL2448065,IC50,nM,300.0,IC50,uM,0.3,COc1cc2c(Nc3ccc(Cl)cc3F)ncnc2cc1OCC1CCN(C)CC1.Cl,6.522878745280337
CHEMBL63356,IC50,nM,500.0,IC50,uM,0.5,Oc1cc2cc(-c3cccnc3)cnc2cc1O,6.301029995663981
CHEMBL1907764,IC50,nM,200.0,IC50,uM,0.2,COc1cc2c(Nc3ccc(Br)cc3F)ncnc2cc1OC[C@@H]1CCCN(C)C1,6.698970004336019
CHEMBL283088,IC50,nM,200.0,IC50,uM,0.2,COc1cc2c(Nc3ccc(Cl)cc3F)ncnc2cc1OCCN1CCN(C)CC1,6.698970004336019
CHEMBL2448067,IC50,nM,100.0,IC50,uM,0.1,COc1cc2c(Nc3ccc(Cl)cc3F)ncnc2cc1OCCCN1CCCC1.Cl,7.0
CHEMBL1202477,IC50,nM,100.0,IC50,uM,0.1,COc1cc2c(Nc3ccc(Br)cc3F)ncnc2cc1OCCCN1CCN(C)CC1.Cl,7.0
CHEMBL416191,IC50,nM,300.0,IC50,uM,0.3,COc1cc2c(Nc3c(F)cc(Br)cc3F)ncnc2cc1OCC1CCN(C)CC1,6.522878745280337
CHEMBL67027,IC50,nM,700.0,IC50,uM,0.7,COc1ccc(/C=C(\C#N)c2cccnc2)cc1OC,6.154901959985743
CHEMBL533849,IC50,nM,500.0,IC50,uM,0.5,COc1cc2c(Nc3ccc(Br)cc3F)ncnc2cc1OCC1CCN(C)CC1.Cl,6.301029995663981
CHEMBL1907944,IC50,nM,100.0,IC50,uM,0.1,COc1cc2c(Nc3ccc(Br)cc3F)ncnc2cc1OC[C@H]1CCCN(C)C1,7.0
CHEMBL336409,IC50,nM,900.0,IC50,uM,0.9,N[C@H](Cc1c([Se][Se]c2[nH]c3ccccc3c2C[C@H](N)C(=O)NCc2ccccc2)[nH]c2ccccc12)C(=O)NCc1ccccc1,6.045757490560675
CHEMBL342929,IC50,nM,6900.0,IC50,uM,6.9,CNC(=O)c1c(SSc2c(C(=O)NC)c3ccccc3n2C)n(C)c2ccccc12,5.161150909262744
CHEMBL135577,IC50,nM,4600.0,IC50,uM,4.6,CCN(CC)CCNC(=O)c1c([Se][Se]c2[nH]c3ccccc3c2C(=O)NCCN(CC)CC)[nH]c2ccccc12,5.337242168318426
CHEMBL1744347,IC50,nM,75.0,IC50,uM,0.075,COc1cc2c(Nc3ccc(Cl)cc3F)ncnc2cc1OCCCN1CCN(C)CC1.Cl,7.1249387366083
CHEMBL334915,IC50,nM,3500.0,IC50,uM,3.5,Cn1c([Se][Se]c2c(C(=O)O)c3ccccc3n2C)c(C(=O)O)c2ccccc21,5.455931955649724
CHEMBL25610,IC50,nM,400.0,IC50,uM,0.4,COc1cc2c(Nc3ccc(Cl)cc3F)ncnc2cc1OCCN1CCOCC1,6.3979400086720375
CHEMBL137422,IC50,nM,6100.0,IC50,uM,6.1,CNC(=O)c1c([Se][Se]c2c(C(=O)NC)c3ccccc3n2C)n(C)c2ccccc12,5.214670164989233
CHEMBL336174,IC50,nM,7400.0,IC50,uM,7.4,NC(Cc1c(SSc2[nH]c3ccccc3c2CC(N)C(=O)NCc2ccccc2)[nH]c2ccccc12)C(=O)NCc1ccccc1,5.130768280269024
CHEMBL26641,IC50,nM,200.0,IC50,uM,0.2,COc1cc2c(Nc3ccc(Br)cc3F)ncnc2cc1OCCC1CCNCC1,6.698970004336019
CHEMBL334439,IC50,nM,6900.0,IC50,uM,6.9,CCN(CC)CCn1c([Se][Se]c2c(C(=O)NC)c3ccccc3n2CCN(CC)CC)c(C(=O)NC)c2ccccc21,5.161150909262744
CHEMBL66101,IC50,nM,20000.0,IC50,uM,20.0,COc1ccc(/C=C/c2cnc3cc(OC)c(OC)cc3c2)cc1,4.698970004336019
CHEMBL279459,IC50,nM,450.0,IC50,uM,0.45,COc1cc2c(Nc3c(F)cc(Br)cc3F)ncnc2cc1OCC1CCNCC1,6.346787486224656
CHEMBL1202473,IC50,nM,300.0,IC50,uM,0.3,COc1cc2c(Nc3cc(O)c(C)cc3F)ncnc2cc1OCC1CCN(C)CC1.Cl,6.522878745280337
CHEMBL25425,IC50,nM,300.0,IC50,uM,0.3,COc1cc2c(Nc3ccc(Cl)cc3F)ncnc2cc1OCCC1CCN(C)CC1,6.522878745280337
CHEMBL286160,IC50,nM,100.0,IC50,uM,0.1,COCCOc1cc2ncnc(Nc3ccc(Cl)cc3F)c2cc1OC,7.0
CHEMBL2448066,IC50,nM,100.0,IC50,uM,0.1,COc1cc2c(Nc3cc(O)c(Cl)cc3F)ncnc2cc1OCC1CCN(C)CC1.Cl,7.0
CHEMBL1202478,IC50,nM,100.0,IC50,uM,0.1,COc1cc2c(Nc3ccc(Br)cc3F)ncnc2cc1OC/C=C/CN1CCCC1.Cl,7.0
CHEMBL336410,IC50,nM,7000.0,IC50,uM,7.0,O=C(NCc1ccccc1)[C@H](Cc1c([Se][Se]c2[nH]c3ccccc3c2C[C@@H](NC(=O)C(F)(F)F)C(=O)NCc2ccccc2)[nH]c2ccccc12)NC(=O)C(F)(F)F,5.154901959985743
CHEMBL113996,IC50,nM,13570.0,IC50,uM,13.57,COc1cc2ncc(C#N)c(Nc3ccc(F)c(Cl)c3)c2cc1NC(=O)/C=C/CN1CCOCC1,4.867420152340263
CHEMBL325156,IC50,nM,4840.0,IC50,uM,4.84,CCN(CC)C(C)/C=C/C(=O)Nc1cc2c(Nc3ccc(F)c(Cl)c3)c(C#N)cnc2cc1OC,5.315154638355588
CHEMBL126384,IC50,nM,5.4,IC50,nM,5.4,Brc1cccc(Nc2ncnc3cc(NCCCCN4CCOCC4)ncc23)c1,8.267606240177031
CHEMBL129509,IC50,nM,9.3,IC50,nM,9.3,Cc1cccc(Nc2ncnc3cc(NCCCN4CCOCC4)ncc23)c1,8.031517051446064
CHEMBL114593,IC50,nM,960.0,IC50,uM,0.96,COCC#CC(=O)Nc1ccc2ncc(C#N)c(Nc3cccc(Br)c3)c2c1,6.017728766960431
CHEMBL126137,IC50,nM,40.0,IC50,nM,40.0,CN(C)CCN(C)c1cc2ncnc(Nc3cccc(Br)c3)c2cn1,7.3979400086720375
CHEMBL128987,IC50,nM,3.2,IC50,nM,3.2,Brc1cccc(Nc2ncnc3cc(NCCN4CCOCC4)ncc23)c1,8.494850021680094
CHEMBL435993,IC50,nM,9.2,IC50,nM,9.2,OCCN(CCO)CCNc1cc2ncnc(Nc3cccc(Br)c3)c2cn1,8.036212172654444
CHEMBL340898,IC50,nM,3.5,IC50,nM,3.5,Cc1cccc(Nc2ncnc3cc(NCCCn4ccnc4)ncc23)c1,8.455931955649724
CHEMBL338215,IC50,nM,5.4,IC50,nM,5.4,Cc1cccc(Nc2ncnc3cc(NCCCCN(C)C)ncc23)c1,8.267606240177031
CHEMBL116857,IC50,nM,2880.0,IC50,uM,2.88,COc1cc(NC(=O)/C=C/CN(C)C)cc2c(Nc3cccc(Br)c3)c(C#N)cnc12,5.540607512240769
CHEMBL340484,IC50,nM,4.9,IC50,nM,4.9,CN1CCN(CCCNc2cc3ncnc(Nc4cccc(Br)c4)c3cn2)CC1,8.309803919971486
CHEMBL127058,IC50,nM,1.2,IC50,nM,1.2,OCCN(CCO)CCCNc1cc2ncnc(Nc3cccc(Br)c3)c2cn1,8.920818753952375
CHEMBL128467,IC50,nM,1.4,IC50,nM,1.4,O=S(=O)(O)CCNc1cc2ncnc(Nc3cccc(Br)c3)c2cn1,8.853871964321762
CHEMBL326280,IC50,nM,790.0,IC50,uM,0.79,COCC#CC(=O)Nc1cc2c(Nc3cccc(Br)c3)c(C#N)cnc2cc1OC,6.102372908709558
CHEMBL117326,IC50,nM,560.0,IC50,uM,0.56,C=C(CN(C)C)C(=O)Nc1cc2c(Nc3ccc(F)c(Cl)c3)c(C#N)cnc2cc1OCC,6.251811972993799
CHEMBL340700,IC50,nM,3.2,IC50,nM,3.2,CN(CC(O)CO)c1cc2ncnc(Nc3cccc(Br)c3)c2cn1,8.494850021680094
CHEMBL338114,IC50,nM,0.91,IC50,nM,0.91,Brc1cccc(Nc2ncnc3cc(NCCc4c[nH]cn4)ncc23)c1,9.040958607678906
CHEMBL341319,IC50,nM,2.6,IC50,nM,2.6,CN(CCO)c1cc2ncnc(Nc3cccc(Br)c3)c2cn1,8.585026652029182
CHEMBL340508,IC50,nM,7.1,IC50,nM,7.1,NNc1cc2ncnc(Nc3cccc(Br)c3)c2cn1,8.148741651280925
CHEMBL115440,IC50,nM,930.0,IC50,uM,0.93,COCCOCC#CC(=O)Nc1ccc2ncc(C#N)c(Nc3cccc(Br)c3)c2c1,6.031517051446065
CHEMBL127041,IC50,nM,0.24,IC50,nM,0.24,OCCNc1cc2ncnc(Nc3cccc(Br)c3)c2cn1,9.619788758288394
CHEMBL116012,IC50,nM,10320.0,IC50,uM,10.32,CCOc1cc2ncc(C#N)c(Nc3cccc(Br)c3)c2cc1NC(=O)/C=C/CN1CCOCC1,4.986320302708807
CHEMBL126791,IC50,nM,0.51,IC50,nM,0.51,Brc1cccc(Nc2ncnc3cc(NCCCn4ccnc4)ncc23)c1,9.292429823902063
CHEMBL54400,IC50,nM,0.13,IC50,nM,0.13,CNc1cc2ncnc(Nc3cccc(Br)c3)c2cn1,9.886056647693163
CHEMBL128468,IC50,nM,0.28,IC50,nM,0.28,O=C(O)CCCNc1cc2ncnc(Nc3cccc(Br)c3)c2cn1,9.55284196865778
CHEMBL341522,IC50,nM,5.6,IC50,nM,5.6,Cc1cccc(Nc2ncnc3cc(NCCCN4CCN(C)CC4)ncc23)c1,8.2518119729938
CHEMBL111038,IC50,nM,190.0,IC50,uM,0.19,COc1cc2ncc(C#N)c(Nc3cccc(Br)c3)c2cc1OC,6.721246399047171
CHEMBL339416,IC50,nM,0.74,IC50,nM,0.74,[O-][N+]1(CCCNc2cc3ncnc(Nc4cccc(Br)c4)c3cn2)CCOCC1,9.130768280269024
CHEMBL30973,IC50,nM,310.0,IC50,uM,0.31,CN(C)C/C=C/C(=O)Nc1ccc2ncc(C#N)c(Nc3cccc(Br)c3)c2c1,6.508638306165727
CHEMBL113985,IC50,nM,5390.0,IC50,uM,5.39,COc1cc(NC(=O)/C=C/CN2CCOCC2)cc2c(Nc3cccc(Br)c3)c(C#N)cnc12,5.268411234813262
CHEMBL327023,IC50,nM,550.0,IC50,uM,0.55,N#Cc1cnc2ccc(NC(=O)C#CCN3CCSCC3)cc2c1Nc1cccc(Br)c1,6.259637310505756
CHEMBL115187,IC50,nM,130.0,IC50,uM,0.13,CCCN(CC#CC(=O)Nc1ccc2ncc(C#N)c(Nc3cccc(Br)c3)c2c1)CCC,6.886056647693163
CHEMBL92812,IC50,nM,4.0,IC50,nM,4.0,CNc1ccc2c(Nc3cccc(Br)c3)ncnc2c1,8.397940008672037
CHEMBL283682,IC50,nM,940.0,IC50,uM,0.94,CC#CC(=O)Nc1ccc2ncc(C#N)c(Nc3cccc(Br)c3)c2c1,6.026872146400302
CHEMBL129825,IC50,nM,7.4,IC50,nM,7.4,CN(C)CCCCNc1cc2ncnc(Nc3cccc(Br)c3)c2cn1,8.130768280269024
CHEMBL420624,IC50,nM,0.1,IC50,nM,0.1,Nc1ccc2c(Nc3cccc(Br)c3)ncnc2c1,10.0
CHEMBL332497,IC50,nM,3830.0,IC50,uM,3.83,COc1cc2ncc(C#N)c(Nc3cccc(Br)c3)c2cc1NC(=O)/C=C/CN1CCOCC1,5.416801226031377
CHEMBL421047,IC50,nM,2640.0,IC50,uM,2.64,CN(C)C/C=C/C(=O)Nc1cc2c(Nc3ccc(F)c(Cl)c3)c(C#N)cnc2cc1OC(F)(F)F,5.578396073130169
CHEMBL113901,IC50,nM,5220.0,IC50,uM,5.22,COc1cc2ncc(C#N)c(Nc3ccc(F)c(Cl)c3)c2cc1NC(=O)/C=C/C(C)N(C)C,5.282329496997738
CHEMBL281300,IC50,nM,590.0,IC50,uM,0.59,C=CC(=O)Nc1ccc2ncc(C#N)c(Nc3cccc(Br)c3)c2c1,6.229147988357855
CHEMBL129579,IC50,nM,4.8,IC50,nM,4.8,OCC(O)C(O)C(O)C(O)CNc1cc2ncnc(Nc3cccc(Br)c3)c2cn1,8.318758762624412
CHEMBL126893,IC50,nM,8.8,IC50,nM,8.8,CN(C)CCCNc1cc2ncnc(Nc3cccc(Br)c3)c2cn1,8.05551732784983
CHEMBL127082,IC50,nM,1.4,IC50,nM,1.4,CNc1cc2ncnc(Nc3cccc(C)c3)c2cn1,8.853871964321762
CHEMBL128759,IC50,nM,12.0,IC50,nM,12.0,OCCN(CCO)c1cc2ncnc(Nc3cccc(Br)c3)c2cn1,7.920818753952375
CHEMBL126372,IC50,nM,0.92,IC50,nM,0.92,OCC(O)CNc1cc2ncnc(Nc3cccc(Br)c3)c2cn1,9.036212172654444
CHEMBL157128,IC50,nM,150.0,IC50,uM,0.15,COCC1CCCN1CC#CC(=O)Nc1ccc2ncc(C#N)c(Nc3cccc(Br)c3)c2c1,6.823908740944319
CHEMBL116853,IC50,nM,90.0,IC50,uM,0.09,COc1cc2ncc(C#N)c(Nc3cccc(Br)c3)c2cc1NC(=O)C#CCN(C)C,7.045757490560675
CHEMBL114728,IC50,nM,1600.0,IC50,uM,1.6,CCOc1cc2ncc(C#N)c(Nc3cccc(Br)c3)c2cc1NC(=O)/C=C/CN(C)C,5.795880017344075
CHEMBL326811,IC50,nM,1620.0,IC50,uM,1.62,C/C=C/C(=O)Nc1ccc2ncc(C#N)c(Nc3cccc(Br)c3)c2c1,5.790484985457369
CHEMBL53428,IC50,nM,0.09,IC50,nM,0.09,CN(C)c1cc2ncnc(Nc3cccc(Br)c3)c2cn1,10.045757490560675
CHEMBL125568,IC50,nM,14.0,IC50,nM,14.0,OCC(CO)Nc1cc2ncnc(Nc3cccc(Br)c3)c2cn1,7.853871964321762
CHEMBL129824,IC50,nM,8.4,IC50,nM,8.4,CN(C)CCCCCNc1cc2ncnc(Nc3cccc(Br)c3)c2cn1,8.075720713938118
CHEMBL114073,IC50,nM,10590.0,IC50,uM,10.59,COc1cc2ncc(C#N)c(Nc3ccc(F)c(Cl)c3)c2cc1NC(=O)/C=C/C(C)N1CCOCC1,4.975104039892515
CHEMBL128432,IC50,nM,45.0,IC50,nM,45.0,CN(C)CCNc1cc2ncnc(Nc3cccc(Br)c3)c2cn1,7.346787486224656
CHEMBL116525,IC50,nM,910.0,IC50,uM,0.91,CC#CC(=O)Nc1cc2c(Nc3cccc(Br)c3)c(C#N)cnc2cc1OC,6.040958607678906
CHEMBL323630,IC50,nM,650.0,IC50,uM,0.65,CN(C)C/C=C/C(=O)Nc1ccc2ncc(C#N)c(Nc3ccc(F)c(Cl)c3)c2c1,6.187086643357144
CHEMBL424252,IC50,nM,1910.0,IC50,uM,1.91,CCN(CC)C/C=C/C(=O)Nc1cc2c(Nc3ccc(F)c(Cl)c3)c(C#N)cnc2cc1OC,5.718966632752273
CHEMBL324718,IC50,nM,810.0,IC50,uM,0.81,C=CC(=O)Nc1cc2c(Nc3cccc(Br)c3)c(C#N)cnc2cc1OC,6.0915149811213505
CHEMBL114490,IC50,nM,2320.0,IC50,uM,2.32,COc1cc2ncc(C#N)c(Nc3ccc(F)c(Cl)c3)c2cc1NC(=O)/C=C/CN(C)C,5.634512015109101
CHEMBL113902,IC50,nM,7500.0,IC50,uM,7.5,C/C=C/C(=O)Nc1cc2c(Nc3ccc(F)c(Cl)c3)c(C#N)cnc2cc1OCC,5.1249387366083
CHEMBL114392,IC50,nM,2700.0,IC50,uM,2.7,C=C(CN1CCOCC1)C(=O)Nc1ccc2ncc(C#N)c(Nc3ccc(F)c(Cl)c3)c2c1,5.568636235841013
CHEMBL94061,IC50,nM,11.0,IC50,uM,0.011,CN(C)C/C=C/C(=O)Nc1ccc2ncnc(Nc3cccc(Br)c3)c2c1,7.958607314841775
CHEMBL340399,IC50,nM,7.2,IC50,nM,7.2,Cc1cccc(Nc2ncnc3cc(NCCc4c[nH]cn4)ncc23)c1,8.142667503568731
CHEMBL52076,IC50,nM,10.0,IC50,nM,10.0,Nc1cc2ncnc(Nc3cccc(Br)c3)c2cn1,8.0
CHEMBL127611,IC50,nM,3.2,IC50,nM,3.2,CN(CC(O)C(O)C(O)C(O)CO)c1cc2ncnc(Nc3cccc(Br)c3)c2cn1,8.494850021680094
CHEMBL113900,IC50,nM,250.0,IC50,uM,0.25,CC(C)N(CC#CC(=O)Nc1ccc2ncc(C#N)c(Nc3cccc(Br)c3)c2c1)C(C)C,6.6020599913279625
CHEMBL118000,IC50,nM,2290.0,IC50,uM,2.29,N#Cc1cnc2ccc(NC(=O)/C=C/CN3CCOCC3)cc2c1Nc1ccc(F)c(Cl)c1,5.640164517660112
CHEMBL126623,IC50,nM,1.9,IC50,nM,1.9,Brc1cccc(Nc2ncnc3cc(NCCCN4CCOCC4)ncc23)c1,8.721246399047171
CHEMBL126903,IC50,nM,16.0,IC50,nM,16.0,CN(CC(=O)O)c1cc2ncnc(Nc3cccc(Br)c3)c2cn1,7.795880017344075
CHEMBL127086,IC50,nM,0.61,IC50,nM,0.61,O=C(O)CCNc1cc2ncnc(Nc3cccc(Br)c3)c2cn1,9.214670164989233
CHEMBL263788,IC50,nM,790.0,IC50,uM,0.79,COc1cc2ncc(C#N)c(Nc3cccc(Br)c3)c2cc1NC(=O)/C=C/CN(C)C,6.102372908709558
CHEMBL338175,IC50,nM,1.5,IC50,nM,1.5,O=C(O)CNc1cc2ncnc(Nc3cccc(Br)c3)c2cn1,8.823908740944319
CHEMBL414631,IC50,nM,330.0,IC50,uM,0.33,COCOC#CC(=O)Nc1ccc2ncc(C#N)c(Nc3cccc(Br)c3)c2c1,6.481486060122113
CHEMBL355330,IC50,nM,300.0,IC50,uM,0.3,Nc1ncnc2c1c(-c1cccc(O)c1)cn2C1CCC1,6.522878745280337
CHEMBL170724,IC50,nM,570.0,IC50,uM,0.57,COc1ccc(-c2cn(C3CCCC3)c3ncnc(N)c23)cc1,6.2441251443275085
CHEMBL168550,IC50,nM,490.0,IC50,uM,0.49,COc1cccc(-c2cn(C3CC(CNCCO)C3)c3ncnc(N)c23)c1,6.309803919971486
CHEMBL153525,IC50,nM,1.24,IC50,nM,1.24,Brc1cccc(Nc2ncnc3ccc4cc[nH]c4c23)c1,8.906578314837764
CHEMBL3085277,IC50,nM,538.0,IC50,nM,538.0,C[C@H](Nc1ncnc2c1sc1ccccc12)c1ccccc1,6.269217724333611
CHEMBL152905,IC50,nM,0.27,IC50,nM,0.27,Nc1ccc2sc3c(Nc4cccc(Br)c4)ncnc3c2c1,9.568636235841012
CHEMBL168555,IC50,nM,9700.0,IC50,uM,9.7,COc1ccc(CC(CO)n2cc(-c3cccc(OC)c3)c3c(N)ncnc32)cc1,5.013228265733755
CHEMBL168382,IC50,nM,460.0,IC50,uM,0.46,COc1cccc(-c2cn(C3CCCC3)c3ncnc(N)c23)c1,6.337242168318426
CHEMBL168285,IC50,nM,790.0,IC50,uM,0.79,Nc1ncnc2c1c(-c1ccccc1)cn2C1CCC(O)C1,6.102372908709558
CHEMBL352801,IC50,nM,420.0,IC50,uM,0.42,COc1cccc(-c2cn(C3CC(CO)C3)c3ncnc(N)c23)c1,6.376750709602099
CHEMBL448730,IC50,nM,4100.0,IC50,nM,4100.0,CCN(CC)CCn1c2ccccc2c2c(Nc3cccc(Br)c3)ncnc21,5.3872161432802645
CHEMBL544867,IC50,nM,11.0,IC50,nM,11.0,Cc1cccc(Nc2ncnc3c2sc2ccc([N+](=O)[O-])cc23)c1.Cl,7.958607314841775
CHEMBL538814,IC50,nM,460.0,IC50,nM,460.0,Cl.O=[N+]([O-])c1ccc2sc3c(Nc4cccc(C(F)(F)F)c4)ncnc3c2c1,6.337242168318426
CHEMBL542755,IC50,nM,20.0,IC50,nM,20.0,COc1cccc2sc3c(Nc4cccc(Br)c4)ncnc3c12.Cl,7.698970004336019
CHEMBL53753,IC50,nM,0.008,IC50,nM,0.008,CNc1cc2c(Nc3cccc(Br)c3)ncnc2cn1,11.096910013008056
CHEMBL153206,IC50,nM,1.2,IC50,nM,1.2,COc1ccc2[nH]c3ncnc(Nc4cccc(Br)c4)c3c2c1,8.920818753952375
CHEMBL346846,IC50,nM,80.0,IC50,nM,80.0,COc1ccc2c(c1)sc1c(Nc3cccc(Br)c3)ncnc12,7.096910013008056
CHEMBL169467,IC50,nM,3400.0,IC50,uM,3.4,COc1ccc(CC(CO)n2cc(-c3cccc(O)c3)c3c(N)ncnc32)cc1,5.468521082957745
CHEMBL168266,IC50,nM,2820.0,IC50,uM,2.82,Nc1ncnc2c1c(-c1ccccc1)cn2C1CC(O)C1,5.549750891680639
CHEMBL153739,IC50,nM,19.8,IC50,nM,19.8,CN(C)c1ccc2sc3c(Nc4cccc(Br)c4)ncnc3c2c1,7.703334809738469
CHEMBL354310,IC50,nM,330.0,IC50,uM,0.33,COc1cccc(-c2cn(C3CC(C(=O)NCCO)C3)c3ncnc(N)c23)c1,6.481486060122113
CHEMBL152984,IC50,nM,742.0,IC50,nM,742.0,Cn1c2ccccc2c2c(Nc3cccc(Br)c3)ncnc21,6.129596094720973
CHEMBL544640,IC50,nM,2110.0,IC50,nM,2110.0,Cl.c1ccc(Nc2[nH]cnc3c4ccccc4nc2-3)cc1,5.675717544702307
CHEMBL150280,IC50,nM,264.0,IC50,nM,264.0,c1ccc(Nc2[nH]cnc3nc4ccccc4c2-3)cc1,6.578396073130169
CHEMBL553351,IC50,nM,12.3,IC50,nM,12.3,Cl.O=[N+]([O-])c1ccc2sc3c(Nc4cccc(Br)c4)ncnc3c2c1,7.910094888560602
CHEMBL423224,IC50,nM,31.0,IC50,nM,31.0,Brc1cccc(Nc2[nH]cnc3nc4ccccc4c2-3)c1,7.508638306165727
CHEMBL347282,IC50,nM,47.0,IC50,nM,47.0,Nc1ccc2sc3c(Nc4cccc(C(F)(F)F)c4)ncnc3c2c1,7.327902142064283
CHEMBL357097,IC50,nM,460.0,IC50,nM,460.0,c1ccc(CNc2[nH]cnc3c4ccccc4nc2-3)cc1,6.337242168318426
CHEMBL346863,IC50,nM,40.0,IC50,nM,40.0,Brc1cccc(Nc2ncnc3c2sc2ncsc23)c1.CO,7.3979400086720375
CHEMBL169570,IC50,nM,250.0,IC50,uM,0.25,Nc1ncnc2c1c(-c1ccc(O)cc1)cn2C1CCCC1,6.6020599913279625
CHEMBL415738,IC50,nM,1.0,IC50,nM,1.0,Cc1cccc(Nc2cc(NCCO)ncn2)c1,9.0
CHEMBL153409,IC50,nM,732.0,IC50,nM,732.0,Brc1cccc(Nc2ncnc3c2sc2ncccc23)c1,6.135488918941608
CHEMBL171256,IC50,nM,14400.0,IC50,uM,14.4,COc1ccc(CC(CO)n2cc(-c3ccccc3)c3c(N)ncnc32)cc1,4.841637507904751
CHEMBL329672,IC50,nM,23.0,IC50,nM,23.0,Clc1cccc(Nc2ncnc3ccccc23)c1,7.638272163982407
CHEMBL166765,IC50,nM,600.0,IC50,uM,0.6,Nc1ncnc2c1c(-c1ccc(O)cc1)cn2C1CCC1,6.221848749616356
CHEMBL553137,IC50,nM,132.0,IC50,nM,132.0,Cl.Cn1c2ccccc2c2ncnc(Nc3cccc(Br)c3)c21,6.87942606879415
CHEMBL169390,IC50,nM,80.0,IC50,uM,0.08,Nc1ncnc2c1c(-c1cccc(O)c1)cn2C1CCCC1,7.096910013008056
CHEMBL153170,IC50,nM,29.0,IC50,nM,29.0,Brc1cccc(Nc2ncnc3ccc4[nH]cnc4c23)c1,7.5376020021010435
CHEMBL355982,IC50,nM,35.0,IC50,nM,35.0,Brc1cccc(Nc2ncnc3sccc23)c1,7.455931955649724
CHEMBL345988,IC50,nM,147.0,IC50,nM,147.0,Nc1nc(Nc2cccc(Br)c2)c2c(n1)[nH]c1ccccc12,6.8326826652518236
CHEMBL153518,IC50,nM,4270.0,IC50,nM,4270.0,CCN(CC)CCn1c2ccc(OC)cc2c2c(Nc3cccc(Br)c3)ncnc21,5.369572124974976
CHEMBL544868,IC50,nM,58.0,IC50,nM,58.0,Cl.O=[N+]([O-])c1ccc2sc3c(Nc4ccccc4)ncnc3c2c1,7.236572006437063
CHEMBL97162,IC50,nM,83.0,IC50,nM,83.0,COc1nccc(-c2c(-c3ccc(F)cc3)ncn2[C@H]2CC[C@H](O)CC2)n1,7.080921907623926
CHEMBL345294,IC50,nM,11.0,IC50,nM,11.0,Brc1cccc(Nc2ncnc3ccsc23)c1,7.958607314841775
CHEMBL2093928,IC50,nM,419.0,IC50,nM,419.0,C[C@H](Nc1[nH]cnc2c3ccccc3nc1-2)c1ccccc1.Cl,6.377785977033705
CHEMBL155278,IC50,nM,2.1,IC50,nM,2.1,Cc1cccc(Nc2ncnc3c2sc2ccc(N)cc23)c1,8.67778070526608
CHEMBL149512,IC50,nM,740.0,IC50,nM,740.0,Brc1cccc(Nc2ncnc3c2oc2ccccc23)c1,6.130768280269024
CHEMBL170438,IC50,nM,13200.0,IC50,uM,13.2,Nc1ncnc2c1c(-c1ccccc1)cn2C(CO)Cc1ccc(O)cc1,4.87942606879415
CHEMBL539822,IC50,nM,0.47,IC50,nM,0.47,Cl.Nc1ccc2c(c1)sc1c(Nc3cccc(Br)c3)ncnc12,9.327902142064282
CHEMBL540082,IC50,nM,158.0,IC50,nM,158.0,Cl.O=[N+]([O-])c1cccc2c1sc1c(Nc3cccc(Br)c3)ncnc12,6.801342913045577
CHEMBL356850,IC50,nM,1.8,IC50,nM,1.8,Brc1cccc(Nc2ncnc3c2sc2ccccc23)c1,8.744727494896694
CHEMBL357367,IC50,nM,9.4,IC50,nM,9.4,CCO.Nc1ccc2sc3c(Nc4ccccc4)ncnc3c2c1,8.0268721464003
CHEMBL151593,IC50,nM,2.7,IC50,nM,2.7,CO.Nc1cccc2c1sc1c(Nc3cccc(Br)c3)ncnc12,8.568636235841012
CHEMBL153419,IC50,nM,191.0,IC50,nM,191.0,c1ccc(CNc2ncnc3c2sc2ccccc23)cc1,6.718966632752273
CHEMBL153573,IC50,nM,1.0,IC50,nM,1.0,Nc1cc2sc3c(Nc4cccc(Br)c4)ncnc3c2cc1F,9.0
CHEMBL357570,IC50,nM,7.9,IC50,nM,7.9,CCNc1cc2sc3c(Nc4cccc(Br)c4)ncnc3c2cc1F.CCO,8.102372908709558
CHEMBL352954,IC50,nM,500.0,IC50,uM,0.5,Nc1ncnc2c1c(-c1ccccc1)cn2C1CCCC1,6.301029995663981
CHEMBL554983,IC50,nM,72.0,IC50,nM,72.0,Brc1cccc(Nc2[nH]cnc3c4ccccc4nc2-3)c1.Cl,7.142667503568732
CHEMBL358934,IC50,nM,1.1,IC50,nM,1.1,CCO.CNc1ccc2sc3c(Nc4cccc(Br)c4)ncnc3c2c1,8.958607314841775
CHEMBL355191,IC50,nM,450.0,IC50,uM,0.45,COc1cccc(-c2cn(C3CCC3)c3ncnc(N)c23)c1,6.346787486224656
CHEMBL540590,IC50,nM,48.0,IC50,nM,48.0,Cl.O=[N+]([O-])c1ccc2c(c1)sc1c(Nc3cccc(Br)c3)ncnc12,7.318758762624412
CHEMBL544865,IC50,nM,444.0,IC50,nM,444.0,COc1cc2sc3c(Nc4cccc(Br)c4)ncnc3c2cc1OC.Cl,6.35261702988538
CHEMBL66031,IC50,nM,0.008,IC50,nM,0.008,Brc1cccc(Nc2ncnc3cc4[nH]cnc4cc23)c1,11.096910013008056
CHEMBL555921,IC50,nM,12.6,IC50,nM,12.6,COc1cccc2c1sc1c(Nc3cccc(Br)c3)ncnc12.Cl,7.8996294548824375
CHEMBL171311,IC50,nM,440.0,IC50,uM,0.44,Nc1ncnc2c1c(-c1ccccc1)cn2C(CO)Cc1ccccc1,6.356547323513812
CHEMBL166766,IC50,nM,730.0,IC50,uM,0.73,Nc1ncnc2c1c(-c1ccccc1)cn2C1CCC1,6.136677139879544
CHEMBL155100,IC50,nM,272.0,IC50,nM,272.0,Brc1cccc(Nc2ncnc3c2ccc2[nH]cnc23)c1,6.565431095965801
CHEMBL169780,IC50,nM,2540.0,IC50,uM,2.54,Nc1ncnc2c1c(-c1cccc(O)c1)cn2C1CCN(CCO)CC1,5.5951662833800615
CHEMBL355269,IC50,nM,750.0,IC50,uM,0.75,COc1cccc(-c2cn(C3CCN(CC(=O)N(C)C)CC3)c3ncnc(N)c23)c1,6.1249387366083
CHEMBL169200,IC50,nM,900.0,IC50,uM,0.9,COc1cccc(-c2cn(C3CCN(CCO)CC3)c3ncnc(N)c23)c1,6.045757490560675
CHEMBL168829,IC50,nM,13400.0,IC50,uM,13.4,Nc1ncnc2c1c(-c1ccccc1)cn2C1CCNC1,4.872895201635193
CHEMBL262276,IC50,nM,800.0,IC50,uM,0.8,COC(=O)CN1CCC(n2cc(-c3cccc(O)c3)c3c(N)ncnc32)CC1,6.096910013008056
CHEMBL169920,IC50,nM,500.0,IC50,uM,0.5,CN(C)C(=O)CN1CCC(n2cc(-c3cccc(O)c3)c3c(N)ncnc32)CC1,6.301029995663981
CHEMBL408683,IC50,nM,400.0,IC50,uM,0.4,NC(=O)CN1CCC(n2cc(-c3cccc(O)c3)c3c(N)ncnc32)C1,6.3979400086720375
CHEMBL355891,IC50,nM,830.0,IC50,uM,0.83,COC(=O)CN1CCC(n2cc(-c3cccc(OC)c3)c3c(N)ncnc32)C1,6.080921907623926
CHEMBL168661,IC50,nM,295.0,IC50,uM,0.295,COc1cccc(-c2cn(C3CCN(CCN(C)CCO)CC3)c3ncnc(N)c23)c1,6.530177984021837
CHEMBL355019,IC50,nM,740.0,IC50,uM,0.74,COC(=O)CN1CCC(n2cc(-c3cccc(O)c3)c3c(N)ncnc32)C1,6.130768280269024
CHEMBL172514,IC50,nM,310.0,IC50,uM,0.31,COCCNCCN1CCC(n2cc(-c3cccc(OC)c3)c3c(N)ncnc32)CC1,6.508638306165727
CHEMBL354033,IC50,nM,2670.0,IC50,uM,2.67,Nc1ncnc2c1c(-c1ccc(O)cc1)cn2C1CCNC1,5.573488738635425
CHEMBL355322,IC50,nM,440.0,IC50,uM,0.44,COc1cccc(-c2cn(C3CCN(CC(N)=O)C3)c3ncnc(N)c23)c1,6.356547323513812
CHEMBL169519,IC50,nM,1120.0,IC50,uM,1.12,COc1cccc(-c2cn(C3CCNC3)c3ncnc(N)c23)c1,5.950781977329818
CHEMBL263528,IC50,nM,170.0,IC50,uM,0.17,NC(=O)CN1CCC(n2cc(-c3cccc(O)c3)c3c(N)ncnc32)CC1,6.769551078621726
CHEMBL274732,IC50,nM,930.0,IC50,uM,0.93,COCCN(C)CCN1CCC(n2cc(-c3cccc(OC)c3)c3c(N)ncnc32)CC1,6.031517051446065
CHEMBL171545,IC50,nM,1530.0,IC50,uM,1.53,Nc1ncnc2c1c(-c1cccc(O)c1)cn2C1CCNC1,5.815308569182402
CHEMBL169064,IC50,nM,350.0,IC50,uM,0.35,COc1cccc(-c2cn(C3CCN(CC(N)=O)CC3)c3ncnc(N)c23)c1,6.455931955649724
CHEMBL168921,IC50,nM,2200.0,IC50,uM,2.2,CC(C)(C)OC(=O)N1CCC(n2cc(-c3cccc(O)c3)c3c(N)ncnc32)C1,5.657577319177793
CHEMBL169065,IC50,nM,1470.0,IC50,uM,1.47,COC(=O)CN1CCC(n2cc(-c3cccc(OC)c3)c3c(N)ncnc32)CC1,5.8326826652518236
CHEMBL10,IC50,nM,96000.0,IC50,nM,96000.0,C[S+]([O-])c1ccc(-c2nc(-c3ccc(F)cc3)c(-c3ccncc3)[nH]2)cc1,4.017728766960432
CHEMBL353823,IC50,nM,8300.0,IC50,uM,8.3,CC(C)(C)OC(=O)N1CCC(n2cc(-c3ccccc3)c3c(N)ncnc32)C1,5.080921907623926
CHEMBL168656,IC50,nM,2100.0,IC50,uM,2.1,COc1cccc(-c2cn(C3CCN(C(=O)OC(C)(C)C)C3)c3ncnc(N)c23)c1,5.6777807052660805
CHEMBL113185,IC50,nM,5100.0,IC50,nM,5100.0,COc1cc(Nc2nccc(-c3ccc(NCCN)nc3)n2)cc(OC)c1OC,5.292429823902063
CHEMBL543661,IC50,nM,3000.0,IC50,uM,3.0,COc1cc(Nc2ncnc3cc(OC)c(OC)cc23)cc(OC)c1.Cl,5.522878745280337
CHEMBL545541,IC50,nM,4.0,IC50,uM,0.004,COc1cc2ncnc(NCc3ccccc3)c2cc1OC.Cl,8.397940008672037
CHEMBL541586,IC50,nM,25.0,IC50,uM,0.025,COc1cc2ncnc(Nc3cccc(F)c3)c2cc1OC.Cl,7.6020599913279625
CHEMBL540068,IC50,nM,30.0,IC50,uM,0.03,COc1cc2ncnc(Nc3cccc(Cl)c3)c2cc1OC.Cl,7.522878745280337
CHEMBL135853,IC50,nM,20.0,IC50,uM,0.02,COc1cc2ncnc(Oc3cccc(Cl)c3)c2cc1OC,7.698970004336019
CHEMBL544833,IC50,nM,350.0,IC50,uM,0.35,COc1ccc(Nc2ncnc3cc(OC)c(OC)cc23)cc1OC.Cl,6.455931955649724
CHEMBL555201,IC50,nM,100.0,IC50,uM,0.1,COc1cc2ncnc(Nc3ccc(O)cc3)c2cc1OC.Cl,7.0
CHEMBL542484,IC50,nM,50.0,IC50,uM,0.05,COc1cc2ncnc(Nc3ccccc3)c2cc1OC.Cl,7.301029995663981
CHEMBL322066,IC50,nM,1704.0,IC50,nM,1704.0,COc1cc(Nc2nccc(-c3ccc(N4CCNCC4)nc3)n2)cc(OC)c1OC,5.768530409569319
CHEMBL56983,IC50,nM,1000.0,IC50,uM,1.0,CCN(CC)CCCCNc1ncc2cc(-c3c(Cl)cccc3Cl)c(NC(=O)Nc3ccccc3)nc2n1,6.0
CHEMBL543669,IC50,nM,4000.0,IC50,uM,4.0,COc1cc2ncnc(N(C)c3ccccc3)c2cc1OC.Cl,5.3979400086720375
CHEMBL135902,IC50,nM,10.0,IC50,uM,0.01,COc1cc2ncnc(Sc3cccc(Cl)c3)c2cc1OC,8.0
CHEMBL543904,IC50,nM,500.0,IC50,uM,0.5,COc1cc2ncnc(Nc3cc(OC)c(OC)c(OC)c3)c2cc1OC.Cl,6.301029995663981
CHEMBL555797,IC50,nM,600.0,IC50,uM,0.6,COc1cc2ncnc(Nc3ccc4c(c3)CCC4)c2cc1OC.Cl,6.221848749616356
CHEMBL542729,IC50,nM,100.0,IC50,uM,0.1,COc1ccc2ncnc(Nc3cc(OC)c(OC)c(OC)c3)c2c1.Cl,7.0
CHEMBL555321,IC50,nM,50.0,IC50,uM,0.05,Cl.Clc1cccc(Nc2ncnc3ccccc23)c1,7.301029995663981
CHEMBL542733,IC50,nM,250.0,IC50,uM,0.25,COc1ccc(Nc2ncnc3cc(OC)c(OC)cc23)cc1.Cl,6.6020599913279625
CHEMBL131577,IC50,nM,10000.0,IC50,uM,10.0,Cc1cccc(Cl)c1NC(=O)c1cnc(NC(=O)C2CC2)s1,5.0
CHEMBL48614,IC50,nM,1680.0,IC50,uM,1.68,CN1CCC(c2c(O)cc(O)c3c2O/C(=C\c2ccccc2Cl)C3=O)CC1,5.774690718274137
CHEMBL418203,IC50,nM,4600.0,IC50,uM,4.6,CN1CCC(c2c(O)cc(O)c3c(=O)cc(-c4ccccc4Cl)oc23)[C@@H](O)C1,5.337242168318426
CHEMBL150177,IC50,nM,84800.0,IC50,uM,84.8,Cc1[nH]c(/C=C2\C(=O)Nc3ccc(S(N)(=O)=O)cc32)c(C)c1CCC(=O)O,4.071604147743286
CHEMBL56505,IC50,nM,35.0,IC50,uM,0.035,COc1cc2ncnc(Nc3ccc(F)c(Cl)c3)c2cc1OCCN(CCO)CCO,7.455931955649724
CHEMBL56802,IC50,nM,5.0,IC50,nM,5.0,COc1cc2ncnc(Nc3cccc(C)c3)c2cc1OC,8.301029995663981
CHEMBL57990,IC50,nM,49.0,IC50,uM,0.049,COc1cc2ncnc(Nc3ccc(F)c(Cl)c3)c2cc1OCCCN(C)C,7.309803919971486
CHEMBL55794,IC50,nM,310.0,IC50,uM,0.31,COc1cc2ncnc(Nc3ccc(F)c(Cl)c3)c2cc1OCCNC(C)C,6.508638306165727
CHEMBL294395,IC50,nM,61.0,IC50,uM,0.061,COCCN(CCOC)CCOc1cc2c(Nc3ccc(F)c(Cl)c3)ncnc2cc1OC,7.214670164989233
CHEMBL7699,IC50,nM,58800.0,IC50,uM,58.8,O=c1c(-c2cccc(Cl)c2)coc2cc(O)ccc12,4.230622673923861
CHEMBL301018,IC50,nM,9.0,IC50,uM,0.009,COc1cc2ncnc(Nc3ccc(F)c(Cl)c3)c2cc1OC,8.045757490560675
CHEMBL112925,IC50,nM,8700.0,IC50,uM,8.7,Nc1ccc(-c2cc(=O)c3cc(N)ccc3o2)cc1,5.060480747381382
CHEMBL7917,IC50,nM,6.0,IC50,uM,0.006,COc1cc2ncnc(Nc3cccc(Cl)c3)c2cc1OC,8.221848749616356
CHEMBL281467,IC50,nM,374.8,IC50,nM,374.8,C=CC(=O)Nc1cnc2ncc(C#N)c(Nc3cccc(Br)c3)c2c1,6.426200417784259
CHEMBL299672,IC50,nM,71.0,IC50,uM,0.071,COc1cc2ncnc(Nc3ccc(F)c(Cl)c3)c2cc1OCCCN1CCCC1,7.1487416512809245
CHEMBL1788321,IC50,nM,67.0,IC50,uM,0.067,COc1cc2ncnc(Nc3ccc(F)c(Cl)c3)c2cc1OC[C@H](O)CN1CCOCC1,7.173925197299173
CHEMBL7827,IC50,nM,95.0,IC50,uM,0.095,O=c1c(-c2cccc(Cl)c2)coc2cc(O)cc(O)c12,7.022276394711152
CHEMBL56936,IC50,nM,2.0,IC50,uM,0.002,COc1cc2ncnc(Nc3ccc(F)c(Cl)c3)c2cc1OCCNCCN(C)C,8.698970004336019
CHEMBL60826,IC50,nM,8.0,IC50,uM,0.008,COc1cc2ncnc(Nc3ccc(F)c(Cl)c3)c2cc1OCC(O)Cn1ccnc1,8.096910013008056
CHEMBL440453,IC50,nM,38.0,IC50,uM,0.038,COc1cc(O)c2c(O)c(-c3cccc(Cl)c3)cnc2c1,7.42021640338319
CHEMBL31876,IC50,nM,330.2,IC50,nM,330.2,CC#CC(=O)Nc1ccc2ncc(C#N)c(Nc3ccc(F)c(Cl)c3)c2c1,6.4812229310732254
CHEMBL14699,IC50,nM,10.0,IC50,uM,0.01,COc1cc2ncnc(Nc3ccc(F)c(Cl)c3)c2cc1OCCN1CCOCC1,8.0
CHEMBL56912,IC50,nM,8.0,IC50,uM,0.008,COCCNCCOc1cc2c(Nc3ccc(F)c(Cl)c3)ncnc2cc1OC,8.096910013008056
CHEMBL55425,IC50,nM,57.0,IC50,uM,0.057,CCN(CC)CCCOc1cc2c(Nc3ccc(F)c(Cl)c3)ncnc2cc1OC,7.2441251443275085
CHEMBL7810,IC50,nM,4000.0,IC50,uM,4.0,COc1cc(O)c2c(=O)c(-c3cccc(Cl)c3)cn(CCc3ccccc3)c2c1,5.3979400086720375
CHEMBL31276,IC50,nM,1.9,IC50,nM,1.9,CN(C)C/C=C/C(=O)Nc1cc2c(Nc3cccc(Br)c3)c(C#N)cnc2cn1,8.721246399047171
CHEMBL56027,IC50,nM,69.0,IC50,uM,0.069,COc1cc2ncnc(Nc3ccc(F)c(Cl)c3)c2cc1OCCNC(C)(CO)CO,7.161150909262744
CHEMBL294034,IC50,nM,66.0,IC50,uM,0.066,COc1cc2ncnc(Nc3ccc(F)c(Cl)c3)c2cc1OCCn1ccnc1,7.180456064458132
CHEMBL7981,IC50,nM,500000.0,IC50,uM,500.0,COc1cc(OC)c2c(=O)c(-c3cccc(Cl)c3)coc2c1,3.3010299956639813
CHEMBL7866,IC50,nM,64.0,IC50,uM,0.064,COC(=O)Cn1cc(-c2cccc(Cl)c2)c(=O)c2c(O)cc(OC)cc21,7.1938200260161125
CHEMBL31745,IC50,nM,6266.2,IC50,nM,6266.2,CC#CC(=O)Nc1cnc2ncc(C#N)c(Nc3cccc(Br)c3)c2c1,5.2029957477386715
CHEMBL293090,IC50,nM,8.0,IC50,uM,0.008,CNCCOc1cc2c(Nc3ccc(F)c(Cl)c3)ncnc2cc1OC,8.096910013008056
CHEMBL56142,IC50,nM,98.0,IC50,uM,0.098,COc1cc2ncnc(Nc3ccc(F)c(Cl)c3)c2cc1OCCN1CCCCC1,7.008773924307505
CHEMBL287022,IC50,nM,3762.4,IC50,nM,3762.4,CC#CC(=O)Nc1cnc2ncc(C#N)c(Nc3ccc(F)c(Cl)c3)c2c1,5.424535034261977
CHEMBL293064,IC50,nM,93.0,IC50,uM,0.093,CCN(CC)CCOc1cc2c(Nc3ccc(F)c(Cl)c3)ncnc2cc1OC,7.031517051446065
CHEMBL56502,IC50,nM,6.0,IC50,uM,0.006,COc1cc2ncnc(Nc3ccc(F)c(Cl)c3)c2cc1OCC(O)CN,8.221848749616356
CHEMBL432416,IC50,nM,14100.0,IC50,uM,14.1,Nc1ccc(-c2cc(=O)c3cc(N)c(O)cc3o2)cc1,4.85078088734462
CHEMBL7819,IC50,nM,170.0,IC50,uM,0.17,COc1cc(O)c2c(=O)c(-c3cccc(Cl)c3)cn(C)c2c1,6.769551078621726
CHEMBL291514,IC50,nM,79.0,IC50,uM,0.079,COc1cc2ncnc(Nc3ccc(F)c(Cl)c3)c2cc1OCCCN1CCCCC1,7.102372908709558
CHEMBL441518,IC50,nM,2043.6,IC50,nM,2043.6,CN(C)C/C=C/C(=O)Nc1cnc2ncc(C#N)c(Nc3cccc(Br)c3)c2c1,5.689604105989774
CHEMBL1744086,IC50,nM,95.0,IC50,uM,0.095,COc1cc2ncnc(Nc3ccc(F)c(Cl)c3)c2cc1OC[C@@H](O)CN1CCOCC1,7.022276394711152
CHEMBL325949,IC50,nM,7800.0,IC50,uM,7.8,Nc1cccc(-c2cc(=O)c3c(N)c(O)c(N)cc3o2)c1,5.107905397309519
CHEMBL7339,IC50,nM,1270.0,IC50,uM,1.27,COc1cc(O)c2c(=O)c(-c3cccc(Cl)c3)coc2c1,5.896196279044043
CHEMBL57759,IC50,nM,7.0,IC50,uM,0.007,COc1cc2ncnc(Nc3ccc(F)c(Cl)c3)c2cc1OCCN(C)C,8.154901959985743
CHEMBL300791,IC50,nM,10.0,IC50,uM,0.01,COc1cc2ncnc(Nc3ccc(F)c(Cl)c3)c2cc1OCCN1CCN(C)CC1,8.0
CHEMBL57892,IC50,nM,100.0,IC50,uM,0.1,COc1cc2ncnc(Nc3ccc(F)c(Cl)c3)c2cc1OCCNC(C)(C)C,7.0
CHEMBL57758,IC50,nM,87.0,IC50,uM,0.087,COc1cc2ncnc(Nc3ccc(F)c(Cl)c3)c2cc1OCCN1CCCC1,7.060480747381382
CHEMBL56266,IC50,nM,5.0,IC50,uM,0.005,CNCC(O)COc1cc2c(Nc3ccc(F)c(Cl)c3)ncnc2cc1OC,8.301029995663981
CHEMBL266995,IC50,nM,8.0,IC50,uM,0.008,Oc1cc(O)c2c(O)c(-c3cccc(Cl)c3)cnc2c1,8.096910013008056
CHEMBL299893,IC50,nM,5.0,IC50,uM,0.005,COc1cc2ncnc(Nc3ccc(F)c(Cl)c3)c2cc1OCC(O)CN(CCO)CCO,8.301029995663981
CHEMBL347668,IC50,nM,8500.0,IC50,uM,8.5,O=C(CCc1c(SSc2[nH]c3ccccc3c2CCC(=O)NCc2ccc(C(=O)O)c(O)c2)[nH]c2ccccc12)NCc1ccc(C(=O)O)c(O)c1,5.070581074285707
CHEMBL541307,IC50,nM,3900.0,IC50,uM,3.9,CN(C)CC(CNNC(N)=O)C(=O)c1ccc(OCc2ccccc2)cc1.Cl,5.4089353929735005
CHEMBL348146,IC50,nM,28000.0,IC50,uM,28.0,CC(=O)OC(Cc1c(SSc2[nH]c3ccccc3c2CC(OC(C)=O)C(=O)NCc2ccccc2)[nH]c2ccccc12)C(=O)NCc1ccccc1,4.552841968657781
CHEMBL79704,IC50,nM,4800.0,IC50,uM,4.8,O=C(O)CCc1c(SSc2[nH]c3ccccc3c2CCC(=O)O)[nH]c2ccccc12,5.318758762624412
CHEMBL538757,IC50,nM,8800.0,IC50,uM,8.8,COC(=O)c1ccccc1SCC(CN(C)C)C(=O)c1ccc(OCc2ccccc2)cc1.Cl,5.055517327849832
CHEMBL422531,IC50,nM,12000.0,IC50,uM,12.0,CN(C)C(=O)CCc1c(SSc2[nH]c3ccccc3c2CCC(=O)N(C)C)[nH]c2ccccc12,4.920818753952375
CHEMBL538507,IC50,nM,2100.0,IC50,uM,2.1,Cc1ccc(SCC(CN(C)C)C(=O)c2ccc(OCc3ccccc3)cc2)cc1C.Cl,5.6777807052660805
CHEMBL154969,IC50,nM,68000.0,IC50,uM,68.0,CONC(=O)CCc1c(SSc2[nH]c3ccccc3c2CCC(=O)NOC)[nH]c2ccccc12,4.167491087293763
CHEMBL552859,IC50,nM,180.0,IC50,uM,0.18,C=C(CN(C)C)C(=O)c1ccc(OCc2ccccc2)cc1.Cl,6.7447274948966935
CHEMBL414013,IC50,nM,75000.0,IC50,uM,75.0,COc1cc2c(cc1OC)Nc1ncnc(O)c1C2,4.1249387366083
CHEMBL544074,IC50,nM,1100.0,IC50,uM,1.1,C=C(CN1CCCCC1)C(=O)c1ccc(OCc2ccccc2)cc1.Cl,5.958607314841775
CHEMBL154260,IC50,nM,24000.0,IC50,uM,24.0,O=C(CCc1c(SSc2[nH]c3ccccc3c2CCC(=O)NCCc2ccccc2)[nH]c2ccccc12)NCCc1ccccc1,4.619788758288394
CHEMBL346716,IC50,nM,51000.0,IC50,uM,51.0,CC(=O)NC(Cc1c(SSc2[nH]c3ccccc3c2CC(NC(C)=O)C(=O)NCc2ccccc2)[nH]c2ccccc12)C(=O)NCc1ccccc1,4.292429823902063
CHEMBL545006,IC50,nM,1800.0,IC50,uM,1.8,Cl.O=C(CCN1CCCCC1)c1ccc(OCc2ccccc2)cc1,5.7447274948966935
CHEMBL542891,IC50,nM,300.0,IC50,uM,0.3,CCOC(=O)C1CCN(CCC(=O)c2ccc(OCc3ccccc3)cc2)CC1.Cl,6.522878745280337
CHEMBL544538,IC50,nM,1500.0,IC50,uM,1.5,C=C(CN1CCNCC1)C(=O)c1ccc(OCc2ccccc2)cc1.Cl,5.823908740944319
CHEMBL348116,IC50,nM,32000.0,IC50,uM,32.0,N#CCc1c(SSc2[nH]c3ccccc3c2CC#N)[nH]c2ccccc12,4.494850021680094
CHEMBL80030,IC50,nM,230.0,IC50,uM,0.23,C=C(CN(C)C)C(=O)c1ccc(OS(=O)(=O)c2ccc(C(=O)O)cc2)cc1,6.638272163982407
CHEMBL157952,IC50,nM,14000.0,IC50,uM,14.0,O=C(NCc1ccccc1)C(O)Cc1c(SSc2[nH]c3ccccc3c2CC(O)C(=O)NCc2ccccc2)[nH]c2ccccc12,4.853871964321762
CHEMBL156555,IC50,nM,100000.0,IC50,uM,100.0,O=C(CCCc1c(SSc2[nH]c3ccccc3c2CCCC(=O)NCc2ccccc2)[nH]c2ccccc12)NCc1ccccc1,4.0
CHEMBL543361,IC50,nM,8800.0,IC50,uM,8.8,CN(C)CC(CSCCN)C(=O)c1ccc(OCc2ccccc2)cc1.Cl,5.055517327849832
CHEMBL155607,IC50,nM,22000.0,IC50,uM,22.0,NC(=O)CCC1C(S)=Nc2ccccc21,4.657577319177793
CHEMBL543600,IC50,nM,100000.0,IC50,uM,100.0,CC(CN(C)C)C(=O)c1ccc(OS(=O)(=O)c2ccc(C(=O)O)cc2)cc1.Cl,4.0
CHEMBL155389,IC50,nM,100000.0,IC50,uM,100.0,O=C(CC1C(S)=Nc2ccccc21)NCc1ccccc1,4.0
CHEMBL345203,IC50,nM,9400.0,IC50,uM,9.4,CNC(=O)CCc1c(SSc2[nH]c3ccccc3c2CCC(=O)NC)[nH]c2ccccc12,5.026872146400302
CHEMBL78249,IC50,nM,70000.0,IC50,uM,70.0,N#CC(Cc1ccc(O)c(O)c1)C(=N)S,4.154901959985743
CHEMBL544770,IC50,nM,1500.0,IC50,uM,1.5,CN(C)CCC(=O)c1ccc(OCc2ccccc2)cc1.Cl,5.823908740944319
CHEMBL435831,IC50,nM,38000.0,IC50,uM,38.0,O=C(Cc1c(SSc2[nH]c3ccccc3c2CC(=O)NCc2ccccc2)[nH]c2ccccc12)NCc1ccccc1,4.42021640338319
CHEMBL542893,IC50,nM,1500.0,IC50,uM,1.5,Cl.O=C(CCN1CCOCC1)c1ccc(OCc2ccccc2)cc1,5.823908740944319
CHEMBL540292,IC50,nM,7300.0,IC50,uM,7.3,CN(C)CC(CSc1ccccc1)C(=O)c1ccc(OCc2ccccc2)cc1.Cl,5.136677139879544
CHEMBL154080,IC50,nM,44000.0,IC50,uM,44.0,COC(=O)c1ccc(CNC(=O)CCc2c(SSc3[nH]c4ccccc4c3CCC(=O)NCc3ccc(C(=O)OC)cc3)[nH]c3ccccc23)cc1,4.356547323513812
CHEMBL155293,IC50,nM,7400.0,IC50,uM,7.4,O=C(CCc1c(SSc2[nH]c3ccccc3c2CCC(=O)NCc2ccc(C(=O)O)cc2)[nH]c2ccccc12)NCc1ccc(C(=O)O)cc1,5.130768280269024
CHEMBL544067,IC50,nM,1100.0,IC50,uM,1.1,C=C(CN1CCOCC1)C(=O)c1ccc(OCc2ccccc2)cc1.Cl,5.958607314841775
CHEMBL468975,IC50,nM,5600.0,IC50,uM,5.6,C=C(CN(C)C)C(=O)c1ccccc1.Cl,5.251811972993799
CHEMBL158119,IC50,nM,89000.0,IC50,uM,89.0,O=[N+]([O-])CCc1c(SSc2[nH]c3ccccc3c2CC[N+](=O)[O-])[nH]c2ccccc12,4.050609993355087
CHEMBL156797,IC50,nM,25000.0,IC50,uM,25.0,O=C(CCc1c(SSc2[nH]c3ccccc3c2CCC(=O)Nc2ccccc2)[nH]c2ccccc12)Nc1ccccc1,4.6020599913279625
CHEMBL542887,IC50,nM,670.0,IC50,uM,0.67,C=C(CN(C)C)C(=O)c1ccc(OCc2ccccc2)c(O)c1.Cl,6.173925197299173
CHEMBL552634,IC50,nM,700.0,IC50,uM,0.7,C=C(CN(C)C)C(=O)c1ccc(OS(=O)(=O)c2ccc(C(=O)N(C)C)cc2)cc1.Cl,6.154901959985743
CHEMBL154911,IC50,nM,100000.0,IC50,uM,100.0,O=C(CCC1C(S)=Nc2ccccc21)NCc1ccccc1,4.0
CHEMBL157304,IC50,nM,47000.0,IC50,uM,47.0,N#CCCc1c(SSc2[nH]c3ccccc3c2CCC#N)[nH]c2ccccc12,4.327902142064283
CHEMBL157021,IC50,nM,16000.0,IC50,uM,16.0,NC(=O)CCc1c(SSc2[nH]c3ccccc3c2CCC(N)=O)[nH]c2ccccc12,4.795880017344075
CHEMBL552860,IC50,nM,360.0,IC50,uM,0.36,CN(C)CCC(=O)c1ccc(OCc2ccccc2)c(O)c1.Cl,6.443697499232712
CHEMBL79808,IC50,nM,21000.0,IC50,uM,21.0,COC(=O)CCc1c(SSc2[nH]c3ccccc3c2CCC(=O)OC)[nH]c2ccccc12,4.6777807052660805
CHEMBL310580,IC50,nM,470.0,IC50,uM,0.47,C=C(CN(C)C)C(=O)c1ccc(OS(=O)(=O)c2ccc(C(=O)O)c(O)c2)cc1,6.327902142064283
CHEMBL154822,IC50,nM,100000.0,IC50,uM,100.0,COC(=O)c1ccc(CNC(=O)CCc2c(SSc3[nH]c4ccccc4c3CCC(=O)NCc3ccc(C(=O)OC)c(O)c3)[nH]c3ccccc23)cc1O,4.0
CHEMBL6976,IC50,nM,160000.0,IC50,uM,160.0,COc1cc2c(cc1OC)Nc1ncn(C)c(=O)c1C2,3.795880017344075
CHEMBL144791,IC50,nM,850.0,IC50,uM,0.85,N#C/C(=C\c1cc(O)c(O)c(Br)c1)S(=O)(=O)/C(C#N)=C/c1cc(O)c(O)c(Br)c1,6.070581074285707
CHEMBL279138,IC50,nM,2200.0,IC50,uM,2.2,N#C/C(=C\c1ccc(O)c(O)c1)C(=O)NCCCCCCCCNC(=O)/C(C#N)=C/c1ccc(O)c(O)c1,5.657577319177793
CHEMBL67535,IC50,nM,400.0,IC50,uM,0.4,N#C/C(=C\c1ccc(O)c(O)c1)C(=O)NCCCNC(=O)/C(C#N)=C/c1ccc(O)c(O)c1,6.3979400086720375
CHEMBL59150,IC50,nM,820000.0,IC50,uM,820.0,N#CC(C#N)=C(N)/C(C#N)=C/c1ccc2[nH]ccc2c1,3.0861861476162833
CHEMBL144770,IC50,nM,340.0,IC50,uM,0.34,N#C/C(=C\c1cc(O)c(O)c(Br)c1)C(=O)NCCCNC(=O)/C(C#N)=C/c1cc(O)c(O)c(Br)c1,6.468521082957745
CHEMBL144159,IC50,nM,1600.0,IC50,uM,1.6,N#C/C(=C\c1ccc(O)c(O)c1)C(=O)NCc1cccc(CNC(=O)/C(C#N)=C/c2ccc(O)c(O)c2)c1,5.795880017344075
CHEMBL144760,IC50,nM,700.0,IC50,uM,0.7,N#C/C(=C\c1ccc(O)c(O)c1)C(=O)NCCCCCCNC(=O)/C(C#N)=C/c1ccc(O)c(O)c1,6.154901959985743
CHEMBL30432,IC50,nM,1.0,IC50,uM,0.001,CN(C)c1cc2c(Nc3ccc4c(cnn4Cc4ccccc4)c3)ncnc2cn1,9.0
CHEMBL87084,IC50,nM,5000.0,IC50,uM,5.0,Oc1cc2cc(-c3ccncc3)cnc2cc1O,5.301029995663981
CHEMBL144589,IC50,nM,600.0,IC50,uM,0.6,N#C/C(=C\c1ccc(O)c(O)c1)C(=O)NCCCCNC(=O)/C(C#N)=C/c1ccc(O)c(O)c1,6.221848749616356
CHEMBL56393,IC50,nM,370.0,IC50,uM,0.37,N#C/C(=C\c1ccc(O)c(O)c1)C(=O)c1ccc(O)c(O)c1,6.431798275933005
CHEMBL424302,IC50,nM,1300.0,IC50,uM,1.3,N#C/C(=C\c1ccc(O)c(O)c1)C(=O)NCCCCCCCCCCNC(=O)/C(C#N)=C/c1ccc(O)c(O)c1,5.886056647693163
CHEMBL356324,IC50,nM,380.0,IC50,uM,0.38,N#C/C(=C\c1ccc(O)c(O)c1)S(=O)(=O)/C(C#N)=C/c1ccc(O)c(O)c1,6.42021640338319
CHEMBL358494,IC50,nM,4000.0,IC50,uM,4.0,N#C/C(=C\c1ccc(O)c(O)c1)C(=O)N1CCN(C(=O)/C(C#N)=C/c2ccc(O)c(O)c2)CC1,5.3979400086720375
CHEMBL145266,IC50,nM,112000.0,IC50,uM,112.0,COc1cc(/C=C(\C#N)C(=O)NCCCCNC(=O)/C(C#N)=C/c2cc(OC)c(O)c([N+](=O)[O-])c2)cc([N+](=O)[O-])c1O,3.9507819773298185
CHEMBL357400,IC50,nM,102000.0,IC50,uM,102.0,COc1cc(/C=C(\C#N)C(=O)NCCCCNC(=O)/C(C#N)=C/c2cc(Br)c(O)c(OC)c2)cc(Br)c1O,3.9913998282380825
CHEMBL358746,IC50,nM,600.0,IC50,uM,0.6,N#C/C(=C\c1cc(O)c(O)c(O)c1)C(=O)NCCCCNC(=O)/C(C#N)=C/c1cc(O)c(O)c(O)c1,6.221848749616356
CHEMBL144778,IC50,nM,2100.0,IC50,uM,2.1,N#C/C(=C\c1ccc(O)c(O)c1)C(=O)NC1CCCC[C@@H]1NC(=O)/C(C#N)=C/c1ccc(O)c(O)c1,5.6777807052660805
CHEMBL144908,IC50,nM,500.0,IC50,uM,0.5,N#C/C(=C\c1ccc(O)c(O)c1)C(=O)NCCNC(=O)/C(C#N)=C/c1ccc(O)c(O)c1,6.301029995663981
CHEMBL342792,IC50,nM,940.0,IC50,uM,0.94,COc1cc(/C=C(\C#N)S(=O)(=O)/C(C#N)=C/c2cc(O)c(O)c(OC)c2)cc(O)c1O,6.026872146400302
CHEMBL144842,IC50,nM,700.0,IC50,uM,0.7,N#C/C(=C\c1ccc(O)c(O)c1)C(=O)NCCCCCNC(=O)/C(C#N)=C/c1ccc(O)c(O)c1,6.154901959985743
CHEMBL343887,IC50,nM,2200.0,IC50,uM,2.2,N#C/C(=C\c1ccc(O)c(O)c1)C(=O)NCCN1CCN(C(=O)/C(C#N)=C/c2ccc(O)c(O)c2)CC1,5.657577319177793
CHEMBL357161,IC50,nM,1800.0,IC50,uM,1.8,N#C/C(=C\c1ccc(O)c(O)c1)C(=O)NCC1CCCC(CNC(=O)/C(C#N)=C/c2ccc(O)c(O)c2)C1,5.7447274948966935
CHEMBL76432,IC50,nM,68.0,IC50,uM,0.068,c1ccc(-c2cc3ncnc(Nc4ccc5[nH]ccc5c4)c3s2)cc1,7.167491087293763
CHEMBL312818,IC50,nM,5.0,IC50,uM,0.005,c1ccc(CCCN(c2cc3ncnc(Nc4ccc5[nH]ccc5c4)c3s2)n2ccnc2)cc1,8.301029995663981
CHEMBL311111,IC50,nM,1250.0,IC50,uM,1.25,Cc1cc2cc(Nc3ccnc4cc(-c5ccc(CN6CCOCC6)cc5)sc34)ccc2[nH]1,5.903089986991944
CHEMBL53898,IC50,nM,700.0,IC50,uM,0.7,N#C/C(=C\c1ccc(O)c(O)c1)C(=O)NCCCc1ccccc1,6.154901959985743
CHEMBL80540,IC50,nM,3.0,IC50,uM,0.003,c1cc(Nc2ccc3[nH]ccc3c2)c2sc(-c3ccc(CNCCN4CCNCC4)cc3)cc2n1,8.522878745280337
CHEMBL312753,IC50,nM,1.0,IC50,uM,0.001,OCc1ccc(-c2cc3ncnc(Nc4ccc5[nH]ccc5c4)c3s2)cc1,9.0
CHEMBL80809,IC50,nM,5.0,IC50,uM,0.005,CC(=O)NCCNCc1ccc(-c2cc3ncnc(Nc4ccc5[nH]ccc5c4)c3s2)cc1,8.301029995663981
CHEMBL310740,IC50,nM,2.0,IC50,uM,0.002,OCCNCc1ccc(-c2cc3nccc(Nc4ccc5[nH]ccc5c4)c3s2)cc1,8.698970004336019
CHEMBL308498,IC50,nM,1.0,IC50,uM,0.001,CC(C)(CO)NCc1ccc(-c2cc3ncnc(Nc4ccc5[nH]ccc5c4)c3s2)cc1,9.0
CHEMBL78018,IC50,nM,4.0,IC50,uM,0.004,NCc1ccc(-c2cc3ncnc(Nc4ccc5[nH]ccc5c4)c3s2)cc1,8.397940008672037
CHEMBL327725,IC50,nM,44000.0,IC50,uM,44.0,CC(O)C(/N=C1/C=C(O)/C(=N\C(C(=O)O)C(C)O)C=C1O)C(=O)O,4.356547323513812
CHEMBL421326,IC50,nM,4.0,IC50,uM,0.004,OCCOCCNCc1ccc(-c2cc3nccc(Nc4ccc5[nH]ccc5c4)c3s2)cc1,8.397940008672037
CHEMBL79060,IC50,nM,250.0,IC50,uM,0.25,Cc1cc2cc(Nc3ccnc4cc(-c5ccc(CNCCN6CCNCC6)cc5)sc34)ccc2[nH]1,6.6020599913279625
CHEMBL440298,IC50,nM,5000.0,IC50,uM,5.0,N#C/C(=C\c1ccc(O)c(O)c1)C(=O)NCCCCc1ccccc1,5.301029995663981
CHEMBL56731,IC50,nM,1250.0,IC50,uM,1.25,N#C/C(=C\c1ccc(O)c(O)c1)C(=O)Nc1ccccc1,5.903089986991944
CHEMBL56543,IC50,nM,100.0,IC50,uM,0.1,N#C/C(=C\c1ccc(O)c(O)c1)C(=O)NCc1ccccc1,7.0
CHEMBL79206,IC50,nM,3.0,IC50,uM,0.003,CN(CCO)Cc1ccc(-c2cc3nccc(Nc4ccc5[nH]ccc5c4)c3s2)cc1,8.522878745280337
CHEMBL76751,IC50,nM,1.0,IC50,uM,0.001,c1csc(-c2cc3ncnc(Nc4ccc5[nH]ccc5c4)c3s2)c1,9.0
CHEMBL311109,IC50,nM,7.0,IC50,uM,0.007,NC(=O)C1CCN(Cc2ccc(-c3cc4ncnc(Nc5ccc6[nH]ccc6c5)c4s3)cc2)CC1,8.154901959985743
CHEMBL47660,IC50,nM,10000.0,IC50,uM,10.0,N#C/C(=C\c1cc(O)ccc1O)C(N)=O,5.0
CHEMBL312482,IC50,nM,30.0,IC50,uM,0.03,c1cc(Nc2ccc3[nH]ccc3c2)c2sc(-c3ccc(CN4CCOCC4)cc3)cc2n1,7.522878745280337
CHEMBL79215,IC50,nM,1.0,IC50,uM,0.001,c1ccc(NCCN(c2cc3ncnc(Nc4ccc5[nH]ccc5c4)c3s2)n2cccc2)cc1,9.0
CHEMBL431977,IC50,nM,1.0,IC50,uM,0.001,NC(=O)C1CCN(Cc2ccc(-c3cc4nccc(Nc5ccc6[nH]ccc6c5)c4s3)cc2)CC1,9.0
CHEMBL81712,IC50,nM,9.0,IC50,uM,0.009,O=C(c1ccccc1)c1cc2ncnc(Nc3ccc4[nH]ccc4c3)c2s1,8.045757490560675
CHEMBL310853,IC50,nM,1.0,IC50,uM,0.001,c1csc(-c2cc3nccc(Nc4ccc5[nH]ccc5c4)c3s2)c1,9.0
CHEMBL80302,IC50,nM,100.0,IC50,uM,0.1,Cc1cc2cc(Nc3ncnc4cc(-c5ccccc5)sc34)ccc2[nH]1,7.0
CHEMBL310827,IC50,nM,5.0,IC50,uM,0.005,Cc1c[nH]c2ccc(Nc3ncnc4cc(-c5ccccc5)sc34)cc12,8.301029995663981
CHEMBL81375,IC50,nM,140.0,IC50,uM,0.14,Cc1cc2cc(Nc3ccnc4cc(-c5ccc(CN(C)CCO)cc5)sc34)ccc2[nH]1,6.853871964321762
CHEMBL77342,IC50,nM,657.0,IC50,uM,0.657,Cc1cc2cc(Nc3ccnc4cc(-c5ccc(CNCCOCCO)cc5)sc34)ccc2[nH]1,6.182434630440219
CHEMBL77782,IC50,nM,5.0,IC50,uM,0.005,CN(C)CCc1ccc(-c2cc3ncnc(Nc4ccc5[nH]ccc5c4)c3s2)cc1,8.301029995663981
CHEMBL78700,IC50,nM,500.0,IC50,uM,0.5,Cc1cc2cc(Nc3ccnc4cc(-c5ccc(CNCCCO)cc5)sc34)ccc2[nH]1,6.301029995663981
CHEMBL306732,IC50,nM,94.0,IC50,uM,0.094,CN(C)c1ccc(Nc2ncnc3cc(-c4ccccc4)sc23)cc1,7.026872146400302
CHEMBL418909,IC50,nM,2.0,IC50,uM,0.002,CC(=O)NCCNCc1ccc(-c2cc3nccc(Nc4ccc5[nH]ccc5c4)c3s2)cc1,8.698970004336019
CHEMBL78685,IC50,nM,1600.0,IC50,uM,1.6,c1ccc(-c2cc3ncnc(Nc4ccc5[nH]ncc5c4)c3s2)cc1,5.795880017344075
CHEMBL77452,IC50,nM,9.0,IC50,uM,0.009,OCCCNCc1ccc(-c2cc3nccc(Nc4ccc5[nH]ccc5c4)c3s2)cc1,8.045757490560675
CHEMBL46946,IC50,nM,7000.0,IC50,uM,7.0,O=CN/C=C/c1ccc(O)c(O)c1,5.154901959985743
CHEMBL442749,IC50,nM,600.0,IC50,uM,0.6,c1nc(Nc2ccc3[nH]ccc3c2)c2sccc2n1,6.221848749616356
CHEMBL80164,IC50,nM,1000.0,IC50,uM,1.0,Cc1cc2cc(Nc3ccnc4cc(-c5ccc(CNCCO)cc5)sc34)ccc2[nH]1,6.0
CHEMBL174634,IC50,nM,2650.0,IC50,uM,2.65,Cc1ccccc1-c1cn(-c2ccccc2)c2ncnc(N)c12,5.576754126063192
CHEMBL429057,IC50,nM,1100.0,IC50,uM,1.1,Nc1ncnc2c1c(-c1ccccc1)cn2-c1ccccc1CO,5.958607314841775
CHEMBL176702,IC50,nM,3400.0,IC50,uM,3.4,Nc1ncnc2c1c(-c1ccccc1)cn2-c1cccc(CNCCO)c1,5.468521082957745
CHEMBL161956,IC50,nM,0.22,IC50,nM,0.22,CN(CCO)c1cc2c(Nc3cccc(Br)c3)ncnc2cn1,9.657577319177793
CHEMBL367442,IC50,nM,700.0,IC50,uM,0.7,Nc1ncnc2c1c(-c1ccccc1)cn2-c1ccc(CO)cc1,6.154901959985743
CHEMBL351629,IC50,nM,0.44,IC50,nM,0.44,CN(CC(=O)O)c1cc2c(Nc3cccc(Br)c3)ncnc2cn1,9.356547323513812
CHEMBL165731,IC50,nM,1.5,IC50,nM,1.5,Cc1cccc(Nc2ncnc3cnc(NCCN4CCOCC4)cc23)c1,8.823908740944319
CHEMBL53711,IC50,nM,0.006,IC50,nM,0.006,CN(C)c1cc2c(Nc3cccc(Br)c3)ncnc2cn1,11.221848749616356
CHEMBL165228,IC50,nM,117.0,IC50,nM,117.0,Cc1nc(Nc2cccc(Br)c2)c2cc(NCCN3CCOCC3)ncc2n1,6.931814138253839
CHEMBL176705,IC50,nM,350.0,IC50,uM,0.35,COc1ccc(-c2cn(-c3ccccc3)c3ncnc(N)c23)cc1,6.455931955649724
CHEMBL176470,IC50,nM,6400.0,IC50,uM,6.4,Nc1ncnc2c1c(-c1ccccc1)cn2-c1ccccc1CNCCO,5.1938200260161125
CHEMBL166255,IC50,nM,1.7,IC50,nM,1.7,CN(CCO)CCNc1cc2c(Nc3cccc(Br)c3)ncnc2cn1,8.769551078621726
CHEMBL165630,IC50,nM,0.93,IC50,nM,0.93,OCCN(CCO)CCNc1cc2c(Nc3cccc(Br)c3)ncnc2cn1,9.031517051446064
CHEMBL176309,IC50,nM,700.0,IC50,uM,0.7,Nc1ncnc2c1c(-c1cccc(Cl)c1)cn2-c1ccccc1,6.154901959985743
CHEMBL165495,IC50,nM,3.1,IC50,nM,3.1,Cc1cccc(Nc2ncnc3cnc(N)cc23)c1,8.508638306165727
CHEMBL163369,IC50,nM,0.35,IC50,nM,0.35,OCCN(CCO)CCCNc1cc2c(Nc3cccc(Br)c3)ncnc2cn1,9.455931955649724
CHEMBL369014,IC50,nM,1300.0,IC50,uM,1.3,CCOC(=O)c1ccc(-c2cn(-c3ccccc3)c3ncnc(N)c23)cc1,5.886056647693163
CHEMBL13629,IC50,nM,10000.0,IC50,uM,10.0,CCN(CC)CCNC(=O)c1c(C)[nH]c(/C=C2\C(=O)Nc3ccc(Br)cc32)c1C,5.0
CHEMBL166307,IC50,nM,3.9,IC50,nM,3.9,CN1CCN(NCCCNc2cc3c(Nc4cccc(Br)c4)ncnc3cn2)CC1,8.4089353929735
CHEMBL162223,IC50,nM,1.2,IC50,nM,1.2,Brc1cccc(Nc2ncnc3cnc(NCCc4ccccn4)cc23)c1,8.920818753952375
CHEMBL172973,IC50,nM,500.0,IC50,uM,0.5,COc1cccc(-c2cn(-c3ccccc3)c3ncnc(N)c23)c1,6.301029995663981
CHEMBL173453,IC50,nM,1400.0,IC50,uM,1.4,Nc1ncnc2c1c(-c1ccccc1)cn2-c1ccc(CNCCO)cc1,5.853871964321762
CHEMBL162719,IC50,nM,6.4,IC50,nM,6.4,CN1CCN(c2cc3c(Nc4cccc(Br)c4)ncnc3cn2)CC1,8.193820026016112
CHEMBL162821,IC50,nM,0.45,IC50,nM,0.45,CNc1cc2c(Nc3cccc(C)c3)ncnc2cn1,9.346787486224656
CHEMBL105436,IC50,nM,300.0,IC50,uM,0.3,COc1cccc(-c2cn(-c3ccc(CCN(C)CCO)cc3)c3ncnc(N)c23)c1,6.522878745280337
CHEMBL162053,IC50,nM,8.1,IC50,nM,8.1,CN(C)CCN(C)c1cc2c(Nc3cccc(Br)c3)ncnc2cn1,8.09151498112135
CHEMBL165574,IC50,nM,1.0,IC50,nM,1.0,Brc1cccc(Nc2ncnc3cnc(NCCCN4CCOCC4)cc23)c1,9.0
CHEMBL53940,IC50,nM,9.0,IC50,nM,9.0,CNc1cc2c(Nc3ccccc3)ncnc2cn1,8.045757490560675
CHEMBL165788,IC50,nM,1.1,IC50,nM,1.1,CNc1cc2c(Nc3cccc(C(F)(F)F)c3)ncnc2cn1,8.958607314841775
CHEMBL166093,IC50,nM,0.18,IC50,nM,0.18,OCC(O)CNc1cc2c(Nc3cccc(Br)c3)ncnc2cn1,9.744727494896694
CHEMBL349070,IC50,nM,1.8,IC50,nM,1.8,CN(C)CCCCNc1cc2c(Nc3cccc(Br)c3)ncnc2cn1,8.744727494896694
CHEMBL175409,IC50,nM,800.0,IC50,uM,0.8,COc1cccc(-c2cn(-c3ccc(CC(=O)NCCO)cc3)c3ncnc(N)c23)c1,6.096910013008056
CHEMBL22978,IC50,nM,797.0,IC50,uM,0.797,CN1CCC(O)(c2nc(-c3ccc(F)cc3)c(-c3ccncc3)o2)CC1,6.098541678603888
CHEMBL162142,IC50,nM,0.78,IC50,nM,0.78,Brc1cccc(Nc2ncnc3cnc(NCCc4c[nH]cn4)cc23)c1,9.10790539730952
CHEMBL165508,IC50,nM,1.5,IC50,nM,1.5,Brc1cccc(Nc2ncnc3cnc(NCc4cccnc4)cc23)c1,8.823908740944319
CHEMBL165547,IC50,nM,0.56,IC50,nM,0.56,CN(CC(O)CO)c1cc2c(Nc3cccc(Br)c3)ncnc2cn1,9.2518119729938
CHEMBL165864,IC50,nM,0.19,IC50,nM,0.19,OCCNc1cc2c(Nc3cccc(Br)c3)ncnc2cn1,9.721246399047171
CHEMBL161895,IC50,nM,1.3,IC50,nM,1.3,Cc1cccc(Nc2ncnc3cnc(NCCc4c[nH]cn4)cc23)c1,8.886056647693163
CHEMBL433520,IC50,nM,4.6,IC50,nM,4.6,CCN(CC)CC(O)CNc1cc2c(Nc3cccc(Br)c3)ncnc2cn1,8.337242168318426
CHEMBL176815,IC50,nM,800.0,IC50,uM,0.8,COc1cccc(-c2cn(-c3cccc(CO)c3)c3ncnc(N)c23)c1,6.096910013008056
CHEMBL424375,IC50,nM,300.0,IC50,uM,0.3,COc1cccc(-c2cn(-c3ccc(CNCCO)cc3)c3ncnc(N)c23)c1,6.522878745280337
CHEMBL366831,IC50,nM,31000.0,IC50,uM,31.0,CNc1ncnc2c1c(-c1ccccc1)cn2-c1ccccc1,4.508638306165727
CHEMBL173478,IC50,nM,600.0,IC50,uM,0.6,Nc1ncnc2c1c(-c1ccccc1)cn2-c1cccc(CO)c1,6.221848749616356
CHEMBL355816,IC50,nM,0.28,IC50,nM,0.28,O=C(O)CNc1cc2c(Nc3cccc(Br)c3)ncnc2cn1,9.55284196865778
CHEMBL166154,IC50,nM,0.19,IC50,nM,0.19,CNc1cc2c(Nc3cccc(Cl)c3)ncnc2cn1,9.721246399047171
CHEMBL163188,IC50,nM,2.8,IC50,nM,2.8,Cc1cccc(Nc2ncnc3cnc(N(C)C)cc23)c1,8.55284196865778
CHEMBL163168,IC50,nM,27.0,IC50,nM,27.0,O=C(O)CCNc1cc2c(Nc3cccc(Br)c3)ncnc2cn1,7.568636235841013
CHEMBL169757,IC50,nM,500.0,IC50,uM,0.5,Nc1ncnc2c1c(-c1ccccc1)cn2-c1ccccc1,6.301029995663981
CHEMBL162508,IC50,nM,1.8,IC50,nM,1.8,Cc1cccc(Nc2ncnc3cnc(NCCCN4CCOCC4)cc23)c1,8.744727494896694
CHEMBL166358,IC50,nM,1.2,IC50,nM,1.2,CN(C)CCCNc1cc2c(Nc3cccc(Br)c3)ncnc2cn1,8.920818753952375
CHEMBL162981,IC50,nM,1.7,IC50,nM,1.7,Brc1cccc(Nc2ncnc3cnc(NCCCn4ccnc4)cc23)c1,8.769551078621726
CHEMBL51853,IC50,nM,0.13,IC50,nM,0.13,Nc1cc2c(Nc3cccc(Br)c3)ncnc2cn1,9.886056647693163
CHEMBL162034,IC50,nM,1.1,IC50,nM,1.1,CN(C)CCNc1cc2c(Nc3cccc(Br)c3)ncnc2cn1,8.958607314841775
CHEMBL162622,IC50,nM,0.65,IC50,nM,0.65,Brc1cccc(Nc2ncnc3cnc(NCCN4CCOCC4)cc23)c1,9.187086643357144
CHEMBL333454,IC50,nM,8700.0,IC50,uM,8.7,COc1cc(/C=C(\C#N)C(N)=O)cc(CSc2ccc(C)cc2)c1O,5.060480747381382
CHEMBL119923,IC50,nM,14800.0,IC50,uM,14.8,COc1cc(/C=C(\C#N)C(N)=O)cc(CSCc2ccc(Cl)cc2)c1O,4.8297382846050425
CHEMBL76958,IC50,nM,1000.0,IC50,uM,1.0,O=C(O)c1ccc(S(=O)(=O)Oc2ccc(/C=C/[N+](=O)[O-])cc2)cc1,6.0
CHEMBL419047,IC50,nM,2500.0,IC50,uM,2.5,COc1cc(/C=C(\C#N)C(N)=O)cc(CSc2ccc(O)cc2)c1O,5.6020599913279625
CHEMBL333553,IC50,nM,6500.0,IC50,uM,6.5,N#C/C(=C\c1cc(O)c(O)c(CSc2nc3ccccc3s2)c1)C(N)=O,5.187086643357144
CHEMBL120564,IC50,nM,2600000.0,IC50,uM,2600.0,COc1cc(C=C(C#N)C#N)cc(C)c1O,2.585026652029182
CHEMBL309075,IC50,nM,5400.0,IC50,uM,5.4,NCCNC(=O)c1ccc(S(=O)(=O)Oc2ccc(/C=C/[N+](=O)[O-])cc2)cc1,5.267606240177032
CHEMBL424625,IC50,nM,125000.0,IC50,uM,125.0,COc1cc(/C=C(\C#N)C(N)=O)cc(CSCCC(=O)O)c1O,3.9030899869919438
CHEMBL116547,IC50,nM,750.0,IC50,uM,0.75,COc1cc(/C=C(\C#N)C(=O)c2ccc(O)c(O)c2)cc(CSCc2ccccc2)c1O,6.1249387366083
CHEMBL118205,IC50,nM,12500.0,IC50,uM,12.5,COc1cc(/C=C(\C#N)C(N)=O)cc(CSc2nc3ccccc3o2)c1O,4.903089986991944
CHEMBL324030,IC50,nM,16300.0,IC50,uM,16.3,COc1cc(/C=C(\C#N)C(N)=O)cc(CSC2=NCCS2)c1O,4.787812395596042
CHEMBL119156,IC50,nM,25000.0,IC50,uM,25.0,COc1cc(/C=C(\C#N)C(N)=O)cc(CSc2ccccn2)c1O,4.6020599913279625
CHEMBL432428,IC50,nM,940.0,IC50,uM,0.94,N#C/C(=C\c1cc(O)c(O)c(CSCc2ccccc2)c1)C(N)=O,6.026872146400302
CHEMBL326318,IC50,nM,1950.0,IC50,uM,1.95,COc1cc(/C=C(\C#N)C(N)=O)cc(CSCc2ccccc2)c1O,5.709965388637482
CHEMBL477,IC50,nM,195000.0,IC50,uM,195.0,Nc1ncnc2c1ncn2[C@@H]1O[C@H](CO)[C@@H](O)[C@H]1O,3.709965388637482
CHEMBL449093,IC50,nM,54.0,IC50,uM,0.054,O=C(O)c1ccc(S(=O)(=O)Oc2ccc(/C=C/[N+](=O)[O-])cc2)cc1O,7.267606240177032
CHEMBL78280,IC50,nM,4000.0,IC50,uM,4.0,CNC(=O)c1ccc(S(=O)(=O)Oc2ccc(/C=C(\C)[N+](=O)[O-])cc2OC)cc1,5.3979400086720375
CHEMBL122522,IC50,nM,370000.0,IC50,uM,370.0,COc1cc(C=C(C#N)C#N)cc(CSc2ccccc2)c1O,3.431798275933005
CHEMBL78224,IC50,nM,8800.0,IC50,uM,8.8,O=[N+]([O-])/C=C/c1ccc(O)c(O)c1,5.055517327849832
CHEMBL119987,IC50,nM,37000.0,IC50,uM,37.0,COc1cc(/C=C(\C#N)C(N)=O)cc(CSc2ccccc2C(=O)O)c1O,4.431798275933005
CHEMBL326044,IC50,nM,60000.0,IC50,uM,60.0,COc1cc(/C=C(\C#N)C(N)=O)cc(CSCCCC(=O)O)c1O,4.221848749616356
CHEMBL116595,IC50,nM,2900.0,IC50,uM,2.9,COc1cc(/C=C(\C#N)C(N)=O)cc(CSc2ccccc2)c1O,5.5376020021010435
CHEMBL118321,IC50,nM,36000.0,IC50,uM,36.0,COc1cc(C=C(C#N)C#N)cc(CSc2ccccc2C(=O)O)c1O,4.443697499232712
CHEMBL309016,IC50,nM,7900.0,IC50,uM,7.9,COc1cc(/C=C/[N+](=O)[O-])ccc1O,5.102372908709558
CHEMBL77397,IC50,nM,2500.0,IC50,uM,2.5,COc1cc(/C=C(\C)[N+](=O)[O-])ccc1OS(=O)(=O)c1ccc(C(=O)O)cc1,5.6020599913279625
CHEMBL418906,IC50,nM,1400.0,IC50,uM,1.4,CC(C)(C)OC(=O)NCCNC(=O)c1ccc(S(=O)(=O)Oc2ccc(/C=C/[N+](=O)[O-])cc2)cc1,5.853871964321762
CHEMBL78049,IC50,nM,9400.0,IC50,uM,9.4,C/C(=C\c1ccc(O)c(O)c1)[N+](=O)[O-],5.026872146400302
CHEMBL309392,IC50,nM,17000.0,IC50,uM,17.0,C[C@@H](NC(=O)c1ccc(S(=O)(=O)Oc2ccc(/C=C/[N+](=O)[O-])cc2)cc1)C(=O)N[C@H](C)C(=O)NCCN,4.769551078621726
CHEMBL334032,IC50,nM,85000.0,IC50,uM,85.0,COc1cc(C=C(C#N)C#N)cc(CS(=O)(=O)c2ccc(C)cc2)c1O,4.070581074285707
CHEMBL505705,IC50,nM,600.0,IC50,uM,0.6,Nc1ncnc2c1ncn2[C@@H]1O[C@H](COC(=O)c2ccc(S(=O)(=O)Oc3ccc(/C=C/[N+](=O)[O-])cc3)cc2)[C@@H](O)[C@H]1O,6.221848749616356
CHEMBL115519,IC50,nM,4400.0,IC50,uM,4.4,COc1cc(/C=C(\C#N)C(N)=O)cc(CSc2nc3cc(Cl)ccc3s2)c1O,5.356547323513812
CHEMBL330879,IC50,nM,6600.0,IC50,uM,6.6,COc1cc(/C=C(\C#N)C(N)=O)cc(CSc2ccc3ccccc3c2)c1O,5.180456064458132
CHEMBL76929,IC50,nM,1800.0,IC50,uM,1.8,COC(=O)c1ccc(S(=O)(=O)Oc2ccc(/C=C/[N+](=O)[O-])cc2)cc1O,5.7447274948966935
CHEMBL311133,IC50,nM,7000.0,IC50,uM,7.0,C[C@@H](NC(=O)[C@@H](C)NC(=O)c1ccc(S(=O)(=O)Oc2ccc(/C=C/[N+](=O)[O-])cc2)cc1)C(=O)O,5.154901959985743
CHEMBL118109,IC50,nM,18600.0,IC50,uM,18.6,COc1cc(/C=C(\C#N)C(N)=O)cc(CSc2nc3ccccc3s2)c1O,4.730487055782084
CHEMBL418907,IC50,nM,2800.0,IC50,uM,2.8,COc1cc(/C=C/[N+](=O)[O-])ccc1OS(=O)(=O)c1ccc(C(=O)O)cc1,5.552841968657781
CHEMBL77401,IC50,nM,1500.0,IC50,uM,1.5,COC(=O)c1ccc(S(=O)(=O)Oc2ccc(/C=C/[N+](=O)[O-])cc2)cc1,5.823908740944319
CHEMBL77100,IC50,nM,4800.0,IC50,uM,4.8,CCCCNC(=O)c1ccc(S(=O)(=O)Oc2ccc(/C=C/[N+](=O)[O-])cc2)cc1,5.318758762624412
CHEMBL307481,IC50,nM,10100.0,IC50,uM,10.1,O=[N+]([O-])/C=C/c1ccc(O)cc1,4.995678626217358
CHEMBL78206,IC50,nM,1300.0,IC50,uM,1.3,CC(C)(C)NC(=O)c1ccc(S(=O)(=O)Oc2ccc(/C=C/[N+](=O)[O-])cc2)cc1,5.886056647693163
CHEMBL453502,IC50,nM,500.0,IC50,uM,0.5,COc1cc(/C=C/[N+](=O)[O-])ccc1OS(=O)(=O)c1ccc(C(=O)OC[C@H]2O[C@@H](n3cnc4c(N)ncnc43)[C@H](O)[C@@H]2O)cc1,6.301029995663981
CHEMBL115895,IC50,nM,5600.0,IC50,uM,5.6,COc1cc(/C=C(\C#N)C(N)=O)cc(CSc2ccccc2NC(C)=O)c1O,5.251811972993799
CHEMBL331026,IC50,nM,75000.0,IC50,uM,75.0,COc1cc(/C=C(\C#N)C(N)=O)cc(CSc2nc3ccccc3[nH]2)c1O,4.1249387366083
CHEMBL116423,IC50,nM,5600.0,IC50,uM,5.6,Cc1cc(C=C(C#N)C#N)cc(O)c1O,5.251811972993799
CHEMBL326100,IC50,nM,2500.0,IC50,uM,2.5,COc1cc(/C=C(\C#N)C(N)=O)cc(CSCc2ccccc2Cl)c1O,5.6020599913279625
CHEMBL120719,IC50,nM,96000.0,IC50,uM,96.0,COc1cc(C=C(C#N)C#N)cc(CSCC(=O)O)c1O,4.017728766960432
CHEMBL74432,IC50,nM,400.0,IC50,uM,0.4,CNC(=O)c1ccc(S(=O)(=O)Oc2ccc(/C=C/[N+](=O)[O-])cc2)cc1,6.3979400086720375
CHEMBL77688,IC50,nM,310.0,IC50,uM,0.31,O=C(O)c1ccc(S(=O)(=O)Oc2ccc(/C=C/[N+](=O)[O-])cc2)c(O)c1,6.508638306165727
CHEMBL312451,IC50,nM,40000.0,IC50,uM,40.0,C[C@@H](NC(=O)c1ccc(S(=O)(=O)Oc2ccc(/C=C/[N+](=O)[O-])cc2)cc1)C(=O)N[C@H](C)C(=O)OC(C)(C)C,4.3979400086720375
CHEMBL286343,IC50,nM,3.0,IC50,nM,3.0,C=CC(=O)Nc1cc2c(Nc3cccc(Br)c3)ncnc2cc1OCCCn1ccnc1,8.522878745280337
CHEMBL27685,IC50,nM,1.8,IC50,nM,1.8,C=CC(=O)Nc1cc2c(Nc3ccc(F)c(Br)c3)ncnc2cc1OCCCN1CCOCC1,8.744727494896694
CHEMBL31630,IC50,nM,20.0,IC50,nM,20.0,C=CC(=O)N(C)c1nc2c(Nc3ccc(F)c(Cl)c3)ncnc2cc1OCCCN1CCOCC1,7.698970004336019
CHEMBL27688,IC50,nM,1.5,IC50,nM,1.5,C=CC(=O)Nc1cc2c(Nc3cccc(C)c3)ncnc2cc1OCCCN1CCOCC1,8.823908740944319
CHEMBL31373,IC50,nM,0.75,IC50,nM,0.75,C=CC(=O)Nc1ccc2ncnc(Nc3ccc(F)c(Cl)c3)c2c1,9.1249387366083
CHEMBL31816,IC50,nM,0.95,IC50,nM,0.95,C=CC(=O)Nc1nc2c(Nc3ccc(F)c(Cl)c3)ncnc2cc1OC,9.022276394711152
CHEMBL417478,IC50,nM,0.16,IC50,nM,0.16,C=CC(=O)Nc1nc2c(Nc3ccc(F)c(Cl)c3)ncnc2cc1/C=C/CCN1CCOCC1,9.795880017344075
CHEMBL32844,IC50,nM,1.7,IC50,nM,1.7,C=CC(=O)Nc1cc2c(Nc3cccc(Br)c3)ncnc2cc1OCCCN1CCN(C)CC1,8.769551078621726
CHEMBL31588,IC50,nM,3.9,IC50,nM,3.9,C=CC(=O)Nc1cc2c(Nc3cccc(Br)c3)ncnc2cc1OCCCCN(C)C,8.4089353929735
CHEMBL31656,IC50,nM,1.5,IC50,nM,1.5,C=CC(=O)Nc1nc2c(Nc3ccc(F)c(Cl)c3)ncnc2cc1OCCCN1CCOCC1,8.823908740944319
CHEMBL31419,IC50,nM,3.6,IC50,nM,3.6,C=CC(=O)Nc1cc2c(Nc3cccc(Br)c3)ncnc2cc1OCCCN1CCOCC1,8.443697499232712
CHEMBL31326,IC50,nM,0.78,IC50,nM,0.78,C=CC(=O)Nc1cc2c(Nc3cccc(Br)c3)ncnc2cc1SCCCN(CC)CC,9.10790539730952
CHEMBL31815,IC50,nM,0.42,IC50,nM,0.42,C=CC(=O)Nc1ccc2ncnc(Nc3cccc(C)c3)c2c1,9.3767507096021
CHEMBL280757,IC50,nM,0.69,IC50,nM,0.69,C=CC(=O)Nc1ccc2ncnc(Nc3ccc(F)c(Br)c3)c2c1,9.161150909262744
CHEMBL28418,IC50,nM,0.75,IC50,nM,0.75,C=CC(=O)Nc1ccc2ncnc(Nc3ccc(F)c(Cl)c3)c2n1,9.1249387366083
CHEMBL281543,IC50,nM,2.7,IC50,nM,2.7,C=CC(=O)Nc1nc2c(Nc3ccc(F)c(Cl)c3)ncnc2cc1CCCCN1CCOCC1,8.568636235841012
CHEMBL284326,IC50,nM,6.6,IC50,nM,6.6,C=CC(=O)Nc1nc2c(Nc3ccc(F)c(Cl)c3)ncnc2cc1OCCCN1CCN(C)CC1,8.18045606445813
CHEMBL32079,IC50,nM,1.7,IC50,nM,1.7,C=CC(=O)Nc1cc2c(Nc3ccc(F)c(Cl)c3)ncnc2cc1OCCOCCCCO,8.769551078621726
CHEMBL31622,IC50,nM,2.0,IC50,nM,2.0,C=CC(=O)Nc1cc2c(Nc3cccc(C)c3)ncnc2cc1OCCCN1CCN(C)CC1,8.698970004336019
CHEMBL31570,IC50,nM,0.97,IC50,nM,0.97,C=CC(=O)Nc1nc2c(Nc3ccc(F)c(Cl)c3)ncnc2cc1OCCOC,9.013228265733755
CHEMBL283201,IC50,nM,45.0,IC50,nM,45.0,C=CC(=O)Nc1ccc2ncnc(Nc3ccc(CN(C)C)c(Br)c3)c2c1,7.346787486224656
CHEMBL31369,IC50,nM,27.0,IC50,nM,27.0,C=CC(=O)Nc1ccc2ncnc(Nc3ccc(OCCN(C)C)c(Br)c3)c2c1,7.568636235841013
CHEMBL299763,IC50,nM,50000.0,IC50,uM,50.0,COc1cc(OC)cc(-c2cc3cnc(N)nc3nc2NC(=O)NC(C)(C)C)c1,4.301029995663981
CHEMBL160566,IC50,nM,6900.0,IC50,uM,6.9,Cn1c(SSc2c(C#N)c3ccccc3n2C)c(C#N)c2ccccc21,5.161150909262744
CHEMBL85021,IC50,nM,15300.0,IC50,uM,15.3,CC(C)c1cc(/C=C2\C(=O)Nc3ccccc32)cc(C(C)C)c1O,4.815308569182401
CHEMBL329161,IC50,nM,897.0,IC50,nM,897.0,O=[N+]([O-])c1ccc2ncnc(Nc3cccc(Br)c3)c2c1,6.047207556955908
CHEMBL333082,IC50,nM,105.0,IC50,nM,105.0,Nc1cccc2c(Nc3cccc(Br)c3)ncnc12,6.978810700930062
CHEMBL53690,IC50,nM,0.91,IC50,nM,0.91,C=CC(=O)Nc1ccc2ncnc(Nc3cccc(C(F)(F)F)c3)c2c1,9.040958607678906
CHEMBL297968,IC50,nM,1.6,IC50,nM,1.6,C=CC(=O)Nc1ccc2c(Nc3cccc(C)c3)ncnc2c1,8.795880017344075
CHEMBL126192,IC50,nM,2.0,IC50,uM,0.002,CCOc1cc2ncnc(Nc3cccc(-c4nccs4)c3)c2cc1OCC,8.698970004336019
CHEMBL157807,IC50,nM,4700.0,IC50,uM,4.7,Cn1c(SSc2c(C(N)=O)c3ccccc3n2C)c(C(N)=O)c2ccccc21,5.327902142064283
CHEMBL328216,IC50,nM,0.12,IC50,nM,0.12,Nc1cc2ncnc(Nc3cccc(Br)c3)c2cc1N,9.920818753952375
CHEMBL93032,IC50,nM,0.17,IC50,nM,0.17,Oc1cc2ncnc(Nc3cccc(Br)c3)c2cc1O,9.769551078621726
CHEMBL126483,IC50,nM,9300.0,IC50,uM,9.3,CCOc1cc2nc(CC)nc(Nc3cccc(-c4csc(C)n4)c3)c2cc1OCC,5.031517051446065
CHEMBL345641,IC50,nM,100000.0,IC50,uM,100.0,O=C(Nc1ccccc1)c1c(SSc2[nH]c3ccccc3c2C(=O)Nc2ccccc2)[nH]c2ccccc12,4.0
CHEMBL117710,IC50,nM,756.0,IC50,nM,756.0,Brc1cccc(Oc2ncnc3ccccc23)c1,6.121478204498794
CHEMBL119033,IC50,nM,139.0,IC50,nM,139.0,COc1cccc2ncnc(Nc3cccc(Br)c3)c12,6.856985199745905
CHEMBL116308,IC50,nM,355.0,IC50,nM,355.0,O=[N+]([O-])c1cccc2ncnc(Nc3cccc(Br)c3)c12,6.449771646944906
CHEMBL345837,IC50,nM,12000.0,IC50,uM,12.0,Cn1c(SSc2c(C(=O)Nc3cccc(C(=O)O)c3)c3ccccc3n2C)c(C(=O)Nc2cccc(C(=O)O)c2)c2ccccc21,4.920818753952375
CHEMBL346770,IC50,nM,5500.0,IC50,uM,5.5,Cn1c(SSc2c(C(=O)c3ccc(C(=O)O)cc3)c3ccccc3n2C)c(C(=O)c2ccc(C(=O)O)cc2)c2ccccc21,5.259637310505756
CHEMBL116919,IC50,nM,10000.0,IC50,nM,10000.0,COc1ccc(CNc2ncnc3ccccc23)cc1,5.0
CHEMBL340660,IC50,nM,560.0,IC50,uM,0.56,CCOc1cc2ncnc(Nc3cccc(-c4csc(N)n4)c3)c2cc1OCC,6.251811972993799
CHEMBL347161,IC50,nM,16900.0,IC50,uM,16.9,Cn1c(SSc2c(C(=O)Nc3ccc(C(=O)O)cc3)c3ccccc3n2C)c(C(=O)Nc2ccc(C(=O)O)cc2)c2ccccc21,4.772113295386326
CHEMBL330882,IC50,nM,4900.0,IC50,nM,4900.0,COc1cccc2ncnc(NCc3ccccc3)c12,5.309803919971486
CHEMBL326596,IC50,nM,58.0,IC50,nM,58.0,COc1ccc2c(NCc3ccccc3)ncnc2c1,7.236572006437063
CHEMBL333418,IC50,nM,439.0,IC50,nM,439.0,Nc1cccc2ncnc(Nc3cccc(Br)c3)c12,6.357535479757878
CHEMBL347659,IC50,nM,13000.0,IC50,uM,13.0,COC(=O)c1ccc(CNC(=O)c2c(SSc3c(C(=O)NCc4ccc(C(=O)OC)cc4)c4ccccc4n3C)n(C)c3ccccc23)cc1,4.886056647693163
CHEMBL441083,IC50,nM,910.0,IC50,nM,910.0,Cc1cccc(Nc2ncnc3ccccc23)c1,6.040958607678906
CHEMBL430571,IC50,nM,3.6,IC50,nM,3.6,C=CC(=O)Nc1ccc2ncnc(Nc3ccc(OCc4ccccc4)cc3)c2c1,8.443697499232712
CHEMBL52913,IC50,nM,0.25,IC50,nM,0.25,C=CC(=O)Nc1ccc2c(Nc3cccc(Cl)c3)ncnc2c1,9.602059991327963
CHEMBL158797,IC50,nM,43000.0,IC50,uM,43.0,Cn1c(SSc2c(C(=O)NCC(O)CO)c3ccccc3n2C)c(C(=O)NCC(O)CO)c2ccccc21,4.366531544420414
CHEMBL346553,IC50,nM,6100.0,IC50,uM,6.1,COC(=O)c1ccc(C(=O)c2c(SSc3c(C(=O)c4ccc(C(=O)OC)cc4)c4ccccc4n3C)n(C)c3ccccc23)cc1,5.214670164989233
CHEMBL92825,IC50,nM,80.0,IC50,nM,80.0,Ic1cccc(Nc2ncnc3ccccc23)c1,7.096910013008056
CHEMBL52197,IC50,nM,348.0,IC50,nM,348.0,COc1ccc2ncnc(Nc3cccc(Br)c3)c2c1,6.458420756053419
CHEMBL117697,IC50,nM,842.0,IC50,nM,842.0,COc1cccc(Nc2ncnc3ccccc23)c1,6.0746879085003505
CHEMBL94275,IC50,nM,1000.0,IC50,nM,1000.0,O=[N+]([O-])c1ccc2c(Nc3cccc(Br)c3)ncnc2c1,6.0
CHEMBL54091,IC50,nM,0.72,IC50,nM,0.72,C=CC(=O)Nc1cc2c(Nc3ccc(F)c(Br)c3)ncnc2cn1,9.142667503568731
CHEMBL89723,IC50,nM,9500.0,IC50,uM,9.5,CC(C)c1cc(/C=C2\C(=O)Nc3ccc(Cl)cc32)cc(C(C)C)c1O,5.022276394711152
CHEMBL351920,IC50,nM,5600.0,IC50,uM,5.6,CC(=O)c1c(SSc2c(C(C)=O)c3ccccc3n2C)n(C)c2ccccc12,5.251811972993799
CHEMBL333851,IC50,nM,588.0,IC50,nM,588.0,COc1cc2c(NCc3ccccc3)ncnc2cc1O,6.230622673923862
CHEMBL53665,IC50,nM,1.2,IC50,nM,1.2,C=CC(=O)Nc1ccc2ncnc(Nc3ccc(F)c(Br)c3)c2n1,8.920818753952375
CHEMBL126456,IC50,nM,4800.0,IC50,uM,4.8,CCOc1cc2ncnc(Nc3cccc(-c4csc(C)n4)c3)c2cc1OCC,5.318758762624412
CHEMBL87746,IC50,nM,19000.0,IC50,uM,19.0,COc1c(Br)cc(/C=C2\C(=O)Nc3ccccc32)cc1C(C)(C)C,4.721246399047171
CHEMBL93181,IC50,nM,10.0,IC50,nM,10.0,COc1ccc2c(Nc3cccc(Br)c3)ncnc2c1,8.0
CHEMBL278287,IC50,nM,49000.0,IC50,uM,49.0,Cc1ccc(N(C)C(=O)c2ccccc2)cc1Nc1nccc(-c2cccnc2)n1,4.309803919971486
CHEMBL161226,IC50,nM,6100.0,IC50,uM,6.1,CNC(=O)c1c(SSc2[nH]c3ccccc3c2C(=O)NC)[nH]c2ccccc12,5.214670164989233
CHEMBL289787,IC50,nM,974.0,IC50,nM,974.0,COc1cccc2c(Nc3cccc(Br)c3)ncnc12,6.011441043121384
CHEMBL296168,IC50,nM,1.1,IC50,nM,1.1,C=CC(=O)Nc1ccc2ncnc(Nc3cccc(Br)c3)c2n1,8.958607314841775
CHEMBL51741,IC50,nM,0.4,IC50,nM,0.4,C=CC(=O)Nc1ccc2ncnc(N3CCc4ccc(Br)cc43)c2c1,9.397940008672037
CHEMBL277430,IC50,nM,75000.0,IC50,uM,75.0,Cc1ccc(N(C(=O)c2ccccc2)C(=O)c2ccccc2)cc1Nc1nccc(-c2cccnc2)n1,4.1249387366083
CHEMBL325245,IC50,nM,10.0,IC50,nM,10.0,COc1cc2ncnc(NCc3ccccc3)c2cc1OC,8.0
CHEMBL422540,IC50,nM,100000.0,IC50,uM,100.0,c1ccc(-c2c(SSc3[nH]c4ccccc4c3-c3ccccc3)[nH]c3ccccc23)cc1,4.0
CHEMBL435054,IC50,nM,47000.0,IC50,uM,47.0,Cn1c(SSc2c(C(=O)Nc3ccccn3)c3ccccc3n2C)c(C(=O)Nc2ccccn2)c2ccccc21,4.327902142064283
CHEMBL345211,IC50,nM,10000.0,IC50,uM,10.0,Cn1c(SSc2c(C(=O)NCC(=O)O)c3ccccc3n2C)c(C(=O)NCC(=O)O)c2ccccc21,5.0
CHEMBL117804,IC50,nM,4100.0,IC50,nM,4100.0,c1ccc(CCNc2ncnc3ccccc23)cc1,5.3872161432802645
CHEMBL324371,IC50,nM,100000.0,IC50,nM,100000.0,CN(c1ccccc1)c1ncnc2ccccc12,4.0
CHEMBL340862,IC50,nM,11.0,IC50,uM,0.011,CCOc1cc2ncnc(Nc3cccc(-c4cncs4)c3)c2cc1OCC,7.958607314841775
CHEMBL158805,IC50,nM,5300.0,IC50,uM,5.3,Cn1c(SSc2c(C(=O)NCc3ccc(C(=O)O)cc3)c3ccccc3n2C)c(C(=O)NCc2ccc(C(=O)O)cc2)c2ccccc21,5.275724130399211
CHEMBL116748,IC50,nM,5900.0,IC50,nM,5900.0,O=[N+]([O-])c1ccc2c(NCc3ccccc3)ncnc2c1,5.229147988357856
CHEMBL115745,IC50,nM,56.0,IC50,nM,56.0,COc1cc2ncnc(NCc3ccccc3)c2cc1O,7.251811972993799
CHEMBL49986,IC50,nM,0.54,IC50,nM,0.54,C=CC(=O)Nc1cc2ncnc(Nc3cccc(Br)c3)c2cn1,9.267606240177031
CHEMBL48760,IC50,nM,18500.0,IC50,uM,18.5,CC(C)c1ccc(/C=C2/C(=O)Nc3ccccc32)cc1,4.732828271596986
CHEMBL345862,IC50,nM,47000.0,IC50,uM,47.0,Cn1c(SSc2c(C(=O)Nc3ccccc3C(=O)O)c3ccccc3n2C)c(C(=O)Nc2ccccc2C(=O)O)c2ccccc21,4.327902142064283
CHEMBL119708,IC50,nM,8000.0,IC50,nM,8000.0,O=[N+]([O-])c1cccc2ncnc(NCc3ccccc3)c12,5.096910013008056
CHEMBL332938,IC50,nM,200.0,IC50,nM,200.0,COc1ccc2ncnc(NCc3ccccc3)c2c1,6.698970004336019
CHEMBL443523,IC50,nM,0.45,IC50,nM,0.45,C=CC(=O)Nc1ccc2c(Nc3cccc(Br)c3)ncnc2c1,9.346787486224656
CHEMBL125920,IC50,nM,11.0,IC50,uM,0.011,CCOc1cc2ncnc(Nc3cccc(-c4cc[nH]n4)c3)c2cc1OCC,7.958607314841775
CHEMBL89505,IC50,nM,7900.0,IC50,uM,7.9,CC(C)(C)c1cc(/C=C2\C(=O)Nc3ccccc32)cc(C(C)(C)C)c1O,5.102372908709558
CHEMBL65250,IC50,nM,4.0,IC50,nM,4.0,C#Cc1cc(Nc2ncnc3cc(OC)c(OC)cc23)ccc1F,8.397940008672037
CHEMBL347854,IC50,nM,28700.0,IC50,uM,28.7,Cc1ccc(S(=O)(=O)c2c(SSc3[nH]c4ccccc4c3S(=O)(=O)c3ccc(C)cc3)[nH]c3ccccc23)cc1,4.542118103266008
CHEMBL117554,IC50,nM,7000.0,IC50,nM,7000.0,Clc1ccc(CNc2ncnc3ccccc23)cc1,5.154901959985743
CHEMBL102726,IC50,nM,320.0,IC50,nM,320.0,c1ccc(CNc2ncnc3ccccc23)cc1,6.494850021680094
CHEMBL314146,IC50,nM,44000.0,IC50,uM,44.0,CCc1ccc(/C=C2\C(=O)Nc3ccccc32)s1,4.356547323513812
CHEMBL54088,IC50,nM,0.48,IC50,nM,0.48,C=CC(=O)Nc1cc2c(Nc3cccc(C)c3)ncnc2cn1,9.318758762624412
CHEMBL86326,IC50,nM,19300.0,IC50,uM,19.3,COc1ccc(/C=C2\C(=O)Nc3ccc(Cl)cc32)cc1C(C)(C)C,4.714442690992226
CHEMBL160207,IC50,nM,21200.0,IC50,uM,21.2,CN(C)C(=O)c1c(SSc2c(C(=O)N(C)C)c3ccccc3n2C)n(C)c2ccccc12,4.673664139071248
CHEMBL53555,IC50,nM,0.77,IC50,nM,0.77,C=CC(=O)Nc1cc2c(Nc3ccc(F)c(Cl)c3)ncnc2cn1,9.113509274827518
CHEMBL53637,IC50,nM,1.6,IC50,nM,1.6,C=CC(=O)Nc1ccc2ncnc(Nc3cccc(Cl)c3)c2c1,8.795880017344075
CHEMBL125086,IC50,nM,3.0,IC50,uM,0.003,CCOc1cc2ncnc(Nc3cccc(-c4ccco4)c3)c2cc1OCC,8.522878745280337
CHEMBL127223,IC50,nM,18.0,IC50,uM,0.018,CCOc1cc2ncnc(Nc3cccc(-c4cscn4)c3)c2cc1OCC,7.7447274948966935
CHEMBL348554,IC50,nM,17500.0,IC50,uM,17.5,CN(C)CCNC(=O)c1c(SSc2c(C(=O)NCCN(C)C)c3ccccc3n2C)n(C)c2ccccc12,4.756961951313706
CHEMBL127367,IC50,nM,390.0,IC50,uM,0.39,CCOc1cc2ncnc(Nc3cccc(-c4nc[nH]n4)c3)c2cc1OCC,6.4089353929735005
CHEMBL126974,IC50,nM,1100.0,IC50,uM,1.1,CCOc1cc2ncnc(Nc3cccc(-c4cncnc4)c3)c2cc1OCC,5.958607314841775
CHEMBL160935,IC50,nM,7700.0,IC50,uM,7.7,Cn1c(SSc2c(C(=O)c3ccco3)c3ccccc3n2C)c(C(=O)c2ccco2)c2ccccc21,5.113509274827518
CHEMBL128027,IC50,nM,9000.0,IC50,uM,9.0,CCOc1cc2nc(C)nc(Nc3cccc(-c4csc(C)n4)c3)c2cc1OCC,5.045757490560675
CHEMBL347160,IC50,nM,15000.0,IC50,uM,15.0,O=C(NCc1ccccc1)c1c(SSc2[nH]c3ccccc3c2C(=O)NCc2ccccc2)[nH]c2ccccc12,4.823908740944319
CHEMBL53203,IC50,nM,5.8,IC50,nM,5.8,C=CC(=O)Nc1ccc2ncnc(Nc3ccc(Oc4ccccc4)cc3)c2c1,8.236572006437063
CHEMBL158275,IC50,nM,1700.0,IC50,uM,1.7,Cn1c(SSc2c(C(=O)NCc3ccccc3)c3ccccc3n2C)c(C(=O)NCc2ccccc2)c2ccccc21,5.769551078621726
CHEMBL92824,IC50,nM,577.0,IC50,nM,577.0,FC(F)(F)c1cccc(Nc2ncnc3ccccc23)c1,6.238824186844268
CHEMBL126996,IC50,nM,720.0,IC50,uM,0.72,CCOc1cc2ncnc(Nc3cccc(-c4cocn4)c3)c2cc1OCC,6.142667503568732
CHEMBL266182,IC50,nM,180000.0,IC50,uM,180.0,O=C1c2c(c3c4cccc(O)c4n(C4OC(CO)C(O)C(O)C4O)c3c3[nH]c4c(O)cccc4c23)C(=O)N1NCC(O)CO,3.744727494896694
CHEMBL277667,IC50,nM,100000.0,IC50,uM,100.0,CNN1C(=O)c2c(c3c4cccc(O)c4n(C4OC(CO)C(O)C(O)C4O)c3c3[nH]c4c(O)cccc4c23)C1=O,4.0
CHEMBL19978,IC50,nM,95000.0,IC50,uM,95.0,O=C(Nc1ccccc1)NN1C(=O)c2c(c3c4cccc(O)c4n(C4OC(CO)C(O)C(O)C4O)c3c3[nH]c4c(O)cccc4c23)C1=O,4.022276394711152
CHEMBL59099,IC50,nM,45000.0,IC50,uM,45.0,NCCCNC(=O)c1cccc(Nc2nccc(-c3cccnc3)n2)c1,4.346787486224656
CHEMBL279035,IC50,nM,90000.0,IC50,uM,90.0,O=C(O)c1ccc(NN2C(=O)c3c(c4c5cccc(O)c5n(C5OC(CO)C(O)C(O)C5O)c4c4[nH]c5c(O)cccc5c34)C2=O)cc1,4.045757490560675
CHEMBL21096,IC50,nM,59000.0,IC50,uM,59.0,CCCNN1C(=O)c2c(c3c4cccc(O)c4n(C4OC(CO)C(O)C(O)C4O)c3c3[nH]c4c(O)cccc4c23)C1=O,4.229147988357856
CHEMBL279481,IC50,nM,29000.0,IC50,uM,29.0,O=C1NC(=O)c2c1c1c3cccc(O)c3[nH]c1c1[nH]c3c(O)cccc3c21,4.5376020021010435
CHEMBL21108,IC50,nM,90000.0,IC50,uM,90.0,O=C1NC(=O)c2c1c1c3cccc(O)c3[nH]c1c1c2c2cccc(O)c2n1C1OC(CO)C(O)C(O)C1O,4.045757490560675
CHEMBL58436,IC50,nM,7100.0,IC50,uM,7.1,c1cc(Nc2nccc(-c3cccnc3)n2)cc(OCCn2ccnc2)c1,5.1487416512809245
CHEMBL299707,IC50,nM,100000.0,IC50,uM,100.0,COc1ccccc1C(=O)Nc1cccc(Nc2nccc(-c3cccnc3)n2)c1,4.0
CHEMBL55379,IC50,nM,1800.0,IC50,uM,1.8,FC(F)C(F)(F)Oc1cccc(Nc2nccc(-c3c[nH]c4ccccc34)n2)c1,5.7447274948966935
CHEMBL293991,IC50,nM,530.0,IC50,uM,0.53,NCCCn1ccc2c(-c3ccnc(Nc4cccc(OC(F)(F)C(F)F)c4)n3)cccc21,6.275724130399211
CHEMBL20926,IC50,nM,65000.0,IC50,uM,65.0,Cc1ccc(NC(=O)c2ccccc2)cc1Nc1nccc(-c2cccnc2)n1,4.187086643357144
CHEMBL57690,IC50,nM,100000.0,IC50,uM,100.0,c1ccc(Nc2nccc(-c3cccnc3)n2)cc1,4.0
CHEMBL57553,IC50,nM,50000.0,IC50,uM,50.0,Nc1cccc(Nc2nccc(-c3cccnc3)n2)c1,4.301029995663981
CHEMBL56081,IC50,nM,100000.0,IC50,uM,100.0,O=[N+]([O-])c1cccc(Nc2nccc(-c3cccnc3)n2)c1,4.0
CHEMBL49350,IC50,nM,1400.0,IC50,uM,1.4,O=C(NCCc1ccccc1)c1cc2ccc(O)c(O)c2cn1,5.853871964321762
CHEMBL93173,IC50,nM,170.0,IC50,uM,0.17,COc1cc2ncnc(NCc3cccc(C)c3)c2cc1OC,6.769551078621726
CHEMBL90541,IC50,nM,820.0,IC50,uM,0.82,COc1cc2ncnc(Nc3nnc4ccccc4n3)c2cc1OC,6.086186147616283
CHEMBL330323,IC50,nM,200.0,IC50,uM,0.2,COc1cc2ncnc(Nc3nccc4ccccc34)c2cc1OC,6.698970004336019
CHEMBL422066,IC50,nM,430.0,IC50,uM,0.43,COc1cc2ncnc(NNc3ccc(F)c(Cl)c3)c2cc1OC,6.366531544420414
CHEMBL48436,IC50,nM,1400.0,IC50,uM,1.4,O=C(NCc1ccccc1)c1cc2ccc(O)c(O)c2cn1,5.853871964321762
CHEMBL50415,IC50,nM,5600.0,IC50,uM,5.6,O=C(Nc1ccccc1)c1cc2cc(O)c(O)cc2cn1,5.251811972993799
CHEMBL94019,IC50,nM,910.0,IC50,uM,0.91,COc1cc2ncnc(NC3CCc4ccccc43)c2cc1OC,6.040958607678906
CHEMBL93423,IC50,nM,390.0,IC50,uM,0.39,COc1cc2ncnc(NC3CC3c3ccccc3)c2cc1O,6.4089353929735005
CHEMBL296582,IC50,nM,3100.0,IC50,uM,3.1,O=C(NCc1ccccc1)c1cc2cc(O)c(O)cc2cn1,5.508638306165727
CHEMBL48650,IC50,nM,7700.0,IC50,uM,7.7,O=C(Nc1ccccc1)c1cc2ccc(O)c(O)c2cn1,5.113509274827518
CHEMBL91428,IC50,nM,660.0,IC50,uM,0.66,COc1cc2ncnc(Nc3cc4ccccc4cn3)c2cc1OC,6.180456064458132
CHEMBL330668,IC50,nM,780.0,IC50,uM,0.78,COc1cc2ncnc(Nc3cnc4ccccc4n3)c2cc1OC,6.107905397309519
CHEMBL92006,IC50,nM,730.0,IC50,uM,0.73,COc1cc2ncnc(/N=N/c3ccc(F)c(Cl)c3)c2cc1OC,6.136677139879544
CHEMBL329867,IC50,nM,6.4,IC50,uM,0.0064,COc1cc2ncnc(Nc3cncc4ccccc34)c2cc1OC,8.193820026016112
CHEMBL420059,IC50,nM,300.0,IC50,uM,0.3,COc1cc2ncnc(NC3CC3c3ccccc3)c2cc1OCCN1CCOCC1,6.522878745280337
CHEMBL419137,IC50,nM,10.0,IC50,uM,0.01,COc1cc2ncnc(NC3CC3c3ccccc3)c2cc1OC,8.0
CHEMBL91484,IC50,nM,27.0,IC50,uM,0.027,COc1cc2ncnc(NC3CC3c3ccccc3)c2cc1OCCCN(C)C,7.568636235841013
CHEMBL328277,IC50,nM,820.0,IC50,uM,0.82,COc1cc2ncnc(N3CCc4ccccc43)c2cc1OC,6.086186147616283
CHEMBL90540,IC50,nM,84.0,IC50,uM,0.084,COc1cc2ncnc(NC3CC3c3ccccc3)c2cc1OC(C)=O,7.075720713938118
CHEMBL328106,IC50,nM,0.96,IC50,nM,0.96,COc1cc2ncnc(Nc3ccc(Br)cc3)c2cc1OC,9.017728766960431
CHEMBL316064,IC50,nM,0.24,IC50,nM,0.24,COc1cc2ncnc(Nc3cccc(C(F)(F)F)c3)c2cc1OC,9.619788758288394
CHEMBL329183,IC50,nM,6100.0,IC50,nM,6100.0,O=[N+]([O-])c1ccc2c(Nc3cccc(F)c3)ncnc2c1,5.214670164989233
CHEMBL93302,IC50,nM,4.7,IC50,nM,4.7,Oc1ccc2c(Nc3cccc(Br)c3)ncnc2c1,8.327902142064282
CHEMBL418967,IC50,nM,0.17,IC50,nM,0.17,CCCOc1cc2ncnc(Nc3cccc(Br)c3)c2cc1OCCC,9.769551078621726
CHEMBL96627,IC50,nM,1367.0,IC50,nM,1367.0,COc1ccc2ncnc(Nc3cccc(Br)c3)c2c1OC,5.864231485432177
CHEMBL94191,IC50,nM,29.0,IC50,nM,29.0,COc1cc2ncnc(Nc3ccccc3)c2cc1OC,7.5376020021010435
CHEMBL328879,IC50,nM,55.0,IC50,nM,55.0,COc1ccc2ncnc(Nc3ccccc3)c2c1,7.259637310505756
CHEMBL318736,IC50,nM,105.0,IC50,nM,105.0,CCCCOc1cc2ncnc(Nc3cccc(Br)c3)c2cc1OCCCC,6.978810700930062
CHEMBL96780,IC50,nM,3.8,IC50,nM,3.8,COc1cc2ncnc(Nc3cccc(Br)c3)c2cc1N,8.42021640338319
CHEMBL90013,IC50,nM,11.0,IC50,nM,11.0,CN(C)c1ccc2c(Nc3cccc(Br)c3)ncnc2c1,7.958607314841775
CHEMBL433205,IC50,nM,3.3,IC50,nM,3.3,Nc1ccc2c(Nc3cccc(C(F)(F)F)c3)ncnc2c1,8.481486060122112
CHEMBL328244,IC50,nM,574.0,IC50,nM,574.0,Nc1ccc2ncnc(Nc3cccc(C(F)(F)F)c3)c2c1,6.241088107602026
CHEMBL91980,IC50,nM,0.35,IC50,nM,0.35,Nc1ccc2c(Nc3cccc(I)c3)ncnc2c1,9.455931955649724
CHEMBL93051,IC50,nM,15.0,IC50,nM,15.0,Brc1cccc(Nc2ncnc3cc4c(cc23)OCO4)c1,7.823908740944319
CHEMBL93966,IC50,nM,2.0,IC50,nM,2.0,Nc1ccc2c(Nc3cccc(F)c3)ncnc2c1,8.698970004336019
CHEMBL328955,IC50,nM,0.25,IC50,nM,0.25,Nc1ccc2c(Nc3cccc(Cl)c3)ncnc2c1,9.602059991327963
CHEMBL93284,IC50,nM,540.0,IC50,nM,540.0,O=[N+]([O-])c1ccc2c(Nc3cccc(I)c3)ncnc2c1,6.267606240177032
CHEMBL92174,IC50,nM,128.0,IC50,nM,128.0,COc1cc2ncnc(Nc3ccccc3Br)c2cc1OC,6.892790030352131
CHEMBL367625,IC50,nM,5100.0,IC50,uM,5.1,CCn1cnc2c(Nc3cccc(Cl)c3)nc(N[C@@H]3CCCC[C@@H]3N)nc21,5.292429823902063
CHEMBL368278,IC50,nM,5300.0,IC50,uM,5.3,CCn1cnc2c(Nc3cccc(Cl)c3)nc(N[C@H]3CCC[C@@H](N)C3)nc21,5.275724130399211
CHEMBL93461,IC50,nM,40.0,IC50,nM,40.0,CC(=O)Nc1ccc2c(Nc3cccc(Br)c3)ncnc2c1,7.3979400086720375
CHEMBL420254,IC50,nM,12.0,IC50,nM,12.0,CCNc1ccc2c(Nc3cccc(Br)c3)ncnc2c1,7.920818753952375
CHEMBL63469,IC50,nM,6.5,IC50,nM,6.5,Nc1cc2c(Nc3cccc(Br)c3)ncnc2cc1Cl,8.187086643357144
CHEMBL89940,IC50,nM,770.0,IC50,nM,770.0,Nc1ccc2ncnc(Nc3ccccc3)c2c1,6.113509274827518
CHEMBL52015,IC50,nM,84.0,IC50,nM,84.0,CN(C)c1ccc2ncnc(Nc3cccc(Br)c3)c2c1,7.075720713938118
CHEMBL93734,IC50,nM,28.0,IC50,nM,28.0,CC(=O)Nc1cc2ncnc(Nc3cccc(Br)c3)c2cc1[N+](=O)[O-],7.552841968657781
CHEMBL92985,IC50,nM,56.0,IC50,nM,56.0,Fc1cccc(Nc2ncnc3ccccc23)c1,7.251811972993799
CHEMBL330224,IC50,nM,100.0,IC50,nM,100.0,Nc1ccc2c(Nc3ccccc3)ncnc2c1,7.0
CHEMBL66409,IC50,nM,25.0,IC50,nM,25.0,O=[N+]([O-])c1cc2c(Nc3cccc(Br)c3)ncnc2cc1Cl,7.6020599913279625
CHEMBL447230,IC50,nM,152.0,IC50,nM,152.0,COc1cc2ncnc(N(C)c3cccc(Br)c3)c2cc1OC,6.818156412055227
CHEMBL94431,IC50,nM,3.8,IC50,nM,3.8,COc1cc2ncnc(Nc3cccc(F)c3)c2cc1OC,8.42021640338319
CHEMBL328295,IC50,nM,5000.0,IC50,nM,5000.0,O=[N+]([O-])c1ccc2ncnc(Nc3ccccc3)c2c1,5.301029995663981
CHEMBL92936,IC50,nM,68.0,IC50,nM,68.0,CNc1cc2ncnc(Nc3cccc(Br)c3)c2cc1[N+](=O)[O-],7.167491087293763
CHEMBL92937,IC50,nM,0.69,IC50,nM,0.69,CNc1cc2ncnc(Nc3cccc(Br)c3)c2cc1N,9.161150909262744
CHEMBL50344,IC50,nM,4.0,IC50,nM,4.0,CNc1ccc2ncnc(Nc3cccc(Br)c3)c2c1,8.397940008672037
CHEMBL96489,IC50,nM,159.0,IC50,nM,159.0,CN(C)c1cc2ncnc(Nc3cccc(Br)c3)c2cc1N,6.798602875679548
CHEMBL93545,IC50,nM,53.0,IC50,nM,53.0,Nc1cc2ncnc(Nc3cccc(Br)c3)c2cc1[N+](=O)[O-],7.275724130399211
CHEMBL93544,IC50,nM,2000.0,IC50,nM,2000.0,CN(C)c1cc2ncnc(Nc3cccc(Br)c3)c2cc1[N+](=O)[O-],5.698970004336019
CHEMBL93295,IC50,nM,463.0,IC50,nM,463.0,COc1cc2nc(N)nc(Nc3cccc(Br)c3)c2cc1OC,6.334419008982047
CHEMBL96065,IC50,nM,0.89,IC50,nM,0.89,COc1cc2ncnc(Nc3cccc(I)c3)c2cc1OC,9.050609993355087
CHEMBL328691,IC50,nM,12.0,IC50,nM,12.0,COC(=O)Nc1ccc2ncnc(Nc3cccc(Br)c3)c2c1,7.920818753952375
CHEMBL92709,IC50,nM,113.0,IC50,nM,113.0,COc1cc2ncnc(Nc3cc(Br)cc(Br)c3)c2cc1OC,6.94692155651658
CHEMBL65038,IC50,nM,15.0,IC50,nM,15.0,COc1cc2ncnc(Nc3cccc(Br)c3)c2cc1[N+](=O)[O-],7.823908740944319
CHEMBL317925,IC50,nM,0.67,IC50,nM,0.67,COc1cc2ncnc(Nc3cccc(Br)c3)c2c(OC)c1OC,9.173925197299173
CHEMBL92398,IC50,nM,120.0,IC50,nM,120.0,COc1ccc2c(Nc3ccccc3)ncnc2c1,6.920818753952375
CHEMBL91914,IC50,nM,12000.0,IC50,nM,12000.0,O=[N+]([O-])c1ccc2c(Nc3ccccc3)ncnc2c1,4.920818753952375
CHEMBL327307,IC50,nM,0.072,IC50,nM,0.072,COc1cc2ncnc(Nc3ccc(Br)c(Br)c3)c2cc1OC,10.142667503568731
CHEMBL93635,IC50,nM,810.0,IC50,nM,810.0,O=[N+]([O-])c1ccc2c(Nc3cccc(Cl)c3)ncnc2c1,6.0915149811213505
CHEMBL93783,IC50,nM,14.0,IC50,uM,0.014,CN(C/C=C/C(=O)Nc1ccc2ncnc(Nc3cccc(Br)c3)c2c1)CCO,7.853871964321762
CHEMBL177053,IC50,nM,44.0,IC50,nM,44.0,Brc1cccc(Nc2ncnc3cc4ncsc4cc23)c1,7.356547323513812
CHEMBL426580,IC50,nM,0.29,IC50,nM,0.29,Cc1nc2cc3c(Nc4cccc(Br)c4)ncnc3cc2[nH]1,9.537602002101044
CHEMBL92902,IC50,nM,115.0,IC50,uM,0.115,CN1CCC=C(C(=O)Nc2ccc3ncnc(Nc4cccc(Br)c4)c3c2)C1,6.939302159646388
CHEMBL327838,IC50,nM,65.0,IC50,uM,0.065,COCCOCC#CC(=O)Nc1ccc2ncnc(Nc3cccc(Br)c3)c2c1,7.187086643357144
CHEMBL328704,IC50,nM,12.0,IC50,uM,0.012,CCN(CC)CC#CC(=O)Nc1ccc2ncnc(Nc3cccc(Br)c3)c2c1,7.920818753952375
CHEMBL319620,IC50,nM,4000.0,IC50,uM,4.0,O=C(O)c1cc(NCc2cc(O)ccc2O)ccc1O,5.3979400086720375
CHEMBL172652,IC50,nM,4.1,IC50,nM,4.1,Brc1cccc(Nc2ncnc3cc4[nH]nnc4cc23)c1,8.387216143280265
CHEMBL94066,IC50,nM,107.0,IC50,uM,0.107,C=C(CN1CCOCC1)C(=O)Nc1ccc2ncnc(Nc3cccc(Br)c3)c2c1,6.97061622231479
CHEMBL366580,IC50,nM,0.34,IC50,nM,0.34,Brc1cccc(Nc2ncnc3cc4c[nH]nc4cc23)c1,9.468521082957745
CHEMBL329642,IC50,nM,269.0,IC50,uM,0.269,C/C=C\C(=O)Nc1ccc2ncnc(Nc3cccc(Br)c3)c2c1,6.570247719997592
CHEMBL92356,IC50,nM,65.0,IC50,uM,0.065,CCN1CCN(CC#CC(=O)Nc2ccc3ncnc(Nc4cccc(Br)c4)c3c2)CC1,7.187086643357144
CHEMBL94062,IC50,nM,2.0,IC50,uM,0.002,O=C(C#CCO)Nc1ccc2ncnc(Nc3cccc(Br)c3)c2c1,8.698970004336019
CHEMBL123046,IC50,nM,41900.0,IC50,uM,41.9,Oc1ccc(NCc2cc(O)ccc2O)cc1,4.377785977033705
CHEMBL93784,IC50,nM,65.0,IC50,uM,0.065,COCC1CCCN1CC#CC(=O)Nc1ccc2ncnc(Nc3cccc(Br)c3)c2c1,7.187086643357144
CHEMBL176582,IC50,nM,0.01,IC50,nM,0.01,Cn1cnc2cc3ncnc(Nc4cccc(Br)c4)c3cc21,11.0
CHEMBL93537,IC50,nM,203.0,IC50,uM,0.203,O=C(/C=C/CN1CCSCC1)Nc1ccc2ncnc(Nc3cccc(Br)c3)c2c1,6.692503962086787
CHEMBL122785,IC50,nM,10300.0,IC50,uM,10.3,O=S(=O)(O)c1cc(NCc2cc(O)ccc2O)ccc1O,4.987162775294828
CHEMBL63786,IC50,nM,0.003,IC50,nM,0.003,Brc1cccc(Nc2ncnc3cc4ccccc4cc23)c1,11.522878745280337
CHEMBL94123,IC50,nM,215.0,IC50,uM,0.215,O=C(/C=C/N1CCOCC1)Nc1ccc2ncnc(Nc3cccc(Br)c3)c2c1,6.667561540084395
CHEMBL92882,IC50,nM,1132.0,IC50,uM,1.132,COC/C=C/C(=O)Nc1ccc2ncnc(Nc3cccc(Br)c3)c2c1,5.946153573147748
CHEMBL93386,IC50,nM,20.0,IC50,uM,0.02,O=C(C#CCN1CCOCC1)Nc1ccc2ncnc(Nc3cccc(Br)c3)c2c1,7.698970004336019
CHEMBL122260,IC50,nM,9700.0,IC50,uM,9.7,CNC(=O)c1cc(NCc2cc(O)ccc2O)ccc1O,5.013228265733755
CHEMBL92731,IC50,nM,90.0,IC50,uM,0.09,CCCN(C/C=C/C(=O)Nc1ccc2ncnc(Nc3cccc(Br)c3)c2c1)CCC,7.045757490560675
CHEMBL93049,IC50,nM,59.0,IC50,uM,0.059,COCOCC#CC(=O)Nc1ccc2ncnc(Nc3cccc(Br)c3)c2c1,7.229147988357855
CHEMBL92961,IC50,nM,97.0,IC50,uM,0.097,CC(C)N(CC#CC(=O)Nc1ccc2ncnc(Nc3cccc(Br)c3)c2c1)C(C)C,7.013228265733755
CHEMBL175101,IC50,nM,22.0,IC50,nM,22.0,CN(C)CCn1cnc2cc3c(Nc4cccc(Br)c4)ncnc3cc21,7.657577319177793
CHEMBL93754,IC50,nM,1124.0,IC50,uM,1.124,O=C(/C=C/Cn1cccn1)Nc1ccc2ncnc(Nc3cccc(Br)c3)c2c1,5.949233688766958
CHEMBL123045,IC50,nM,5400.0,IC50,uM,5.4,O=[N+]([O-])c1cc(NCc2cc(O)ccc2O)ccc1O,5.267606240177032
CHEMBL328245,IC50,nM,62.0,IC50,uM,0.062,CCCN(CC#CC(=O)Nc1ccc2ncnc(Nc3cccc(Br)c3)c2c1)CCC,7.2076083105017466
CHEMBL91925,IC50,nM,73.0,IC50,uM,0.073,CCN(CC)C/C=C/C(=O)Nc1ccc2ncnc(Nc3cccc(Br)c3)c2c1,7.136677139879544
CHEMBL316127,IC50,nM,74.0,IC50,uM,0.074,O=C(/C=C/CN1CCOCC1)Nc1ccc2ncnc(Nc3cccc(Br)c3)c2c1,7.130768280269024
CHEMBL174426,IC50,nM,0.025,IC50,nM,0.025,Cn1cnc2cc3c(Nc4cccc(Br)c4)ncnc3cc21,10.602059991327963
CHEMBL91748,IC50,nM,250.0,IC50,uM,0.25,CN(C)/C=C/C(=O)Nc1ccc2ncnc(Nc3cccc(Br)c3)c2c1,6.6020599913279625
CHEMBL91009,IC50,nM,9.0,IC50,uM,0.009,COCC#CC(=O)Nc1ccc2ncnc(Nc3cccc(Br)c3)c2c1,8.045757490560675
CHEMBL173498,IC50,nM,1.7,IC50,nM,1.7,Brc1cccc(Nc2ncnc3cc4nccnc4cc23)c1,8.769551078621726
CHEMBL2112369,IC50,nM,194.0,IC50,uM,0.194,COC[C@@H]1CCCN1C/C=C\C(=O)Nc1ccc2ncnc(Nc3cccc(Br)c3)c2c1,6.7121982700697735
CHEMBL90595,IC50,nM,57.0,IC50,uM,0.057,O=C(C#CCN1CCCCC1)Nc1ccc2ncnc(Nc3cccc(Br)c3)c2c1,7.2441251443275085
CHEMBL419501,IC50,nM,85.0,IC50,uM,0.085,COC[C@H]1CCCN1C/C=C/C(=O)Nc1ccc2ncnc(Nc3cccc(Br)c3)c2c1,7.070581074285707
CHEMBL122397,IC50,nM,900.0,IC50,uM,0.9,CCCCCCNC(=O)c1cc(NCc2cc(O)ccc2O)ccc1O,6.045757490560675
CHEMBL91811,IC50,nM,85.0,IC50,uM,0.085,CC(C)N(C)CC#CC(=O)Nc1ccc2ncnc(Nc3cccc(Br)c3)c2c1,7.070581074285707
CHEMBL328977,IC50,nM,95.0,IC50,uM,0.095,O=C(C#CCN1CCSCC1)Nc1ccc2ncnc(Nc3cccc(Br)c3)c2c1,7.022276394711152
CHEMBL94068,IC50,nM,106.0,IC50,uM,0.106,O=C(/C=C/CN1CCCCC1)Nc1ccc2ncnc(Nc3cccc(Br)c3)c2c1,6.97469413473523
CHEMBL427298,IC50,nM,203.0,IC50,nM,203.0,CN(C)CCn1cnc2c(Cl)c3c(Nc4cccc(Br)c4)ncnc3cc21,6.692503962086787
CHEMBL329856,IC50,nM,6.0,IC50,uM,0.006,CN(C)CC#CC(=O)Nc1ccc2ncnc(Nc3cccc(Br)c3)c2c1,8.221848749616356
CHEMBL442754,IC50,nM,62.0,IC50,uM,0.062,COCCN(C)C/C=C/C(=O)Nc1ccc2ncnc(Nc3cccc(Br)c3)c2c1,7.2076083105017466
CHEMBL94109,IC50,nM,68.0,IC50,uM,0.068,O=C(/C=C/CN1CCC(N2CCCCC2)CC1)Nc1ccc2ncnc(Nc3cccc(Br)c3)c2c1,7.167491087293763
CHEMBL91867,IC50,nM,8.0,IC50,uM,0.008,CC#CC(=O)Nc1ccc2ncnc(Nc3cccc(Br)c3)c2c1,8.096910013008056
CHEMBL2112370,IC50,nM,131.0,IC50,uM,0.131,COC[C@@H]1CCCN1C/C=C/C(=O)Nc1ccc2ncnc(Nc3cccc(Br)c3)c2c1,6.882728704344236
CHEMBL122721,IC50,nM,27200.0,IC50,uM,27.2,CCCCCCCCCCCCCCNC(=O)c1cc(NCc2cc(O)ccc2O)ccc1O,4.565431095965801
CHEMBL176891,IC50,nM,1.32,IC50,nM,1.32,CN(C)CCn1cnc2cc3ncnc(Nc4cccc(Br)c4)c3cc21,8.87942606879415
CHEMBL414220,IC50,nM,71.0,IC50,uM,0.071,C=CCN(C)CC#CC(=O)Nc1ccc2ncnc(Nc3cccc(Br)c3)c2c1,7.1487416512809245
CHEMBL101683,IC50,nM,7300.0,IC50,uM,7.3,O=C(Nc1ccc(Cl)cc1)c1ccccc1NCc1ccncc1,5.136677139879544
CHEMBL301359,IC50,nM,27.0,IC50,nM,27.0,c1ccc2ncncc2c1,7.568636235841013
CHEMBL53375,IC50,nM,39.0,IC50,nM,39.0,COc1cc2ncnc(Nc3cccc(Br)c3)c2cn1,7.4089353929735005
CHEMBL52472,IC50,nM,30.0,IC50,nM,30.0,COc1ccc2ncncc2c1,7.522878745280337
CHEMBL301549,IC50,nM,263.0,IC50,nM,263.0,COc1ccc2c(Nc3cccc(Br)c3)ncnc2n1,6.580044251510242
CHEMBL53796,IC50,nM,9.6,IC50,nM,9.6,CN(C)c1ccc2ncnc(Nc3cccc(Br)c3)c2n1,8.017728766960431
CHEMBL53299,IC50,nM,2.3,IC50,nM,2.3,COc1ccc(CNc2cc3c(Nc4cccc(Br)c4)ncnc3cn2)cc1,8.638272163982407
CHEMBL298637,IC50,nM,52.0,IC50,nM,52.0,CNc1ccc2c(Nc3cccc(Br)c3)ncnc2n1,7.2839966563652006
CHEMBL50519,IC50,nM,4.3,IC50,nM,4.3,COc1ccc2ncnc(Nc3cccc(Br)c3)c2n1,8.366531544420413
CHEMBL53062,IC50,nM,2.6,IC50,nM,2.6,COc1cc2c(Nc3cccc(Br)c3)ncnc2cn1,8.585026652029182
CHEMBL54805,IC50,nM,34.0,IC50,nM,34.0,Brc1cccc(Nc2ncnc3cccnc23)c1,7.468521082957745
CHEMBL53300,IC50,nM,0.79,IC50,nM,0.79,Nc1ccc2ncncc2c1,9.102372908709558
CHEMBL291496,IC50,nM,18.0,IC50,nM,18.0,Clc1ccc2ncnc(Nc3cccc(Br)c3)c2n1,7.7447274948966935
CHEMBL300083,IC50,nM,578.0,IC50,nM,578.0,Nc1cc2ncnc(NCc3ccccc3)c2cn1,6.2380721615794705
CHEMBL52418,IC50,nM,29.0,IC50,nM,29.0,CC(=O)Nc1cc2ncnc(Nc3cccc(Br)c3)c2cn1,7.5376020021010435
CHEMBL53156,IC50,nM,3.1,IC50,nM,3.1,CNc1ccc2ncnc(Nc3cccc(Br)c3)c2n1,8.508638306165727
CHEMBL54784,IC50,nM,1460.0,IC50,nM,1460.0,c1ccc(CNc2ncnc3ccncc23)cc1,5.835647144215563
CHEMBL296377,IC50,nM,40.0,IC50,nM,40.0,Clc1cc2c(Nc3cccc(Br)c3)ncnc2cn1,7.3979400086720375
CHEMBL54474,IC50,nM,940.0,IC50,nM,940.0,Nc1ccc2c(Nc3cccc(Br)c3)ncnc2n1,6.026872146400302
CHEMBL51320,IC50,nM,2030.0,IC50,nM,2030.0,c1ccc(CNc2ncnc3cnccc23)cc1,5.692503962086787
CHEMBL52882,IC50,nM,3.1,IC50,nM,3.1,CNC1=CC2N=CN(C)/C(=N\c3cccc(Br)c3)C2C=N1,8.508638306165727
CHEMBL51265,IC50,nM,51.0,IC50,nM,51.0,Brc1cccc(Nc2ncnc3cnccc23)c1,7.292429823902063
CHEMBL50245,IC50,nM,324.0,IC50,nM,324.0,CN(C)c1ccc2c(Nc3cccc(Br)c3)ncnc2n1,6.489454989793388
CHEMBL53552,IC50,nM,603.0,IC50,nM,603.0,c1ccc(CNc2ncnc3cccnc23)cc1,6.219682687859849
CHEMBL55150,IC50,nM,120.0,IC50,nM,120.0,CN(C)c1ccc2ncncc2c1,6.920818753952375
CHEMBL291701,IC50,nM,684.0,IC50,nM,684.0,Fc1ccc2c(Nc3cccc(Br)c3)ncnc2n1,6.164943898279883
CHEMBL53850,IC50,nM,7.0,IC50,nM,7.0,CNc1ccc2ncncc2c1,8.154901959985743
CHEMBL55729,IC50,nM,0.1,IC50,nM,0.1,Nc1ccc2cncnc2c1,10.0
CHEMBL52784,IC50,nM,11.0,IC50,nM,11.0,CN(C)c1ccc2cncnc2c1,7.958607314841775
CHEMBL51707,IC50,nM,13.0,IC50,nM,13.0,Fc1cc2ncnc(Nc3cccc(Br)c3)c2cn1,7.886056647693163
CHEMBL54475,IC50,nM,688.0,IC50,nM,688.0,Brc1cccc(Nc2ncnc3ncccc23)c1,6.162411561764489
CHEMBL295961,IC50,nM,4.0,IC50,nM,4.0,CNc1ccc2cncnc2c1,8.397940008672037
CHEMBL52665,IC50,nM,35.0,IC50,nM,35.0,Brc1cccc(Nc2ncnc3ccncc23)c1,7.455931955649724
CHEMBL300217,IC50,nM,7.6,IC50,nM,7.6,Nc1ccc2ncnc(Nc3cccc(Br)c3)c2n1,8.119186407719209
CHEMBL300491,IC50,nM,10.0,IC50,nM,10.0,COc1ccc2cncnc2c1,8.0
CHEMBL53121,IC50,nM,124.0,IC50,nM,124.0,Fc1cc2c(Nc3cccc(Br)c3)ncnc2cn1,6.906578314837765
CHEMBL53404,IC50,nM,100.0,IC50,nM,100.0,CC(=O)Nc1cc2ncnc(NCc3ccccc3)c2cn1,7.0
CHEMBL54788,IC50,nM,44.0,IC50,nM,44.0,Fc1ccc2ncnc(Nc3cccc(Br)c3)c2n1,7.356547323513812
CHEMBL132466,IC50,nM,18000.0,IC50,uM,18.0,COc1cc2cc3ncc(C#N)c(Nc4ccc(F)c(Cl)c4)c3cc2cc1OC,4.7447274948966935
CHEMBL109372,IC50,nM,5170.0,IC50,uM,5.17,COc1cc2ncc(C#N)c(Nc3ccc(F)c(Cl)c3)c2cc1OC,5.286509456906058
CHEMBL358092,IC50,nM,14000.0,IC50,uM,14.0,COC(=O)c1ccc(-c2ccc(-c3ccccc3)cc2O)cc1,4.853871964321762
CHEMBL54471,IC50,nM,880.0,IC50,uM,0.88,Cc1ccc(C(=O)/C(C#N)=C/c2ccc(O)c(O)c2)cc1,6.055517327849832
CHEMBL332612,IC50,nM,5.0,IC50,uM,0.005,Nc1ccc(Nc2[nH]nc3ncnc(Nc4cccc(Cl)c4)c23)cc1,8.301029995663981
CHEMBL118904,IC50,nM,270.0,IC50,uM,0.27,O=[N+]([O-])c1cccc(-c2[nH]nc3ncnc(Nc4cccc(Cl)c4)c23)c1,6.568636235841013
CHEMBL56879,IC50,nM,2300.0,IC50,uM,2.3,N#C/C(=C\c1ccc(O)c(O)c1)C(=O)c1ccc([N+](=O)[O-])cc1,5.638272163982407
CHEMBL55979,IC50,nM,400.0,IC50,uM,0.4,CC(NC(=O)/C(C#N)=C/c1ccc(O)c(O)c1)c1ccccc1,6.3979400086720375
CHEMBL56455,IC50,nM,1700.0,IC50,uM,1.7,COc1ccc(CCNC(=O)/C(C#N)=C/c2ccc(O)c(O)c2)cc1OC,5.769551078621726
CHEMBL332333,IC50,nM,58.0,IC50,uM,0.058,c1ccc(Nc2nc[nH]c3nnc(Nc4ccccc4)c2-3)cc1,7.236572006437063
CHEMBL332882,IC50,nM,5.0,IC50,uM,0.005,Nc1cccc(-c2[nH]nc3ncnc(Nc4cccc(Cl)c4)c23)c1,8.301029995663981
CHEMBL56132,IC50,nM,1300.0,IC50,uM,1.3,N#C/C(=C\c1ccc(O)c(O)c1)C(=O)c1ccccc1,5.886056647693163
CHEMBL56219,IC50,nM,1100.0,IC50,uM,1.1,N#C/C(=C\c1ccc(O)c(O)c1)C(=O)Nc1ccccc1Cl,5.958607314841775
CHEMBL62756,IC50,nM,15000.0,IC50,uM,15.0,Nc1ncnc2c1ncn2-c1ccccc1,4.823908740944319
CHEMBL57251,IC50,nM,1700.0,IC50,uM,1.7,COc1ccc(NC(=O)/C(C#N)=C/c2ccc(O)c(O)c2)c(OC)c1,5.769551078621726
CHEMBL120979,IC50,nM,8.0,IC50,uM,0.008,COc1cccc(Nc2[nH]nc3ncnc(Nc4cccc(Cl)c4)c23)c1,8.096910013008056
CHEMBL292648,IC50,nM,1200000.0,IC50,uM,1200.0,N#CC(C#N)=C1CCCc2c(O)cccc21,2.9208187539523753
CHEMBL122243,IC50,nM,800.0,IC50,uM,0.8,Nc1ncnc2c1c(-c1ccccc1)nn2-c1ccccc1,6.096910013008056
CHEMBL122245,IC50,nM,7.0,IC50,uM,0.007,COc1ccc(CNc2[nH]nc3ncnc(Nc4cccc(Cl)c4)c23)cc1,8.154901959985743
CHEMBL49120,IC50,nM,350.0,IC50,uM,0.35,CCN(CC)CCOc1ccc(Nc2ncc3cc(-c4c(Cl)cccc4Cl)c(=O)n(C)c3n2)cc1,6.455931955649724
CHEMBL56542,IC50,nM,2100.0,IC50,uM,2.1,N#C/C(=C\c1ccc(O)c(O)c1)C(=O)N1CCc2ccccc21,5.6777807052660805
CHEMBL153843,IC50,nM,10400.0,IC50,nM,10400.0,O=C(Nc1cccc(C(F)(F)F)c1)c1ccccc1NCc1ccncc1,4.982966660701219
CHEMBL294213,IC50,nM,2200000.0,IC50,uM,2200.0,N#CC(C#N)=Cc1ccc2[nH]ccc2c1,2.657577319177794
CHEMBL332765,IC50,nM,29.0,IC50,uM,0.029,CN(C)c1ccc(Nc2[nH]nc3ncnc(Nc4cccc(Cl)c4)c23)cc1,7.5376020021010435
CHEMBL306081,IC50,nM,27000.0,IC50,uM,27.0,Cc1[nH]c2ncnc(Nc3cccc(Cl)c3)c2c1C,4.568636235841013
CHEMBL291313,IC50,nM,40000.0,IC50,uM,40.0,N#CC(C#N)=C1C(=O)Nc2ccc([N+](=O)[O-])cc21,4.3979400086720375
CHEMBL51028,IC50,nM,880.0,IC50,uM,0.88,CN1CCN(CCCNc2ncc3cc(-c4c(Cl)cccc4Cl)c(NC(=O)NC4CCCCC4)nc3n2)CC1,6.055517327849832
CHEMBL51485,IC50,nM,980.0,IC50,uM,0.98,CN1CCN(CCCNc2ncc3cc(-c4c(Cl)cccc4Cl)c(NC(=O)NCc4ccccc4)nc3n2)CC1,6.008773924307505
CHEMBL294681,IC50,nM,1800000.0,IC50,uM,1800.0,C[S+]([O-])c1ccc(C=C(C#N)C#N)cc1,2.744727494896694
CHEMBL121796,IC50,nM,7.0,IC50,uM,0.007,Clc1cccc(Nc2[nH]cnc3nnc(NCc4ccccc4)c2-3)c1,8.154901959985743
CHEMBL121190,IC50,nM,160.0,IC50,uM,0.16,Nc1[nH]cnc2nnc(Nc3cccc(Cl)c3)c1-2,6.795880017344075
CHEMBL331906,IC50,nM,26.0,IC50,uM,0.026,Oc1cccc(-c2[nH]nc3ncnc(Nc4cccc(Cl)c4)c23)c1,7.585026652029182
CHEMBL332906,IC50,nM,2.0,IC50,uM,0.002,Nc1ccc(-c2[nH]nc3ncnc(Nc4cccc(Cl)c4)c23)cc1,8.698970004336019
CHEMBL57462,IC50,nM,2500.0,IC50,uM,2.5,N#CC(C#N)=C1C(=O)Nc2cc(O)c(O)cc21,5.6020599913279625
CHEMBL55994,IC50,nM,3100.0,IC50,uM,3.1,N#C/C(=C\c1ccc(O)c(O)c1)C(=O)c1cccs1,5.508638306165727
CHEMBL55993,IC50,nM,10700.0,IC50,uM,10.7,Cc1cc(C)c(C(=O)/C(C#N)=C/c2ccc(O)c(O)c2)c(C)c1,4.97061622231479
CHEMBL55360,IC50,nM,5100.0,IC50,uM,5.1,Cc1cccc(C)c1NC(=O)/C(C#N)=C/c1ccc(O)c(O)c1,5.292429823902063
CHEMBL122068,IC50,nM,220.0,IC50,uM,0.22,Nc1nc(N)c2c(Nc3cccc(Cl)c3)[nH]nc2n1,6.657577319177793
CHEMBL333231,IC50,nM,26.0,IC50,uM,0.026,Clc1cccc(CNc2[nH]nc3ncnc(Nc4cccc(Cl)c4)c23)c1,7.585026652029182
CHEMBL332971,IC50,nM,96.0,IC50,uM,0.096,COc1ccc(-c2[nH]nc3ncnc(Nc4cccc(Cl)c4)c23)cc1,7.017728766960431
CHEMBL56281,IC50,nM,225000.0,IC50,uM,225.0,N#CC(C#N)=Cc1cccnc1,3.6478174818886373
CHEMBL57170,IC50,nM,800000.0,IC50,uM,800.0,COc1ccc(C=C(C#N)C#N)cc1F,3.0969100130080562
CHEMBL55748,IC50,nM,12500.0,IC50,uM,12.5,N#CC(C#N)=C1C(=O)Nc2ccc(O)cc21,4.903089986991944
CHEMBL293749,IC50,nM,930.0,IC50,uM,0.93,N#C/C(=C\c1ccc(O)c(O)c1)C(=O)NCCc1ccccc1,6.031517051446065
CHEMBL59145,IC50,nM,1540.0,IC50,uM,1.54,N#C/C(=C\c1ccc(O)c(O)c1)C(=O)c1ccccc1Cl,5.812479279163537
CHEMBL55204,IC50,nM,560.0,IC50,uM,0.56,N#C/C(=C\c1ccc(O)c(O)c1)C(=O)c1ccc(F)cc1,6.251811972993799
CHEMBL65063,IC50,nM,2700.0,IC50,uM,2.7,Nc1ncnc2c1cnn2-c1ccccc1,5.568636235841013
CHEMBL120667,IC50,nM,450000.0,IC50,uM,450.0,Cc1c(C)n(C)c2ncnc(Nc3cccc(Cl)c3)c12,3.3467874862246565
CHEMBL123189,IC50,nM,8.0,IC50,uM,0.008,COc1cccc(CNc2[nH]nc3ncnc(Nc4cccc(Cl)c4)c23)c1,8.096910013008056
CHEMBL293482,IC50,nM,532000.0,IC50,uM,532.0,N#CC(C#N)=Cc1ncc[nH]1,3.2740883677049517
CHEMBL420885,IC50,nM,270.0,IC50,uM,0.27,CC(C)(C)OC(=O)Nc1ccc(-c2[nH]nc3ncnc(Nc4cccc(Cl)c4)c23)cc1,6.568636235841013
CHEMBL334026,IC50,nM,24200.0,IC50,uM,24.2,Clc1cccc(Nc2[nH]nc3ncnc(Oc4cccc(Cl)c4)c23)c1,4.616184634019569
CHEMBL291986,IC50,nM,4300.0,IC50,uM,4.3,N#C/C(=C\c1ccc(O)c(O)c1)C(=O)N1CCN(c2ccccc2)CC1,5.366531544420414
CHEMBL57663,IC50,nM,1400000.0,IC50,uM,1400.0,N#CC(C#N)=Cc1ccc(C#N)cc1,2.853871964321762
CHEMBL333038,IC50,nM,330.0,IC50,uM,0.33,Clc1cccc(Nc2nc[nH]c3nnc(Nc4cccc(Cl)c4)c2-3)c1,6.481486060122113
CHEMBL119982,IC50,nM,870.0,IC50,uM,0.87,Clc1cccc(Nc2[nH]nc3ncnc(NCc4ccccc4)c23)c1,6.060480747381382
CHEMBL417941,IC50,nM,1600.0,IC50,uM,1.6,N#C/C(=C\c1ccc(O)c(O)c1)C(=O)NC1CCCCC1,5.795880017344075
CHEMBL120319,IC50,nM,130.0,IC50,uM,0.13,Clc1cccc(Nc2[nH]nc3ncnc(Nc4cccc(Br)c4)c23)c1,6.886056647693163
CHEMBL56964,IC50,nM,60000.0,IC50,uM,60.0,COc1cc2c(cc1O)NC(=O)C2=C(C#N)C#N,4.221848749616356
CHEMBL56319,IC50,nM,1530.0,IC50,uM,1.53,CCOC(=O)C(Cc1ccccc1)NC(=O)/C(C#N)=C/c1ccc(O)c(O)c1,5.815308569182402
CHEMBL121260,IC50,nM,84.0,IC50,uM,0.084,Clc1cccc(Nc2[nH]nc3ncnc(Nc4ccccc4)c23)c1,7.075720713938118
CHEMBL121954,IC50,nM,1.0,IC50,uM,0.001,Oc1cccc(Nc2[nH]nc3ncnc(Nc4cccc(Cl)c4)c23)c1,9.0
CHEMBL298679,IC50,nM,720.0,IC50,uM,0.72,COc1ccc(NC(=O)Nc2nc3nc(NCCCN4CCN(C)CC4)ncc3cc2-c2c(Cl)cccc2Cl)cc1,6.142667503568732
CHEMBL319540,IC50,nM,2710.0,IC50,uM,2.71,Cc1c(C)n(-c2ccccc2)c2ncnc(N)c12,5.567030709125595
CHEMBL122411,IC50,nM,30.0,IC50,uM,0.03,COc1ccc(Nc2[nH]nc3ncnc(Nc4cccc(Cl)c4)c23)cc1,7.522878745280337
CHEMBL298810,IC50,nM,1480000.0,IC50,uM,1480.0,N#CC(C#N)=Cc1cc[nH]n1,2.8297382846050425
CHEMBL57300,IC50,nM,7000.0,IC50,uM,7.0,N#CC(C#N)=C1CCc2c1ccc(O)c2O,5.154901959985743
CHEMBL56201,IC50,nM,26000.0,IC50,uM,26.0,CN1C(=O)C(=C(C#N)C#N)c2cc(O)ccc21,4.585026652029182
CHEMBL122182,IC50,nM,8.0,IC50,uM,0.008,Oc1ccc(Nc2[nH]nc3ncnc(Nc4cccc(Cl)c4)c23)cc1,8.096910013008056
CHEMBL293584,IC50,nM,500.0,IC50,uM,0.5,N#CC(C#N)=C1CCc2cc(O)c(O)cc21,6.301029995663981
CHEMBL120069,IC50,nM,130.0,IC50,uM,0.13,Cc1cccc(Nc2[nH]cnc3nnc(Nc4cccc(Cl)c4)c2-3)c1,6.886056647693163
CHEMBL119977,IC50,nM,19.0,IC50,uM,0.019,Clc1cccc(Nc2[nH]cnc3nnc(-c4ccccc4)c2-3)c1,7.721246399047171
CHEMBL118130,IC50,nM,6.0,IC50,uM,0.006,Oc1ccc(-c2[nH]nc3ncnc(Nc4cccc(Cl)c4)c23)cc1,8.221848749616356
CHEMBL2111784,IC50,nM,1100.0,IC50,uM,1.1,C[C@H](Nc1cc(-c2sc(C3CCN(C)CC3)nc2-c2ccc(F)cc2)ccn1)c1ccccc1,5.958607314841775
CHEMBL290389,IC50,nM,350.0,IC50,uM,0.35,COc1cc(/C=C(\C#N)C(N)=O)cc(Sc2nc3ccccc3s2)c1O,6.455931955649724
CHEMBL419409,IC50,nM,8800.0,IC50,uM,8.8,COc1ccc(C#CC(C)(C)N)cc1C(=O)c1ccc(Nc2ccc(F)cc2F)cc1,5.055517327849832
CHEMBL120185,IC50,nM,8700.0,IC50,uM,8.7,CN1CCN(c2ccc3c(n2)nc(-c2ccc(F)cc2)n3-c2ccnc(NC3CCCC3)n2)CC1,5.060480747381382
CHEMBL103552,IC50,nM,4100.0,IC50,uM,4.1,O=C(O)c1cc(N(Cc2ccccc2O)Cc2cc(O)ccc2O)ccc1O,5.3872161432802645
CHEMBL121405,IC50,nM,2000.0,IC50,uM,2.0,OC1(c2nc(-c3ccc(F)cc3)c(-c3ccnc(NC4CCCCC4)c3)o2)CCNCC1,5.698970004336019
CHEMBL131653,IC50,nM,24400.0,IC50,uM,24.4,COC(=O)c1cc(NCc2cc(O)ccc2O)ccc1O,4.61261017366127
CHEMBL103860,IC50,nM,3300.0,IC50,uM,3.3,O=C(O)c1cc(CCc2cc(O)ccc2O)ccc1O,5.481486060122113
CHEMBL27085,IC50,nM,100000.0,IC50,uM,100.0,Cc1nc(O)c2c(ccc3[nH]c(Nc4c(Cl)cccc4Cl)nc32)c1C,4.0
CHEMBL104466,IC50,nM,3700.0,IC50,uM,3.7,COc1cc2ncc(N[C@H]3CC[C@H](O)CC3)nc2cc1OC,5.431798275933005
CHEMBL75208,IC50,nM,200.0,IC50,uM,0.2,Cc1[nH]c2ncnc(Nc3cccc(C#N)c3)c2c1C,6.698970004336019
CHEMBL76444,IC50,nM,500.0,IC50,uM,0.5,Cc1[nH]c2ncnc(N(C)c3cccc(Cl)c3)c2c1C,6.301029995663981
CHEMBL306315,IC50,nM,6.0,IC50,uM,0.006,Clc1cccc(Nc2ncnc3[nH]c4ccccc4c23)c1,8.221848749616356
CHEMBL433305,IC50,nM,310.0,IC50,uM,0.31,c1ccc(Nc2ncnc3[nH]c4c(c23)CCCC4)cc1,6.508638306165727
CHEMBL421686,IC50,nM,1080.0,IC50,uM,1.08,Cc1[nH]c2ncnc(NCc3ccccc3)c2c1C,5.966576244513051
CHEMBL307062,IC50,nM,820.0,IC50,uM,0.82,Cc1cccc(Nc2ncnc3[nH]c4c(c23)CCCC4)c1,6.086186147616283
CHEMBL74645,IC50,nM,25700.0,IC50,uM,25.7,O=C(O)c1cccc(Nc2ncnc3[nH]c4c(c23)CCCC4)c1,4.590066876668706
CHEMBL74778,IC50,nM,1250.0,IC50,uM,1.25,Cc1[nH]c2ncnc(Nc3cccc(O)c3)c2c1C,5.903089986991944
CHEMBL307209,IC50,nM,96.0,IC50,uM,0.096,Clc1cccc(Nc2ncnc3[nH]c(-c4ccccc4)c(-c4ccccc4)c23)c1,7.017728766960431
CHEMBL73406,IC50,nM,170.0,IC50,uM,0.17,Cc1[nH]c2ncnc(Nc3cc(Cl)cc(Cl)c3)c2c1C,6.769551078621726
CHEMBL72393,IC50,nM,46.0,IC50,uM,0.046,Brc1cccc(Nc2ncnc3[nH]c4c(c23)CCCC4)c1,7.337242168318426
CHEMBL307599,IC50,nM,2100.0,IC50,uM,2.1,Cc1ccc(Nc2ncnc3[nH]c(C)c(C)c23)cc1,5.6777807052660805
CHEMBL440873,IC50,nM,360.0,IC50,uM,0.36,FC(F)(F)c1cccc(Nc2ncnc3[nH]c4c(c23)CCCC4)c1,6.443697499232712
CHEMBL308593,IC50,nM,230.0,IC50,uM,0.23,Cc1[nH]c2ncnc(Nc3cccc(Cl)c3)c2c1-c1ccccc1,6.638272163982407
CHEMBL4106341,IC50,nM,6920.0,IC50,uM,6.92,Cc1[nH]c2ncnc(NC3CCCCC3)c2c1C,5.1598939055432425
CHEMBL74481,IC50,nM,110.0,IC50,uM,0.11,Cc1ccc(Nc2ncnc3[nH]c4c(c23)CCCC4)cc1,6.958607314841775
CHEMBL75177,IC50,nM,29.0,IC50,uM,0.029,Clc1cccc(Nc2ncnc3[nH]c4c(c23)CCCC4)c1,7.5376020021010435
CHEMBL306029,IC50,nM,1900.0,IC50,uM,1.9,Cc1[nH]c2ncnc(Nc3cccc(C(F)(F)F)c3)c2c1C,5.721246399047171
CHEMBL431191,IC50,nM,860.0,IC50,uM,0.86,COc1cccc(Nc2ncnc3[nH]c4c(c23)CCCC4)c1,6.0655015487564325
CHEMBL73301,IC50,nM,1200.0,IC50,uM,1.2,COc1cccc(Nc2ncnc3[nH]c(C)c(C)c23)c1,5.920818753952375
CHEMBL73710,IC50,nM,560.0,IC50,uM,0.56,Cc1[nH]c2ncnc(Nc3ccc(F)cc3)c2c1C,6.251811972993799
CHEMBL73625,IC50,nM,75100.0,IC50,uM,75.1,Cc1[nH]c2ncnc(Nc3ccccc3Cl)c2c1C,4.124360062995832
CHEMBL72322,IC50,nM,420.0,IC50,uM,0.42,Oc1cccc(Nc2ncnc3[nH]c4c(c23)CCCC4)c1,6.376750709602099
CHEMBL431001,IC50,nM,16300.0,IC50,uM,16.3,Cc1[nH]c2ncnc(Nc3cccc(C(=O)O)c3)c2c1C,4.787812395596042
CHEMBL75049,IC50,nM,1900.0,IC50,uM,1.9,Cc1[nH]c2ncnc(Nc3ccccc3)c2c1C,5.721246399047171
CHEMBL309937,IC50,nM,77500.0,IC50,uM,77.5,CCc1ccc(Nc2ncnc3[nH]c(C)c(C)c23)cc1,4.110698297493689
CHEMBL74722,IC50,nM,25.0,IC50,uM,0.025,Cc1[nH]c2ncnc(Nc3cccc(Br)c3)c2c1C,7.6020599913279625
CHEMBL76116,IC50,nM,2500.0,IC50,uM,2.5,Cc1[nH]c2ncnc(Oc3cccc(Cl)c3)c2c1C,5.6020599913279625
CHEMBL307026,IC50,nM,570.0,IC50,uM,0.57,Cc1cccc(Nc2ncnc3[nH]c(C)c(C)c23)c1,6.2441251443275085
CHEMBL308582,IC50,nM,550.0,IC50,uM,0.55,Cc1[nH]c2ncnc(Nc3cccc(F)c3)c2c1C,6.259637310505756
CHEMBL311129,IC50,nM,10.0,IC50,uM,0.01,Cc1c(-c2ccccc2)[nH]c2ncnc(Nc3cccc(Cl)c3)c12,8.0
CHEMBL177688,IC50,nM,1360.0,IC50,uM,1.36,OCCCNc1cncc(-c2cncc(Nc3cccc(Cl)c3)n2)c1,5.866461091629782
CHEMBL181275,IC50,nM,200.0,IC50,uM,0.2,Fc1ccc(Nc2ncnc3nn4ccccc4c23)cc1Cl,6.698970004336019
CHEMBL182254,IC50,nM,32.0,IC50,uM,0.032,Fc1cccc(COc2ccc(Nc3ncnc4nn5ccccc5c34)cc2Cl)c1,7.494850021680094
CHEMBL181742,IC50,nM,50.0,IC50,uM,0.05,Clc1cc(Nc2ncnc3nn4ccccc4c23)ccc1OCc1ccccc1,7.301029995663981
CHEMBL361322,IC50,nM,5010.0,IC50,uM,5.01,c1ccc(Cc2nc3cc(Nc4ncnc5nn6ccccc6c45)ccc3[nH]2)cc1,5.300162274132754
CHEMBL181617,IC50,nM,10.0,IC50,uM,0.01,ClCCNc1ccc2ncnc(Nc3cccc(Br)c3)c2c1,8.0
CHEMBL179451,IC50,nM,26.0,IC50,uM,0.026,ClCCNc1ccc2ncnc(Nc3cccc(Cl)c3)c2c1,7.585026652029182
CHEMBL186802,IC50,nM,5600.0,IC50,uM,5.6,COc1cc2ncnc(Nc3cccc(NC(=O)c4ccccc4)c3)c2cc1OC,5.251811972993799
CHEMBL186580,IC50,nM,490.0,IC50,uM,0.49,COc1cc2ncnc(Nc3cc(NC(=O)c4ccccc4)c(F)cc3F)c2cc1OC,6.309803919971486
CHEMBL185327,IC50,nM,11000.0,IC50,uM,11.0,COc1cc2ncnc(Nc3cc(NC(=O)c4ccccc4)ccc3Cl)c2cc1OC,4.958607314841775
CHEMBL186747,IC50,nM,3200.0,IC50,uM,3.2,COc1cc2ncnc(Nc3ccc(C)c(NC(=O)c4ccccc4)c3)c2cc1OC,5.494850021680094
CHEMBL182397,IC50,nM,2800.0,IC50,uM,2.8,COc1cc2ncnc(Nc3cccc(NC(=O)c4ccccc4)c3F)c2cc1OC,5.552841968657781
CHEMBL360209,IC50,nM,2200.0,IC50,uM,2.2,COc1cc2ncnc(Nc3ccc(Cl)c(NC(=O)c4ccccc4)c3)c2cc1OC,5.657577319177793
CHEMBL187007,IC50,nM,29000.0,IC50,uM,29.0,COc1cc2ncnc(Nc3cc(NC(=O)c4cccc(N(C)C)c4)ccc3Cl)c2cc1OC,4.5376020021010435
CHEMBL184682,IC50,nM,1000.0,IC50,uM,1.0,COc1cc2ncnc(Nc3ccc(Cl)c(NC(=O)c4cccc(N(C)C)c4)c3)c2cc1OC,6.0
CHEMBL185637,IC50,nM,110.0,IC50,uM,0.11,Fc1ccc(Nc2ncnn3cccc23)cc1Cl,6.958607314841775
CHEMBL188304,IC50,nM,100.0,IC50,uM,0.1,Cc1ccn2ncnc(Nc3ccc(F)c(Cl)c3)c12,7.0
CHEMBL186080,IC50,nM,150.0,IC50,uM,0.15,Cc1cc2c(Nc3ccc(F)c(Cl)c3)ncnn2c1,6.823908740944319
CHEMBL184311,IC50,nM,3250.0,IC50,uM,3.25,Cc1ccc2c(Nc3ccc(F)c(Cl)c3)ncnn12,5.488116639021126
CHEMBL185853,IC50,nM,510.0,IC50,uM,0.51,Cc1ccc(Nc2ncnn3cccc23)cc1O,6.292429823902063
CHEMBL188522,IC50,nM,340.0,IC50,uM,0.34,Cc1ccc(Nc2ncnn3ccc(C)c23)cc1O,6.468521082957745
CHEMBL184750,IC50,nM,650.0,IC50,uM,0.65,Cc1cc2c(Nc3ccc(C)c(O)c3)ncnn2c1,6.187086643357144
CHEMBL187431,IC50,nM,29400.0,IC50,uM,29.4,Cc1ccc(Nc2ncnn3c(C)ccc23)cc1O,4.531652669587842
CHEMBL186001,IC50,nM,200.0,IC50,uM,0.2,Cc1ccc(Nc2ncnn3cc(C)c(C)c23)cc1O,6.698970004336019
CHEMBL188386,IC50,nM,7400.0,IC50,uM,7.4,OCCCCNc1cncc(-c2cncc(Nc3cccc(Cl)c3)n2)c1,5.130768280269024
CHEMBL363130,IC50,nM,8400.0,IC50,uM,8.4,Cc1ccsc1C(=O)n1nc(Nc2ccc(S(N)(=O)=O)cc2)nc1N,5.075720713938118
CHEMBL363607,IC50,nM,45800.0,IC50,uM,45.8,Cc1ccc(F)c(C(=O)n2nc(Nc3ccc(S(N)(=O)=O)cc3)nc2C)c1F,4.33913452199613
CHEMBL190651,IC50,nM,252.0,IC50,nM,252.0,COCC(=O)Nc1ccc2ncnc(Nc3cc(Cl)c(Cl)cc3F)c2c1,6.598599459218456
CHEMBL192737,IC50,nM,174.0,IC50,nM,174.0,COCC(=O)Nc1ccc2ncnc(Nc3cccc(Br)c3)c2c1,6.7594507517174005
CHEMBL190567,IC50,nM,150.0,IC50,nM,150.0,COCC(=O)Nc1ccc2ncnc(Nc3cccc(I)c3)c2c1,6.823908740944319
CHEMBL275762,IC50,nM,0.07,IC50,nM,0.07,O=C(CCl)Nc1ccc2ncnc(Nc3cc(Cl)c(Cl)cc3F)c2c1,10.154901959985743
CHEMBL193159,IC50,nM,32.0,IC50,nM,32.0,O=C(CCl)Nc1ccc2ncnc(Nc3cccc(Br)c3)c2c1,7.494850021680094
CHEMBL193160,IC50,nM,0.12,IC50,nM,0.12,O=C(CCl)Nc1ccc2ncnc(Nc3cccc(I)c3)c2c1,9.920818753952375
CHEMBL190094,IC50,nM,0.11,IC50,nM,0.11,CN(C)C/C=C/C(=O)Nc1ccc2ncnc(Nc3cc(Cl)c(Cl)cc3F)c2c1,9.958607314841775
CHEMBL189779,IC50,nM,0.94,IC50,nM,0.94,CN(C)C/C=C/C(=O)Nc1ccc2ncnc(Nc3cccc(I)c3)c2c1,9.0268721464003
CHEMBL372246,IC50,nM,6000.0,IC50,nM,6000.0,C=CC(=O)Nc1cc2c(Nc3cc(Cl)c(Cl)cc3F)ncnc2cc1N1CCN(C)CC1,5.221848749616356
CHEMBL365805,IC50,nM,13000.0,IC50,nM,13000.0,C=CC(=O)Nc1cc2c(Nc3cccc(Br)c3)ncnc2cc1N1CCN(C)CC1,4.886056647693163
CHEMBL437879,IC50,nM,0.208,IC50,nM,0.208,COc1cc2ncnc(Nc3cc(Cl)c(Cl)cc3F)c2cc1OC,9.681936665037238
CHEMBL363815,IC50,nM,0.037,IC50,nM,0.037,C=CC(=O)Nc1ccc2ncnc(Nc3cc(Cl)c(Cl)cc3F)c2c1,10.431798275933005
CHEMBL195218,IC50,nM,4200.0,IC50,uM,4.2,CONC(=O)c1cc(Nc2ncnn3cc(NC(=O)OCCCS(C)(=O)=O)c(C(C)C)c23)c(F)cc1F,5.376750709602099
CHEMBL370266,IC50,nM,5500.0,IC50,uM,5.5,CONC(=O)c1cc(Nc2ncnn3cc(NC(=O)OCC4CCCO4)c(C(C)C)c23)c(F)cc1F,5.259637310505756
CHEMBL196018,IC50,nM,90.0,IC50,uM,0.09,CCOC(=O)c1cn2ncnc(Nc3ccc(F)c(Cl)c3)c2c1CC,7.045757490560675
CHEMBL370934,IC50,nM,60.0,IC50,uM,0.06,CCOC(=O)c1cn2ncnc(Nc3cccc(Br)c3)c2c1CC,7.221848749616356
CHEMBL372112,IC50,nM,50.0,IC50,uM,0.05,CCOC(=O)c1cn2ncnc(Nc3ccc4[nH]ncc4c3)c2c1CC,7.301029995663981
CHEMBL371863,IC50,nM,200.0,IC50,uM,0.2,CCOC(=O)c1cn2ncnc(NCc3ccccc3)c2c1CC,6.698970004336019
CHEMBL196925,IC50,nM,120.0,IC50,uM,0.12,CCOC(=O)c1cn2ncnc(Nc3ccc4c(cnn4Cc4ccccc4)c3)c2c1CC,6.920818753952375
CHEMBL194349,IC50,nM,610.0,IC50,uM,0.61,CCOC(=O)c1cn2ncnc(Nc3ccc(Oc4ccccc4)cc3)c2c1CC,6.214670164989233
CHEMBL425738,IC50,nM,120.0,IC50,uM,0.12,CCOC(=O)c1cc2c(Nc3ccc4c(cnn4Cc4ccccc4)c3)ncnn2c1,6.920818753952375
CHEMBL196738,IC50,nM,200.0,IC50,uM,0.2,CCOC(=O)c1cn2ncnc(Nc3ccc4c(cnn4Cc4ccccc4)c3)c2c1C,6.698970004336019
CHEMBL365606,IC50,nM,200.0,IC50,uM,0.2,CCOC(=O)c1cn2ncnc(Nc3ccc4c(cnn4Cc4ccccc4)c3)c2c1C(C)C,6.698970004336019
CHEMBL438805,IC50,nM,950.0,IC50,uM,0.95,CCCc1c(C(=O)OCC)cn2ncnc(Nc3ccc4c(cnn4Cc4ccccc4)c3)c12,6.022276394711152
CHEMBL196438,IC50,nM,20.0,IC50,uM,0.02,CCc1c(C(=O)O)cn2ncnc(Nc3ccc4c(cnn4Cc4ccccc4)c3)c12,7.698970004336019
CHEMBL194958,IC50,nM,120.0,IC50,uM,0.12,CCc1c(C(N)=O)cn2ncnc(Nc3ccc4c(cnn4Cc4ccccc4)c3)c12,6.920818753952375
CHEMBL197689,IC50,nM,70.0,IC50,uM,0.07,CCc1c(C(=O)NC)cn2ncnc(Nc3ccc4c(cnn4Cc4ccccc4)c3)c12,7.154901959985743
CHEMBL372293,IC50,nM,200.0,IC50,uM,0.2,CCc1c(C(=O)N(C)C)cn2ncnc(Nc3ccc4c(cnn4Cc4ccccc4)c3)c12,6.698970004336019
CHEMBL372523,IC50,nM,210.0,IC50,uM,0.21,CCc1c(NC(=O)OCc2ccccc2)cn2ncnc(Nc3ccc4c(cnn4Cc4ccccc4)c3)c12,6.6777807052660805
CHEMBL373025,IC50,nM,490.0,IC50,uM,0.49,CCc1c(CO)cn2ncnc(Nc3ccc4c(cnn4Cc4ccccc4)c3)c12,6.309803919971486
CHEMBL369967,IC50,nM,7400.0,IC50,uM,7.4,CCNCc1cn2ncnc(Nc3ccc4c(cnn4Cc4ccccc4)c3)c2c1CC,5.130768280269024
CHEMBL196548,IC50,nM,950.0,IC50,uM,0.95,CCOCc1cn2ncnc(Nc3ccc4c(cnn4Cc4ccccc4)c3)c2c1CC,6.022276394711152
CHEMBL194160,IC50,nM,1100.0,IC50,uM,1.1,CCc1c(CC(N)=O)cn2ncnc(Nc3ccc4c(cnn4Cc4ccccc4)c3)c12,5.958607314841775
CHEMBL372692,IC50,nM,1600.0,IC50,uM,1.6,CCc1c(CC(=O)O)cn2ncnc(Nc3ccc4c(cnn4Cc4ccccc4)c3)c12,5.795880017344075
CHEMBL193681,IC50,nM,40.0,IC50,uM,0.04,CCc1c(C(=O)NCCCn2ccnc2)cn2ncnc(Nc3ccc4c(cnn4Cc4ccccc4)c3)c12,7.3979400086720375
CHEMBL193368,IC50,nM,170.0,IC50,uM,0.17,CCc1c(C(=O)OCCCn2ccnc2)cn2ncnc(Nc3ccc4c(cnn4Cc4ccccc4)c3)c12,6.769551078621726
CHEMBL412367,IC50,nM,40.0,IC50,uM,0.04,CCc1c(NC(=O)OCCn2ccnc2)cn2ncnc(Nc3ccc4c(cnn4Cc4ccccc4)c3)c12,7.3979400086720375
CHEMBL371888,IC50,nM,59.0,IC50,uM,0.059,COc1cc2ncnc(Nc3ccc(OCc4ccccn4)c(C)c3)c2cc1OC,7.229147988357855
CHEMBL444619,IC50,nM,5.0,IC50,uM,0.005,COc1cc(ON2CCC(C)CC2)c2c(Nc3ccc(OCc4ccccn4)c(Cl)c3)ncnc2c1,8.301029995663981
CHEMBL197640,IC50,nM,5.0,IC50,uM,0.005,CN1CCC(Oc2cccc3ncnc(Nc4ccc(OCc5cccc(F)c5)c(Cl)c4)c23)CC1,8.301029995663981
CHEMBL197525,IC50,nM,1800.0,IC50,uM,1.8,COc1ccc(Nc2ncnc3cccc(OC4CCN(C)CC4)c23)cc1Cl,5.7447274948966935
CHEMBL193578,IC50,nM,2400.0,IC50,uM,2.4,Clc1cc(Nc2ncnc3cccc(OC4CCOCC4)c23)ccc1OCc1ccccn1,5.619788758288394
CHEMBL193544,IC50,nM,140.0,IC50,uM,0.14,CN1CCC(Oc2cccc3ncnc(Nc4ccc(OCc5ccccn5)c(Cl)c4)c23)CC1,6.853871964321762
CHEMBL436511,IC50,nM,690.0,IC50,uM,0.69,CN1CCC(Oc2cccc3ncnc(Nc4ccc(OCc5cnccn5)c(Cl)c4)c23)CC1,6.161150909262744
CHEMBL195204,IC50,nM,698.0,IC50,uM,0.698,CN1CCC(Oc2cccc3ncnc(Nc4ccc(OCc5cscn5)c(Cl)c4)c23)CC1,6.156144577376839
CHEMBL194337,IC50,nM,2100.0,IC50,uM,2.1,CN1CCC(Oc2cccc3ncnc(Nc4ccc(OCc5ccccn5)cc4)c23)CC1,5.6777807052660805
CHEMBL194389,IC50,nM,440.0,IC50,uM,0.44,COc1cccc2ncnc(Nc3ccc(OCc4ccccn4)c(Cl)c3)c12,6.356547323513812
CHEMBL401930,IC50,nM,1600.0,IC50,nM,1600.0,Cc1cc(N2CCOCC2)cc2[nH]c(-c3c(NC[C@@H](O)c4cccc(Cl)c4)cc[nH]c3=O)nc12,5.795880017344075
CHEMBL195029,IC50,nM,2700.0,IC50,uM,2.7,COc1cc(Nc2c(C#N)cnc3cc4cc(OCCN5CCOCC5)c(OC)cc4cc23)c(Cl)cc1Cl,5.568636235841013
CHEMBL370808,IC50,nM,5200.0,IC50,uM,5.2,COc1ccc(C#CC(C)(C)N)cc1-c1[nH]nc2nc(Nc3ccc(F)cc3F)ncc12,5.2839966563652006
CHEMBL201840,IC50,nM,12600.0,IC50,uM,12.6,COC(=O)c1c(OC)c2ccccc2c2oc3c(c12)C(=O)c1ccccc1C3=O,4.899629454882437
CHEMBL200976,IC50,nM,2800.0,IC50,uM,2.8,COC(=O)c1c(OCCN2CCCCC2)c2ccccc2c2oc3c(c12)C(=O)c1ccccc1C3=O,5.552841968657781
CHEMBL202244,IC50,nM,9000.0,IC50,uM,9.0,COC(=O)c1c(OCCN2CCCC2)c2ccccc2c2oc3c(c12)C(=O)c1ccccc1C3=O,5.045757490560675
CHEMBL383030,IC50,nM,13600.0,IC50,uM,13.6,COC(=O)c1c(OCCCN(C)C)c2ccccc2c2oc3c(c12)C(=O)c1ccccc1C3=O,4.866461091629782
CHEMBL202162,IC50,nM,5100.0,IC50,uM,5.1,CCN(CC)CCOc1c(C(=O)OC)c2c3c(oc2c2ccccc12)C(=O)c1ccccc1C3=O,5.292429823902063
CHEMBL201865,IC50,nM,31000.0,IC50,uM,31.0,COC(=O)c1c(OCCN(C)C)c2ccccc2c2oc3c(c12)C(=O)c1ccccc1C3=O,4.508638306165727
CHEMBL201307,IC50,nM,800.0,IC50,uM,0.8,COc1cc2c(Nc3ncc(CC(=O)Nc4cccc(F)c4)s3)ncnc2cc1OCCCN1CCC(CO)CC1,6.096910013008056
CHEMBL437890,IC50,nM,1.1,IC50,nM,1.1,CN1CCN(CCC#CC(=O)Nc2cc3c(Nc4ccc(F)c(Br)c4)ncnc3cn2)CC1,8.958607314841775
CHEMBL203599,IC50,nM,0.5,IC50,nM,0.5,CN1CCN(CCC#CC(=O)Nc2cc3c(Nc4ccc(F)c(Cl)c4)ncnc3cn2)CC1,9.301029995663981
CHEMBL205059,IC50,nM,0.9,IC50,nM,0.9,O=C(C#CCCN1CCCCC1)Nc1cc2c(Nc3ccc(F)c(Cl)c3)ncnc2cn1,9.045757490560675
CHEMBL204638,IC50,nM,1.5,IC50,nM,1.5,O=C(C#CCCN1CCOCC1)Nc1cc2c(Nc3ccc(F)c(Br)c3)ncnc2cn1,8.823908740944319
CHEMBL203661,IC50,nM,1.3,IC50,nM,1.3,O=C(C#CCCN1CCOCC1)Nc1cc2c(Nc3ccc(F)c(Cl)c3)ncnc2cn1,8.886056647693163
CHEMBL202556,IC50,nM,3.1,IC50,nM,3.1,O=C(C#CCN1CCOCC1)Nc1cc2c(Nc3ccc(F)c(Cl)c3)ncnc2cn1,8.508638306165727
CHEMBL202421,IC50,nM,17.0,IC50,nM,17.0,CCCCN(CC#CC(=O)Nc1cc2c(Nc3ccc(F)c(Cl)c3)ncnc2cn1)CCCC,7.769551078621726
CHEMBL383499,IC50,nM,44.0,IC50,nM,44.0,CC(C)N(CC#CC(=O)Nc1cc2c(Nc3ccc(F)c(Cl)c3)ncnc2cn1)C(C)C,7.356547323513812
CHEMBL202425,IC50,nM,15.0,IC50,nM,15.0,CCN(CC)CC#CC(=O)Nc1cc2c(Nc3ccc(F)c(Cl)c3)ncnc2cn1,7.823908740944319
CHEMBL202424,IC50,nM,15.0,IC50,nM,15.0,CCCCC#CC(=O)Nc1cc2c(Nc3ccc(F)c(Cl)c3)ncnc2cn1,7.823908740944319
CHEMBL203645,IC50,nM,1.7,IC50,nM,1.7,CCCC#CC(=O)Nc1cc2c(Nc3ccc(F)c(Cl)c3)ncnc2cn1,8.769551078621726
CHEMBL203644,IC50,nM,0.3,IC50,nM,0.3,CC#CC(=O)Nc1cc2c(Nc3ccc(F)c(Cl)c3)ncnc2cn1,9.522878745280337
CHEMBL378144,IC50,nM,0.6,IC50,nM,0.6,C#CC(=O)Nc1cc2c(Nc3cccc(Br)c3)ncnc2cn1,9.221848749616356
CHEMBL204085,IC50,nM,1.7,IC50,nM,1.7,O=C(C#CCCN1CCOCC1)Nc1ccc2ncnc(Nc3ccc(F)c(Cl)c3)c2c1,8.769551078621726
CHEMBL382073,IC50,nM,1.8,IC50,nM,1.8,CCN(CC)CCC#CC(=O)Nc1ccc2ncnc(Nc3ccc(F)c(Cl)c3)c2c1,8.744727494896694
CHEMBL202621,IC50,nM,86.0,IC50,nM,86.0,O=C(C#CCN1CCOCC1)Nc1ccc2ncnc(Nc3ccc(F)c(Cl)c3)c2c1,7.0655015487564325
CHEMBL202398,IC50,nM,40.0,IC50,nM,40.0,CCCCN(CC#CC(=O)Nc1ccc2ncnc(Nc3ccc(F)c(Cl)c3)c2c1)CCCC,7.3979400086720375
CHEMBL380669,IC50,nM,4.2,IC50,nM,4.2,CC(C)N(CC#CC(=O)Nc1ccc2ncnc(Nc3ccc(F)c(Cl)c3)c2c1)C(C)C,8.3767507096021
CHEMBL373207,IC50,nM,3.1,IC50,nM,3.1,CCN(CC)CC#CC(=O)Nc1ccc2ncnc(Nc3ccc(F)c(Cl)c3)c2c1,8.508638306165727
CHEMBL202411,IC50,nM,1.4,IC50,nM,1.4,O=C(C#CCO)Nc1ccc2ncnc(Nc3ccc(F)c(Cl)c3)c2c1,8.853871964321762
CHEMBL202360,IC50,nM,1.6,IC50,nM,1.6,C#CC(=O)Nc1ccc2ncnc(Nc3cccc(Br)c3)c2c1,8.795880017344075
CHEMBL382862,IC50,nM,10000.0,IC50,uM,10.0,Brc1ccc2c(c1)CNc1c(Nc3ccccc3)ncnc1O2,5.0
CHEMBL203295,IC50,nM,21.0,IC50,nM,21.0,COc1cc(OC2CCN(C)CC2)c2c(Nc3ccc(F)c(Cl)c3)ncnc2c1,7.6777807052660805
CHEMBL205776,IC50,nM,66.0,IC50,nM,66.0,CN1CCN(CCCOc2cc(OC3CCOCC3)c3c(Nc4ccc(F)c(Cl)c4)ncnc3c2)CC1,7.180456064458132
CHEMBL382041,IC50,nM,671.0,IC50,nM,671.0,COCCOc1cc(OC2CCOCC2)c2c(Nc3ccc(F)c(Cl)c3)ncnc2c1,6.1732774798310075
CHEMBL379017,IC50,nM,9601.0,IC50,nM,9601.0,COc1cc(OC2CCN(S(C)(=O)=O)CC2)c2c(Nc3ccc(F)c(Cl)c3)ncnc2c1,5.017683530307934
CHEMBL204330,IC50,nM,873.0,IC50,nM,873.0,COc1cc(OC2CCN(C(C)=O)CC2)c2c(Nc3ccc(F)c(Cl)c3)ncnc2c1,6.0589857562944305
CHEMBL205149,IC50,nM,10.0,IC50,nM,10.0,COc1cc(OC2CCNCC2)c2c(Nc3ccc(F)c(Cl)c3)ncnc2c1,8.0
CHEMBL203725,IC50,nM,3.0,IC50,nM,3.0,CN1CCC(Oc2cccc3ncnc(Nc4ccc(F)c(Cl)c4)c23)CC1,8.522878745280337
CHEMBL203936,IC50,nM,225.0,IC50,nM,225.0,COc1ccc2ncnc(Nc3ccc(F)c(Cl)c3)c2c1OC1CCN(C)CC1,6.647817481888637
CHEMBL377277,IC50,nM,8068.0,IC50,nM,8068.0,COc1cc(OC(C)C)c2c(Nc3ccc(F)c(Cl)c3)ncnc2c1,5.093234110459272
CHEMBL204268,IC50,nM,187.0,IC50,nM,187.0,COc1cc(OC2CCOC2)c2c(Nc3ccc(F)c(Cl)c3)ncnc2c1,6.728158393463501
CHEMBL205783,IC50,nM,1384.0,IC50,nM,1384.0,COc1cc(OC2CCOCC2)c2c(Nc3ccc(F)c(Cl)c3)ncnc2c1,5.858863909879261
CHEMBL381306,IC50,nM,6000.0,IC50,uM,6.0,Brc1ccc2c(c1)CNc1c(NCc3ccccc3)ncnc1O2,5.221848749616356
CHEMBL204223,IC50,nM,6300.0,IC50,uM,6.3,COc1cc(OC)c2c(c1)Oc1ncnc(Nc3cccc(Br)c3)c1NC2,5.200659450546418
CHEMBL202970,IC50,nM,1200.0,IC50,uM,1.2,COc1cc2c(cc1OC)Oc1ncnc(Nc3ccc(F)c(Cl)c3)c1NC2,5.920818753952375
CHEMBL380972,IC50,nM,340.0,IC50,uM,0.34,COc1cc2c(cc1OC)Oc1ncnc(Nc3cccc(Br)c3)c1NC2,6.468521082957745
CHEMBL425402,IC50,nM,1100.0,IC50,uM,1.1,Fc1ccc(Nc2ncnc3c2NCc2ccccc2O3)cc1Cl,5.958607314841775
CHEMBL203219,IC50,nM,3400.0,IC50,uM,3.4,Brc1cccc(Nc2ncnc3c2NCc2ccccc2O3)c1,5.468521082957745
CHEMBL204164,IC50,nM,4900.0,IC50,uM,4.9,C=CC(=O)Nc1ccc2c(c1)CNc1c(Nc3ccc(F)c(Cl)c3)ncnc1O2,5.309803919971486
CHEMBL381541,IC50,nM,5700.0,IC50,uM,5.7,C=CC(=O)Nc1ccc2c(c1)CNc1c(Nc3cccc(Br)c3)ncnc1O2,5.2441251443275085
CHEMBL382186,IC50,nM,4100.0,IC50,uM,4.1,CS(=O)(=O)Nc1ccc2c(c1)CNc1c(Nc3cccc(Br)c3)ncnc1O2,5.3872161432802645
CHEMBL206197,IC50,nM,3700.0,IC50,uM,3.7,Nc1ccc2c(c1)CNc1c(Nc3ccc(F)c(Cl)c3)ncnc1O2,5.431798275933005
CHEMBL203132,IC50,nM,1700.0,IC50,uM,1.7,Nc1ccc2c(c1)CNc1c(Nc3cccc(Br)c3)ncnc1O2,5.769551078621726
CHEMBL206848,IC50,nM,4400.0,IC50,uM,4.4,O=C(O)c1ccc2c(c1)CNc1c(Nc3ccc(F)c(Cl)c3)ncnc1O2,5.356547323513812
CHEMBL205148,IC50,nM,1000.0,IC50,uM,1.0,O=C(O)c1ccc2c(c1)CNc1c(Nc3cccc(Br)c3)ncnc1O2,6.0
CHEMBL206320,IC50,nM,2000.0,IC50,uM,2.0,Fc1ccc2c(c1)CNc1c(Nc3cccc(-c4ccccc4)c3)ncnc1O2,5.698970004336019
CHEMBL426124,IC50,nM,900.0,IC50,uM,0.9,COc1ccc2c(c1)CNc1c(Nc3ccc(F)c(Cl)c3)ncnc1O2,6.045757490560675
CHEMBL206347,IC50,nM,1000.0,IC50,uM,1.0,COc1ccc2c(c1)Oc1ncnc(Nc3ccc(F)c(Cl)c3)c1NC2,6.0
CHEMBL424853,IC50,nM,1000.0,IC50,uM,1.0,Fc1ccc2c(c1)CNc1c(Nc3ccc(F)c(Cl)c3)ncnc1O2,6.0
CHEMBL205676,IC50,nM,1000.0,IC50,uM,1.0,Fc1ccc(Nc2ncnc3c2NCc2cc(Cl)ccc2O3)cc1Cl,6.0
CHEMBL206280,IC50,nM,2000.0,IC50,uM,2.0,Fc1ccc(Nc2ncnc3c2NCc2cc(Br)ccc2O3)cc1Cl,5.698970004336019
CHEMBL383444,IC50,nM,3100.0,IC50,uM,3.1,COc1ccc2c(c1)CNc1c(Nc3cccc(Br)c3)ncnc1O2,5.508638306165727
CHEMBL204715,IC50,nM,3000.0,IC50,uM,3.0,COc1ccc2c(c1)Oc1ncnc(Nc3cccc(Br)c3)c1NC2,5.522878745280337
CHEMBL204965,IC50,nM,1500.0,IC50,uM,1.5,Fc1ccc2c(c1)CNc1c(Nc3cccc(Br)c3)ncnc1O2,5.823908740944319
CHEMBL378145,IC50,nM,3400.0,IC50,uM,3.4,Clc1ccc2c(c1)CNc1c(Nc3cccc(Br)c3)ncnc1O2,5.468521082957745
CHEMBL383614,IC50,nM,1000.0,IC50,uM,1.0,Brc1cccc(Nc2ncnc3c2NCc2cc(Br)ccc2O3)c1,6.0
CHEMBL205454,IC50,nM,5800.0,IC50,uM,5.8,COc1ccc2c(c1)CNc1c(Nc3ccc(Cl)cc3)ncnc1O2,5.236572006437063
CHEMBL383121,IC50,nM,7500.0,IC50,uM,7.5,COc1ccc2c(c1)CNc1c(Nc3ccccc3)ncnc1O2,5.1249387366083
CHEMBL203529,IC50,nM,7000.0,IC50,uM,7.0,Fc1ccc2c(c1)CNc1c(Nc3ccccc3)ncnc1O2,5.154901959985743
CHEMBL204335,IC50,nM,2000.0,IC50,uM,2.0,COc1ccc2c(c1)CNc1c(NCc3ccccc3)ncnc1O2,5.698970004336019
CHEMBL206370,IC50,nM,9800.0,IC50,uM,9.8,COc1ccc2c(c1)CNc1c(Nc3cccc(-c4ccccc4)c3)ncnc1O2,5.008773924307505
CHEMBL379041,IC50,nM,8900.0,IC50,uM,8.9,Fc1ccc2c(c1)CNc1c(NCc3ccccc3)ncnc1O2,5.050609993355087
CHEMBL606964,IC50,nM,545.0,IC50,nM,545.0,COc1ccc(N2Cc3cnc(Nc4ccc(F)cc4)nc3N([C@@H]3CC[C@@H](O)C3)C2=O)cc1,6.2636034977233574
CHEMBL206483,IC50,nM,15000.0,IC50,uM,15.0,Cc1cccc(-n2ncc3c(NCc4ccc5c(c4)OCO5)ncnc32)c1,4.823908740944319
CHEMBL206029,IC50,nM,15.0,IC50,uM,0.015,CS(=O)(=O)CCNC(=O)NCc1cccc(C#Cc2cncnc2Nc2ccc(OCc3cccc(F)c3)c(Cl)c2)n1,7.823908740944319
CHEMBL380078,IC50,nM,23.0,IC50,uM,0.023,CNC(=O)NCc1cccc(C#Cc2cncnc2Nc2ccc(OCc3cccc(F)c3)c(Cl)c2)n1,7.638272163982407
CHEMBL206003,IC50,nM,21.0,IC50,uM,0.021,NCc1cccc(C#Cc2cncnc2Nc2ccc(OCc3cccc(F)c3)c(Cl)c2)n1,7.6777807052660805
CHEMBL204570,IC50,nM,40.0,IC50,uM,0.04,OCc1cccc(C#Cc2cncnc2Nc2ccc(OCc3cccc(F)c3)c(Cl)c2)n1,7.3979400086720375
CHEMBL204467,IC50,nM,33.0,IC50,uM,0.033,OCc1ccc(C#Cc2cncnc2Nc2ccc(OCc3cccc(F)c3)c(Cl)c2)o1,7.481486060122112
CHEMBL205047,IC50,nM,76.0,IC50,uM,0.076,OCc1nc(C#Cc2cncnc2Nc2ccc(OCc3cccc(F)c3)c(Cl)c2)cs1,7.119186407719209
CHEMBL205765,IC50,nM,91.0,IC50,uM,0.091,CC(=O)Nc1cccc(C#Cc2cncnc2Nc2ccc(OCc3cccc(F)c3)c(Cl)c2)n1,7.040958607678906
CHEMBL381604,IC50,nM,32.0,IC50,uM,0.032,Nc1nccc(C#Cc2cncnc2Nc2ccc(OCc3cccc(F)c3)c(Cl)c2)n1,7.494850021680094
CHEMBL205284,IC50,nM,42.0,IC50,uM,0.042,Fc1cccc(COc2ccc(Nc3ncncc3C#Cc3cc[nH]n3)cc2Cl)c1,7.376750709602099
CHEMBL207869,IC50,nM,77.0,IC50,uM,0.077,Fc1cccc(COc2ccc(Nc3ncncc3C#Cc3ncccn3)cc2Cl)c1,7.113509274827518
CHEMBL205045,IC50,nM,17.0,IC50,uM,0.017,Fc1cccc(COc2ccc(Nc3ncncc3C#Cc3ccccn3)cc2Cl)c1,7.769551078621726
CHEMBL438440,IC50,nM,74.0,IC50,uM,0.074,Fc1cccc(COc2ccc(Nc3ncncc3C#Cc3cccnc3)cc2Cl)c1,7.130768280269024
CHEMBL206782,IC50,nM,31.0,IC50,uM,0.031,COC(=O)CCCC(=O)Nc1cccc(C#Cc2cncnc2Nc2ccc(OCc3cccc(F)c3)c(Cl)c2)c1,7.508638306165727
CHEMBL381080,IC50,nM,50.0,IC50,uM,0.05,CS(=O)(=O)CCC(=O)Nc1cccc(C#Cc2cncnc2Nc2ccc(OCc3cccc(F)c3)c(Cl)c2)c1,7.301029995663981
CHEMBL207247,IC50,nM,60.0,IC50,uM,0.06,CC(=O)NCc1cccc(C#Cc2cncnc2Nc2ccc(OCc3cccc(F)c3)c(Cl)c2)c1,7.221848749616356
CHEMBL207410,IC50,nM,79.0,IC50,uM,0.079,CNC(=O)c1cccc(C#Cc2cncnc2Nc2ccc(OCc3cccc(F)c3)c(Cl)c2)c1,7.102372908709558
CHEMBL208358,IC50,nM,110.0,IC50,uM,0.11,CS(=O)(=O)Nc1cccc(C#Cc2cncnc2Nc2ccc(OCc3cccc(F)c3)c(Cl)c2)c1,6.958607314841775
CHEMBL438075,IC50,nM,25100.0,IC50,uM,25.1,CC(=O)Nc1ccc(C#Cc2cncnc2Nc2ccc(OCc3cccc(F)c3)c(Cl)c2)cc1,4.600326278518962
CHEMBL205798,IC50,nM,12.0,IC50,uM,0.012,CC(=O)Nc1cccc(C#Cc2cncnc2Nc2ccc(OCc3cccc(F)c3)c(Cl)c2)c1,7.920818753952375
CHEMBL205966,IC50,nM,30.0,IC50,uM,0.03,Nc1ccc(C#Cc2cncnc2Nc2ccc(OCc3cccc(F)c3)c(Cl)c2)cc1,7.522878745280337
CHEMBL205235,IC50,nM,42.0,IC50,uM,0.042,Nc1cccc(C#Cc2cncnc2Nc2ccc(OCc3cccc(F)c3)c(Cl)c2)c1,7.376750709602099
CHEMBL204625,IC50,nM,63.0,IC50,uM,0.063,Nc1ccccc1C#Cc1cncnc1Nc1ccc(OCc2cccc(F)c2)c(Cl)c1,7.200659450546418
CHEMBL379093,IC50,nM,79.0,IC50,uM,0.079,Fc1cccc(COc2ccc(Nc3ncncc3C#Cc3ccccc3)cc2Cl)c1,7.102372908709558
CHEMBL205870,IC50,nM,85.0,IC50,uM,0.085,C#Cc1cncnc1Nc1ccc(OCc2cccc(F)c2)c(Cl)c1,7.070581074285707
CHEMBL205652,IC50,nM,320.0,IC50,uM,0.32,Fc1cccc(COc2ccc(Nc3ccncn3)cc2Cl)c1,6.494850021680094
CHEMBL207815,IC50,nM,6.0,IC50,uM,0.006,COCCN1CC(C(N)=O)(N(C)Cc2cc3c(Nc4cccc(Cl)c4F)ncnc3cc2OC)C1,8.221848749616356
CHEMBL425601,IC50,nM,9.0,IC50,uM,0.009,COc1cc2ncnc(Nc3cccc(Cl)c3F)c2cc1CN(C)C1(C(N)=O)CN(C(C)C)C1,8.045757490560675
CHEMBL207718,IC50,nM,20.0,IC50,uM,0.02,COc1cc2ncnc(Nc3cccc(Cl)c3F)c2cc1CN(C)C1(C(N)=O)CN(C)C1,7.698970004336019
CHEMBL383246,IC50,nM,25.0,IC50,uM,0.025,COc1cc2ncnc(Nc3cccc(Cl)c3F)c2cc1CN(C)C1(C(N)=O)CCN(C(C)C)CC1,7.6020599913279625
CHEMBL207130,IC50,nM,9.0,IC50,uM,0.009,COc1cc2ncnc(Nc3cccc(Cl)c3F)c2cc1CN(C)C1(C(N)=O)CCN(C)CC1,8.045757490560675
CHEMBL380889,IC50,nM,50.0,IC50,uM,0.05,COc1cc2ncnc(Nc3cccc(Cl)c3F)c2cc1CN(C)[C@@H](CN(C)C)C(N)=O,7.301029995663981
CHEMBL207445,IC50,nM,10.0,IC50,uM,0.01,COCC[C@@H](C(N)=O)N(C)Cc1cc2c(Nc3cccc(Cl)c3F)ncnc2cc1OC,8.0
CHEMBL379905,IC50,nM,30.0,IC50,uM,0.03,COC[C@@H](C(N)=O)N(C)Cc1cc2c(Nc3cccc(Cl)c3F)ncnc2cc1OC,7.522878745280337
CHEMBL208286,IC50,nM,20.0,IC50,uM,0.02,COc1cc2ncnc(Nc3cccc(Cl)c3F)c2cc1CN(C)[C@@H](CO)C(N)=O,7.698970004336019
CHEMBL376967,IC50,nM,120.0,IC50,uM,0.12,COc1cc2ncnc(Nc3cccc(Cl)c3F)c2cc1CN(CCN(C)C)[C@@H](C)C(N)=O,6.920818753952375
CHEMBL382823,IC50,nM,10.0,IC50,uM,0.01,COCCN(Cc1cc2c(Nc3cccc(Cl)c3F)ncnc2cc1OC)[C@@H](C)C(N)=O,8.0
CHEMBL378370,IC50,nM,20.0,IC50,uM,0.02,COc1cc2ncnc(Nc3cccc(Cl)c3F)c2cc1CN(C)C1CCNC1=O,7.698970004336019
CHEMBL380006,IC50,nM,40.0,IC50,uM,0.04,COc1cc2ncnc(Nc3cccc(Cl)c3F)c2cc1CN(C)[C@H](C)C(=O)N(C)C,7.3979400086720375
CHEMBL211003,IC50,nM,30.0,IC50,uM,0.03,CNC(=O)[C@@H](C)N(C)Cc1cc2c(Nc3cccc(Cl)c3F)ncnc2cc1OC,7.522878745280337
CHEMBL207687,IC50,nM,8.0,IC50,uM,0.008,COc1cc2ncnc(Nc3cccc(Cl)c3F)c2cc1CN(C)[C@@H](C)C(N)=O,8.096910013008056
CHEMBL208118,IC50,nM,9.0,IC50,uM,0.009,COc1cc2ncnc(Nc3cccc(Cl)c3F)c2cc1CN(C)[C@H](C)C(N)=O,8.045757490560675
CHEMBL379601,IC50,nM,20.0,IC50,uM,0.02,COc1cc2ncnc(Nc3cccc(Cl)c3F)c2cc1CN(C)CC(N)=O,7.698970004336019
CHEMBL380386,IC50,nM,150.0,IC50,uM,0.15,COc1cc2ncnc(Nc3cccc(Cl)c3F)c2cc1CN[C@H](C)C(N)=O,6.823908740944319
CHEMBL207037,IC50,nM,50.0,IC50,uM,0.05,COc1cc2ncnc(Nc3cccc(Cl)c3F)c2cc1CN1CC(C(N)=O)C1,7.301029995663981
CHEMBL207246,IC50,nM,70.0,IC50,uM,0.07,COc1cc2ncnc(Nc3cccc(Cl)c3F)c2cc1CN1CCC1C(N)=O,7.154901959985743
CHEMBL207674,IC50,nM,50.0,IC50,uM,0.05,COc1cc2ncnc(Nc3cccc(Cl)c3F)c2cc1CN1CCOCC1C(N)=O,7.301029995663981
CHEMBL206783,IC50,nM,8.0,IC50,uM,0.008,COc1cc2ncnc(Nc3cccc(Cl)c3F)c2cc1CN1CCCC[C@@H]1C(N)=O,8.096910013008056
CHEMBL204420,IC50,nM,30.0,IC50,uM,0.03,COc1cc2ncnc(Nc3cccc(Cl)c3F)c2cc1CN1CCN(C)CC1C(N)=O,7.522878745280337
CHEMBL377772,IC50,nM,170.0,IC50,uM,0.17,COc1cc2ncnc(Nc3cccc(Cl)c3F)c2cc1CN1CCC[C@H]1CC(N)=O,6.769551078621726
CHEMBL380454,IC50,nM,80.0,IC50,uM,0.08,COc1cc2ncnc(Nc3cccc(Cl)c3F)c2cc1CN1CC[C@H](C(N)=O)C1,7.096910013008056
CHEMBL382822,IC50,nM,450.0,IC50,uM,0.45,COc1cc2ncnc(Nc3cccc(Cl)c3F)c2cc1CN1CCC[C@@H]1C(=O)N(C)C,6.346787486224656
CHEMBL383760,IC50,nM,50.0,IC50,uM,0.05,CNC(=O)[C@H]1CCCN1Cc1cc2c(Nc3cccc(Cl)c3F)ncnc2cc1OC,7.301029995663981
CHEMBL207235,IC50,nM,10.0,IC50,uM,0.01,COc1cc2ncnc(Nc3cccc(Cl)c3F)c2cc1CN1C[C@H](OC)C[C@@H]1C(N)=O,8.0
CHEMBL208292,IC50,nM,10.0,IC50,uM,0.01,COc1cc2ncnc(Nc3cccc(Cl)c3F)c2cc1CN1CCC[C@@H]1C(N)=O,8.0
CHEMBL207584,IC50,nM,30.0,IC50,uM,0.03,COc1cc2ncnc(Nc3cccc(Cl)c3F)c2cc1CN1CCC[C@H]1C(N)=O,7.522878745280337
CHEMBL382638,IC50,nM,20.0,IC50,uM,0.02,COc1cc2ncnc(Nc3ccc(F)c(Cl)c3)c2cc1CN1CCC[C@H]1C(N)=O,7.698970004336019
CHEMBL206955,IC50,nM,6.0,IC50,uM,0.006,COc1cc2ncnc(Nc3ccc(F)c(Cl)c3)c2cc1CN1CCC[C@@H]1C(N)=O,8.221848749616356
CHEMBL437885,IC50,nM,360.0,IC50,uM,0.36,COc1cc2ncnc(Nc3cccc(Cl)c3F)c2cc1CN1CCCC1,6.443697499232712
CHEMBL210893,IC50,nM,294.0,IC50,nM,294.0,CN(C(=O)N(CCCl)N=O)c1ccc2ncnc(Nc3cccc(Br)c3)c2c1,6.531652669587842
CHEMBL210378,IC50,nM,204.0,IC50,nM,204.0,CN(C(=O)N(CCCl)N=O)c1ccc2ncnc(Nc3cccc(Cl)c3)c2c1,6.690369832574102
CHEMBL209818,IC50,nM,1139.0,IC50,nM,1139.0,Cc1cccc(Nc2ncnc3ccc(N(C)C(=O)N(CCCl)N=O)cc23)c1,5.9434762759209
CHEMBL210660,IC50,nM,47.0,IC50,nM,47.0,O=NN(CCCl)C(=O)Nc1ccc2ncnc(Nc3cccc(Br)c3)c2c1,7.327902142064283
CHEMBL210659,IC50,nM,67.0,IC50,nM,67.0,O=NN(CCCl)C(=O)Nc1ccc2ncnc(Nc3cccc(Cl)c3)c2c1,7.173925197299173
CHEMBL210502,IC50,nM,1061.0,IC50,nM,1061.0,Cc1cccc(Nc2ncnc3ccc(NC(=O)N(CCCl)N=O)cc23)c1,5.974284616098659
CHEMBL379047,IC50,nM,156.0,IC50,nM,156.0,CN(CCCl)C(=O)Nc1ccc2ncnc(Nc3cccc(Br)c3)c2c1,6.806875401645538
CHEMBL208144,IC50,nM,81.0,IC50,nM,81.0,CN(CCCl)C(=O)Nc1ccc2ncnc(Nc3cccc(Cl)c3)c2c1,7.0915149811213505
CHEMBL208849,IC50,nM,1693.0,IC50,nM,1693.0,Cc1cccc(Nc2ncnc3ccc(NC(=O)N(C)CCCl)cc23)c1,5.771343041891065
CHEMBL207009,IC50,nM,18.0,IC50,nM,18.0,O=C(NCCCl)Nc1ccc2ncnc(Nc3cccc(Br)c3)c2c1,7.7447274948966935
CHEMBL210444,IC50,nM,22.0,IC50,nM,22.0,O=C(NCCCl)Nc1ccc2ncnc(Nc3cccc(Cl)c3)c2c1,7.657577319177793
CHEMBL208240,IC50,nM,676.0,IC50,nM,676.0,Cc1cccc(Nc2ncnc3ccc(NC(=O)NCCCl)cc23)c1,6.170053304058364
CHEMBL209343,IC50,nM,4.0,IC50,nM,4.0,CNc1ccc2ncnc(Nc3cccc(Cl)c3)c2c1,8.397940008672037
CHEMBL208594,IC50,nM,11.0,IC50,nM,11.0,CNc1ccc2ncnc(Nc3cccc(C)c3)c2c1,7.958607314841775
CHEMBL213560,IC50,nM,710.0,IC50,uM,0.71,O=C1NC(=O)N(CCc2ccccc2)/C1=C/c1ccc(O)cc1,6.1487416512809245
CHEMBL212965,IC50,nM,12.0,IC50,uM,0.012,[O-][S+]1CCN(Cc2ccc(-c3ccc4ncnc(Nc5ccc(OCc6ccccc6)c(Cl)c5)c4c3)o2)CC1,7.920818753952375
CHEMBL215716,IC50,nM,16.0,IC50,uM,0.016,[O-][S+]1CCN(Cc2ccc(-c3ccc4ncnc(Nc5ccc(OCc6ccccc6)c(F)c5)c4c3)o2)CC1,7.795880017344075
CHEMBL212954,IC50,nM,28.0,IC50,uM,0.028,[O-][S+]1CCN(Cc2ccc(-c3ccc4ncnc(Nc5ccc(OCc6cccc(F)c6)c(Cl)c5)c4c3)o2)CC1,7.552841968657781
CHEMBL377250,IC50,nM,89.0,IC50,uM,0.089,[O-][S+]1CCN(Cc2ccc(-c3ccc4ncnc(Nc5ccc(OCc6cccc(F)c6)c(C(F)(F)F)c5)c4c3)o2)CC1,7.050609993355087
CHEMBL445572,IC50,nM,90.0,IC50,uM,0.09,CS(=O)(=O)CCN(Cc1ccccc1)Cc1ccc(-c2ccc3ncnc(Nc4ccc(OCc5cccc(F)c5)c(Cl)c4)c3c2)o1,7.045757490560675
CHEMBL384407,IC50,nM,27.0,IC50,uM,0.027,CS(=O)(=O)CCN(CC#N)Cc1ccc(-c2ccc3ncnc(Nc4ccc(OCc5cccc(F)c5)c(Cl)c4)c3c2)o1,7.568636235841013
CHEMBL212251,IC50,nM,85.0,IC50,uM,0.085,CCCN(CCS(C)(=O)=O)Cc1ccc(-c2ccc3ncnc(Nc4ccc(OCc5cccc(F)c5)c(Cl)c4)c3c2)o1,7.070581074285707
CHEMBL212201,IC50,nM,50.0,IC50,uM,0.05,O=S(=O)(CCCCNCc1ccc(-c2ccc3ncnc(Nc4ccc(OCc5ccccc5)c(Cl)c4)c3c2)o1)c1ccccc1,7.301029995663981
CHEMBL212250,IC50,nM,25.0,IC50,uM,0.025,O=S(=O)(CCOCc1ccc(-c2ccc3ncnc(Nc4ccc(OCc5cccc(F)c5)c(Cl)c4)c3c2)o1)c1ccccc1,7.6020599913279625
CHEMBL215171,IC50,nM,26.0,IC50,uM,0.026,CS(=O)(=O)CCOCc1ccc(-c2ccc3ncnc(Nc4ccc(OCc5cccc(F)c5)c(Cl)c4)c3c2)o1,7.585026652029182
CHEMBL265367,IC50,nM,17.0,IC50,uM,0.017,Cn1ccnc1S(=O)(=O)CCNCc1ccc(-c2ccc3ncnc(Nc4ccc(OCc5cccc(F)c5)c(C(F)(F)F)c4)c3c2)o1,7.769551078621726
CHEMBL214023,IC50,nM,19.0,IC50,uM,0.019,O=S(=O)(CCNCc1ccc(-c2ccc3ncnc(Nc4ccc(OCc5cccc(F)c5)c(C(F)(F)F)c4)c3c2)o1)c1ccccn1,7.721246399047171
CHEMBL1794063,IC50,nM,19.0,IC50,uM,0.019,O=S(=O)(CCNCc1ccc(-c2ccc3ncnc(Nc4ccc(OCc5cccc(F)c5)c(Cl)c4)c3c2)o1)c1ccccc1,7.721246399047171
CHEMBL214487,IC50,nM,18.0,IC50,uM,0.018,CC(C)S(=O)(=O)CCNCc1ccc(-c2ccc3ncnc(Nc4ccc(OCc5cccc(F)c5)c(Cl)c4)c3c2)o1,7.7447274948966935
CHEMBL383965,IC50,nM,21.0,IC50,uM,0.021,CCCS(=O)(=O)CCNCc1ccc(-c2ccc3ncnc(Nc4ccc(OCc5cccc(F)c5)c(Cl)c4)c3c2)o1,7.6777807052660805
CHEMBL215814,IC50,nM,80.0,IC50,uM,0.08,CS(=O)(=O)CCNCc1ccc(-c2ccc3ncnc(Nc4ccc(OCc5cccc(F)c5)c(C(F)(F)F)c4)c3c2)o1,7.096910013008056
CHEMBL387207,IC50,nM,160.0,IC50,uM,0.16,CS(=O)(=O)CCNCc1ccc(-c2ccc3ncnc(Nc4ccc(OCc5ccccc5)c(C(F)(F)F)c4)c3c2)o1,6.795880017344075
CHEMBL215033,IC50,nM,100.0,IC50,uM,0.1,COc1cc(Nc2ncnc3ccc(-c4ccc(CNCCS(C)(=O)=O)o4)cc23)ccc1OCc1cccc(F)c1,7.0
CHEMBL214689,IC50,nM,25.0,IC50,uM,0.025,CS(=O)(=O)CCNCc1ccc(-c2ccc3ncnc(Nc4ccc(OCc5ccccc5)c(Br)c4)c3c2)o1,7.6020599913279625
CHEMBL380247,IC50,nM,18.0,IC50,uM,0.018,CS(=O)(=O)CCNCc1ccc(-c2ccc3ncnc(Nc4ccc(OCc5ccccc5)c(Cl)c4)c3c2)o1,7.7447274948966935
CHEMBL214419,IC50,nM,91.0,IC50,uM,0.091,CS(=O)(=O)CCNCc1ccc(-c2ccc3ncnc(Nc4ccc(OCc5cccc(C(F)(F)F)c5)cc4)c3c2)o1,7.040958607678906
CHEMBL384711,IC50,nM,43.0,IC50,uM,0.043,CS(=O)(=O)CCNCc1ccc(-c2ccc3ncnc(Nc4ccc(OCc5cccc(Br)c5)cc4)c3c2)o1,7.366531544420414
CHEMBL213818,IC50,nM,24.0,IC50,uM,0.024,CS(=O)(=O)CCNCc1ccc(-c2ccc3ncnc(Nc4ccc(OCc5cccc(F)c5)cc4)c3c2)o1,7.619788758288394
CHEMBL213342,IC50,nM,27.0,IC50,uM,0.027,CS(=O)(=O)CCNCc1ccc(-c2ccc3ncnc(Nc4ccc(OCc5ccccc5)cc4)c3c2)o1,7.568636235841013
CHEMBL385479,IC50,nM,18.0,IC50,nM,18.0,COc1cc2ncnc(Nc3cccc(Cl)c3F)c2cc1OCCCN1CCOCC1,7.7447274948966935
CHEMBL384699,IC50,nM,51.0,IC50,nM,51.0,COc1cc2ncnc(Nc3cc(Cl)ccc3F)c2cc1OCCCN1CCOCC1,7.292429823902063
CHEMBL213874,IC50,nM,2.0,IC50,nM,2.0,COc1cc2ncnc(Nc3cccc(Cl)c3F)c2cc1OCC1CCN(C)CC1,8.698970004336019
CHEMBL214631,IC50,nM,106.0,IC50,nM,106.0,COc1cc2ncnc(Nc3cc(Cl)ccc3F)c2cc1OC1CCN(C)CC1,6.97469413473523
CHEMBL385471,IC50,nM,9.0,IC50,nM,9.0,COc1cc2ncnc(Nc3cc(Cl)ccc3F)c2cc1OCC1CCN(C)CC1,8.045757490560675
CHEMBL276154,IC50,nM,10.0,IC50,nM,10.0,COc1cc2ncnc(Nc3ccc(F)c(Cl)c3)c2cc1OC1CCN(C)CC1,8.0
CHEMBL215786,IC50,nM,3.0,IC50,nM,3.0,COc1cc2ncnc(Nc3ccc(F)c(Cl)c3)c2cc1OCC1CCN(C)CC1,8.522878745280337
CHEMBL214798,IC50,nM,2.0,IC50,nM,2.0,COc1cc2ncnc(Nc3cccc(Cl)c3F)c2cc1OC1CCN(C)CC1,8.698970004336019
CHEMBL213007,IC50,nM,1.0,IC50,nM,1.0,COc1cc2ncnc(Nc3cc(Cl)ccc3F)c2cc1OC1CCN(S(C)(=O)=O)CC1,9.0
CHEMBL214478,IC50,nM,9.0,IC50,nM,9.0,COc1cc2ncnc(Nc3cc(Cl)ccc3F)c2cc1OC1CCN(CC(N)=O)CC1,8.045757490560675
CHEMBL215559,IC50,nM,114.0,IC50,nM,114.0,COCCN1CCC(Oc2cc3c(Nc4cc(Cl)ccc4F)ncnc3cc2OC)CC1,6.943095148663527
CHEMBL387265,IC50,nM,2.0,IC50,nM,2.0,COc1cc2ncnc(Nc3cccc(Cl)c3F)c2cc1OC1CCN(S(C)(=O)=O)CC1,8.698970004336019
CHEMBL218677,IC50,nM,2.0,IC50,nM,2.0,COc1cc2ncnc(Nc3cccc(Cl)c3F)c2cc1OC1CCN(CC(N)=O)CC1,8.698970004336019
CHEMBL214857,IC50,nM,3.0,IC50,nM,3.0,COCCN1CCC(Oc2cc3c(Nc4cccc(Cl)c4F)ncnc3cc2OC)CC1,8.522878745280337
CHEMBL217536,IC50,nM,60.0,IC50,uM,0.06,O=C(Nc1ccc2ncnc(Nc3cccc(Br)c3)c2c1)C1CCSS1,7.221848749616356
CHEMBL364623,IC50,nM,5200.0,IC50,nM,5200.0,Cc1cc(Nc2ncc(C(=O)Nc3c(C)cccc3Cl)s2)nc(C)n1,5.2839966563652006
CHEMBL5416410,IC50,nM,180.0,IC50,nM,180.0,Cc1nc(Nc2ncc(C(=O)Nc3c(C)cccc3Cl)s2)cc(N2CCN(CCO)CC2)n1.O,6.7447274948966935
CHEMBL217090,IC50,nM,900.0,IC50,uM,0.9,Clc1ccc2c(c1Nc1ncnc3cc(OCCCN4CCCC4)cc(OC4CCOCC4)c13)OCO2,6.045757490560675
CHEMBL217092,IC50,nM,2590.0,IC50,uM,2.59,CN1CCN(CCOc2cc(OC3CCOCC3)c3c(Nc4c(Cl)ccc5c4OCO5)ncnc3c2)CC1,5.586700235918748
CHEMBL201511,IC50,nM,32000.0,IC50,M,0.000032,COc1cc(C2=C(c3c[nH]c4ccccc34)C(=O)NC2=O)cc(OC)c1OC,4.494850021680094
CHEMBL387187,IC50,nM,21.0,IC50,nM,21.0,O=C(Nc1cccc(Nc2cc(Nc3cccc(C(F)(F)F)c3)ncn2)c1)C1CC1,7.6777807052660805
CHEMBL219557,IC50,nM,230.0,IC50,nM,230.0,COc1cc(Nc2c(C#N)cnc3cc(-c4coc(CN5CCN(C)CC5)c4)c(OC)cc23)c(Cl)cc1Cl,6.638272163982407
CHEMBL436137,IC50,nM,965.0,IC50,uM,0.965,Cc1cccc(C)c1-c1cc(C)c2nc(Nc3ccc(OCCN4CCCC4)cc3)nnc2c1,6.015472686656207
CHEMBL373882,IC50,nM,25000.0,IC50,nM,25000.0,CNc1ncnc(-c2cccnc2Oc2ccc(F)c(C(=O)Nc3cc(C(F)(F)F)ccc3N(C)CCCN(C)C)c2)n1,4.6020599913279625
CHEMBL1204261,IC50,nM,8.17,IC50,nM,8.17,CCOc1cc2ncnc(Nc3cccc(F)c3)c2cc1OCC.Cl,8.087777943467584
CHEMBL1203934,IC50,nM,51.0,IC50,nM,51.0,COc1cc2ncnc(Nc3ccc(F)cc3)c2cc1OC.Cl,7.292429823902063
CHEMBL1204360,IC50,nM,32.2,IC50,nM,32.2,COc1cc2ncnc(Nc3ccccc3F)c2cc1OC.Cl,7.492144128304169
CHEMBL1203940,IC50,nM,16.0,IC50,nM,16.0,CCOc1cc2ncnc(Nc3ccc(F)cc3)c2cc1OCC.Cl,7.795880017344075
CHEMBL1203939,IC50,nM,9.31,IC50,nM,9.31,CCOc1cc2ncnc(Nc3ccccc3F)c2cc1OCC.Cl,8.031050319018657
CHEMBL1203938,IC50,nM,47.7,IC50,nM,47.7,COc1cc2ncnc(NCc3ccc(F)cc3)c2cc1OC.Cl,7.321481620959886
CHEMBL1203937,IC50,nM,17.0,IC50,nM,17.0,CCOc1cc2ncnc(NCc3ccc(F)cc3)c2cc1OCC.Cl,7.769551078621726
CHEMBL1203936,IC50,nM,20.0,IC50,nM,20.0,COc1cc2ncnc(Nc3cc(F)cc(C(F)(F)F)c3)c2cc1OC.Cl,7.698970004336019
CHEMBL1203935,IC50,nM,8.95,IC50,nM,8.95,CCOc1cc2ncnc(Nc3cc(F)cc(C(F)(F)F)c3)c2cc1OCC.Cl,8.048176964684089
CHEMBL1204305,IC50,nM,1.05,IC50,nM,1.05,COc1cc2ncnc(Nc3cccc(I)c3)c2cc1OC.Cl,8.978810700930062
CHEMBL1204168,IC50,nM,0.66,IC50,nM,0.66,COc1cc2ncnc(Nc3cccc(Br)c3)c2cc1OC.Cl,9.18045606445813
CHEMBL1204262,IC50,nM,0.64,IC50,nM,0.64,CCOc1cc2ncnc(Nc3cccc(I)c3)c2cc1OCC.Cl,9.193820026016112
CHEMBL1204199,IC50,nM,0.41,IC50,nM,0.41,CCOc1cc2ncnc(Nc3cccc(Br)c3)c2cc1OCC.Cl,9.387216143280265
CHEMBL2447950,IC50,nM,0.38,IC50,nM,0.38,CCOc1cc2ncnc(Nc3cccc(Cl)c3)c2cc1OCC.Cl,9.42021640338319
CHEMBL534948,IC50,nM,2730.0,IC50,uM,2.73,Cc1cccc(C)c1Nc1ncc(-c2ccc(OCC3CCCN(C)C3)cc2)n2cncc12.Cl,5.5638373529592435
CHEMBL225721,IC50,nM,970.0,IC50,uM,0.97,COc1ccc(N(CCN/N=N/c2ccc3ncnc(Nc4cccc(Cl)c4)c3c2)CC(C)Cl)cc1,6.013228265733755
CHEMBL225720,IC50,nM,37.0,IC50,uM,0.037,CN(C)CCN/N=N/c1ccc2ncnc(Nc3cccc(Cl)c3)c2c1,7.431798275933005
CHEMBL225930,IC50,nM,2200.0,IC50,uM,2.2,ClCCN(CCN/N=N/c1ccc2ncnc(Nc3cccc(Cl)c3)c2c1)c1ccc(Cl)cc1,5.657577319177793
CHEMBL388286,IC50,nM,3960.0,IC50,uM,3.96,COc1ccc(N(CCCl)CCN/N=N/c2ccc3ncnc(Nc4cccc(Cl)c4)c3c2)cc1,5.402304814074488
CHEMBL225929,IC50,nM,71.0,IC50,uM,0.071,ClCCN(CCN/N=N/c1ccc2ncnc(Nc3cccc(Cl)c3)c2c1)Cc1ccccc1,7.1487416512809245
CHEMBL225928,IC50,nM,4.4,IC50,uM,0.0044,CN(CCCl)CCN/N=N/c1ccc2ncnc(Nc3cccc(Cl)c3)c2c1,8.356547323513812
CHEMBL242349,IC50,nM,7710.0,IC50,nM,7710.0,COCCOc1cc2ncnc(NC3=CC(=O)C(OCc4cccc(OC)c4)=CC3=O)c2cc1OC,5.112945621949043
CHEMBL101253,IC50,nM,457.7,IC50,nM,457.7,Clc1ccc(Nc2nnc(Cc3ccncc3)c3ccccc23)cc1,6.339419087572701
CHEMBL241919,IC50,nM,24.9,IC50,nM,24.9,CCOc1cc2ncnc(NC3=CC(=O)C(OCc4cccc(C)c4)=CC3=O)c2cc1NC(=O)/C=C/CN(C)C,7.603800652904264
CHEMBL241918,IC50,nM,107.3,IC50,nM,107.3,CCOc1cc2ncnc(NC3=CC(=O)C(OCc4cccc(OC)c4)=CC3=O)c2cc1NC(=O)/C=C/CN(C)C,6.9694002780340485
CHEMBL243839,IC50,nM,47.5,IC50,nM,47.5,CCOc1cc2ncnc(NC3=CC(=O)C(OCc4cccs4)=CC3=O)c2cc1NC(=O)/C=C/CN(C)C,7.323306390375134
CHEMBL243837,IC50,nM,12.2,IC50,nM,12.2,CCOc1cc2ncnc(NC3=CC(=O)C(OCc4cccc(Cl)c4)=CC3=O)c2cc1NC(=O)/C=C/CN(C)C,7.913640169325252
CHEMBL398154,IC50,nM,90.8,IC50,nM,90.8,CCOc1cc2ncnc(NC3=CC(=O)C(OCc4ccccn4)=CC3=O)c2cc1NC(=O)/C=C/CN(C)C,7.041914151478915
CHEMBL243629,IC50,nM,18.7,IC50,nM,18.7,CCOc1cc2ncnc(NC3=CC(=O)C(OCc4ccccc4)=CC3=O)c2cc1NC(=O)/C=C/CN(C)C,7.728158393463501
CHEMBL243628,IC50,nM,166.7,IC50,nM,166.7,CCOc1cc2ncnc(NC3=CC(=O)C(OCc4ccc(F)c(F)c4)=CC3=O)c2cc1NC(=O)/C=C/CN(C)C,6.778064400171995
CHEMBL428741,IC50,nM,4.1,IC50,nM,4.1,CCOc1cc2ncnc(NC3=CC(=O)C(OCc4cccc(F)c4)=CC3=O)c2cc1NC(=O)/C=C/CN(C)C,8.387216143280265
CHEMBL243410,IC50,nM,283.3,IC50,nM,283.3,CCOc1cc2ncnc(NC3=CC(=O)C(OC(CF)CF)=CC3=O)c2cc1NC(=O)/C=C/CN(C)C,6.547753425479563
CHEMBL428039,IC50,nM,799.3,IC50,nM,799.3,CCOc1cc2ncnc(NC3=CC(=O)C(OC)=CC3=O)c2cc1NC(=O)/C=C/CN(C)C,6.097290187030123
CHEMBL180022,IC50,nM,0.08,IC50,nM,0.08,CCOc1cc2ncc(C#N)c(Nc3ccc(OCc4ccccn4)c(Cl)c3)c2cc1NC(=O)/C=C/CN(C)C,10.096910013008056
CHEMBL242131,IC50,nM,704.0,IC50,nM,704.0,CN(C)C/C=C/C(=O)Nc1ccc2ncnc(Nc3ccc(Br)cc3F)c2c1,6.152427340857888
CHEMBL427671,IC50,nM,81.0,IC50,uM,0.081,Cc1ccn2ncnc(Nc3ccc4c(cnn4Cc4cccc(F)c4)c3)c12,7.0915149811213505
CHEMBL398793,IC50,nM,130.0,IC50,uM,0.13,CC1CNCCN(Cc2ccn3ncnc(Nc4ccc5c(cnn5Cc5cccc(F)c5)c4)c23)C1,6.886056647693163
CHEMBL392774,IC50,nM,190.0,IC50,uM,0.19,COC1CNCCN(Cc2ccn3ncnc(Nc4ccc5c(cnn5Cc5cccc(F)c5)c4)c23)C1,6.721246399047171
CHEMBL234580,IC50,nM,780.0,IC50,uM,0.78,O=C1CNCCN(Cc2ccn3ncnc(Nc4ccc5c(cnn5Cc5cccc(F)c5)c4)c23)C1,6.107905397309519
CHEMBL393787,IC50,nM,200.0,IC50,uM,0.2,O[C@@H]1CNCCN(Cc2ccn3ncnc(Nc4ccc5c(cnn5Cc5cccc(F)c5)c4)c23)C1,6.698970004336019
CHEMBL233325,IC50,nM,26.0,IC50,uM,0.026,O[C@H]1CNCCN(Cc2ccn3ncnc(Nc4ccc5c(cnn5Cc5cccc(F)c5)c4)c23)C1,7.585026652029182
CHEMBL233324,IC50,nM,240.0,IC50,uM,0.24,O=C1CCN(Cc2ccn3ncnc(Nc4ccc5c(cnn5Cc5cccc(F)c5)c4)c23)CCN1,6.619788758288394
CHEMBL400413,IC50,nM,210.0,IC50,uM,0.21,CS(=O)(=O)N1CCCN(Cc2ccn3ncnc(Nc4ccc5c(cnn5Cc5cccc(F)c5)c4)c23)CC1,6.6777807052660805
CHEMBL234577,IC50,nM,130.0,IC50,uM,0.13,CN1CCCN(Cc2ccn3ncnc(Nc4ccc5c(cnn5Cc5cccc(F)c5)c4)c23)CC1,6.886056647693163
CHEMBL392273,IC50,nM,33.0,IC50,uM,0.033,Fc1cccc(Cn2ncc3cc(Nc4ncnn5ccc(CN6CCCNCC6)c45)ccc32)c1,7.481486060122112
CHEMBL231885,IC50,nM,710.0,IC50,uM,0.71,CC(=O)N1CCN(Cc2ccn3ncnc(Nc4ccc5c(cnn5Cc5cccc(F)c5)c4)c23)CC1,6.1487416512809245
CHEMBL265629,IC50,nM,350.0,IC50,uM,0.35,O=C1CN(Cc2ccn3ncnc(Nc4ccc5c(cnn5Cc5cccc(F)c5)c4)c23)CCN1,6.455931955649724
CHEMBL232082,IC50,nM,170.0,IC50,uM,0.17,CN1CCN(Cc2ccn3ncnc(Nc4ccc5c(cnn5Cc5cccc(F)c5)c4)c23)CC1,6.769551078621726
CHEMBL231875,IC50,nM,90.0,IC50,uM,0.09,Fc1cccc(Cn2ncc3cc(Nc4ncnn5ccc(CN6CCNCC6)c45)ccc32)c1,7.045757490560675
CHEMBL398388,IC50,nM,140.0,IC50,uM,0.14,NC(=O)C1CCN(Cc2ccn3ncnc(Nc4ccc5c(cnn5Cc5cccc(F)c5)c4)c23)CC1,6.853871964321762
CHEMBL231663,IC50,nM,1000.0,IC50,uM,1.0,COC(=O)C1CCN(Cc2ccn3ncnc(Nc4ccc5c(cnn5Cc5cccc(F)c5)c4)c23)CC1,6.0
CHEMBL234772,IC50,nM,220.0,IC50,uM,0.22,O=C(O)C1CCN(Cc2ccn3ncnc(Nc4ccc5c(cnn5Cc5cccc(F)c5)c4)c23)CC1,6.657577319177793
CHEMBL401443,IC50,nM,68.0,IC50,uM,0.068,OC1CCN(Cc2ccn3ncnc(Nc4ccc5c(cnn5Cc5cccc(F)c5)c4)c23)CC1,7.167491087293763
CHEMBL391675,IC50,nM,500.0,IC50,uM,0.5,Fc1cccc(Cn2ncc3cc(Nc4ncnn5ccc(CN6CCCC6)c45)ccc32)c1,6.301029995663981
CHEMBL391521,IC50,nM,110.0,IC50,uM,0.11,CN(CCO)Cc1ccn2ncnc(Nc3ccc4c(cnn4Cc4cccc(F)c4)c3)c12,6.958607314841775
CHEMBL391321,IC50,nM,45.0,IC50,uM,0.045,OCCNCc1ccn2ncnc(Nc3ccc4c(cnn4Cc4cccc(F)c4)c3)c12,7.346787486224656
CHEMBL220037,IC50,nM,30.0,IC50,uM,0.03,N#Cc1cnc2ccc(NCc3c[nH]cn3)cc2c1Nc1ccc(F)c(Cl)c1,7.522878745280337
CHEMBL391738,IC50,nM,720.0,IC50,nM,720.0,COc1cc(Nc2c(C#N)cnc3cc(C#CCCN4CCN(C)CC4)c(OC)cc23)c(Cl)cc1Cl,6.142667503568732
CHEMBL394463,IC50,nM,1800.0,IC50,uM,1.8,Cc1ccn2ncnc(Nc3ccc4c(cnn4Cc4cccnc4)c3)c12,5.7447274948966935
CHEMBL394462,IC50,nM,200.0,IC50,uM,0.2,Cc1ccn2ncnc(Nc3ccc4c(cnn4Cc4ccccn4)c3)c12,6.698970004336019
CHEMBL429827,IC50,nM,86.0,IC50,uM,0.086,Cc1ccn2ncnc(Nc3ccc4c(cnn4Cc4ccccc4)c3)c12,7.0655015487564325
CHEMBL247101,IC50,nM,250.0,IC50,uM,0.25,Cc1ccn2ncnc(Nc3ccc(OCc4cccc(F)c4)c(Cl)c3)c12,6.6020599913279625
CHEMBL247100,IC50,nM,210.0,IC50,uM,0.21,Cc1ccn2ncnc(Nc3ccc4[nH]ncc4c3)c12,6.6777807052660805
CHEMBL246276,IC50,nM,120.0,IC50,uM,0.12,OCc1ccn2ncnc(Nc3ccc4c(cnn4Cc4cccc(F)c4)c3)c12,6.920818753952375
CHEMBL395591,IC50,nM,210.0,IC50,uM,0.21,Fc1cccc(Cn2ncc3cc(Nc4ncnn5ccc(COCC6CNCCOC6)c45)ccc32)c1,6.6777807052660805
CHEMBL246492,IC50,nM,640.0,IC50,uM,0.64,Fc1cccc(Cn2ncc3cc(Nc4ncnn5ccc(COC[C@@H]6COCCN6)c45)ccc32)c1,6.1938200260161125
CHEMBL428046,IC50,nM,83.0,IC50,uM,0.083,Fc1cccc(Cn2ncc3cc(Nc4ncnn5ccc(COC[C@H]6CNCCO6)c45)ccc32)c1,7.080921907623926
CHEMBL246284,IC50,nM,61.0,IC50,uM,0.061,Fc1cccc(Cn2ncc3cc(Nc4ncnn5ccc(COC[C@@H]6CNCCO6)c45)ccc32)c1,7.214670164989233
CHEMBL246073,IC50,nM,190.0,IC50,uM,0.19,Fc1cccc(Cn2ncc3cc(Nc4ncnn5ccc(COC[C@H]6CCCNC6)c45)ccc32)c1,6.721246399047171
CHEMBL246072,IC50,nM,130.0,IC50,uM,0.13,Fc1cccc(Cn2ncc3cc(Nc4ncnn5ccc(COCC6CCNCC6)c45)ccc32)c1,6.886056647693163
CHEMBL245869,IC50,nM,73.0,IC50,uM,0.073,Fc1cccc(Cn2ncc3cc(Nc4ncnn5ccc(COC6CCNCC6)c45)ccc32)c1,7.136677139879544
CHEMBL245868,IC50,nM,620.0,IC50,uM,0.62,CN(C)CCCOCc1ccn2ncnc(Nc3ccc4c(cnn4Cc4cccc(F)c4)c3)c12,6.2076083105017466
CHEMBL245867,IC50,nM,160.0,IC50,uM,0.16,NCCCCOCc1ccn2ncnc(Nc3ccc4c(cnn4Cc4cccc(F)c4)c3)c12,6.795880017344075
CHEMBL245667,IC50,nM,64.0,IC50,uM,0.064,NCCCOCc1ccn2ncnc(Nc3ccc4c(cnn4Cc4cccc(F)c4)c3)c12,7.1938200260161125
CHEMBL394333,IC50,nM,90.0,IC50,uM,0.09,NCCOCc1ccn2ncnc(Nc3ccc4c(cnn4Cc4cccc(F)c4)c3)c12,7.045757490560675
CHEMBL246694,IC50,nM,140.0,IC50,uM,0.14,NC(=O)COCc1ccn2ncnc(Nc3ccc4c(cnn4Cc4cccc(F)c4)c3)c12,6.853871964321762
CHEMBL246491,IC50,nM,460.0,IC50,uM,0.46,COC(=O)COCc1ccn2ncnc(Nc3ccc4c(cnn4Cc4cccc(F)c4)c3)c12,6.337242168318426
CHEMBL394057,IC50,nM,30.0,IC50,uM,0.03,O=C(O)COCc1ccn2ncnc(Nc3ccc4c(cnn4Cc4cccc(F)c4)c3)c12,7.522878745280337
CHEMBL246489,IC50,nM,490.0,IC50,uM,0.49,COCCOCc1ccn2ncnc(Nc3ccc4c(cnn4Cc4cccc(F)c4)c3)c12,6.309803919971486
CHEMBL394056,IC50,nM,340.0,IC50,uM,0.34,COCc1ccn2ncnc(Nc3ccc4c(cnn4Cc4cccc(F)c4)c3)c12,6.468521082957745
CHEMBL246493,IC50,nM,570.0,IC50,uM,0.57,Fc1cccc(COc2ccc(Nc3ncnn4ccc(COC[C@@H]5CNCCO5)c34)cc2Cl)c1,6.2441251443275085
CHEMBL397122,IC50,nM,400.0,IC50,uM,0.4,C[C@@H](c1cccc(F)c1)n1ncc2cc(Nc3ncnn4ccc(COC[C@@H]5CNCCO5)c34)ccc21,6.3979400086720375
CHEMBL245278,IC50,nM,68.0,IC50,uM,0.068,C[C@H](c1cccc(F)c1)n1ncc2cc(Nc3ncnn4ccc(COC[C@@H]5CNCCO5)c34)ccc21,7.167491087293763
CHEMBL245277,IC50,nM,690.0,IC50,uM,0.69,C[C@@H](c1ccccc1)n1ncc2cc(Nc3ncnn4ccc(COC[C@@H]5CNCCO5)c34)ccc21,6.161150909262744
CHEMBL394495,IC50,nM,120.0,IC50,uM,0.12,C[C@H](c1ccccc1)n1ncc2cc(Nc3ncnn4ccc(COC[C@@H]5CNCCO5)c34)ccc21,6.920818753952375
CHEMBL247127,IC50,nM,810.0,IC50,uM,0.81,c1cncc(Cn2ncc3cc(Nc4ncnn5ccc(COC[C@@H]6CNCCO6)c45)ccc32)c1,6.0915149811213505
CHEMBL396079,IC50,nM,500.0,IC50,uM,0.5,c1ccc(Cn2ncc3cc(Nc4ncnn5ccc(COC[C@@H]6CNCCO6)c45)ccc32)nc1,6.301029995663981
CHEMBL395883,IC50,nM,430.0,IC50,uM,0.43,COc1cn2ncnc(Nc3ccc4c(cnn4Cc4cccc(F)c4)c3)c2c1COC[C@@H]1CNCCO1,6.366531544420414
CHEMBL247468,IC50,nM,397.0,IC50,uM,0.397,c1ccc(-c2c(-c3ccc(OCCN4CCCC4)cc3)oc3ncnc(NCCN4CCNCC4)c23)cc1,6.401209493236885
CHEMBL247866,IC50,nM,1029.0,IC50,uM,1.029,CC(C)Nc1ncnc2oc(-c3ccc(OCCN4CCCC4)cc3)c(-c3ccccc3)c12,5.987584625237567
CHEMBL246356,IC50,nM,25000.0,IC50,nM,25000.0,CNc1ncnc(-c2cccnc2Oc2cc(NC(=O)c3cccc(OC(F)(F)C(F)F)c3)ccc2C)n1,4.6020599913279625
CHEMBL248322,IC50,nM,70.0,IC50,uM,0.07,NC1CCN(Cc2ccn3ncnc(Nc4ccc(OCc5cccc[n+]5[O-])c(Cl)c4)c23)CC1,7.154901959985743
CHEMBL248321,IC50,nM,32.0,IC50,uM,0.032,NC1CCN(Cc2ccn3ncnc(Nc4ccc(OCc5cnccn5)c(Cl)c4)c23)CC1,7.494850021680094
CHEMBL248116,IC50,nM,36.0,IC50,uM,0.036,NC1CCN(Cc2ccn3ncnc(Nc4ccc(OCc5ccccn5)c(Cl)c4)c23)CC1,7.443697499232712
CHEMBL248115,IC50,nM,85.0,IC50,uM,0.085,Cc1cncc(COc2ccc(Nc3ncnn4ccc(CN5CCC(N)CC5)c34)cc2Cl)c1,7.070581074285707
CHEMBL391387,IC50,nM,150.0,IC50,uM,0.15,NC1CCN(Cc2ccn3ncnc(Nc4ccc(OCc5cccnc5)c(Cl)c4)c23)CC1,6.823908740944319
CHEMBL248114,IC50,nM,19.0,IC50,uM,0.019,Cc1cncc(Cn2ncc3cc(Nc4ncnn5ccc(CN6CCC(N)CC6)c45)ccc32)c1,7.721246399047171
CHEMBL247916,IC50,nM,530.0,IC50,uM,0.53,NC1CCN(Cc2ccn3ncnc(Nc4ccc5c(cnn5Cc5ccncc5)c4)c23)CC1,6.275724130399211
CHEMBL247915,IC50,nM,190.0,IC50,uM,0.19,NC1CCN(Cc2ccn3ncnc(Nc4ccc5c(cnn5Cc5cccnc5)c4)c23)CC1,6.721246399047171
CHEMBL247914,IC50,nM,47.0,IC50,uM,0.047,NC1CCN(Cc2ccn3ncnc(Nc4ccc5c(cnn5Cc5ccccn5)c4)c23)CC1,7.327902142064283
CHEMBL391181,IC50,nM,40.0,IC50,uM,0.04,COc1cn2ncnc(Nc3ccc4c(cnn4Cc4cccc(F)c4)c3)c2c1CN1CCC(N)CC1,7.3979400086720375
CHEMBL247711,IC50,nM,190.0,IC50,uM,0.19,COc1cn2ncnc(Nc3ccc4c(cnn4Cc4cccc(F)c4)c3)c2c1CN1CCCNCC1,6.721246399047171
CHEMBL247710,IC50,nM,38.0,IC50,uM,0.038,NC1CCN(Cc2ccn3ncnc(Nc4ccc(OCc5cccc(F)c5)c(Cl)c4)c23)CC1,7.42021640338319
CHEMBL247709,IC50,nM,48.0,IC50,uM,0.048,Fc1cccc(COc2ccc(Nc3ncnn4ccc(CN5CCCNCC5)c34)cc2Cl)c1,7.318758762624412
CHEMBL393264,IC50,nM,50.0,IC50,uM,0.05,CC1(N)CCN(Cc2ccn3ncnc(Nc4ccc5c(cnn5Cc5cccc(F)c5)c4)c23)CC1,7.301029995663981
CHEMBL247513,IC50,nM,110.0,IC50,uM,0.11,O=C(CO)NC1CCN(Cc2ccn3ncnc(Nc4ccc5c(cnn5Cc5cccc(F)c5)c4)c23)CC1,6.958607314841775
CHEMBL247512,IC50,nM,380.0,IC50,uM,0.38,CC(=O)NC1CCN(Cc2ccn3ncnc(Nc4ccc5c(cnn5Cc5cccc(F)c5)c4)c23)CC1,6.42021640338319
CHEMBL247309,IC50,nM,100.0,IC50,uM,0.1,CN(C)C1CCN(Cc2ccn3ncnc(Nc4ccc5c(cnn5Cc5cccc(F)c5)c4)c23)CC1,7.0
CHEMBL246898,IC50,nM,200.0,IC50,uM,0.2,CS(=O)(=O)CCNC1CCN(Cc2ccn3ncnc(Nc4ccc5c(cnn5Cc5cccc(F)c5)c4)c23)CC1,6.698970004336019
CHEMBL247104,IC50,nM,48.0,IC50,uM,0.048,OCCNC1CCN(Cc2ccn3ncnc(Nc4ccc5c(cnn5Cc5cccc(F)c5)c4)c23)CC1,7.318758762624412
CHEMBL391779,IC50,nM,63.0,IC50,uM,0.063,CNC1CCN(Cc2ccn3ncnc(Nc4ccc5c(cnn5Cc5cccc(F)c5)c4)c23)CC1,7.200659450546418
CHEMBL391778,IC50,nM,35.0,IC50,uM,0.035,NCC1CCN(Cc2ccn3ncnc(Nc4ccc5c(cnn5Cc5cccc(F)c5)c4)c23)CC1,7.455931955649724
CHEMBL246687,IC50,nM,50.0,IC50,uM,0.05,N[C@H]1CCN(Cc2ccn3ncnc(Nc4ccc5c(cnn5Cc5cccc(F)c5)c4)c23)C1,7.301029995663981
CHEMBL393848,IC50,nM,60.0,IC50,uM,0.06,N[C@@H]1CCN(Cc2ccn3ncnc(Nc4ccc5c(cnn5Cc5cccc(F)c5)c4)c23)C1,7.221848749616356
CHEMBL392664,IC50,nM,110.0,IC50,uM,0.11,Fc1cccc(Cn2ncc3cc(Nc4ncnn5ccc(CNC6CCNCC6)c45)ccc32)c1,6.958607314841775
CHEMBL248108,IC50,nM,35.0,IC50,uM,0.035,NC1CCN(Cc2ccn3ncnc(Nc4ccc5c(cnn5Cc5cccc(F)c5)c4)c23)CC1,7.455931955649724
CHEMBL248044,IC50,nM,90.0,IC50,nM,90.0,COc1cc2ncc(C#N)c(N[C@@H]3C[C@H]3c3ccccc3)c2cc1OC,7.045757490560675
CHEMBL399438,IC50,nM,234.0,IC50,nM,234.0,N#Cc1cnc2cc(-c3ccc(CN4CCOCC4)cc3)ccc2c1N[C@@H]1C[C@H]1c1ccccc1,6.6307841425898575
CHEMBL247024,IC50,nM,2530.0,IC50,nM,2530.0,N#Cc1cnc2ccc(-c3ccc(CN4CCOCC4)cc3)cc2c1N[C@@H]1C[C@H]1c1ccccc1,5.5968794788241825
CHEMBL245800,IC50,nM,2100.0,IC50,nM,2100.0,N#Cc1cnc2ccc(-c3ccc(CN)cc3)cc2c1N[C@@H]1C[C@H]1c1ccccc1,5.6777807052660805
CHEMBL245799,IC50,nM,5260.0,IC50,nM,5260.0,N#Cc1cnc2ccc(-c3cccc(CN4CCOCC4)c3)cc2c1N[C@@H]1C[C@H]1c1ccccc1,5.279014255846261
CHEMBL245798,IC50,nM,360.0,IC50,nM,360.0,COc1cc2c(N[C@@H]3C[C@H]3c3ccccc3)c(C#N)cnc2cc1OC1CCN(C)CC1,6.443697499232712
CHEMBL248393,IC50,nM,5.7,IC50,nM,5.7,COc1cc2c(N[C@@H]3C[C@H]3c3ccccc3)c(C#N)cnc2cc1OCCCN1CCN(C)CC1,8.244125144327509
CHEMBL248392,IC50,nM,5.0,IC50,nM,5.0,COc1cc2c(N[C@@H]3C[C@H]3c3ccccc3)c(C#N)cnc2cc1OCCCN1CCOCC1,8.301029995663981
CHEMBL401251,IC50,nM,52.8,IC50,nM,52.8,COCCOc1cc2ncc(C#N)c(N[C@@H]3C[C@H]3c3ccccc3)c2cc1OC,7.277366077466188
CHEMBL248391,IC50,nM,173.0,IC50,nM,173.0,COc1cc2c(N[C@@H]3C[C@H]3c3ccccc3)c(C#N)cnc2cc1OCCCc1cccnc1,6.761953896871205
CHEMBL248222,IC50,nM,68.0,IC50,nM,68.0,COc1cc2ncc(C#N)c(N[C@@H]3C[C@H]3c3ccccc3)c2cc1OCCCc1cccnc1,7.167491087293763
CHEMBL401054,IC50,nM,405.0,IC50,nM,405.0,COc1cc2ncc(C#N)c(N[C@@H]3C[C@H]3c3ccccc3)c2cc1OCCN1CCOCC1,6.392544976785332
CHEMBL248220,IC50,nM,1610.0,IC50,nM,1610.0,COc1cc2ncc(C#N)c(N[C@@H]3C[C@H]3c3ccccc3)c2cc1OCc1ccccc1,5.79317412396815
CHEMBL401644,IC50,nM,8270.0,IC50,nM,8270.0,COc1ccc2ncc(C#N)c(N[C@@H]3C[C@H]3c3ccccc3)c2c1,5.082494490447453
CHEMBL248045,IC50,nM,2580.0,IC50,nM,2580.0,COc1ccc2c(N[C@@H]3C[C@H]3c3ccccc3)c(C#N)cnc2c1,5.58838029403677
CHEMBL250315,IC50,nM,5600.0,IC50,nM,5600.0,COc1cc2ncnc(C#Cc3ccccc3)c2cc1OC,5.251811972993799
CHEMBL251315,IC50,nM,662.0,IC50,nM,662.0,CCOc1cc2ncnc(C#C[C@](C)(Cc3ccccc3)N3CCC(C(=O)O)CC3)c2cc1OCC,6.1791420105603
CHEMBL399373,IC50,nM,4.2,IC50,nM,4.2,CCOc1cc2ncnc(C#C[C@@](C)(Cc3ccccc3)N3CCC(C(=O)O)CC3)c2cc1OCC,8.3767507096021
CHEMBL251314,IC50,nM,11.7,IC50,nM,11.7,CCOc1cc2ncnc(C#CC(C)(Cc3ccccc3)N3CCC(C(=O)O)CC3)c2cc1OCC,7.931814138253839
CHEMBL251125,IC50,nM,1.8,IC50,nM,1.8,CCOc1cc2ncnc(C#Cc3c[nH]nc3-c3ccc(F)cc3)c2cc1OCC,8.744727494896694
CHEMBL399372,IC50,nM,12.0,IC50,nM,12.0,CCOc1cc2ncnc(C#Cc3nccn3-c3ccccc3)c2cc1OCC,7.920818753952375
CHEMBL251124,IC50,nM,10.0,IC50,nM,10.0,CCOc1cc2ncnc(C#Cc3[nH]ccc3-c3ccccc3)c2cc1OCC,8.0
CHEMBL251123,IC50,nM,140.0,IC50,nM,140.0,CCOc1cc2ncnc(/C=C/CCCc3ccccc3)c2cc1OCC,6.853871964321762
CHEMBL399371,IC50,nM,5.0,IC50,nM,5.0,CCOc1cc2ncnc(/C=C/CCc3ccccc3)c2cc1OCC,8.301029995663981
CHEMBL250925,IC50,nM,15.0,IC50,nM,15.0,CCOc1cc2ncnc(/C=C/c3ccccc3)c2cc1OCC,7.823908740944319
CHEMBL250924,IC50,nM,26.0,IC50,nM,26.0,COc1cc2ncnc(C#Cc3ccccc3-c3ccccc3)c2cc1OC,7.585026652029182
CHEMBL250923,IC50,nM,4.0,IC50,nM,4.0,COc1cc2ncnc(/C=C/CCc3ccccc3)c2cc1OC,8.397940008672037
CHEMBL3085381,IC50,nM,130.0,IC50,nM,130.0,CCN(CC)[C@@](C)(CCc1ncnc2cc(OC)c(OC)cc12)Cc1ccccc1,6.886056647693163
CHEMBL3085380,IC50,nM,1100.0,IC50,nM,1100.0,CCN(CC)[C@@](C)(C#Cc1ncnc2cc(OC)c(OC)cc12)CC1CCCCC1,5.958607314841775
CHEMBL3085379,IC50,nM,200.0,IC50,nM,200.0,CCN(CC)[C@@](C)(C#Cc1ncnc2cc(OC)c(OC)cc12)Cc1ccncc1,6.698970004336019
CHEMBL3085378,IC50,nM,1200.0,IC50,nM,1200.0,CCN(CC)[C@@](C)(C#Cc1ncnc2cc(OC)c(OC)cc12)CCc1ccccc1,5.920818753952375
CHEMBL3085377,IC50,nM,7300.0,IC50,nM,7300.0,CCN(CC)[C@@](C)(C#Cc1ncnc2cc(OC)c(OC)cc12)c1ccccc1,5.136677139879544
CHEMBL3085376,IC50,nM,3.0,IC50,nM,3.0,CCN(CC)[C@@](C)(C#Cc1ncnc2cc(OC)c(OC)cc12)Cc1ccccc1,8.522878745280337
CHEMBL3085375,IC50,nM,33.0,IC50,nM,33.0,COc1cc2ncnc(C#C[C@@](C)(Cc3ccccc3)N3CCC(C(=O)O)CC3)c2cc1OC,7.481486060122112
CHEMBL3085374,IC50,nM,9.0,IC50,nM,9.0,COc1cc2ncnc(C#C[C@](C)(O)Cc3ccccc3)c2cc1OC,8.045757490560675
CHEMBL250524,IC50,nM,80.0,IC50,nM,80.0,COc1cc2ncnc(C#CC(C)(C)N(C)c3ccccc3)c2cc1OC,7.096910013008056
CHEMBL399953,IC50,nM,13.0,IC50,nM,13.0,COc1cc2ncnc(C#CC(C)(C)Cc3ccccc3)c2cc1OC,7.886056647693163
CHEMBL250523,IC50,nM,15.0,IC50,nM,15.0,COc1cc2ncnc(C#CCOc3ccccc3)c2cc1OC,7.823908740944319
CHEMBL250318,IC50,nM,14.0,IC50,nM,14.0,COc1cc2ncnc(C#CCCc3ccccc3)c2cc1OC,7.853871964321762
CHEMBL249927,IC50,nM,97.0,IC50,nM,97.0,O=C(CO)N1CCC[C@@H]1COc1cccc2ncnc(Nc3ccc(OCc4ccccn4)c(Cl)c3)c12,7.013228265733755
CHEMBL413987,IC50,nM,191.0,IC50,nM,191.0,C[C@@H](CN(C)C(=O)CO)Oc1cccc2ncnc(Nc3ccc(OCc4ccccn4)c(Cl)c3)c12,6.718966632752273
CHEMBL250132,IC50,nM,2.0,IC50,nM,2.0,C[C@H](CN(C)C(=O)CO)Oc1cccc2ncnc(Nc3ccc(OCc4ccccn4)c(Cl)c3)c12,8.698970004336019
CHEMBL403785,IC50,nM,2580.0,IC50,nM,2580.0,C[C@@H](COc1cccc2ncnc(Nc3ccc(OCc4ccccn4)c(Cl)c3)c12)N(C)C(=O)CO,5.58838029403677
CHEMBL250130,IC50,nM,3.0,IC50,nM,3.0,C[C@H](COc1cccc2ncnc(Nc3ccc(OCc4ccccn4)c(Cl)c3)c12)N(C)C(=O)CO,8.522878745280337
CHEMBL249928,IC50,nM,35.0,IC50,nM,35.0,CN(CCOc1cccc2ncnc(Nc3ccc(OCc4ccccn4)c(Cl)c3)c12)C(=O)CO,7.455931955649724
CHEMBL403569,IC50,nM,327.0,IC50,nM,327.0,O=C(CO)N1CCC[C@H]1COc1cccc2ncnc(Nc3ccc(OCc4ccccn4)c(Cl)c3)c12,6.485452247339714
CHEMBL248864,IC50,nM,205.8,IC50,nM,205.8,COc1cc2ncnc(Nc3cccc(C#CC(C)(C)O)c3)c2cc1OC,6.686554629573585
CHEMBL437197,IC50,nM,1362.6,IC50,nM,1362.6,COc1cc2ncnc(Nc3cccc(C#CCCCO)c3)c2cc1OC,5.865631615396621
CHEMBL248674,IC50,nM,402.1,IC50,nM,402.1,COc1cc2ncnc(Nc3cccc(C#CCCO)c3)c2cc1OC,6.395665926897089
CHEMBL399736,IC50,nM,1643.6,IC50,nM,1643.6,COc1cc2ncnc(Nc3cccc(C#CCO)c3)c2cc1OC,5.784203867410167
CHEMBL399735,IC50,nM,921.0,IC50,nM,921.0,COc1cc2ncnc(Nc3cccc(C#Cc4ccccc4)c3)c2cc1OC,6.035740369803151
CHEMBL304929,IC50,nM,28.8,IC50,nM,28.8,C#Cc1cccc(Nc2ncnc3cc(OC)c(OC)cc23)c1,7.540607512240769
CHEMBL251700,IC50,nM,88.7,IC50,nM,88.7,Fc1ccc(Nc2ncnc3ccc(C#CCN4CCCCC4)cc23)cc1Cl,7.052076380168273
CHEMBL251498,IC50,nM,50.3,IC50,nM,50.3,Fc1ccc(Nc2ncnc3ccc(C#CCN4CCOCC4)cc23)cc1Cl,7.298432014944073
CHEMBL251497,IC50,nM,151.5,IC50,nM,151.5,CC(C)(O)C#Cc1ccc2ncnc(Nc3ccc(F)c(Cl)c3)c2c1,6.8195873671616765
CHEMBL399928,IC50,nM,94.5,IC50,nM,94.5,CC(O)C#Cc1ccc2ncnc(Nc3ccc(F)c(Cl)c3)c2c1,7.024568191490737
CHEMBL251291,IC50,nM,114.2,IC50,nM,114.2,OCCCC#Cc1ccc2ncnc(Nc3ccc(F)c(Cl)c3)c2c1,6.942333896090171
CHEMBL249921,IC50,nM,185.8,IC50,nM,185.8,OCCC#Cc1ccc2ncnc(Nc3ccc(F)c(Cl)c3)c2c1,6.730954290342377
CHEMBL249919,IC50,nM,14.1,IC50,nM,14.1,OCC#Cc1ccc2ncnc(Nc3ccc(F)c(Cl)c3)c2c1,7.85078088734462
CHEMBL398963,IC50,nM,1640.6,IC50,nM,1640.6,Fc1ccc(Nc2ncnc3ccc(C#Cc4cccs4)cc23)cc1Cl,5.7849972927850475
CHEMBL249511,IC50,nM,331.0,IC50,nM,331.0,Fc1ccc(Nc2ncnc3ccc(C#Cc4ccccc4)cc23)cc1Cl,6.480172006224281
CHEMBL249509,IC50,nM,126.9,IC50,nM,126.9,C#Cc1ccc2ncnc(Nc3ccc(F)c(Cl)c3)c2c1,6.896538377905295
CHEMBL253292,IC50,nM,380.0,IC50,uM,0.38,CCN(CC)CCOc1ccc(Nc2cc(NC(=O)Nc3c(Cl)cccc3Cl)ncn2)cc1,6.42021640338319
CHEMBL402011,IC50,nM,180.0,IC50,uM,0.18,C[C@@H](Oc1cccc2ncnc(Nc3ccc4c(cnn4Cc4ccccn4)c3)c12)C(=O)N(C)C,6.7447274948966935
CHEMBL257411,IC50,nM,366.0,IC50,uM,0.366,C[C@@H](Oc1cccc2ncnc(Nc3ccc4c(cnn4Cc4nccs4)c3)c12)C(=O)N1CCOCC1,6.436518914605589
CHEMBL428777,IC50,nM,22.0,IC50,uM,0.022,C[C@@H](Oc1cccc2ncnc(Nc3ccc(OCc4ccccn4)c(Cl)c3)c12)C(=O)N(C)C,7.657577319177793
CHEMBL256362,IC50,nM,1100.0,IC50,uM,1.1,Cc1ccc(Oc2ccc(Nc3ncnc4cccc(O[C@H](C)C(=O)N(C)C)c34)cc2C)cn1,5.958607314841775
CHEMBL257478,IC50,nM,2000.0,IC50,uM,2.0,Cc1ccc(Oc2ccc(Nc3ncnc4cccc(O[C@H](C)C(=O)N(C)CCO)c34)cc2C)cn1,5.698970004336019
CHEMBL272935,IC50,nM,14.0,IC50,uM,0.014,CN1CCN(CCCOc2n[nH]c3ncnc(Nc4ccc(OCc5ccccn5)c(Cl)c4)c23)CC1,7.853871964321762
CHEMBL257860,IC50,nM,9.0,IC50,uM,0.009,OC1CCN(CCCOc2n[nH]c3ncnc(Nc4ccc(OCc5ccccn5)c(Cl)c4)c23)CC1,8.045757490560675
CHEMBL257859,IC50,nM,16.0,IC50,uM,0.016,Clc1cc(Nc2ncnc3[nH]nc(OCCCN4CCOCC4)c23)ccc1OCc1ccccn1,7.795880017344075
CHEMBL257861,IC50,nM,16.0,IC50,uM,0.016,OCCOc1n[nH]c2ncnc(Nc3ccc(OCc4ccccn4)c(Cl)c3)c12,7.795880017344075
CHEMBL271705,IC50,nM,1.0,IC50,uM,0.001,Clc1cc(Nc2ncnc3[nH]nc(OCCN4CCOCC4)c23)ccc1OCc1ccccn1,9.0
CHEMBL411897,IC50,nM,28.0,IC50,uM,0.028,COC1CCN(CCOc2n[nH]c3ncnc(Nc4ccc(OCc5ccccn5)c(Cl)c4)c23)CC1,7.552841968657781
CHEMBL257430,IC50,nM,8.0,IC50,uM,0.008,Clc1cc(Nc2ncnc3[nH]nc(OCCN4CCNCC4)c23)ccc1OCc1ccccn1,8.096910013008056
CHEMBL402553,IC50,nM,8.0,IC50,uM,0.008,Clc1cc(Nc2ncnc3[nH]nc(OCCN4CCCC4)c23)ccc1OCc1ccccn1,8.096910013008056
CHEMBL258270,IC50,nM,3.0,IC50,uM,0.003,CC(=O)N1CCN(CCOc2n[nH]c3ncnc(Nc4ccc(OCc5ccccn5)c(Cl)c4)c23)CC1,8.522878745280337
CHEMBL258282,IC50,nM,5.0,IC50,uM,0.005,CN1CCN(CCOc2n[nH]c3ncnc(Nc4ccc(OCc5ccccn5)c(Cl)c4)c23)CC1,8.301029995663981
CHEMBL255135,IC50,nM,17.0,IC50,uM,0.017,CNCCOc1n[nH]c2ncnc(Nc3ccc(OCc4ccccn4)c(Cl)c3)c12,7.769551078621726
CHEMBL401713,IC50,nM,104.0,IC50,uM,0.104,COc1cc(Nc2ncnc3[nH]nc(OCCN4CCC(O)CC4)c23)ccc1OCc1ccccn1,6.982966660701219
CHEMBL402339,IC50,nM,13.0,IC50,uM,0.013,COc1cc(Nc2ncnc3[nH]nc(OCCN4CCC(O)CC4)c23)ccc1OCc1cccc(F)c1,7.886056647693163
CHEMBL257873,IC50,nM,1430.0,IC50,uM,1.43,Cc1ccc(Oc2ccc(Nc3ncnc4[nH]nc(OCCN5CCC(O)CC5)c34)cc2F)cn1,5.844663962534939
CHEMBL257872,IC50,nM,216.0,IC50,uM,0.216,Cc1ccc(Oc2ccc(Nc3ncnc4[nH]nc(OCCN5CCC(O)CC5)c34)cc2C)cn1,6.665546248849069
CHEMBL403435,IC50,nM,18.0,IC50,uM,0.018,Cc1cc(Nc2ncnc3[nH]nc(OCCN4CCC(O)CC4)c23)ccc1OCc1ccccn1,7.7447274948966935
CHEMBL255170,IC50,nM,7.0,IC50,uM,0.007,Cc1ccc(Oc2ccc(Nc3ncnc4[nH]nc(OCCN5CCC(O)CC5)c34)cc2Cl)cn1,8.154901959985743
CHEMBL404405,IC50,nM,13.0,IC50,uM,0.013,OC1CCN(CCOc2n[nH]c3ncnc(Nc4ccc(OCc5ccccn5)c(Cl)c4)c23)CC1,7.886056647693163
CHEMBL410659,IC50,nM,9600.0,IC50,uM,9.6,Nc1nccn2c1c(-c1ccc3ccc(-c4ccccc4)nc3c1)nc2[C@H]1C[C@@H](CN2CCC2)C1,5.017728766960431
CHEMBL260861,IC50,nM,2400.0,IC50,uM,2.4,COc1cc(Nc2nn3c(N[C@H](CO)Cc4ccccc4)cc(C4CC4)nc3c2C(N)=O)cc(OC)c1,5.619788758288394
CHEMBL407534,IC50,nM,780.0,IC50,nM,780.0,O=C(O)/C=C/c1cc(CO)ccc1CO,6.107905397309519
CHEMBL406845,IC50,nM,480.0,IC50,nM,480.0,CC(C)(C)n1nc(-c2ccc(Cl)cc2)c2c(N)ncnc21,6.318758762624412
CHEMBL258940,IC50,nM,3.0,IC50,nM,3.0,CN1CCC(Nc2ncc3ncnc(Nc4ccc(F)c(Cl)c4)c3n2)CC1,8.522878745280337
CHEMBL244948,IC50,nM,7670.0,IC50,nM,7670.0,O=c1ccc2ccc(O)c(O)c2o1,5.115204636051019
CHEMBL408565,IC50,nM,13300.0,IC50,nM,13300.0,O=C1Nc2ccccc2/C1=C/c1cc2c([nH]1)CCC(Br)C2,4.876148359032914
CHEMBL261238,IC50,nM,5000000.0,IC50,uM,5000.0,CN(c1cccnc1)c1cc2c(Nc3ccc(F)c(Cl)c3)c(C#N)cnc2cn1,2.3010299956639813
CHEMBL258726,IC50,nM,320000.0,IC50,nM,320000.0,CC(C)(C)c1cc(C=C2C(=O)C=CC2=O)cc(C(C)(C)C)c1O,3.494850021680094
CHEMBL437612,IC50,nM,440000.0,IC50,nM,440000.0,Cc1cc(C=C2C(=O)C=CC2=O)cc(C)c1O,3.3565473235138126
CHEMBL258694,IC50,nM,150.0,IC50,nM,150.0,Cc1nnc(-c2cn3ncnc(Nc4cnc5[nH]ccc5c4)c3c2C(C)C)o1,6.823908740944319
CHEMBL255871,IC50,nM,8.0,IC50,uM,0.008,CO/N=C/c1c(N)ncnc1Nc1ccc2c(cnn2Cc2cccc(F)c2)c1,8.096910013008056
CHEMBL255237,IC50,nM,14.0,IC50,uM,0.014,COCCO/N=C/c1c(N)ncnc1Nc1ccc2c(cnn2Cc2cccc(F)c2)c1,7.853871964321762
CHEMBL255236,IC50,nM,47.0,IC50,uM,0.047,COc1ccccc1CO/N=C/c1c(N)ncnc1Nc1ccc2c(cnn2Cc2cccc(F)c2)c1,7.327902142064283
CHEMBL255438,IC50,nM,23.0,IC50,uM,0.023,Nc1ncnc(Nc2ccc3c(cnn3Cc3cccc(F)c3)c2)c1/C=N/OCc1ccccc1,7.638272163982407
CHEMBL402293,IC50,nM,14.0,IC50,uM,0.014,CC(C)O/N=C/c1c(N)ncnc1Nc1ccc2c(cnn2Cc2cccc(F)c2)c1,7.853871964321762
CHEMBL430031,IC50,nM,32.0,IC50,uM,0.032,CC(C)CO/N=C/c1c(N)ncnc1Nc1ccc2c(cnn2Cc2cccc(F)c2)c1,7.494850021680094
CHEMBL402294,IC50,nM,5.0,IC50,uM,0.005,CCO/N=C/c1c(N)ncnc1Nc1ccc2c(cnn2Cc2cccc(F)c2)c1,8.301029995663981
CHEMBL256295,IC50,nM,12.0,IC50,uM,0.012,Nc1ncnc(Nc2ccc3c(cnn3Cc3cccc(F)c3)c2)c1/C=N/O,7.920818753952375
CHEMBL256297,IC50,nM,12.0,IC50,uM,0.012,CO/N=C/c1c(N)ncnc1Nc1ccc(OCc2cccc(F)c2)c(Cl)c1,7.920818753952375
CHEMBL257815,IC50,nM,16.0,IC50,uM,0.016,CO/N=C/c1c(N)ncnc1Nc1ccc(OCc2ccccc2)c(Cl)c1,7.795880017344075
CHEMBL257814,IC50,nM,57.0,IC50,uM,0.057,CO/N=C/c1c(N)ncnc1Nc1ccc2c(c1)CCN2Cc1cccc(F)c1,7.2441251443275085
CHEMBL402316,IC50,nM,48.0,IC50,uM,0.048,CO/N=C/c1c(N)ncnc1Nc1ccc2[nH]c(Cc3cccc(F)c3)nc2c1,7.318758762624412
CHEMBL257816,IC50,nM,13.0,IC50,uM,0.013,CO/N=C/c1c(N)ncnc1Nc1ccc2c(ccn2Cc2cccc(F)c2)c1,7.886056647693163
CHEMBL256527,IC50,nM,104.0,IC50,uM,0.104,CO/N=C/c1c(N)ncnc1Nc1ccc2c(cnn2Cc2ccc(F)cc2)c1,6.982966660701219
CHEMBL256529,IC50,nM,33.0,IC50,uM,0.033,CO/N=C/c1c(N)ncnc1Nc1ccc(OCc2cc(F)cc(F)c2)c(Cl)c1,7.481486060122112
CHEMBL403357,IC50,nM,267.0,IC50,uM,0.267,CO/N=C/c1c(N)ncnc1Nc1ccc2c(cnn2Cc2cccc(OC)c2)c1,6.573488738635425
CHEMBL255865,IC50,nM,20.0,IC50,uM,0.02,CO/N=C/c1c(N)ncnc1Nc1ccc2c(cnn2Cc2cccc(C#N)c2)c1,7.698970004336019
CHEMBL255656,IC50,nM,23.0,IC50,uM,0.023,CO/N=C/c1c(N)ncnc1Nc1ccc2c(cnn2Cc2cccc(Cl)c2)c1,7.638272163982407
CHEMBL402113,IC50,nM,44.0,IC50,uM,0.044,CO/N=C/c1c(N)ncnc1Nc1ccc2c(cnn2Cc2ccccc2)c1,7.356547323513812
CHEMBL255866,IC50,nM,306.0,IC50,uM,0.306,CO/N=C/c1c(N)ncnc1Nc1ccc2[nH]ncc2c1,6.51427857351842
CHEMBL255291,IC50,nM,1123.0,IC50,uM,1.123,CO/N=C/c1c(N)ncnc1NCc1ccc(F)c(Cl)c1,5.949620243738543
CHEMBL402149,IC50,nM,24.0,IC50,uM,0.024,CO/N=C/c1c(N)ncnc1Nc1cccc(Br)c1,7.619788758288394
CHEMBL255490,IC50,nM,70.0,IC50,uM,0.07,CO/N=C/c1c(N)ncnc1Nc1ccc(F)c(Cl)c1,7.154901959985743
CHEMBL498247,IC50,nM,10500.0,IC50,uM,10.5,CCC(C)[C@@H]1[C@@](C)(C(=O)/C=C/OC)[C@H]2[C@H](C)C[C@@](C)(O)C[C@]2(O)C(=O)[C@@]1(C)O,4.978810700930062
CHEMBL498249,IC50,nM,41000.0,IC50,uM,41.0,CO[C@H](C)c1c(O)cc2c(c1O)C(=O)c1c(cc(O)c(O)c1O)C2=O,4.3872161432802645
CHEMBL498248,IC50,nM,27500.0,IC50,uM,27.5,CO[C@H](C)c1c(O)cc2c(c1O)C(=O)c1c(O)cc(O)cc1C2=O,4.560667306169737
CHEMBL524820,IC50,nM,37500.0,IC50,uM,37.5,C[C@@H](O)c1c(O)cc2c(c1O)C(=O)c1c(O)cc(O)cc1C2=O,4.425968732272281
CHEMBL188762,IC50,nM,0.43,IC50,nM,0.43,CCC(=O)Nc1ccc2ncnc(Nc3cccc(Br)c3)c2c1,9.366531544420413
CHEMBL13485,IC50,nM,3000.0,IC50,uM,3.0,CCN(CC)CCNC(=O)c1c(C)[nH]c(/C=C2\C(=O)Nc3ccc(Cl)cc32)c1C,5.522878745280337
CHEMBL485070,IC50,nM,400.0,IC50,10'-1microM,4.0,CCOc1cc(/C=C(\C#N)C(N)=O)cc(CSc2ccccc2)c1O,6.3979400086720375
CHEMBL490780,IC50,nM,900.0,IC50,10'-1microM,9.0,CCOc1cc(/C=C2/CCNC2=O)cc(CSc2ccccc2)c1O,6.045757490560675
CHEMBL522116,IC50,nM,400.0,IC50,10'-1microM,4.0,CSCc1cc(/C=C2\C(=O)Nc3ccccc32)cc(CSC)c1O,6.3979400086720375
CHEMBL1202061,IC50,nM,1000.0,IC50,uM,1.0,CCOC(=O)C(=O)Oc1ccc(-c2c(C(=O)OCC)oc3cc(O)cc(O)c3c2=O)cc1.O=C(O)C(=O)O,6.0
CHEMBL490768,IC50,nM,400.0,IC50,10'-1microM,4.0,N#C/C(=C\c1cc(-c2ccccc2)c(O)c(-c2ccccc2)c1)C(N)=O,6.3979400086720375
CHEMBL504173,IC50,nM,1000.0,IC50,uM,1.0,CC(C)c1cc(/C=C(\C#N)C(N)=O)cc(C(C)C)c1O,6.0
CHEMBL490570,IC50,nM,50000.0,IC50,10'1 uM,5.0,CC(C)(C)c1cc(/C=C(\C#N)C(N)=O)cc(C(C)(C)C)c1O,4.301029995663981
CHEMBL538909,IC50,nM,600.0,IC50,10'-1microM,6.0,N#C/C(=C/c1cc(Cc2ccccc2)c(O)c(Cc2ccccc2)c1)C(N)=O,6.221848749616356
CHEMBL490569,IC50,nM,800.0,IC50,10'-1microM,8.0,N#C/C(=C\c1cc(CSc2ccccc2)c(O)c(OCc2ccccc2)c1)C(N)=O,6.096910013008056
CHEMBL483232,IC50,nM,4000.0,IC50,uM,4.0,CCOc1cc(/C=C(\C#N)C(N)=O)cc(CSc2cccc(OC)c2)c1O,5.3979400086720375
CHEMBL483233,IC50,nM,3000.0,IC50,uM,3.0,CCOc1cc(/C=C(\C#N)C(N)=O)cc(CSc2ccc(O)cc2)c1O,5.522878745280337
CHEMBL520839,IC50,nM,20000.0,IC50,10'1 uM,2.0,CCOc1cc(/C=C(\C#N)C(N)=O)cc(CSc2ccc(C)cc2)c1O,4.698970004336019
CHEMBL490987,IC50,nM,1000.0,IC50,uM,1.0,CC(C)NC(=O)c1ccc(S(=O)(=O)Oc2ccc(/C=C/[N+](=O)[O-])cc2)cc1,6.0
CHEMBL520493,IC50,nM,10000.0,IC50,10'1 uM,1.0,N#C/C(=C/c1ccc(O)c(O)c1)C(=O)Nc1ccccc1Cl,5.0
CHEMBL490577,IC50,nM,100.0,IC50,10'-1microM,1.0,N#C/C(=C/c1ccc(O)c(O)c1)C(=O)NCCCCc1ccccc1,7.0
CHEMBL454002,IC50,nM,10000.0,IC50,10'1 uM,1.0,N#CC(C#N)=C(C#N)c1cc(O)cc(O)c1,5.0
CHEMBL474267,IC50,nM,10000.0,IC50,10'1 uM,1.0,N#CC(C#N)=C(C#N)c1ccc(O)c(O)c1,5.0
CHEMBL488101,IC50,nM,20000.0,IC50,10'1 uM,2.0,C[C@H](NC(=O)c1ccc(S(=O)(=O)Oc2ccc(/C=C/[N+](=O)[O-])cc2)cc1)C(=O)N[C@@H](C)C(=O)NCCN.Cl,4.698970004336019
CHEMBL490774,IC50,nM,2000.0,IC50,uM,2.0,N#C/C(=C/c1ccc(O)c(O)c1)C(=O)NC1CCCCC1,5.698970004336019
CHEMBL501368,IC50,nM,20000.0,IC50,10'1 uM,2.0,N#C/C(=C\c1cc(O)ccc1O)C(=O)O,4.698970004336019
CHEMBL492199,IC50,nM,3000.0,IC50,uM,3.0,N#CC(C#N)=C(C#N)c1cc(O)c(O)c(O)c1,5.522878745280337
CHEMBL483234,IC50,nM,40000.0,IC50,10'1 uM,4.0,C[C@H](NC(=O)c1ccc(S(=O)(=O)Oc2ccc(/C=C/[N+](=O)[O-])cc2)cc1)C(=O)N[C@@H](C)C(=O)OC(C)(C)C,4.3979400086720375
CHEMBL449114,IC50,nM,400000.0,IC50,10'2 uM,4.0,N#CC(C#N)=C(C#N)c1cccc(O)c1,3.3979400086720375
CHEMBL485065,IC50,nM,5000.0,IC50,uM,5.0,Cl.NCCNC(=O)c1ccc(S(=O)(=O)Oc2ccc(/C=C/[N+](=O)[O-])cc2)cc1,5.301029995663981
CHEMBL489349,IC50,nM,600000.0,IC50,10'2 uM,6.0,N#CC(C#N)=C(C#N)c1ccc(C=O)cc1,3.221848749616356
CHEMBL450319,IC50,nM,600000.0,IC50,10'2 uM,6.0,N#CC(C#N)=C(C#N)c1ccc(O)cc1,3.221848749616356
CHEMBL489147,IC50,nM,6000.0,IC50,uM,6.0,COc1cc(C(C#N)=C(C#N)C#N)cc(O)c1O,5.221848749616356
CHEMBL490775,IC50,nM,7000.0,IC50,uM,7.0,C[C@H](NC(=O)[C@H](C)NC(=O)c1ccc(S(=O)(=O)Oc2ccc(/C=C/[N+](=O)[O-])cc2)cc1)C(=O)O,5.154901959985743
CHEMBL489148,IC50,nM,900000.0,IC50,10'2 uM,9.0,COc1cc(C(C#N)=C(C#N)C#N)cc(OC)c1O,3.0457574905606752
CHEMBL450786,IC50,nM,3800.0,IC50,uM,3.8,Cc1[nH]c(/C=C2\C(=O)Nc3ccc(S(=O)(=O)Cc4c(Cl)cccc4Cl)cc32)c(C)c1C(=O)N1CCC[C@@H]1CN1CCCC1,5.42021640338319
CHEMBL128000,IC50,nM,16000.0,IC50,uM,16.0,O=C(/C=C/c1ccc(O)c(O)c1)c1ccc(O)cc1O,4.795880017344075
CHEMBL461311,IC50,nM,76.0,IC50,uM,0.076,Nc1ncnc(Nc2ccc(OCc3ccccc3)c(Cl)c2)c1C=O,7.119186407719209
CHEMBL472545,IC50,nM,30.0,IC50,uM,0.03,Nc1ncnc(Nc2ccc(OCc3ccccc3)c(Cl)c2)c1-c1nnc(CCN2CCOCC2)o1,7.522878745280337
CHEMBL472544,IC50,nM,620.0,IC50,uM,0.62,Nc1ncnc(Nc2ccc(OCc3ccccc3)c(Cl)c2)c1C(=O)NNC(=O)CCN1CCOCC1,6.2076083105017466
CHEMBL511478,IC50,nM,458.0,IC50,uM,0.458,NNC(=O)c1c(N)ncnc1Nc1ccc(OCc2ccccc2)c(Cl)c1,6.33913452199613
CHEMBL500591,IC50,nM,27.0,IC50,uM,0.027,N#Cc1c(N)ncnc1Nc1ccc(OCc2ccccc2)c(Cl)c1,7.568636235841013
CHEMBL461114,IC50,nM,76.0,IC50,uM,0.076,Nc1ncnc(Nc2ccc(OCc3ccccc3)c(Cl)c2)c1C(=O)Nc1ccccc1,7.119186407719209
CHEMBL461113,IC50,nM,150.0,IC50,uM,0.15,Nc1ncnc(Nc2ccc(OCc3ccccc3)c(Cl)c2)c1C(=O)OCCN1CCOCC1,6.823908740944319
CHEMBL516487,IC50,nM,54.0,IC50,uM,0.054,COC(=O)c1c(N)ncnc1Nc1ccc(OCc2ccccc2)c(Cl)c1,7.267606240177032
CHEMBL512391,IC50,nM,41.0,IC50,uM,0.041,Nc1ncnc(Nc2ccc(OCc3ccccc3)c(Cl)c2)c1C(=O)O,7.3872161432802645
CHEMBL461426,IC50,nM,40.0,IC50,nM,40.0,NC(=O)O[C@H]1CN[C@H](C#Cc2cc3ncnc(Nc4ccc(OCc5cccc(F)c5)c(Cl)c4)c3s2)C1,7.3979400086720375
CHEMBL466586,IC50,nM,50.0,IC50,nM,50.0,CNC(=O)O[C@H]1CN[C@H](C#Cc2cc3ncnc(Nc4ccc(OCc5cccc(F)c5)c(Cl)c4)c3s2)C1,7.301029995663981
CHEMBL512076,IC50,nM,32.0,IC50,nM,32.0,CCNC(=O)O[C@H]1CN[C@H](C#Cc2cc3ncnc(Nc4ccc(OCc5cccc(F)c5)c(Cl)c4)c3s2)C1,7.494850021680094
CHEMBL517123,IC50,nM,28.0,IC50,nM,28.0,CN(C)C(=O)O[C@H]1CN[C@H](C#Cc2cc3ncnc(Nc4ccc(OCc5cccc(F)c5)c(Cl)c4)c3s2)C1,7.552841968657781
CHEMBL517585,IC50,nM,50.0,IC50,nM,50.0,CCN(C)C(=O)O[C@H]1CN[C@H](C#Cc2cc3ncnc(Nc4ccc(OCc5cccc(F)c5)c(Cl)c4)c3s2)C1,7.301029995663981
CHEMBL507329,IC50,nM,65.0,IC50,nM,65.0,O=C(O[C@H]1CN[C@H](C#Cc2cc3ncnc(Nc4ccc(OCc5cccc(F)c5)c(Cl)c4)c3s2)C1)N1CCOCC1,7.187086643357144
CHEMBL499534,IC50,nM,63.0,IC50,nM,63.0,O=C(O[C@H]1CN[C@H](C#Cc2cc3ncnc(Nc4ccc(OCc5cccc(F)c5)c(Cl)c4)c3s2)C1)N1CCNCC1,7.200659450546418
CHEMBL504034,IC50,nM,40.0,IC50,nM,40.0,CS(=O)(=O)CCNC(=O)O[C@H]1CN[C@H](C#Cc2cc3ncnc(Nc4ccc(OCc5cccc(F)c5)c(Cl)c4)c3s2)C1,7.3979400086720375
CHEMBL461869,IC50,nM,50.0,IC50,nM,50.0,CCNC(=O)O[C@@H]1CN[C@@H](C#Cc2cc3ncnc(Nc4ccc(OCc5cccc(F)c5)c(Cl)c4)c3s2)C1,7.301029995663981
CHEMBL466412,IC50,nM,40.0,IC50,nM,40.0,CN(C)C(=O)O[C@@H]1CN[C@@H](C#Cc2cc3ncnc(Nc4ccc(OCc5cccc(F)c5)c(Cl)c4)c3s2)C1,7.3979400086720375
CHEMBL450109,IC50,nM,40.0,IC50,nM,40.0,O=C(O[C@@H]1CN[C@@H](C#Cc2cc3ncnc(Nc4ccc(OCc5cccc(F)c5)c(Cl)c4)c3s2)C1)N1CCOCC1,7.3979400086720375
CHEMBL466614,IC50,nM,125.0,IC50,nM,125.0,CCNC(=O)O[C@@H]1CN[C@H](C#Cc2cc3ncnc(Nc4ccc(OCc5cccc(F)c5)c(Cl)c4)c3s2)C1,6.903089986991944
CHEMBL466615,IC50,nM,79.0,IC50,nM,79.0,CN(C)C(=O)O[C@@H]1CN[C@H](C#Cc2cc3ncnc(Nc4ccc(OCc5cccc(F)c5)c(Cl)c4)c3s2)C1,7.102372908709558
CHEMBL447365,IC50,nM,79.0,IC50,nM,79.0,O=C(O[C@@H]1CN[C@H](C#Cc2cc3ncnc(Nc4ccc(OCc5cccc(F)c5)c(Cl)c4)c3s2)C1)N1CCOCC1,7.102372908709558
CHEMBL466174,IC50,nM,32.0,IC50,nM,32.0,CCNC(=O)O[C@H]1CN[C@@H](C#Cc2cc3ncnc(Nc4ccc(OCc5cccc(F)c5)c(Cl)c4)c3s2)C1,7.494850021680094
CHEMBL466175,IC50,nM,79.0,IC50,nM,79.0,CN(C)C(=O)O[C@H]1CN[C@@H](C#Cc2cc3ncnc(Nc4ccc(OCc5cccc(F)c5)c(Cl)c4)c3s2)C1,7.102372908709558
CHEMBL450396,IC50,nM,50.0,IC50,nM,50.0,O=C(O[C@H]1CN[C@@H](C#Cc2cc3ncnc(Nc4ccc(OCc5cccc(F)c5)c(Cl)c4)c3s2)C1)N1CCOCC1,7.301029995663981
CHEMBL1201179,IC50,nM,5.0,IC50,nM,5.0,CS(=O)(=O)CCNCc1ccc(-c2ccc3ncnc(Nc4ccc(OCc5cccc(F)c5)c(Cl)c4)c3c2)o1.Cc1ccc(S(=O)(=O)O)cc1.Cc1ccc(S(=O)(=O)O)cc1.O,8.301029995663981
CHEMBL1173655,IC50,nM,6.0,IC50,nM,6.0,CN(C)C/C=C/C(=O)Nc1cc2c(Nc3ccc(F)c(Cl)c3)ncnc2cc1O[C@H]1CCOC1,8.221848749616356
CHEMBL505626,IC50,nM,63.0,IC50,nM,63.0,CCN(CC)C(=O)O[C@H]1CN[C@H](C#Cc2cc3ncnc(Nc4ccc(OCc5cccc(F)c5)c(Cl)c4)c3s2)C1,7.200659450546418
CHEMBL451513,IC50,nM,99.0,IC50,nM,99.0,O=C(O[C@H]1CN[C@H](C#Cc2cc3ncnc(Nc4ccc(OCc5cccc(F)c5)c(Cl)c4)c3s2)C1)N1CCCC1,7.00436480540245
CHEMBL521887,IC50,nM,700.0,IC50,uM,0.7,Cc1ccc(NC(=O)c2ccc(CN3CCN(C)CC3)cc2)cc1-c1ccc2ccncc2c1,6.154901959985743
CHEMBL495979,IC50,nM,109.0,IC50,nM,109.0,Fc1cccc(COc2ccc(Nc3ncnc4cc(C#C[C@@H]5CCCN5)sc34)cc2Cl)c1,6.962573502059376
CHEMBL496174,IC50,nM,7.0,IC50,nM,7.0,Fc1cccc(COc2ccc(Nc3ncnc4cc(C#C[C@H]5CCCN5)sc34)cc2Cl)c1,8.154901959985743
CHEMBL523573,IC50,nM,130.0,IC50,nM,130.0,COCCN1CCC[C@@H]1C#Cc1cc2ncnc(Nc3ccc(OCc4cccc(F)c4)c(Cl)c3)c2s1,6.886056647693163
CHEMBL495733,IC50,nM,120.0,IC50,nM,120.0,CS(=O)(=O)N1CCC[C@@H]1C#Cc1cc2ncnc(Nc3ccc(OCc4cccc(F)c4)c(Cl)c3)c2s1,6.920818753952375
CHEMBL495734,IC50,nM,58.0,IC50,nM,58.0,CC(=O)N1CCC[C@@H]1C#Cc1cc2ncnc(Nc3ccc(OCc4cccc(F)c4)c(Cl)c3)c2s1,7.236572006437063
CHEMBL497803,IC50,nM,140.0,IC50,nM,140.0,COC(=O)N1CCC[C@@H]1C#Cc1cc2ncnc(Nc3ccc(OCc4cccc(F)c4)c(Cl)c3)c2s1,6.853871964321762
CHEMBL497804,IC50,nM,14.0,IC50,nM,14.0,O[C@H]1CN[C@H](C#Cc2cc3ncnc(Nc4ccc(OCc5cccc(F)c5)c(Cl)c4)c3s2)C1,7.853871964321762
CHEMBL497184,IC50,nM,115.0,IC50,nM,115.0,CCO[C@H]1CN[C@H](C#Cc2cc3ncnc(Nc4ccc(OCc5cccc(F)c5)c(Cl)c4)c3s2)C1,6.939302159646388
CHEMBL500115,IC50,nM,81.0,IC50,nM,81.0,CS(=O)(=O)O[C@H]1CN[C@H](C#Cc2cc3ncnc(Nc4ccc(OCc5cccc(F)c5)c(Cl)c4)c3s2)C1,7.0915149811213505
CHEMBL500381,IC50,nM,63.0,IC50,nM,63.0,CCC(=O)O[C@H]1CN[C@H](C#Cc2cc3ncnc(Nc4ccc(OCc5cccc(F)c5)c(Cl)c4)c3s2)C1,7.200659450546418
CHEMBL500640,IC50,nM,141.0,IC50,nM,141.0,CCOC(=O)O[C@H]1CN[C@H](C#Cc2cc3ncnc(Nc4ccc(OCc5cccc(F)c5)c(Cl)c4)c3s2)C1,6.85078088734462
CHEMBL525805,IC50,nM,60.0,IC50,nM,60.0,CCOC(=O)N[C@H]1CN[C@H](C#Cc2cc3ncnc(Nc4ccc(OCc5cccc(F)c5)c(Cl)c4)c3s2)C1,7.221848749616356
CHEMBL501705,IC50,nM,50.0,IC50,nM,50.0,CCS(=O)(=O)N[C@H]1CN[C@H](C#Cc2cc3ncnc(Nc4ccc(OCc5cccc(F)c5)c(Cl)c4)c3s2)C1,7.301029995663981
CHEMBL485745,IC50,nM,6300.0,IC50,uM,6.3,Fc1ccc(-c2nn3ccccc3c2-c2ccncc2)cc1,5.200659450546418
CHEMBL504117,IC50,nM,50.0,IC50,nM,50.0,O=C(O[C@H]1CN[C@H](C#Cc2cc3ncnc(Nc4ccc(OCc5ccccn5)c(Cl)c4)c3s2)C1)N1CCOCC1,7.301029995663981
CHEMBL508760,IC50,nM,120.0,IC50,nM,120.0,O=C(O[C@H]1CN[C@H](C#Cc2cc3ncnc(Nc4ccc(OCc5cscn5)c(Cl)c4)c3s2)C1)N1CCOCC1,6.920818753952375
CHEMBL449949,IC50,nM,2600.0,IC50,nM,2600.0,O=C(O[C@H]1CN[C@H](C#Cc2cc3ncnc(Nc4ccc(OCc5cccc(F)c5)nc4)c3s2)C1)N1CCOCC1,5.585026652029182
CHEMBL452716,IC50,nM,1050.0,IC50,nM,1050.0,O=C(O[C@H]1CN[C@H](C#Cc2cc3ncnc(Nc4ccc5c(Oc6ccccn6)cccc5c4)c3s2)C1)N1CCOCC1,5.978810700930062
CHEMBL461811,IC50,nM,400.0,IC50,nM,400.0,Cc1cc(Oc2ccc(Nc3ncnc4cc(C#C[C@@H]5C[C@@H](OC(=O)N6CCOCC6)CN5)sc34)cc2Cl)no1,6.3979400086720375
CHEMBL505463,IC50,nM,280.0,IC50,nM,280.0,O=C(O[C@H]1CN[C@H](C#Cc2cc3ncnc(Nc4ccc(Oc5ccnc6ccc(F)cc56)c(Cl)c4)c3s2)C1)N1CCOCC1,6.552841968657781
CHEMBL455433,IC50,nM,180.0,IC50,nM,180.0,O=C(O[C@H]1CN[C@H](C#Cc2cc3ncnc(NCc4cccc(Oc5ccccc5)c4)c3s2)C1)N1CCOCC1,6.7447274948966935
CHEMBL455434,IC50,nM,240.0,IC50,nM,240.0,O=C(O[C@H]1CN[C@H](C#Cc2cc3ncnc(Nc4ccc(Cc5ccccc5)cc4)c3s2)C1)N1CCOCC1,6.619788758288394
CHEMBL457250,IC50,nM,1650.0,IC50,nM,1650.0,O=C(O[C@H]1CN[C@H](C#Cc2cc3ncnc(Nc4ccc(Sc5ccccn5)cc4)c3s2)C1)N1CCOCC1,5.782516055786093
CHEMBL501050,IC50,nM,630.0,IC50,nM,630.0,O=C(O[C@H]1CN[C@H](C#Cc2cc3ncnc(Nc4ccc(Sc5cccc(F)c5)c(Cl)c4)c3s2)C1)N1CCOCC1,6.200659450546418
CHEMBL507821,IC50,nM,80.0,IC50,nM,80.0,O=C(O[C@H]1CN[C@H](C#Cc2cc3ncnc(Nc4ccc5c(cnn5Cc5ccccc5)c4)c3s2)C1)N1CCOCC1,7.096910013008056
CHEMBL510845,IC50,nM,30.0,IC50,nM,30.0,O=C(O[C@H]1CN[C@H](C#Cc2cc3ncnc(Nc4ccc5c(cnn5Cc5cccc(F)c5)c4)c3s2)C1)N1CCOCC1,7.522878745280337
CHEMBL500072,IC50,nM,33.0,IC50,nM,33.0,O=C(O[C@H]1CN[C@H](C#Cc2cc3ncnc(Nc4ccc5c(cnn5Cc5cc(F)ccc5F)c4)c3s2)C1)N1CCOCC1,7.481486060122112
CHEMBL503253,IC50,nM,120.0,IC50,nM,120.0,CC(c1cccc(F)c1)n1ncc2cc(Nc3ncnc4cc(C#C[C@@H]5C[C@@H](OC(=O)N6CCOCC6)CN5)sc34)ccc21,6.920818753952375
CHEMBL451074,IC50,nM,230.0,IC50,nM,230.0,O=C(O[C@H]1CN[C@H](C#Cc2cc3ncnc(Nc4ccc5c(cnn5S(=O)(=O)c5cccc(F)c5)c4)c3s2)C1)N1CCOCC1,6.638272163982407
CHEMBL500217,IC50,nM,90.0,IC50,nM,90.0,O=C(O[C@H]1CN[C@H](C#Cc2cc3ncnc(Nc4ccc5c(ccn5Cc5ccccc5)c4)c3s2)C1)N1CCOCC1,7.045757490560675
CHEMBL447720,IC50,nM,3160.0,IC50,nM,3160.0,O=C(O[C@H]1CN[C@H](C#Cc2cc3ncnc(Nc4ccc5c(ccn5CCc5ccccc5)c4)c3s2)C1)N1CCOCC1,5.5003129173815966
CHEMBL451347,IC50,nM,680.0,IC50,nM,680.0,O=C(O[C@H]1CN[C@H](C#Cc2cc3ncnc(Nc4ccc5c(ccn5Cc5cscn5)c4)c3s2)C1)N1CCOCC1,6.167491087293763
CHEMBL452980,IC50,nM,240.0,IC50,nM,240.0,O=C(O[C@H]1CN[C@H](C#Cc2cc3ncnc(Nc4ccc5c(c4)c(F)cn5Cc4ccccc4)c3s2)C1)N1CCOCC1,6.619788758288394
CHEMBL452768,IC50,nM,150.0,IC50,nM,150.0,O=C(O[C@H]1CN[C@H](C#Cc2cc3ncnc(Nc4ccc5c(ccn5S(=O)(=O)c5ccsc5)c4)c3s2)C1)N1CCOCC1,6.823908740944319
CHEMBL453398,IC50,nM,190.0,IC50,nM,190.0,O=C(O[C@H]1CN[C@H](C#Cc2cc3ncnc(Nc4ccc(Oc5ccccn5)c(Cl)c4)c3s2)C1)N1CCOCC1,6.721246399047171
CHEMBL515598,IC50,nM,7800.0,IC50,uM,7.8,c1ccc2sc(-c3ccc(Nc4ncnc5[nH]cnc45)cc3)nc2c1,5.107905397309519
CHEMBL462338,IC50,nM,7700.0,IC50,uM,7.7,COc1nc(Nc2ccc(-c3nc4ccccc4s3)cc2)c2cc[nH]c2n1,5.113509274827518
CHEMBL474543,IC50,nM,5300.0,IC50,uM,5.3,Clc1ccc2c(Nc3ccc(-c4nc5ccccc5s4)cc3)ccnc2c1,5.275724130399211
CHEMBL475351,IC50,nM,5100.0,IC50,uM,5.1,COc1nc(Nc2ccc(-c3nc4ccccc4s3)c(OC)c2)c2cc[nH]c2n1,5.292429823902063
CHEMBL522785,IC50,nM,3300.0,IC50,uM,3.3,COc1cc2nc(Nc3cc(C)[nH]n3)nc(Nc3cccc(-c4nc5ccccc5s4)c3)c2cc1OC,5.481486060122113
CHEMBL475352,IC50,nM,2600.0,IC50,uM,2.6,COc1cc(Nc2ncnc3[nH]cnc23)ccc1-c1nc2ccccc2s1,5.585026652029182
CHEMBL473351,IC50,nM,2200.0,IC50,uM,2.2,COc1cc2ncnc(Nc3ccc(-c4nc5ccccc5s4)c(O)c3)c2cc1OC,5.657577319177793
CHEMBL464210,IC50,nM,2000.0,IC50,uM,2.0,CNC(=O)c1cc(Nc2ccc(-c3nc4ccccc4s3)cc2)ccn1,5.698970004336019
CHEMBL491686,IC50,nM,1900.0,IC50,uM,1.9,Cc1cc(Nc2ccnc(Nc3cccc(-c4nc5ccccc5s4)c3)n2)n[nH]1,5.721246399047171
CHEMBL443906,IC50,nM,1700.0,IC50,uM,1.7,c1cc(Nc2ncnc3[nH]cnc23)cc(-c2nc3ccccc3s2)c1,5.769551078621726
CHEMBL491677,IC50,nM,1600.0,IC50,uM,1.6,COc1cc2ncnc(Nc3ccc(N4Cc5ccccc5C4)cc3)c2cc1OC,5.795880017344075
CHEMBL473556,IC50,nM,1500.0,IC50,uM,1.5,COc1cc2ncnc(Nc3ccc(-c4nc5ccccc5s4)cc3)c2cc1OC,5.823908740944319
CHEMBL518803,IC50,nM,1300.0,IC50,uM,1.3,c1ccc2sc(-c3ccc(Nc4ncnc5[nH]ccc45)cc3)nc2c1,5.886056647693163
CHEMBL514016,IC50,nM,800.0,IC50,uM,0.8,Clc1ccc2c(Nc3ccc(-c4nc5ccccc5s4)c(Cl)c3)ncnc2c1,6.096910013008056
CHEMBL462162,IC50,nM,720.0,IC50,uM,0.72,COc1cc(Nc2ncnc3[nH]ccc23)ccc1-c1nc2ccccc2s1,6.142667503568732
CHEMBL460746,IC50,nM,280.0,IC50,uM,0.28,O=C(NC(=S)Nc1ccc(O)c(-c2nc3ccccc3s2)c1)c1ccc([N+](=O)[O-])cc1,6.552841968657781
CHEMBL514942,IC50,nM,240.0,IC50,uM,0.24,COc1cc2ncnc(Nc3ccc(-c4nc5ccccc5s4)cc3C)c2cc1OC,6.619788758288394
CHEMBL473553,IC50,nM,63.0,IC50,uM,0.063,COc1cc2ncnc(Nc3ccc(-c4nc5ccccc5s4)c(OC)c3)c2cc1OC,7.200659450546418
CHEMBL249496,IC50,nM,270.0,IC50,nM,270.0,Nc1ncnc2c1c(-c1ccc3nc(Cc4ccccc4)[nH]c3c1)nn2[C@H]1CC[C@H](N2CCOCC2)CC1,6.568636235841013
CHEMBL248877,IC50,nM,361.0,IC50,nM,361.0,Nc1ncnc2c1c(-c1ccc3nc(Cc4cccs4)[nH]c3c1)nn2[C@H]1CC[C@H](N2CCOCC2)CC1,6.442492798094342
CHEMBL251732,IC50,nM,65.0,IC50,nM,65.0,Nc1ncnc2c1c(-c1ccc3nc(Cc4ccccc4Cl)[nH]c3c1)nn2[C@H]1CC[C@H](N2CCOCC2)CC1,7.187086643357144
CHEMBL437584,IC50,nM,58.0,IC50,nM,58.0,COc1ccccc1Cc1nc2ccc(-c3nn([C@H]4CC[C@H](N5CCOCC5)CC4)c4ncnc(N)c34)cc2[nH]1,7.236572006437063
CHEMBL455208,IC50,nM,30.0,IC50,nM,30.0,COc1ccccc1Cc1nc2ccc(-c3nn([C@H]4CC[C@H](N5CCNCC5)CC4)c4ncnc(N)c34)cc2[nH]1,7.522878745280337
CHEMBL452717,IC50,nM,130.0,IC50,nM,130.0,COc1ccccc1Cc1nc2ccc(-c3nn([C@H]4CC[C@H](N5CCN(C(C)=O)CC5)CC4)c4ncnc(N)c34)cc2[nH]1,6.886056647693163
CHEMBL503638,IC50,nM,30.0,IC50,nM,30.0,CCOC(=O)N1CCN([C@H]2CC[C@H](n3nc(-c4ccc5nc(Cc6ccccc6OC)[nH]c5c4)c4c(N)ncnc43)CC2)CC1,7.522878745280337
CHEMBL448628,IC50,nM,25.0,IC50,nM,25.0,COc1ccccc1Cc1nc2ccc(-c3nn([C@H]4CC[C@H](N5CCN(C(=O)N(C)C)CC5)CC4)c4ncnc(N)c34)cc2[nH]1,7.6020599913279625
CHEMBL443098,IC50,nM,58.0,IC50,nM,58.0,COCCCN1CCN([C@H]2CC[C@H](n3nc(-c4ccc5nc(Cc6ccccc6OC)[nH]c5c4)c4c(N)ncnc43)CC2)CC1,7.236572006437063
CHEMBL446250,IC50,nM,3.0,IC50,nM,3.0,COc1ccccc1Cc1nc2ccc(-c3nn([C@H]4CC[C@H](N5CCN(CC6CC6)CC5)CC4)c4ncnc(N)c34)cc2[nH]1,8.522878745280337
CHEMBL501256,IC50,nM,93000.0,IC50,uM,93.0,Nc1ncnc2c1ncn2CC(=O)c1cccnc1,4.031517051446065
CHEMBL504135,IC50,nM,89000.0,IC50,uM,89.0,Nc1ncnc2c1ncn2CC(=O)c1ccccn1,4.050609993355087
CHEMBL520515,IC50,nM,75000.0,IC50,uM,75.0,Nc1ncnc2c1ncn2CC(=O)c1ccccc1,4.1249387366083
CHEMBL485246,IC50,nM,82000.0,IC50,uM,82.0,Nc1ncnc2ncn(CC(=O)c3c[nH]c4ccccc34)c12,4.086186147616283
CHEMBL521155,IC50,nM,35000.0,IC50,uM,35.0,Nc1ncnc2c1ncn2CC(=O)c1c[nH]c2ccccc12,4.455931955649724
CHEMBL464721,IC50,nM,1600.0,IC50,uM,1.6,CCC(C)/C=C/C(=O)C(=O)/C=C/C=C/C=C/C=C/C=C/C=C/[C@@H]1C[C@@H](O)[C@H](C(=O)O)O1,5.795880017344075
CHEMBL485320,IC50,nM,300.0,IC50,uM,0.3,Nc1nc(Nc2cccc(Br)c2)c2cc(CCc3ccccc3)[nH]c2n1,6.522878745280337
CHEMBL482715,IC50,nM,122000.0,IC50,uM,122.0,Nc1nc(Nc2ccc(F)c(C(F)(F)F)c2)c2cc(CCc3ccccc3)[nH]c2n1,3.9136401693252516
CHEMBL519147,IC50,nM,3180.0,IC50,uM,3.18,Nc1nc(Nc2ccc(Cl)cc2)c2cc(CCc3ccccc3)[nH]c2n1,5.497572880015567
CHEMBL483313,IC50,nM,1320.0,IC50,uM,1.32,Nc1nc(Nc2ccc(Cl)cc2F)c2cc(CCc3ccccc3)[nH]c2n1,5.87942606879415
CHEMBL504416,IC50,nM,22800.0,IC50,uM,22.8,Nc1nc(Nc2ccc(F)c(Cl)c2)c2cc(CCc3ccccc3)[nH]c2n1,4.642065152999546
CHEMBL484109,IC50,nM,4700.0,IC50,uM,4.7,Nc1nc(Nc2cccc(Br)c2)c2cc(CCc3ccc4ccccc4c3)[nH]c2n1,5.327902142064283
CHEMBL484108,IC50,nM,4800.0,IC50,uM,4.8,Nc1nc(Nc2cccc(Br)c2)c2cc(CCc3cccc4ccccc34)[nH]c2n1,5.318758762624412
CHEMBL482489,IC50,nM,3400.0,IC50,uM,3.4,Nc1nc(Nc2cccc(Br)c2)c2cc(CCc3ccccc3Cl)[nH]c2n1,5.468521082957745
CHEMBL485321,IC50,nM,2200.0,IC50,uM,2.2,COc1ccc(CCc2cc3c(Nc4cccc(Br)c4)nc(N)nc3[nH]2)cc1,5.657577319177793
CHEMBL502015,IC50,nM,1240.0,IC50,uM,1.24,Nc1nc(Nc2cccc(Br)c2)c2cc(Cc3ccc4ccccc4c3)[nH]c2n1,5.906578314837765
CHEMBL499345,IC50,nM,4310.0,IC50,uM,4.31,Nc1nc(Nc2cccc(Br)c2)c2cc(Cc3ccccc3Cl)[nH]c2n1,5.3655227298392685
CHEMBL499344,IC50,nM,1670.0,IC50,uM,1.67,Nc1nc(Nc2cccc(Br)c2)c2cc(Cc3ccccc3)[nH]c2n1,5.777283528852417
CHEMBL505896,IC50,nM,1700.0,IC50,nM,1700.0,COc1cc2c(Oc3ccc(-c4cnc(Cc5ccccc5)n(C)c4=O)cc3F)ccnc2cc1OCCCN1CCOCC1,5.769551078621726
CHEMBL453737,IC50,nM,1700.0,IC50,nM,1700.0,COc1cc2c(Oc3ccc(-c4cnc(Nc5ccc(F)cc5)n(C)c4=O)cc3F)ccnc2cc1OCCCN1CCOCC1,5.769551078621726
CHEMBL459729,IC50,nM,21000.0,IC50,uM,21.0,Cc1cc(C2CCN(CCCF)CC2)cc2[nH]c(-c3c(NCCn4cc(Cl)cn4)cc[nH]c3=O)nc12,4.6777807052660805
CHEMBL461571,IC50,nM,2240.0,IC50,uM,2.24,Cc1c(C(=O)c2ccc(Cl)cc2)c2ccc(OC(F)(F)F)cc2n1Cc1cccc(O[C@H](C)C(=O)O)c1,5.649751981665837
CHEMBL461792,IC50,nM,10.08,IC50,nM,10.08,COC[C@H]1Oc2cc3ncnc(Nc4cccc(Cl)c4)c3cc2O[C@@H]1COC,7.996539467890494
CHEMBL516979,IC50,nM,1.66,IC50,nM,1.66,COC[C@H]1Oc2cc3ncnc(Nc4cccc(I)c4)c3cc2O[C@@H]1COC,8.779891911959945
CHEMBL460736,IC50,nM,8.6,IC50,nM,8.6,CN(N)C/C=C/C(=O)Nc1cc2c(Nc3cccc(Br)c3)ccnc2cn1,8.065501548756432
CHEMBL461795,IC50,nM,6.0,IC50,nM,6.0,COc1cc2ncnc(Nc3ccc(F)c(Cl)c3)c2cc1CN1CC[C@@H](C(N)=O)C1,8.221848749616356
CHEMBL461967,IC50,nM,8.0,IC50,nM,8.0,COc1cc2ncnc(Nc3ccc(F)c(Cl)c3)c2cc1CNC(=O)[C@H]1CCCCN1C,8.096910013008056
CHEMBL517130,IC50,nM,9.0,IC50,nM,9.0,COc1cc2ncnc(Nc3ccc(F)c(Cl)c3)c2cc1CN(C)[C@H](C)C(N)=O,8.045757490560675
CHEMBL461968,IC50,nM,8.0,IC50,nM,8.0,COc1cc2ncnc(Nc3ccc(F)c(Cl)c3)c2cc1CN(C)[C@@H](C)C(N)=O,8.096910013008056
CHEMBL473141,IC50,nM,10320.0,IC50,nM,10320.0,CCOc1cc2nccc(Nc3cccc(Br)c3)c2cc1NC(=O)/C=C/CN1CCOCC1,4.986320302708807
CHEMBL472743,IC50,nM,5390.0,IC50,nM,5390.0,COc1cc(NC(=O)/C=C/CN2CCOCC2)cc2c(Nc3cccc(Br)c3)ccnc12,5.268411234813262
CHEMBL472942,IC50,nM,13570.0,IC50,nM,13570.0,COc1cc2nccc(Nc3ccc(F)c(Cl)c3)c2cc1NC(=O)/C=C/CN1CCOCC1,4.867420152340263
CHEMBL472943,IC50,nM,5220.0,IC50,nM,5220.0,COc1cc2nccc(Nc3ccc(F)c(Cl)c3)c2cc1NC(=O)/C=C/C(C)N(C)C,5.282329496997738
CHEMBL514771,IC50,nM,10590.0,IC50,nM,10590.0,COc1cc2nccc(Nc3ccc(F)c(Cl)c3)c2cc1NC(=O)/C=C/C(C)N1CCOCC1,4.975104039892515
CHEMBL490687,IC50,nM,7500.0,IC50,nM,7500.0,C/C=C/C(=O)Nc1cc2c(Nc3ccc(F)c(Cl)c3)ccnc2cc1CC,5.1249387366083
CHEMBL461781,IC50,nM,6300.0,IC50,uM,6.3,FC(F)(F)c1ccc(-n2cnnc2SCc2nc(COc3c(Cl)cccc3Cl)no2)cc1,5.200659450546418
CHEMBL461782,IC50,nM,11100.0,IC50,uM,11.1,CCOC(=O)c1ccc(N2CCOCC2)c(NS(=O)(=O)c2cc(Br)c(Cl)s2)c1,4.954677021213342
CHEMBL523586,IC50,nM,10000.0,IC50,nM,10000.0,NC[C@H](Cc1cccc(F)c1)NC(=O)c1cc(Br)c(-c2ccnc3[nH]ccc23)s1,5.0
CHEMBL470219,IC50,nM,4.0,IC50,nM,4.0,Fc1ccc(Nc2ncnc3nc(Nc4ccc(CN5CCCC5)cc4)sc23)cc1Cl,8.397940008672037
CHEMBL471058,IC50,nM,6.0,IC50,nM,6.0,CCc1nccn1Cc1ccc(Nc2nc3ncnc(Nc4ccc(F)c(Cl)c4)c3s2)cc1,8.221848749616356
CHEMBL513418,IC50,nM,7.0,IC50,nM,7.0,NS(=O)(=O)c1ccc(Nc2nc3ncnc(Nc4cccc(Cl)c4)c3s2)cc1,8.154901959985743
CHEMBL469355,IC50,nM,9.0,IC50,nM,9.0,NS(=O)(=O)c1ccc(Nc2nc3ncnc(Nc4ccc(F)c(Cl)c4)c3s2)cc1,8.045757490560675
CHEMBL503418,IC50,nM,9.0,IC50,nM,9.0,CN1CCN(Cc2ccc(Nc3nc4ncnc(Nc5ccc(OCc6cccc(F)c6)c(Cl)c5)c4s3)cc2)CC1,8.045757490560675
CHEMBL469354,IC50,nM,10.0,IC50,nM,10.0,NS(=O)(=O)c1ccc(Nc2nc3ncnc(Nc4cccc(Br)c4)c3s2)cc1,8.0
CHEMBL470011,IC50,nM,10.0,IC50,nM,10.0,Fc1ccc(Nc2ncnc3nc(Nc4ccc(CN5CCCCC5)cc4)sc23)cc1Cl,8.0
CHEMBL511990,IC50,nM,11.0,IC50,nM,11.0,OC[C@@H]1CCCN1Cc1ccc(Nc2nc3ncnc(Nc4ccc(F)c(Cl)c4)c3s2)cc1,7.958607314841775
CHEMBL513208,IC50,nM,12.0,IC50,nM,12.0,CN(C)Cc1ccc(Nc2nc3ncnc(Nc4ccc(F)c(Cl)c4)c3s2)cc1,7.920818753952375
CHEMBL511637,IC50,nM,12.0,IC50,nM,12.0,Fc1ccc(Nc2ncnc3nc(Nc4ccc(CN5CCOCC5)cc4)sc23)cc1Cl,7.920818753952375
CHEMBL470218,IC50,nM,13.0,IC50,nM,13.0,CN(C)CCc1ccc(Nc2nc3ncnc(Nc4ccc(F)c(Cl)c4)c3s2)cc1,7.886056647693163
CHEMBL513362,IC50,nM,14.0,IC50,nM,14.0,Cc1cccc(Nc2ncnc3nc(Nc4ccc(S(N)(=O)=O)cc4)sc23)c1,7.853871964321762
CHEMBL470012,IC50,nM,15.0,IC50,nM,15.0,Fc1ccc(Nc2ncnc3nc(Nc4ccc(CCN5CCOCC5)cc4)sc23)cc1Cl,7.823908740944319
CHEMBL470010,IC50,nM,25.0,IC50,nM,25.0,COCCN(CCOC)S(=O)(=O)c1ccc(Nc2nc3ncnc(Nc4ccc(F)c(Cl)c4)c3s2)cc1,7.6020599913279625
CHEMBL470003,IC50,nM,27.0,IC50,nM,27.0,Clc1cccc(Nc2ncnc3nc(Nc4ccccc4)sc23)c1,7.568636235841013
CHEMBL470391,IC50,nM,43.0,IC50,nM,43.0,C#Cc1cccc(Nc2ncnc3nc(Nc4ccc(CN5CCOCC5)cc4)sc23)c1,7.366531544420414
CHEMBL469997,IC50,nM,59.0,IC50,nM,59.0,Fc1ccc(Nc2ncnc3nc(Nc4ccccc4)sc23)cc1Cl,7.229147988357855
CHEMBL511839,IC50,nM,82.0,IC50,nM,82.0,NS(=O)(=O)c1ccc(Nc2nc3ncnc(Nc4ccccc4)c3s2)cc1,7.086186147616283
CHEMBL513716,IC50,nM,187.0,IC50,nM,187.0,NS(=O)(=O)c1ccc(Nc2nc3ncnc(Nc4c(F)cccc4F)c3s2)cc1,6.728158393463501
CHEMBL511623,IC50,nM,918.0,IC50,nM,918.0,Fc1ccc(Nc2ncnc3nc(NCCN4CCOCC4)sc23)cc1Cl,6.037157318798758
CHEMBL469996,IC50,nM,3300.0,IC50,nM,3300.0,NS(=O)(=O)c1ccc(Nc2nc3ncnc(Nc4ccc(N5CCOCC5)c(Cl)c4)c3s2)cc1,5.481486060122113
CHEMBL511449,IC50,nM,17900.0,IC50,nM,17900.0,NS(=O)(=O)c1ccc(Nc2nc3ncnc(Nc4ccc(N5CCOCC5)cc4)c3s2)cc1,4.747146969020107
CHEMBL523122,IC50,nM,7130.0,IC50,uM,7.13,COCCOc1cc2ncnc(Nc3c(Cl)ccc4c3OCO4)c2cc1NC(=O)[C@@H]1CCCN1,5.146910470148135
CHEMBL453336,IC50,nM,14000.0,IC50,uM,14.0,COc1cc(C2=C(c3cn(COCc4ccccc4)c4ccccc34)CNC2=O)cc(OC)c1OC,4.853871964321762
CHEMBL488646,IC50,nM,9000.0,IC50,uM,9.0,COc1cc(C2=C(c3cn(COC(C)(C)C)c4ccccc34)CNC2=O)cc(OC)c1OC,5.045757490560675
CHEMBL486437,IC50,nM,22000.0,IC50,uM,22.0,COc1cc(C2=C(c3cn(COCC[Si](C)(C)C)c4ccccc34)CNC2=O)cc(OC)c1OC,4.657577319177793
CHEMBL529663,IC50,nM,23000.0,IC50,uM,23.0,COc1cc(C2=C(c3c[nH]c4ccccc34)CNC2=O)cc(OC)c1OC,4.638272163982407
CHEMBL489058,IC50,nM,10.0,IC50,uM,0.01,CCN1CCN(CC/C=C/c2ccc3c(Nc4ccc(Sc5nccn5C)c(Cl)c4)c(C#N)cnc3c2)CC1,8.0
CHEMBL448929,IC50,nM,22.0,IC50,nM,22.0,CCc1cc(Nc2nccc(-c3c(-c4cccc(C(=O)Nc5c(F)cccc5F)c4)nc4ccccn34)n2)c(OC)cc1N1CCC(N2CCN(S(C)(=O)=O)CC2)CC1,7.657577319177793
CHEMBL507714,IC50,nM,57.0,IC50,nM,57.0,COc1cc(N2CCC(N3CCN(S(C)(=O)=O)CC3)CC2)ccc1Nc1nccc(-c2c(-c3cccc(C(=O)Nc4c(F)cccc4F)c3)nc3ccccn23)n1,7.2441251443275085
CHEMBL480356,IC50,nM,3480.0,IC50,uM,3.48,Cc1[nH]c(/C=C2\C(=O)Nc3ccc(C(=O)NNc4ccccc4)cc32)c(C)c1CCC(=O)O,5.458420756053419
CHEMBL479800,IC50,nM,10.0,IC50,nM,10.0,Fc1cccc(COc2ccc(Nc3ncnc4cc(-c5ccco5)sc34)cc2Cl)c1,8.0
CHEMBL475594,IC50,nM,2.0,IC50,nM,2.0,CN(C)Cc1ccc(-c2cc3ncnc(Nc4ccc(OCc5cccc(F)c5)c(Cl)c4)c3s2)o1,8.698970004336019
CHEMBL475761,IC50,nM,5.0,IC50,nM,5.0,CN1CCN(Cc2ccc(-c3cc4ncnc(Nc5ccc(OCc6cccc(F)c6)c(Cl)c5)c4s3)o2)CC1,8.301029995663981
CHEMBL473428,IC50,nM,3.0,IC50,nM,3.0,OCc1ccc(-c2cc3ncnc(Nc4ccc(OCc5cccc(F)c5)c(Cl)c4)c3s2)o1,8.522878745280337
CHEMBL473429,IC50,nM,3.0,IC50,nM,3.0,N#CCNCc1ccc(-c2cc3ncnc(Nc4ccc(OCc5cccc(F)c5)c(Cl)c4)c3s2)o1,8.522878745280337
CHEMBL475768,IC50,nM,1.0,IC50,nM,1.0,CS(=O)(=O)CCNCc1ccc(-c2cc3ncnc(Nc4ccc(OCc5cccc(F)c5)c(Cl)c4)c3s2)o1,9.0
CHEMBL475769,IC50,nM,4.0,IC50,nM,4.0,CS(=O)(=O)CCNCc1cc(-c2cc3ncnc(Nc4ccc(OCc5cccc(F)c5)c(Cl)c4)c3s2)co1,8.397940008672037
CHEMBL473427,IC50,nM,8.0,IC50,nM,8.0,Fc1cccc(COc2ccc(Nc3ncnc4cc(-c5cccs5)sc34)cc2Cl)c1,8.096910013008056
CHEMBL474431,IC50,nM,3.0,IC50,nM,3.0,CS(=O)(=O)CCNCc1cc(-c2cc3ncnc(Nc4ccc(OCc5cccc(F)c5)c(Cl)c4)c3s2)cs1,8.522878745280337
CHEMBL473436,IC50,nM,68.0,IC50,nM,68.0,Fc1cccc(COc2ccc(Nc3ncnc4cc(-c5ccc[nH]5)sc34)cc2Cl)c1,7.167491087293763
CHEMBL473437,IC50,nM,4.0,IC50,nM,4.0,CN(C)Cc1ccc(-c2cc3ncnc(Nc4ccc(OCc5cccc(F)c5)c(Cl)c4)c3s2)[nH]1,8.397940008672037
CHEMBL473438,IC50,nM,6.0,IC50,nM,6.0,CCNCc1ccc(-c2cc3ncnc(Nc4ccc(OCc5cccc(F)c5)c(Cl)c4)c3s2)[nH]1,8.221848749616356
CHEMBL475446,IC50,nM,7.0,IC50,nM,7.0,CS(=O)(=O)CCNCc1ccc(-c2cc3ncnc(Nc4ccc(OCc5cccc(F)c5)c(Cl)c4)c3s2)[nH]1,8.154901959985743
CHEMBL514938,IC50,nM,15.0,IC50,nM,15.0,Fc1cccc(COc2ccc(Nc3ncnc4sc(-c5ccco5)cc34)cc2Cl)c1,7.823908740944319
CHEMBL519757,IC50,nM,54.0,IC50,nM,54.0,Fc1cccc(COc2ccc(Nc3ncnc4sc(-c5ccc(CNCc6ccccc6)o5)cc34)cc2Cl)c1,7.267606240177032
CHEMBL480349,IC50,nM,12.0,IC50,nM,12.0,CS(=O)(=O)CCNCc1ccc(-c2cc3c(Nc4ccc(OCc5cccc(F)c5)c(Cl)c4)ncnc3s2)o1,7.920818753952375
CHEMBL506414,IC50,nM,9.0,IC50,nM,9.0,Fc1cccc(COc2ccc(Nc3ncnc4sc(-c5cccs5)cc34)cc2Cl)c1,8.045757490560675
CHEMBL481324,IC50,nM,96.0,IC50,nM,96.0,CS(=O)(=O)CCNCc1ccc(-c2cc3c(Nc4ccc(OCc5cccc(F)c5)c(Cl)c4)ncnc3s2)s1,7.017728766960431
CHEMBL475599,IC50,nM,304.0,IC50,nM,304.0,CS(=O)(=O)CCNCc1cc(-c2cc3c(Nc4ccc(OCc5cccc(F)c5)c(Cl)c4)ncnc3s2)cs1,6.517126416391246
CHEMBL475600,IC50,nM,115.0,IC50,nM,115.0,Fc1cccc(COc2ccc(Nc3ncnc4sc(-c5ccc[nH]5)cc34)cc2Cl)c1,6.939302159646388
CHEMBL475767,IC50,nM,68.0,IC50,nM,68.0,CN(C)Cc1ccc(-c2cc3c(Nc4ccc(OCc5cccc(F)c5)c(Cl)c4)ncnc3s2)[nH]1,7.167491087293763
CHEMBL480348,IC50,nM,121.0,IC50,nM,121.0,CCNCc1ccc(-c2cc3c(Nc4ccc(OCc5cccc(F)c5)c(Cl)c4)ncnc3s2)[nH]1,6.91721462968355
CHEMBL481331,IC50,nM,138.0,IC50,nM,138.0,CS(=O)(=O)CCNCc1ccc(-c2cc3c(Nc4ccc(OCc5cccc(F)c5)c(Cl)c4)ncnc3s2)[nH]1,6.860120913598763
CHEMBL473320,IC50,nM,131.0,IC50,nM,131.0,COc1cc2ncnc(-c3c[nH]c4ccc(Br)cc34)c2cc1OC,6.882728704344236
CHEMBL474524,IC50,nM,333.0,IC50,nM,333.0,COc1cc2ncnc(-c3c[nH]c4cc(F)c(Cl)cc34)c2cc1OCCCN1CCOCC1,6.47755576649368
CHEMBL474324,IC50,nM,472.0,IC50,nM,472.0,COCCOc1cc2ncnc(-c3c[nH]c4cc(F)c(Cl)cc34)c2cc1OCCOC,6.3260580013659125
CHEMBL474323,IC50,nM,533.0,IC50,nM,533.0,COc1cc2ncnc(-c3c[nH]c4cc(F)c(C)cc34)c2cc1OC,6.273272790973428
CHEMBL515401,IC50,nM,209.0,IC50,nM,209.0,COc1cc2ncnc(-c3c[nH]c4cc(F)c(Cl)cc34)c2cc1OC,6.679853713888946
CHEMBL451523,IC50,nM,5400.0,IC50,uM,5.4,COc1c(NC(=O)Nc2ccc(-c3ccc(CN4CCOCC4)nc3)c3ccccc23)cc(C(C)(C)C)cc1NS(C)(=O)=O,5.267606240177032
CHEMBL490510,IC50,nM,19000000.0,IC50,mM,19.0,O=C(/C=C/c1ccc(O)c(O)c1)c1ccc(O[C@@H]2O[C@H](CO)[C@@H](O)[C@H](O)[C@H]2O)c(O)c1O,1.7212463990471711
CHEMBL45068,IC50,nM,25000000.0,IC50,mM,25.0,O=C(CCc1ccc(O)cc1)c1c(O)cc(O)cc1O,1.6020599913279623
CHEMBL242740,IC50,nM,3300.0,IC50,uM,3.3,COc1c(O)cc2occ(-c3ccc(O)cc3)c(=O)c2c1O,5.481486060122113
CHEMBL477197,IC50,nM,3400.0,IC50,uM,3.4,Oc1cc2c(cc1O)[C@@H]1c3ccc(O)c(O)c3OC[C@]1(O)C2,5.468521082957745
CHEMBL525725,IC50,nM,49.0,IC50,uM,0.049,COc1ccc(/N=C/c2c(N)ncnc2Nc2ccc3c(cnn3Cc3cccc(F)c3)c2)cc1,7.309803919971486
CHEMBL497863,IC50,nM,52.0,IC50,uM,0.052,Nc1ncnc(Nc2ccc3c(cnn3Cc3cccc(F)c3)c2)c1/C=N/NCC(F)(F)F,7.2839966563652006
CHEMBL497697,IC50,nM,12.0,IC50,uM,0.012,CN/N=C/c1c(N)ncnc1Nc1ccc2c(cnn2Cc2cccc(F)c2)c1,7.920818753952375
CHEMBL515664,IC50,nM,31.0,IC50,uM,0.031,COC[C@H]1CCCN1/N=C/c1c(N)ncnc1Nc1ccc2c(cnn2Cc2cccc(F)c2)c1,7.508638306165727
CHEMBL456758,IC50,nM,26.0,IC50,uM,0.026,COC[C@@H]1CCCN1/N=C/c1c(N)ncnc1Nc1ccc2c(cnn2Cc2cccc(F)c2)c1,7.585026652029182
CHEMBL514566,IC50,nM,9.0,IC50,uM,0.009,Nc1ncnc(Nc2ccc3c(cnn3Cc3cccc(F)c3)c2)c1/C=N/N1CCN(CCO)CC1,8.045757490560675
CHEMBL498134,IC50,nM,16.0,IC50,uM,0.016,CN1CCN(/N=C/c2c(N)ncnc2Nc2ccc3c(cnn3Cc3cccc(F)c3)c2)CC1,7.795880017344075
CHEMBL524457,IC50,nM,30.0,IC50,uM,0.03,Nc1ncnc(Nc2ccc3c(cnn3Cc3cccc(F)c3)c2)c1/C=N/N1CCCCC1,7.522878745280337
CHEMBL498133,IC50,nM,16.0,IC50,uM,0.016,Nc1ncnc(Nc2ccc3c(cnn3Cc3cccc(F)c3)c2)c1/C=N/N1CCOCC1,7.795880017344075
CHEMBL497459,IC50,nM,8.0,IC50,uM,0.008,CN(C)/N=C/c1c(N)ncnc1Nc1ccc2c(cnn2Cc2cccc(F)c2)c1,8.096910013008056
CHEMBL487254,IC50,nM,9500.0,IC50,uM,9.5,N=C(Nc1ccccc1)SCCCN1C(=O)C2=C(C1=O)n1ccc3cccc(c31)C1Cc3ccccc3N21,5.022276394711152
CHEMBL489083,IC50,nM,4600.0,IC50,uM,4.6,N=C(N)SCCCn1c(=O)c2c(c1=O)n1c3ccccc3cc1c1cccc3ccn2c31,5.337242168318426
CHEMBL488271,IC50,nM,9900.0,IC50,uM,9.9,CNC(=N)SCCCn1c(=O)c2c(c1=O)n1c3ccccc3cc1c1cccc3ccn2c31,5.00436480540245
CHEMBL461140,IC50,nM,3300.0,IC50,uM,3.3,CN(C)CCOc1ccc(/C=C/c2cc(-c3cc4c(=O)[nH]cnc4[nH]3)ccn2)cc1,5.481486060122113
CHEMBL496388,IC50,nM,1000.0,IC50,uM,1.0,N#Cc1cnc2c(Cl)cc(NCc3c[nH]nn3)cc2c1Nc1ccc(F)c(Cl)c1,6.0
CHEMBL495617,IC50,nM,30000.0,IC50,uM,30.0,CCCN1CCC(n2cc(CNc3cc(Cl)c4ncc(C#N)c(Nc5ccc(F)c(Cl)c5)c4c3)nn2)CC1,4.522878745280337
CHEMBL501709,IC50,nM,22000.0,IC50,uM,22.0,N#Cc1cnc2c(Cl)cc(NCc3cn(C4CCN(C5CCC5)CC4)nn3)cc2c1Nc1ccc(F)c(Cl)c1,4.657577319177793
CHEMBL523059,IC50,nM,22000.0,IC50,uM,22.0,CC(C)N1CCC(n2cc(CNc3cc(Cl)c4ncc(C#N)c(Nc5ccc(F)c(Cl)c5)c4c3)nn2)CC1,4.657577319177793
CHEMBL527026,IC50,nM,11000.0,IC50,uM,11.0,CCN1CCC(n2cc(CNc3cc(Cl)c4ncc(C#N)c(Nc5ccc(F)c(Cl)c5)c4c3)nn2)CC1,4.958607314841775
CHEMBL230232,IC50,nM,1000.0,IC50,uM,1.0,N#Cc1cnc2c(Br)cc(NCc3c[nH]nn3)cc2c1Nc1ccc(F)c(Cl)c1,6.0
CHEMBL50,IC50,nM,900.0,IC50,uM,0.9,O=c1c(O)c(-c2ccc(O)c(O)c2)oc2cc(O)cc(O)c12,6.045757490560675
CHEMBL564829,IC50,nM,3069.0,IC50,uM,3.069,CNC(=O)c1nn(C)c2c1C(C)(C)Cc1cnc(Nc3ccc(N4CCN(C)CC4)cc3)nc1-2,5.513003111568177
CHEMBL574059,IC50,nM,380.0,IC50,M,3.8E-7,Cn1c(=O)c(-c2c(Cl)cccc2Cl)cc2cnc(Nc3ccc(F)cc3)nc21,6.42021640338319
CHEMBL574058,IC50,nM,390.0,IC50,M,3.9E-7,Cc1cc(Nc2ncc3cc(-c4c(Cl)cccc4Cl)c(=O)n(C)c3n2)ccc1F,6.4089353929735005
CHEMBL565714,IC50,nM,21.0,IC50,nM,21.0,CCC1=C2C(Nc3ccc4c(cnn4Cc4ccccc4)c3)=NC=NC2N=C1NC(=O)OCCN1CCNCC1,7.6777807052660805
CHEMBL565467,IC50,nM,23.0,IC50,nM,23.0,CCC1=C2C(Nc3ccc4c(cnn4Cc4ccccc4)c3)=NC=NC2N=C1NC(=O)O[C@H]1CC[C@H](N)CC1,7.638272163982407
CHEMBL583403,IC50,nM,23.0,IC50,nM,23.0,CCC1=C2C(Nc3ccc4c(cnn4Cc4cccc(F)c4)c3)=NC=NC2N=C1NC(=O)OC[C@@H]1COCCN1,7.638272163982407
CHEMBL583218,IC50,nM,30.0,IC50,nM,30.0,CCC1=C2C(Nc3ccc4c(cnn4Cc4ccccc4)c3)=NC=NC2N=C1NC(=O)OCC1CCNCC1,7.522878745280337
CHEMBL1645462,IC50,nM,32.0,IC50,nM,32.0,Cc1c(NC(=O)OC[C@@H]2COCCN2)cn2ncnc(Nc3ccc4c(cnn4Cc4cccc(F)c4)c3)c12,7.494850021680094
CHEMBL567873,IC50,nM,33.0,IC50,nM,33.0,CCC1=C2C(Nc3ccc4c(cnn4Cc4ccccc4)c3)=NC=NC2N=C1NC(=O)OC[C@@H]1COCCN1,7.481486060122112
CHEMBL566350,IC50,nM,38.0,IC50,nM,38.0,CCC1=C2C(Nc3ccc4c(cnn4Cc4ccccc4)c3)=NC=NC2N=C1NC(=O)OCCN1CCCCC1,7.42021640338319
CHEMBL584714,IC50,nM,38.0,IC50,nM,38.0,CCC1=C2C(Nc3ccc4c(cnn4Cc4ccccc4)c3)=NC=NC2N=C1NC(=O)OCC1CCCNC1,7.42021640338319
CHEMBL566337,IC50,nM,40.0,IC50,nM,40.0,CCC1=C2C(Nc3ccc4c(cnn4Cc4ccccc4)c3)=NC=NC2N=C1NC(=O)OCCn1ccnc1,7.3979400086720375
CHEMBL578044,IC50,nM,44.0,IC50,nM,44.0,CCC1=C2C(Nc3ccc4c(cnn4Cc4ccccc4)c3)=NC=NC2N=C1NC(=O)OCCC1CCNCC1,7.356547323513812
CHEMBL566559,IC50,nM,45.0,IC50,nM,45.0,CCC1=C2C(Nc3ccc4c(cnn4Cc4ccccc4)c3)=NC=NC2N=C1NC(=O)OCC1CCCCN1,7.346787486224656
CHEMBL578255,IC50,nM,111.0,IC50,nM,111.0,CCC1=C2C(Nc3ccc4c(cnn4Cc4ccccc4)c3)=NC=NC2N=C1NC(=O)OCCN1CCOCC1,6.954677021213342
CHEMBL567197,IC50,nM,19.0,IC50,nM,19.0,CCC1=C2C(Nc3ccc4c(cnn4Cc4ccccc4)c3)=NC=NC2N=C1NC(=O)O[C@H]1CC[C@@](C)(N)CC1,7.721246399047171
CHEMBL571040,IC50,nM,13.0,IC50,nM,13.0,C=CC(=O)N1CCC[C@H]1C(=O)Nc1cc2c(Nc3cccc(Cl)c3F)ncnc2cc1OCCOC,7.886056647693163
CHEMBL569880,IC50,nM,9.0,IC50,nM,9.0,C=CC(=O)N1CCC[C@H]1C(=O)Nc1cc2c(Nc3ccc(F)c(Cl)c3F)ncnc2cc1OCCOC,8.045757490560675
CHEMBL571809,IC50,nM,240.0,IC50,uM,0.24,CC(=O)OCN(C)/N=N/c1ccc2ncnc(Nc3cccc(Cl)c3)c2c1,6.619788758288394
CHEMBL572030,IC50,nM,180.0,IC50,uM,0.18,C=COC(=O)N(CCN(C)C)/N=N/c1ccc2ncnc(Nc3cccc(Cl)c3)c2c1,6.7447274948966935
CHEMBL572031,IC50,nM,720.0,IC50,uM,0.72,C=COC(=O)N(C)/N=N/c1ccc2ncnc(Nc3cccc(Cl)c3)c2c1,6.142667503568732
CHEMBL570918,IC50,nM,500.0,IC50,uM,0.5,CN(/N=N/c1ccc2ncnc(Nc3cccc(Cl)c3)c2c1)C(=O)OCCCl,6.301029995663981
CHEMBL572028,IC50,nM,630.0,IC50,uM,0.63,CC(=O)OCOC(=O)N(C)/N=N/c1ccc2ncnc(Nc3cccc(Cl)c3)c2c1,6.200659450546418
CHEMBL583683,IC50,nM,390.0,IC50,uM,0.39,CN(/N=N/c1ccc2ncnc(Nc3cccc(Cl)c3)c2c1)C(=O)OCCl,6.4089353929735005
CHEMBL570709,IC50,nM,770.0,IC50,uM,0.77,CN(/N=N/c1ccc2ncnc(Nc3cccc(Cl)c3)c2c1)C(=O)Oc1ccc([N+](=O)[O-])cc1,6.113509274827518
CHEMBL605413,IC50,nM,2200.0,IC50,uM,2.2,CCCC(Cc1coc2nc(N)nc(N)c12)c1ccccc1OC,5.657577319177793
CHEMBL595757,IC50,nM,18200.0,IC50,uM,18.2,COc1ccccc1C(Cc1coc2nc(N)nc(N)c12)C(C)C,4.739928612014925
CHEMBL594790,IC50,nM,13400.0,IC50,uM,13.4,CCCCC(Cc1coc2nc(N)nc(N)c12)c1ccccc1OC,4.872895201635193
CHEMBL603198,IC50,nM,56500.0,IC50,uM,56.5,COc1ccccc1C(Cc1coc2nc(N)nc(N)c12)C1CC1,4.247951552180561
CHEMBL594810,IC50,nM,111400.0,IC50,uM,111.4,COc1ccccc1C(=Cc1coc2nc(=N)[nH]c(N)c12)C(C)C,3.95311480916229
CHEMBL595497,IC50,nM,160300.0,IC50,uM,160.3,CCCC(=Cc1coc2nc(=N)[nH]c(N)c12)c1ccccc1OC,3.795066477645855
CHEMBL604879,IC50,nM,529300.0,IC50,uM,529.3,CCCCC(=Cc1coc2nc(=N)[nH]c(N)c12)c1ccccc1OC,3.276298106008732
CHEMBL593293,IC50,nM,2200.0,IC50,uM,2.2,COc1cc2ncnc(Nc3ccc(-c4nc5ccccc5s4)cc3O)c2cc1OC,5.657577319177793
CHEMBL596059,IC50,nM,63.0,IC50,uM,0.063,COc1cc(-c2nc3ccccc3s2)ccc1Nc1ncnc2cc(OC)c(OC)cc12,7.200659450546418
CHEMBL595615,IC50,nM,46.0,IC50,uM,0.046,COc1cc2c(Nc3ccc(-c4nc5ccccc5s4)cc3)ncnc2cc1OCCCN1CCN(C)CC1,7.337242168318426
CHEMBL595406,IC50,nM,250.0,IC50,uM,0.25,COc1cc2c(Nc3ccc(-c4nc5ccccc5s4)cc3C)ncnc2cc1OCCCN1CCN(C)CC1,6.6020599913279625
CHEMBL595142,IC50,nM,350.0,IC50,uM,0.35,COc1cc2c(Nc3ccc(-c4nc5ccccc5s4)cc3O)ncnc2cc1OCCCN1CCN(C)CC1,6.455931955649724
CHEMBL594228,IC50,nM,805.0,IC50,uM,0.805,COc1cc2c(Nc3ccc(-c4nc5ccccc5s4)cc3F)ncnc2cc1OCCCN1CCN(C)CC1,6.094204119632131
CHEMBL596087,IC50,nM,32.0,IC50,uM,0.032,COc1cc2c(Nc3ccc(-c4nc5ccccc5s4)c(C)c3)ncnc2cc1OCCCN1CCN(C)CC1,7.494850021680094
CHEMBL606466,IC50,nM,110.0,IC50,uM,0.11,COc1cc2c(Nc3ccc(-c4nc5ccccc5s4)c(O)c3)ncnc2cc1OCCCN1CCN(C)CC1,6.958607314841775
CHEMBL593860,IC50,nM,2.0,IC50,uM,0.002,COc1cc2c(Nc3ccc(-c4nc5ccccc5s4)c(OC)c3)ncnc2cc1OCCCN1CCN(C)CC1,8.698970004336019
CHEMBL593987,IC50,nM,430.0,IC50,uM,0.43,COc1cc2c(Nc3ccc(-c4nc5ccccc5s4)c(F)c3)ncnc2cc1OCCCN1CCN(C)CC1,6.366531544420414
CHEMBL593274,IC50,nM,16.0,IC50,uM,0.016,COc1cc2c(Nc3ccc(-c4nc5ccccc5s4)c(Cl)c3)ncnc2cc1OCCCN1CCN(C)CC1,7.795880017344075
CHEMBL593306,IC50,nM,200.0,IC50,uM,0.2,COc1ccc2nc(-c3ccc(Nc4ncnc5cc(OCCCN6CCN(C)CC6)c(OC)cc45)cc3)sc2c1,6.698970004336019
CHEMBL604992,IC50,nM,730.0,IC50,uM,0.73,COc1cc2c(Nc3ccc(-c4nc5ccc(F)cc5s4)cc3)ncnc2cc1OCCCN1CCN(C)CC1,6.136677139879544
CHEMBL593275,IC50,nM,260.0,IC50,uM,0.26,COc1cc2c(Nc3ccc(-c4nc5ccc(Cl)cc5s4)cc3)ncnc2cc1OCCCN1CCN(C)CC1,6.585026652029182
CHEMBL593909,IC50,nM,6200.0,IC50,uM,6.2,COc1cc2c(Nc3ccc(-c4nc5ccc(Cl)cc5s4)cc3F)ncnc2cc1OCCCN1CCN(C)CC1,5.207608310501746
CHEMBL593770,IC50,nM,1400.0,IC50,uM,1.4,COc1cc2c(N(C)c3ccc(-c4nc5ccccc5s4)c(OC)c3)ncnc2cc1OCCCN1CCN(C)CC1,5.853871964321762
CHEMBL593292,IC50,nM,670.0,IC50,uM,0.67,COc1cc2ncnc(Nc3ccc(-c4nc5ccccc5s4)cc3)c2cc1OCCCN1CCN(C)CC1,6.173925197299173
CHEMBL595374,IC50,nM,1400.0,IC50,uM,1.4,COc1cc2ncnc(Nc3ccc(-c4nc5ccccc5s4)cc3C)c2cc1OCCCN1CCN(C)CC1,5.853871964321762
CHEMBL593294,IC50,nM,230.0,IC50,uM,0.23,COc1cc2ncnc(Nc3ccc(-c4nc5ccccc5s4)cc3O)c2cc1OCCCN1CCN(C)CC1,6.638272163982407
CHEMBL594661,IC50,nM,4500.0,IC50,uM,4.5,COc1cc2ncnc(Nc3ccc(-c4nc5ccccc5s4)cc3F)c2cc1OCCCN1CCN(C)CC1,5.346787486224656
CHEMBL604485,IC50,nM,3300.0,IC50,uM,3.3,COc1cc2ncnc(Nc3ccc(-c4nc5ccccc5s4)c(O)c3)c2cc1OCCCN1CCN(C)CC1,5.481486060122113
CHEMBL593911,IC50,nM,15.0,IC50,uM,0.015,COc1cc2ncnc(Nc3ccc(-c4nc5ccccc5s4)c(OC)c3)c2cc1OCCCN1CCN(C)CC1,7.823908740944319
CHEMBL593760,IC50,nM,2300.0,IC50,uM,2.3,COc1cc2ncnc(Nc3ccc(-c4nc5ccccc5s4)c(F)c3)c2cc1OCCCN1CCN(C)CC1,5.638272163982407
CHEMBL604893,IC50,nM,44.0,IC50,uM,0.044,COc1cc2ncnc(Nc3ccc(-c4nc5ccccc5s4)c(Cl)c3)c2cc1OCCCN1CCN(C)CC1,7.356547323513812
CHEMBL590109,IC50,nM,940.0,IC50,uM,0.94,NCCn1cc(-c2cc(-c3cc4ccccc4s3)c3[nH]ncc3c2)c2nc(N)ncc21,6.026872146400302
CHEMBL597492,IC50,nM,1688.0,IC50,nM,1688.0,COc1cc(C2=C(c3c[nH]c4ccc(I)cc34)C(=O)NC2=O)cc(OC)c1OC,5.772627557710364
CHEMBL605957,IC50,nM,5797.0,IC50,nM,5797.0,COc1cc(C2=C(c3c[nH]c4ccc(Br)cc34)C(=O)NC2=O)cc(OC)c1OC,5.236796699629228
CHEMBL591213,IC50,nM,9120.0,IC50,uM,9.12,CCCCCCOC(=O)COc1cc(O)c2c(=O)cc(-c3ccccc3)oc2c1,5.0400051616715835
CHEMBL599524,IC50,nM,7230.0,IC50,uM,7.23,CCCCCCCOC(=O)COc1cc(O)c2c(=O)cc(-c3ccccc3)oc2c1,5.140861702705469
CHEMBL603968,IC50,nM,5840.0,IC50,uM,5.84,CCCCCCCCOC(=O)COc1cc(O)c2c(=O)cc(-c3ccccc3)oc2c1,5.2335871528876
CHEMBL599145,IC50,nM,4960.0,IC50,uM,4.96,CCCCCCCCCOC(=O)COc1cc(O)c2c(=O)cc(-c3ccccc3)oc2c1,5.304518323509803
CHEMBL599728,IC50,nM,3110.0,IC50,uM,3.11,CCCCCCCCCCOC(=O)COc1cc(O)c2c(=O)cc(-c3ccccc3)oc2c1,5.507239610973162
CHEMBL598305,IC50,nM,1720.0,IC50,uM,1.72,CCCCCCCCCCCCOC(=O)COc1cc(O)c2c(=O)cc(-c3ccccc3)oc2c1,5.764471553092451
CHEMBL598306,IC50,nM,1010.0,IC50,uM,1.01,CCCCCCCCCCCCCCOC(=O)COc1cc(O)c2c(=O)cc(-c3ccccc3)oc2c1,5.995678626217358
CHEMBL598307,IC50,nM,48.0,IC50,uM,0.048,CCCCCCCCCCCCCCCCOC(=O)COc1cc(O)c2c(=O)cc(-c3ccccc3)oc2c1,7.318758762624412
CHEMBL597096,IC50,nM,692.0,IC50,uM,0.692,CCCCCCCCCCCCCCCCCCOC(=O)COc1cc(O)c2c(=O)cc(-c3ccccc3)oc2c1,6.1598939055432425
CHEMBL591495,IC50,nM,1589.0,IC50,uM,1.589,CCCCCCCCCCCCCCCCCCCCOC(=O)COc1cc(O)c2c(=O)cc(-c3ccccc3)oc2c1,5.798876102792621
CHEMBL611681,IC50,nM,8710.0,IC50,uM,8.71,CCCCCCNC(=O)COc1cc(O)c2c(=O)cc(-c3ccccc3)oc2c1,5.059981844992337
CHEMBL597303,IC50,nM,6280.0,IC50,uM,6.28,CCCCCCCNC(=O)COc1cc(O)c2c(=O)cc(-c3ccccc3)oc2c1,5.2020403562628035
CHEMBL597304,IC50,nM,5330.0,IC50,uM,5.33,CCCCCCCCNC(=O)COc1cc(O)c2c(=O)cc(-c3ccccc3)oc2c1,5.273272790973428
CHEMBL597708,IC50,nM,3580.0,IC50,uM,3.58,CCCCCCCCCNC(=O)COc1cc(O)c2c(=O)cc(-c3ccccc3)oc2c1,5.446116973356125
CHEMBL605337,IC50,nM,2140.0,IC50,uM,2.14,CCCCCCCCCCNC(=O)COc1cc(O)c2c(=O)cc(-c3ccccc3)oc2c1,5.669586226650809
CHEMBL597914,IC50,nM,1270.0,IC50,uM,1.27,CCCCCCCCCCCCNC(=O)COc1cc(O)c2c(=O)cc(-c3ccccc3)oc2c1,5.896196279044043
CHEMBL598520,IC50,nM,316.0,IC50,uM,0.316,CCCCCCCCCCCCCCNC(=O)COc1cc(O)c2c(=O)cc(-c3ccccc3)oc2c1,6.5003129173815966
CHEMBL601625,IC50,nM,35.0,IC50,uM,0.035,CCCCCCCCCCCCCCCCNC(=O)COc1cc(O)c2c(=O)cc(-c3ccccc3)oc2c1,7.455931955649724
CHEMBL600381,IC50,nM,464.0,IC50,uM,0.464,CCCCCCCCCCCCCCCCCCNC(=O)COc1cc(O)c2c(=O)cc(-c3ccccc3)oc2c1,6.333482019445119
CHEMBL592153,IC50,nM,1350.0,IC50,uM,1.35,CCCCCCCCCCCCCCCCCCCCNC(=O)COc1cc(O)c2c(=O)cc(-c3ccccc3)oc2c1,5.8696662315049934
CHEMBL589589,IC50,nM,750.0,IC50,uM,0.75,CC(C)c1ccc(NC(=O)c2ccc(N(CCCl)CCCl)cc2)cc1,6.1249387366083
CHEMBL589588,IC50,nM,80.0,IC50,uM,0.08,COc1ccc(NC(=O)c2ccc(N(CCCl)CCCl)cc2)cc1,7.096910013008056
CHEMBL601040,IC50,nM,580.0,IC50,uM,0.58,Cc1ccc(NC(=O)c2ccc(N(CCCl)CCCl)cc2)cc1,6.236572006437063
CHEMBL589825,IC50,nM,11570.0,IC50,uM,11.57,O=C(Nc1ccccc1F)c1ccc(N(CCCl)CCCl)cc1,4.936666641048251
CHEMBL592710,IC50,nM,9460.0,IC50,uM,9.46,O=C(Nc1ccccc1Cl)c1ccc(N(CCCl)CCCl)cc1,5.024108863598207
CHEMBL604672,IC50,nM,7820.0,IC50,uM,7.82,O=C(Nc1ccccc1Br)c1ccc(N(CCCl)CCCl)cc1,5.106793246940152
CHEMBL592711,IC50,nM,1720.0,IC50,uM,1.72,O=C(Nc1ccc(F)cc1)c1ccc(N(CCCl)CCCl)cc1,5.764471553092451
CHEMBL589830,IC50,nM,1490.0,IC50,uM,1.49,O=C(Nc1ccc(Cl)cc1)c1ccc(N(CCCl)CCCl)cc1,5.826813731587726
CHEMBL589831,IC50,nM,940.0,IC50,uM,0.94,O=C(Nc1ccc(Br)cc1)c1ccc(N(CCCl)CCCl)cc1,6.026872146400302
CHEMBL589832,IC50,nM,19260.0,IC50,uM,19.26,O=C(Nc1ccc([N+](=O)[O-])cc1)c1ccc(N(CCCl)CCCl)cc1,4.715343717211484
CHEMBL602645,IC50,nM,29830.0,IC50,uM,29.83,CCCN(CCC)C(=O)c1ccc(N(CCCl)CCCl)cc1,4.525346746637937
CHEMBL589119,IC50,nM,31180.0,IC50,uM,31.18,CCCCN(CCCC)C(=O)c1ccc(N(CCCl)CCCl)cc1,4.506123889147177
CHEMBL589120,IC50,nM,14720.0,IC50,uM,14.72,CN(C(=O)c1ccc(N(CCCl)CCCl)cc1)c1ccccc1,4.83209218999852
CHEMBL590083,IC50,nM,22810.0,IC50,uM,22.81,CCCCNC(=O)c1ccc(N(CCCl)CCCl)cc1,4.641874714723351
CHEMBL589259,IC50,nM,31430.0,IC50,uM,31.43,CC(C)(C)NC(=O)c1ccc(N(CCCl)CCCl)cc1,4.50265561898242
CHEMBL589503,IC50,nM,35290.0,IC50,uM,35.29,O=C(NC1CCCC1)c1ccc(N(CCCl)CCCl)cc1,4.452348341640031
CHEMBL589847,IC50,nM,17510.0,IC50,uM,17.51,O=C(NCc1ccccc1)c1ccc(N(CCCl)CCCl)cc1,4.756713853916554
CHEMBL602728,IC50,nM,90.0,IC50,uM,0.09,O=C(Nc1cccc2ccccc12)c1ccc(N(CCCl)CCCl)cc1,7.045757490560675
CHEMBL597551,IC50,nM,7.1,IC50,nM,7.1,COc1cc2ncnc(Nc3ccc(F)c(Cl)c3)c2cc1OCCC(=O)NO,8.148741651280925
CHEMBL597752,IC50,nM,7.8,IC50,nM,7.8,COc1cc2ncnc(Nc3ccc(F)c(Cl)c3)c2cc1OCCCC(=O)NO,8.10790539730952
CHEMBL596736,IC50,nM,9.4,IC50,nM,9.4,COc1cc2ncnc(Nc3ccc(F)c(Cl)c3)c2cc1OCCCCC(=O)NO,8.0268721464003
CHEMBL599398,IC50,nM,15.0,IC50,nM,15.0,C#Cc1cccc(Nc2ncnc3cc(OC)c(OCCCCC(=O)NO)cc23)c1,7.823908740944319
CHEMBL598163,IC50,nM,3.4,IC50,nM,3.4,COc1cc2ncnc(Nc3ccc(F)c(Cl)c3)c2cc1OCCCCCC(=O)NO,8.468521082957745
CHEMBL598164,IC50,nM,4.6,IC50,nM,4.6,C#Cc1cccc(Nc2ncnc3cc(OC)c(OCCCCCC(=O)NO)cc23)c1,8.337242168318426
CHEMBL598377,IC50,nM,3.1,IC50,nM,3.1,COc1cc2ncnc(Nc3ccc(F)c(Cl)c3)c2cc1OCCCCCCC(=O)NO,8.508638306165727
CHEMBL598797,IC50,nM,2.4,IC50,nM,2.4,C#Cc1cccc(Nc2ncnc3cc(OC)c(OCCCCCCC(=O)NO)cc23)c1,8.619788758288394
CHEMBL598798,IC50,nM,28.8,IC50,nM,28.8,C#Cc1cc(Nc2ncnc3cc(OC)c(OCCCCCCC(=O)NO)cc23)ccc1F,7.540607512240769
CHEMBL598799,IC50,nM,9.08,IC50,nM,9.08,COc1cc2ncnc(Nc3ccc(OCc4cccc(F)c4)c(Cl)c3)c2cc1OCCCCCCC(=O)NO,8.041914151478915
CHEMBL604094,IC50,nM,84.2,IC50,nM,84.2,O=C(CCCCCCOc1ccc2ncnc(Nc3ccc(F)c(Cl)c3)c2c1)NO,7.0746879085003505
CHEMBL597569,IC50,nM,10.4,IC50,nM,10.4,COCCOc1cc2ncnc(Nc3ccc(F)c(Cl)c3)c2cc1OCCCCCCC(=O)NO,7.982966660701219
CHEMBL597773,IC50,nM,2.1,IC50,nM,2.1,COc1cc2ncnc(Nc3ccc(F)c(Cl)c3)c2cc1NC(=O)CCCCCCC(=O)NO,8.67778070526608
CHEMBL596754,IC50,nM,1.99,IC50,nM,1.99,COc1cc2ncnc(Nc3ccc(F)c(Cl)c3)c2cc1SCCCCCCC(=O)NO,8.701146923590294
CHEMBL596755,IC50,nM,15.4,IC50,nM,15.4,COc1cc2ncnc(Nc3ccc(F)c(Cl)c3)c2cc1S(=O)(=O)CCCCCCC(=O)NO,7.8124792791635365
CHEMBL596957,IC50,nM,72.0,IC50,nM,72.0,COc1cc2ncnc(NCc3ccc(Cl)c(F)c3)c2cc1OCCCCCCC(=O)NO,7.142667503568732
CHEMBL596761,IC50,nM,99.4,IC50,nM,99.4,COc1cc2ncnc(NCc3ccccc3)c2cc1OCCCCCCC(=O)NO,7.002613615602686
CHEMBL596964,IC50,nM,268.0,IC50,nM,268.0,COc1cc2ncnc(NCc3ccc(F)cc3)c2cc1OCCCCCCC(=O)NO,6.5718652059712115
CHEMBL599218,IC50,nM,5077.0,IC50,nM,5077.0,COc1cc2ncnc(N[C@@H](C)c3ccccc3)c2cc1OCCCCCCC(=O)NO,5.294392836595395
CHEMBL605976,IC50,nM,12.8,IC50,nM,12.8,COc1cc2ncnc(N[C@H](C)c3ccccc3)c2cc1OCCCCCCC(=O)NO,7.892790030352131
CHEMBL598406,IC50,nM,125.6,IC50,nM,125.6,COc1cc2ncnc(N[C@@H](C)c3ccc(F)cc3)c2cc1OCCCCCCC(=O)NO,6.901010360598822
CHEMBL598407,IC50,nM,614.0,IC50,nM,614.0,COc1cc2ncnc(N[C@@H](C)c3ccc(Cl)cc3)c2cc1OCCCCCCC(=O)NO,6.211831628858833
CHEMBL598610,IC50,nM,7.0,IC50,nM,7.0,COc1cc2c(Nc3ccc(F)c(Cl)c3)ncnc2cc1OCCCCCCC(=O)NO,8.154901959985743
CHEMBL598611,IC50,nM,8.2,IC50,nM,8.2,C#Cc1cccc(Nc2ncnc3cc(OCCCCCCC(=O)NO)c(OC)cc23)c1,8.086186147616283
CHEMBL602890,IC50,nM,56000.0,IC50,uM,56.0,COc1cc(/C=C2\SC(=N)NC2=O)ccc1OCCCOc1cc(C)cc(C)c1,4.251811972993799
CHEMBL599388,IC50,nM,2400.0,IC50,uM,2.4,COc1cc(-c2nc(=O)c3c([nH]2)sc2ccc(C)cc23)ccc1OCC(=O)O,5.619788758288394
CHEMBL591897,IC50,nM,600.0,IC50,uM,0.6,CN(CCN/N=N/c1ccc2ncnc(Nc3cccc(Cl)c3)c2c1)CCNS(=O)(=O)c1cccc2c(N(C)C)cccc12,6.221848749616356
CHEMBL606413,IC50,nM,1400.0,IC50,uM,1.4,CN(C)c1cccc2c(S(=O)(=O)NCCN/N=N/c3ccc4ncnc(Nc5cccc(Cl)c5)c4c3)cccc12,5.853871964321762
CHEMBL606403,IC50,nM,129.0,IC50,nM,129.0,CC(C)c1nsc(C(=O)Nc2ccc3ncnc(Nc4cccc(Br)c4)c3c2)n1,6.889410289700751
CHEMBL597402,IC50,nM,23.6,IC50,nM,23.6,O=C(COc1c(F)c(F)c(F)c(F)c1F)Nc1ccc2ncnc(Nc3cccc(Br)c3)c2c1,7.627087997029894
CHEMBL604914,IC50,nM,9.25,IC50,nM,9.25,O=C(COc1ccccc1)Nc1ccc2ncnc(Nc3cccc(Br)c3)c2c1,8.033858267260968
CHEMBL597200,IC50,nM,8.43,IC50,nM,8.43,O=C(COc1ccc(F)cc1)Nc1ccc2ncnc(Nc3cccc(Br)c3)c2c1,8.074172425375258
CHEMBL598007,IC50,nM,1.24,IC50,nM,1.24,O=C(Nc1ccc2ncnc(Nc3cccc(Br)c3)c2c1)[C@@H]1O[C@H]1CN1CCCCC1,8.906578314837764
CHEMBL599047,IC50,nM,0.85,IC50,nM,0.85,O=C(Cn1sc2ccccc2c1=O)Nc1ccc2ncnc(Nc3cccc(Br)c3)c2c1,9.070581074285707
CHEMBL2021575,IC50,nM,0.5,IC50,nM,0.5,O=C(O)[C@@H]1O[C@H]1C(=O)Nc1ccc2ncnc(Nc3cccc(Br)c3)c2c1,9.301029995663981
CHEMBL2021576,IC50,nM,0.49,IC50,nM,0.49,O=C(O)[C@H]1O[C@@H]1C(=O)Nc1ccc2ncnc(Nc3cccc(Br)c3)c2c1,9.309803919971486
CHEMBL599863,IC50,nM,0.37,IC50,nM,0.37,O=C(CNC(=O)Oc1ccccc1)Nc1ccc2ncnc(Nc3cccc(Br)c3)c2c1,9.431798275933005
CHEMBL603266,IC50,nM,0.36,IC50,nM,0.36,O=C(Cn1sccc1=O)Nc1ccc2ncnc(Nc3cccc(Br)c3)c2c1,9.443697499232712
CHEMBL592617,IC50,nM,0.17,IC50,nM,0.17,N#CCC(=O)Nc1ccc2ncnc(Nc3cccc(Br)c3)c2c1,9.769551078621726
CHEMBL608860,IC50,nM,106.0,IC50,nM,106.0,CCCCCCOc1cc2c(Nc3ccc(F)c(Cl)c3)ncnc2cc1OC,6.97469413473523
CHEMBL589826,IC50,nM,32.6,IC50,nM,32.6,C=CCCCCOc1cc2c(Nc3ccc(F)c(Cl)c3)ncnc2cc1OC,7.486782399932061
CHEMBL590559,IC50,nM,4.45,IC50,nM,4.45,C=C=CCCCCCOc1cc2c(Nc3ccc(F)c(Cl)c3)ncnc2cc1O,8.351639989019068
CHEMBL590558,IC50,nM,32.7,IC50,nM,32.7,C#CCCCCCOc1cc2c(Nc3ccc(F)c(Cl)c3)ncnc2cc1OC,7.485452247339714
CHEMBL591040,IC50,nM,65.5,IC50,nM,65.5,C=C=CCCCCOc1cc2c(Nc3ccc(F)c(Cl)c3)ncnc2cc1O,7.183758700008217
CHEMBL591039,IC50,nM,87.1,IC50,nM,87.1,C#CCCCCOc1cc2c(Nc3ccc(F)c(Cl)c3)ncnc2cc1OC,7.059981844992337
CHEMBL591038,IC50,nM,3.16,IC50,nM,3.16,C=C=CCCCOc1cc2c(Nc3ccc(F)c(Cl)c3)ncnc2cc1O,8.500312917381596
CHEMBL592216,IC50,nM,2.53,IC50,nM,2.53,C#CCCCOc1cc2c(Nc3ccc(F)c(Cl)c3)ncnc2cc1OC,8.596879478824182
CHEMBL592215,IC50,nM,28.5,IC50,nM,28.5,C=C=CCCCOc1cc2c(Nc3cccc(Cl)c3)ncnc2cc1O,7.54515513999149
CHEMBL592713,IC50,nM,17.7,IC50,nM,17.7,C#CCCCOc1cc2c(Nc3cccc(Cl)c3)ncnc2cc1OC,7.752026733638194
CHEMBL597950,IC50,nM,23.8,IC50,nM,23.8,C=C=CCOc1cc2c(Nc3ccc(F)c(Cl)c3)ncnc2cc1O,7.623423042943488
CHEMBL597949,IC50,nM,14.8,IC50,nM,14.8,C#CCOc1cc2c(Nc3ccc(F)c(Cl)c3)ncnc2cc1OC,7.8297382846050425
CHEMBL609321,IC50,nM,16.9,IC50,nM,16.9,C=C=CCOc1cc2c(Nc3cccc(Cl)c3)ncnc2cc1O,7.772113295386326
CHEMBL597948,IC50,nM,25.9,IC50,nM,25.9,C#CCOc1cc2c(Nc3cccc(Cl)c3)ncnc2cc1OC,7.586700235918748
CHEMBL592457,IC50,nM,90.0,IC50,uM,0.09,O=C1CSC(N/N=C/c2cc(Br)ccc2O)=N1,7.045757490560675
CHEMBL592480,IC50,nM,560.0,IC50,uM,0.56,O=C1CSC(N/N=C/c2cc(Cl)ccc2O)=N1,6.251811972993799
CHEMBL602328,IC50,nM,970.0,IC50,uM,0.97,O=C1CSC(N/N=C/c2cc(F)ccc2O)=N1,6.013228265733755
CHEMBL590875,IC50,nM,1240.0,IC50,uM,1.24,O=C1CSC(N/N=C/c2cc(Br)cc(Br)c2O)=N1,5.906578314837765
CHEMBL592481,IC50,nM,1460.0,IC50,uM,1.46,O=C1CSC(N/N=C/c2cc(Cl)cc(Cl)c2O)=N1,5.835647144215563
CHEMBL591910,IC50,nM,1720.0,IC50,uM,1.72,O=C1CSC(N/N=C/c2ccc(Br)cc2)=N1,5.764471553092451
CHEMBL589823,IC50,nM,1940.0,IC50,uM,1.94,O=C1CSC(N/N=C/c2ccc(Cl)cc2)=N1,5.7121982700697735
CHEMBL589822,IC50,nM,2180.0,IC50,uM,2.18,O=C1CSC(N/N=C/c2ccc(F)cc2)=N1,5.661543506395395
CHEMBL592707,IC50,nM,3260.0,IC50,uM,3.26,Cc1ccc(/C=N/NC2=NC(=O)CS2)cc1,5.486782399932061
CHEMBL590876,IC50,nM,4710.0,IC50,uM,4.71,O=C1CSC(N/N=C/c2ccc(O)cc2)=N1,5.326979092871103
CHEMBL592708,IC50,nM,5780.0,IC50,uM,5.78,COc1ccc(/C=N/NC2=NC(=O)CS2)cc1,5.2380721615794705
CHEMBL604671,IC50,nM,6820.0,IC50,uM,6.82,O=C1CSC(N/N=C/c2ccc([N+](=O)[O-])cc2)=N1,5.166215625343521
CHEMBL590524,IC50,nM,7460.0,IC50,uM,7.46,O=C1CSC(N/N=C/c2cccc(Br)c2)=N1,5.127261172527331
CHEMBL592139,IC50,nM,10780.0,IC50,uM,10.78,O=C1CSC(N/N=C/c2cccc(Cl)c2)=N1,4.96738123914928
CHEMBL590877,IC50,nM,13530.0,IC50,uM,13.53,O=C1CSC(N/N=C/c2cccc(F)c2)=N1,4.868702203402377
CHEMBL591051,IC50,nM,19320.0,IC50,uM,19.32,O=C1CSC(N/N=C/c2cccc(O)c2)=N1,4.713992877920526
CHEMBL590568,IC50,nM,23490.0,IC50,uM,23.49,Cc1cccc(/C=N/NC2=NC(=O)CS2)c1,4.629116983222394
CHEMBL591050,IC50,nM,26610.0,IC50,uM,26.61,O=C1CSC(N/N=C/c2cccc([N+](=O)[O-])c2)=N1,4.574955125448611
CHEMBL592240,IC50,nM,27000.0,IC50,uM,27.0,O=C1CSC(NN=C2CCCCCCC2)=N1,4.568636235841013
CHEMBL592141,IC50,nM,31250.0,IC50,uM,31.25,COc1cccc(/C=N/NC2=NC(=O)CS2)c1,4.505149978319906
CHEMBL589165,IC50,nM,36000.0,IC50,uM,36.0,O=C1CSC(NN=C2CCCCCC2)=N1,4.443697499232712
CHEMBL591053,IC50,nM,41000.0,IC50,uM,41.0,O=C1CSC(NN=C2CCCCC2)=N1,4.3872161432802645
CHEMBL591706,IC50,nM,32120.0,IC50,uM,32.12,CCCCN(Cc1cccc(Cl)c1O)C(=O)Nc1ccccc1,4.493224463393356
CHEMBL589068,IC50,nM,9260.0,IC50,uM,9.26,Cc1cc(C)c(O)c(CN(Cc2ccc(O)cc2)C(=O)Nc2ccccc2)c1,5.033389013318065
CHEMBL601828,IC50,nM,1120.0,IC50,uM,1.12,O=C(Nc1ccccc1)N(Cc1ccc(O)cc1)Cc1cc(Br)cc(Br)c1O,5.950781977329818
CHEMBL590526,IC50,nM,1860.0,IC50,uM,1.86,O=C(Nc1ccccc1)N(Cc1ccc(O)cc1)Cc1cc(Cl)cc(Cl)c1O,5.730487055782084
CHEMBL590525,IC50,nM,7510.0,IC50,uM,7.51,Cc1cccc(CN(Cc2ccc(O)cc2)C(=O)Nc2ccccc2)c1O,5.124360062995832
CHEMBL590714,IC50,nM,1070.0,IC50,uM,1.07,O=C(Nc1ccccc1)N(Cc1ccc(O)cc1)Cc1cccc(Br)c1O,5.97061622231479
CHEMBL592211,IC50,nM,960.0,IC50,uM,0.96,O=C(Nc1ccccc1)N(Cc1ccc(O)cc1)Cc1cccc(Cl)c1O,6.017728766960431
CHEMBL592210,IC50,nM,27350.0,IC50,uM,27.35,Cc1cc(C)c(O)c(CN(Cc2ccc(F)cc2)C(=O)Nc2ccccc2)c1,4.56304266933055
CHEMBL603186,IC50,nM,4680.0,IC50,uM,4.68,O=C(Nc1ccccc1)N(Cc1ccc(F)cc1)Cc1cc(Br)cc(Br)c1O,5.329754146925876
CHEMBL589809,IC50,nM,4150.0,IC50,uM,4.15,O=C(Nc1ccccc1)N(Cc1ccc(F)cc1)Cc1cc(Cl)cc(Cl)c1O,5.3819519032879075
CHEMBL600048,IC50,nM,21710.0,IC50,uM,21.71,Cc1cccc(CN(Cc2ccc(F)cc2)C(=O)Nc2ccccc2)c1O,4.66334017654558
CHEMBL592427,IC50,nM,2240.0,IC50,uM,2.24,O=C(Nc1ccccc1)N(Cc1ccc(F)cc1)Cc1cccc(Br)c1O,5.649751981665837
CHEMBL592426,IC50,nM,1980.0,IC50,uM,1.98,O=C(Nc1ccccc1)N(Cc1ccc(F)cc1)Cc1cccc(Cl)c1O,5.703334809738469
CHEMBL590962,IC50,nM,36880.0,IC50,uM,36.88,CCCCN(Cc1cccc(Br)c1O)C(=O)Nc1ccccc1,4.433209087618408
CHEMBL589560,IC50,nM,670.0,IC50,uM,0.67,Oc1c(Cl)cccc1CN(Cc1ccc(F)cc1)C(=S)Nc1ccccc1,6.173925197299173
CHEMBL589561,IC50,nM,980.0,IC50,uM,0.98,Oc1c(Br)cccc1CN(Cc1ccc(F)cc1)C(=S)Nc1ccccc1,6.008773924307505
CHEMBL589801,IC50,nM,8540.0,IC50,uM,8.54,Cc1cccc(CN(Cc2ccc(F)cc2)C(=S)Nc2ccccc2)c1O,5.068542129310995
CHEMBL592200,IC50,nM,1340.0,IC50,uM,1.34,Oc1c(Cl)cc(Cl)cc1CN(Cc1ccc(F)cc1)C(=S)Nc1ccccc1,5.872895201635193
CHEMBL592201,IC50,nM,1760.0,IC50,uM,1.76,Oc1c(Br)cc(Br)cc1CN(Cc1ccc(F)cc1)C(=S)Nc1ccccc1,5.7544873321858505
CHEMBL592224,IC50,nM,19410.0,IC50,uM,19.41,Cc1cc(C)c(O)c(CN(Cc2ccc(F)cc2)C(=S)Nc2ccccc2)c1,4.711974464611637
CHEMBL592466,IC50,nM,80.0,IC50,uM,0.08,Oc1ccc(CN(Cc2cccc(Cl)c2O)C(=S)Nc2ccccc2)cc1,7.096910013008056
CHEMBL604042,IC50,nM,120.0,IC50,uM,0.12,Oc1ccc(CN(Cc2cccc(Br)c2O)C(=S)Nc2ccccc2)cc1,6.920818753952375
CHEMBL604785,IC50,nM,3460.0,IC50,uM,3.46,Cc1cccc(CN(Cc2ccc(O)cc2)C(=S)Nc2ccccc2)c1O,5.460923901207224
CHEMBL591288,IC50,nM,560.0,IC50,uM,0.56,Oc1ccc(CN(Cc2cc(Cl)cc(Cl)c2O)C(=S)Nc2ccccc2)cc1,6.251811972993799
CHEMBL592004,IC50,nM,870.0,IC50,uM,0.87,Oc1ccc(CN(Cc2cc(Br)cc(Br)c2O)C(=S)Nc2ccccc2)cc1,6.060480747381382
CHEMBL592247,IC50,nM,5830.0,IC50,uM,5.83,Cc1cc(C)c(O)c(CN(Cc2ccc(O)cc2)C(=S)Nc2ccccc2)c1,5.2343314452409855
CHEMBL589413,IC50,nM,18120.0,IC50,uM,18.12,CCCCN(Cc1cccc(Cl)c1O)C(=S)Nc1ccccc1,4.741841806659206
CHEMBL606027,IC50,nM,22040.0,IC50,uM,22.04,CCCCN(Cc1cccc(Br)c1O)C(=S)Nc1ccccc1,4.656788409820252
CHEMBL591437,IC50,nM,43210.0,IC50,uM,43.21,CCCCN(Cc1cccc(C)c1O)C(=S)Nc1ccccc1,4.3644157336887694
CHEMBL591440,IC50,nM,24650.0,IC50,uM,24.65,CCCCN(Cc1cc(Cl)cc(Cl)c1O)C(=S)Nc1ccccc1,4.6081830763867515
CHEMBL589590,IC50,nM,31940.0,IC50,uM,31.94,CCCCN(Cc1cc(Br)cc(Br)c1O)C(=S)Nc1ccccc1,4.495665088197536
CHEMBL2374457,IC50,nM,58.0,IC50,nM,58.0,COCCCN1CCC([C@H]2CC[C@H](n3nc(-c4ccc5nc(Cc6ccccc6Cl)[nH]c5c4)c4c(N)ncnc43)CC2)CC1,7.236572006437063
CHEMBL2374458,IC50,nM,58.0,IC50,nM,58.0,COc1ccccc1Cc1nc2ccc(-c3nn([C@H]4CC[C@H](C5CCN(C)CC5)CC4)c4ncnc(N)c34)cc2[nH]1,7.236572006437063
CHEMBL1087054,IC50,nM,93500.0,IC50,uM,93.5,CC1=C(C(=O)Nc2ccc(C)cc2)C(c2ccc(O)cc2O)NC(SCc2ccccc2)=N1,4.029188389127482
CHEMBL1087055,IC50,nM,55600.0,IC50,uM,55.6,CC1=C(C(=O)Nc2cccc([N+](=O)[O-])c2)C(c2ccc(O)cc2O)NC(SCc2ccccc2)=N1,4.2549252084179425
CHEMBL1088348,IC50,nM,23500.0,IC50,uM,23.5,CC1=C(C(=O)Nc2ccc(C)cc2)C(c2ccc(O)cc2O)NC(NCc2ccccc2)=N1,4.628932137728263
CHEMBL1084117,IC50,nM,60900.0,IC50,uM,60.9,CC1=C(C(=O)Nc2ccc(C)cc2)C(c2ccc(O)cc2O)NC(Nc2ccc([N+](=O)[O-])cc2Cl)=N1,4.215382707367125
CHEMBL1077068,IC50,nM,88300.0,IC50,uM,88.3,CC1=C(C(=O)Nc2cccc([N+](=O)[O-])c2)C(c2ccc(O)cc2O)NC(Nc2ccc(S(=O)(=O)Nc3ncccn3)cc2)=N1,4.054039296422431
CHEMBL1077069,IC50,nM,79800.0,IC50,uM,79.8,CC1=C(C(=O)Nc2cccc([N+](=O)[O-])c2)C(c2ccc(O)cc2O)NC(Nc2ccc(S(=O)(=O)Nc3nc(C)cc(C)n3)cc2)=N1,4.09799710864927
CHEMBL1077095,IC50,nM,47900.0,IC50,uM,47.9,CC1=C(C(=O)Nc2cccc([N+](=O)[O-])c2)C(c2ccc(O)cc2O)NC(NN)=N1,4.319664486585436
CHEMBL1077107,IC50,nM,99300.0,IC50,uM,99.3,CC1=C(C(=O)Nc2cccc([N+](=O)[O-])c2)C(c2ccc(O)cc2O)NC(NN2C(=O)/C(=C\c3ccco3)SC2=S)=N1,4.0030507515046185
CHEMBL1077085,IC50,nM,80600.0,IC50,uM,80.6,CC1=C(C(=O)Nc2cccc([N+](=O)[O-])c2)C(c2ccc(O)cc2O)NC(NN2C(=O)/C(=C\c3cccs3)SC2=S)=N1,4.09366495819491
CHEMBL1081198,IC50,nM,50000.0,IC50,uM,50.0,O=C(Nc1cccc(-c2cn3ccnc3c(NCc3ccncc3)n2)c1)Nc1cccc(C(F)(F)F)c1,4.301029995663981
CHEMBL1087368,IC50,nM,1160.0,IC50,uM,1.16,CCN(CC)CCNC(=O)c1[nH]c2cnnc(Nc3ccc(OCc4cccc(F)c4)c(Cl)c3)c2c1C,5.935542010773082
CHEMBL1081849,IC50,nM,980.0,IC50,uM,0.98,Cc1c(C(=O)NCCCN2CCN(C)CC2)[nH]c2cnnc(Nc3ccc(OCc4cccc(F)c4)c(Cl)c3)c12,6.008773924307505
CHEMBL1082012,IC50,nM,257.0,IC50,uM,0.257,Cc1c(C(=O)NCCN2CCN(C)CC2)[nH]c2cnnc(Nc3ccc(OCc4cccc(F)c4)c(Cl)c3)c12,6.590066876668706
CHEMBL1080506,IC50,nM,12650.0,IC50,uM,12.65,Cc1c(C(=O)NCCN2CCOCC2)[nH]c2cnnc(Nc3ccc(OCc4cccc(F)c4)c(Cl)c3)c12,4.897909474488163
CHEMBL1080812,IC50,nM,867.0,IC50,uM,0.867,Cc1c(C(=O)NCCN2CCOCC2)[nH]c2cnnc(Nc3ccc(OCc4ccccn4)c(Cl)c3)c12,6.06198090252379
CHEMBL1080990,IC50,nM,1210.0,IC50,uM,1.21,CCOC(=O)c1[nH]c(C)c2cnnc(Nc3ccc(OCc4cccc(F)c4)c(Cl)c3)c12,5.91721462968355
CHEMBL1080271,IC50,nM,77220.0,IC50,uM,77.22,CCN(CC)CCNC(=O)c1cc2cnnc(Nc3ccc(OCc4cccc(F)c4)c(Cl)c3)c2[nH]1,4.1122702027119695
CHEMBL1080272,IC50,nM,15140.0,IC50,uM,15.14,O=C(NCCN1CCCC1)c1cc2cnnc(Nc3ccc(OCc4cccc(F)c4)c(Cl)c3)c2[nH]1,4.8198741248359465
CHEMBL1079742,IC50,nM,420.0,IC50,uM,0.42,C#Cc1cccc(Nc2ncnc3cc(OCCOC)c(OCCOC)cc23)c1.Cl,6.376750709602099
CHEMBL1080815,IC50,nM,2700.0,IC50,uM,2.7,Clc1cccc(Nc2ncnc3ccc(Cl)cc23)c1,5.568636235841013
CHEMBL1091613,IC50,nM,240.0,IC50,nM,240.0,O=C(Nc1cccc(-c2nc3sccn3c2-c2ccncc2)c1)c1ccccc1Cl,6.619788758288394
CHEMBL1093815,IC50,nM,83.0,IC50,nM,83.0,O=C(Nc1cccc(-c2nc3sccn3c2-c2ccnc(Nc3ccccc3)n2)c1)c1ccccc1Cl,7.080921907623926
CHEMBL1093234,IC50,nM,55.0,IC50,nM,55.0,O=C(Nc1cccc(-c2nc3sccn3c2-c2ccnc(Nc3ccccc3)n2)c1)c1ccccc1,7.259637310505756
CHEMBL1093235,IC50,nM,230.0,IC50,nM,230.0,O=[N+]([O-])c1cccc(-c2nc3sccn3c2-c2ccnc(Nc3ccccc3)n2)c1,6.638272163982407
CHEMBL1090350,IC50,nM,7.9,IC50,nM,7.9,O=C(Nc1cccc(-c2nc3sccn3c2-c2ccnc(Nc3ccc(N4CCOCC4)cc3)n2)c1)c1ccccc1,8.102372908709558
CHEMBL1090351,IC50,nM,1.9,IC50,nM,1.9,O=C(Nc1cccc(-c2nc3sccn3c2-c2ccnc(Nc3ccc(N4CCOCC4)cc3)n2)c1)c1c(F)cccc1F,8.721246399047171
CHEMBL1090352,IC50,nM,870.0,IC50,nM,870.0,O=C(CC1CCCCC1)Nc1cccc(-c2nc3sccn3c2-c2ccnc(Nc3ccc(N4CCOCC4)cc3)n2)c1,6.060480747381382
CHEMBL1090353,IC50,nM,660.0,IC50,nM,660.0,O=C(CC1CCCC1)Nc1cccc(-c2nc3sccn3c2-c2ccnc(Nc3ccc(N4CCOCC4)cc3)n2)c1,6.180456064458132
CHEMBL1090354,IC50,nM,100.0,IC50,nM,100.0,O=C(Nc1ccccc1)Nc1cccc(-c2nc3sccn3c2-c2ccnc(Nc3ccc(N4CCOCC4)cc3)n2)c1,7.0
CHEMBL1090355,IC50,nM,190.0,IC50,nM,190.0,O=C(Nc1cccc(-c2nc3sccn3c2-c2ccnc(Nc3ccc(N4CCOCC4)cc3)n2)c1)Oc1ccccc1,6.721246399047171
CHEMBL1090356,IC50,nM,63.0,IC50,nM,63.0,O=C(Cc1ccccc1)Nc1cccc(-c2nc3sccn3c2-c2ccnc(Nc3ccc(N4CCOCC4)cc3)n2)c1,7.200659450546418
CHEMBL1088931,IC50,nM,6.2,IC50,nM,6.2,O=C(Nc1cccc(-c2nc3sccn3c2-c2ccnc(Nc3cccc(N4CCOCC4)c3)n2)c1)c1c(F)cccc1F,8.207608310501746
CHEMBL1090357,IC50,nM,0.78,IC50,nM,0.78,CN(C)CCc1ccc(Nc2nccc(-c3c(-c4cccc(NC(=O)c5c(F)cccc5F)c4)nc4sccn34)n2)cc1,9.10790539730952
CHEMBL1090358,IC50,nM,0.96,IC50,nM,0.96,CCN1CCN(c2ccc(Nc3nccc(-c4c(-c5cccc(NC(=O)c6c(F)cccc6F)c5)nc5sccn45)n3)cc2)CC1,9.017728766960431
CHEMBL1090359,IC50,nM,2.3,IC50,nM,2.3,O=C(Nc1cccc(-c2nc3sccn3c2-c2ccnc(Nc3ccc4c(c3)CCNC4)n2)c1)c1c(F)cccc1F,8.638272163982407
CHEMBL1090360,IC50,nM,56.0,IC50,nM,56.0,O=C(Cc1ccccc1)Nc1cccc(-c2nc3sccn3c2-c2ccnc(Nc3cccc(N4CCOCC4)c3)n2)c1,7.251811972993799
CHEMBL1090361,IC50,nM,57.0,IC50,nM,57.0,CN1CCc2cc(Nc3nccc(-c4c(-c5cccc(NC(=O)Cc6ccccc6)c5)nc5sccn45)n3)ccc2C1,7.2441251443275085
CHEMBL1090362,IC50,nM,16.0,IC50,nM,16.0,CCN1CCN(c2ccc(Nc3nccc(-c4c(-c5cccc(NC(=O)Cc6ccccc6)c5)nc5sccn45)n3)cc2)CC1,7.795880017344075
CHEMBL1090363,IC50,nM,24.0,IC50,nM,24.0,CN(C)CCc1cccc(Nc2nccc(-c3c(-c4cccc(NC(=O)Cc5ccccc5)c4)nc4sccn34)n2)c1,7.619788758288394
CHEMBL1090364,IC50,nM,6.4,IC50,nM,6.4,O=C(Cc1ccccc1)Nc1cccc(-c2nc3sccn3c2-c2ccnc(Nc3ccc4c(c3)CCNC4)n2)c1,8.193820026016112
CHEMBL1093099,IC50,nM,15070.0,IC50,uM,15.07,Nc1nc(N)c2c(n1)[nH]c1cccc(Sc3ccccc3)c12,4.821886747685368
CHEMBL1093100,IC50,nM,10410.0,IC50,uM,10.41,Cc1ccc(Sc2cccc3[nH]c4nc(N)nc(N)c4c23)cc1,4.982549270489463
CHEMBL1092250,IC50,nM,1500.0,IC50,nM,1500.0,C#Cc1cccc(Nc2ccnc3cc(OC)c(OC)cc23)c1,5.823908740944319
CHEMBL1089203,IC50,nM,1500.0,IC50,nM,1500.0,C#Cc1cccc(Nc2ccnc3cc(OCCOC)c(OCCOC)cc23)c1,5.823908740944319
CHEMBL1088901,IC50,nM,190.0,IC50,nM,190.0,CN(C)CCCC(=O)Nc1ccc2ncnc(Nc3cccc(Br)c3)c2c1,6.721246399047171
CHEMBL1089524,IC50,nM,130.0,IC50,nM,130.0,CN(C)CCCC(=O)Nc1ccc2nccc(Nc3cccc(Br)c3)c2c1,6.886056647693163
CHEMBL1092382,IC50,nM,520.0,IC50,nM,520.0,CCC(=O)Nc1ccc2nccc(Nc3cccc(Br)c3)c2c1,6.2839966563652006
CHEMBL1090840,IC50,nM,3.2,IC50,nM,3.2,C=CC(=O)Nc1ccc2nccc(Nc3cccc(Br)c3)c2c1,8.494850021680094
CHEMBL1088240,IC50,nM,3300.0,IC50,uM,3.3,COc1cc(Nc2c(C#N)cnc3cc(/C=C/CCN4CCN(C)CC4)c(OC)cc23)c(Cl)cc1Cl,5.481486060122113
CHEMBL1098119,IC50,nM,1630.0,IC50,uM,1.63,Cl.NCCc1cn(CCCCCc2ccccc2)c2ccc(OCCc3ccc(O)cc3)cc12,5.787812395596042
CHEMBL1098120,IC50,nM,1010.0,IC50,uM,1.01,Cl.NC1CCc2c(c3cc(OCCc4ccc(O)cc4)ccc3n2CCCCCc2ccccc2)C1,5.995678626217358
CHEMBL1098121,IC50,nM,4400.0,IC50,umol/L,4.4,COc1ccc(CCCCCn2cc(CCN)c3cc(OCCc4ccc(O)cc4)ccc32)cc1.Cl,5.356547323513812
CHEMBL1094194,IC50,nM,1920.0,IC50,umol/L,1.92,CSc1ccc(CCCCCn2cc(CCN)c3cc(OCCc4ccc(O)cc4)ccc32)cc1.Cl,5.716698771296451
CHEMBL1094195,IC50,nM,1110.0,IC50,umol/L,1.11,Cl.NCCc1cn(Cc2ccc(-c3cccc(C(F)(F)F)c3)cc2)c2ccc(OCCc3ccc(O)cc3)cc12,5.954677021213342
CHEMBL1094196,IC50,nM,1250.0,IC50,umol/L,1.25,COc1ccc(-c2ccc(Cn3cc(CCN)c4cc(OCCc5ccc(O)cc5)ccc43)cc2)cc1.Cl,5.903089986991944
CHEMBL1095154,IC50,nM,1300.0,IC50,umol/L,1.3,Cl.NCCc1cn(Cc2ccc(-c3ccccc3)cc2)c2ccc(OCCc3ccc(O)cc3)cc12,5.886056647693163
CHEMBL1095957,IC50,nM,2070.0,IC50,umol/L,2.07,Cl.NCCc1c[nH]c2ccc(OCCc3ccc(O)cc3)cc12,5.684029654543083
CHEMBL1094835,IC50,nM,2450.0,IC50,umol/L,2.45,COc1ccc(CCOc2ccc3c(c2)c(CCN)cn3CCCCCc2ccc(SC)cc2)cc1.Cl,5.610833915635467
CHEMBL3216254,IC50,nM,1910.0,IC50,umol/L,1.91,CN(C)c1ccc(CCCCCn2c3c(c4cc(OCCc5ccc(O)cc5)ccc42)CC(N)CC3)cc1.Cl.Cl,5.718966632752273
CHEMBL1094492,IC50,nM,1370.0,IC50,umol/L,1.37,COc1ccc(CCCCCn2c3c(c4cc(OCCc5ccc(O)cc5)ccc42)CC(N)CC3)cc1.Cl,5.863279432843593
CHEMBL1094825,IC50,nM,2750.0,IC50,umol/L,2.75,Cl.NC1CCc2c(c3cc(OCCc4ccc(O)cc4)ccc3n2CCCCCc2ccc(C(F)(F)F)cc2)C1,5.560667306169737
CHEMBL3216699,IC50,nM,2280.0,IC50,umol/L,2.28,Cl.Cl.NC1CCc2c(c3cc(OCCc4ccc(O)cc4)ccc3n2CCCCCc2ccccn2)C1,5.642065152999546
CHEMBL1097189,IC50,nM,2500.0,IC50,umol/L,2.5,Cl.NC1CCc2c(c3cc(OCCc4ccc(O)cc4)ccc3n2CCCc2ccccc2)C1,5.6020599913279625
CHEMBL1097190,IC50,nM,15120.0,IC50,umol/L,15.12,Cl.NC1CCc2[nH]c3ccc(OCCc4ccc(O)cc4)cc3c2C1,4.820448208834812
CHEMBL483108,IC50,nM,22800.0,IC50,uM,22.8,Nc1nc(Nc2ccc(F)c(Br)c2)c2cc(CCc3ccccc3)[nH]c2n1,4.642065152999546
CHEMBL1097368,IC50,nM,56100.0,IC50,uM,56.1,c1ccc(CCc2cc3c(Nc4ccc5[nH]ccc5c4)ncnc3[nH]2)cc1,4.251037138743839
CHEMBL1095761,IC50,nM,200.0,IC50,uM,0.2,Nc1nc(Nc2cccc(Br)c2)c2cc(Cc3ccc(Cl)cc3Cl)[nH]c2n1,6.698970004336019
CHEMBL1095130,IC50,nM,2500.0,IC50,uM,2.5,Nc1nc(Nc2ccc(Cl)cc2F)c2cc(Cc3ccc(Cl)cc3Cl)[nH]c2n1,5.6020599913279625
CHEMBL1095131,IC50,nM,161600.0,IC50,uM,161.6,Nc1nc(Nc2cccc(F)c2)c2cc(Cc3ccc(Cl)cc3Cl)[nH]c2n1,3.791558643561433
CHEMBL1095445,IC50,nM,27200.0,IC50,uM,27.2,Nc1nc(Nc2cccc(C(F)(F)F)c2)c2cc(Cc3ccc(Cl)cc3Cl)[nH]c2n1,4.565431095965801
CHEMBL1094475,IC50,nM,55200.0,IC50,uM,55.2,C#Cc1cccc(Nc2nc(N)nc3[nH]c(Cc4ccc(Cl)cc4Cl)cc23)c1,4.2580609222708015
CHEMBL1094808,IC50,nM,91700.0,IC50,uM,91.7,Nc1nc(Nc2ccc(C(F)(F)F)c(F)c2)c2cc(Cc3ccc(Cl)cc3Cl)[nH]c2n1,4.037630664329979
CHEMBL1095463,IC50,nM,45600.0,IC50,uM,45.6,CC(C)c1ccc(Nc2nc(N)nc3[nH]c(Cc4ccc(Cl)cc4Cl)cc23)cc1,4.341035157335565
CHEMBL1095776,IC50,nM,96400.0,IC50,uM,96.4,CC(C)c1ccccc1Nc1nc(N)nc2[nH]c(Cc3ccc(Cl)cc3Cl)cc12,4.015922966097169
CHEMBL535,IC50,nM,172100.0,IC50,uM,172.1,CCN(CC)CCNC(=O)c1c(C)[nH]c(/C=C2\C(=O)Nc3ccc(F)cc32)c1C,3.7642191296724397
CHEMBL1095464,IC50,nM,9100.0,IC50,uM,9.1,Cc1ccccc1Cc1cc2c(Nc3cccc(Br)c3)nc(N)nc2[nH]1,5.040958607678906
CHEMBL1095465,IC50,nM,12600.0,IC50,uM,12.6,COc1ccc(OC)c(Cc2cc3c(Nc4cccc(Br)c4)nc(N)nc3[nH]2)c1,4.899629454882437
CHEMBL1094784,IC50,nM,33100.0,IC50,uM,33.1,FC(F)(F)c1cccc(Nc2ncnc3[nH]c(Cc4ccc(Cl)cc4Cl)cc23)c1,4.480172006224281
CHEMBL1171792,IC50,nM,85.0,IC50,uM,0.085,Cc1ccc(Br)c2c(C#N)cc(C(=O)C3CC3)n12,7.070581074285707
CHEMBL1172957,IC50,nM,10000.0,IC50,uM,10.0,NS(=O)(=O)c1ccc(Nc2nc(N3CCOCC3)nc3[nH]cnc23)cc1,5.0
CHEMBL1173324,IC50,nM,13370.0,IC50,uM,13.37,NC(=S)N1N=C(c2ccc(Br)c(Br)c2)CC1c1ccccc1F,4.873868592738016
CHEMBL1173191,IC50,nM,10640.0,IC50,uM,10.64,NC(=S)N1N=C(c2ccc(Br)c(Br)c2)CC1c1ccc([N+](=O)[O-])cc1,4.9730583720409705
CHEMBL1173192,IC50,nM,11270.0,IC50,uM,11.27,NC(=S)N1N=C(c2ccc(Br)c(Br)c2)CC1c1ccc(O)cc1,4.948076083953893
CHEMBL1173193,IC50,nM,8090.0,IC50,uM,8.09,COc1ccc(C2CC(c3ccc(Br)c(Br)c3)=NN2C(N)=S)cc1,5.092051478387727
CHEMBL1173262,IC50,nM,9830.0,IC50,uM,9.83,Cc1ccc(C2CC(c3ccc(Br)c(Br)c3)=NN2C(N)=S)cc1,5.007446482167865
CHEMBL1172855,IC50,nM,10060.0,IC50,uM,10.06,NC(=S)N1N=C(c2ccc(Br)c(Br)c2)CC1c1ccc(Br)cc1,4.997402019280091
CHEMBL1169870,IC50,nM,8150.0,IC50,uM,8.15,NC(=S)N1N=C(c2ccc(Br)c(Br)c2)CC1c1ccc(Cl)cc1,5.088842391260023
CHEMBL1172823,IC50,nM,8920.0,IC50,uM,8.92,NC(=S)N1N=C(c2ccc(Br)c(Br)c2)CC1c1ccc(F)cc1,5.049635145623877
CHEMBL1173601,IC50,nM,6430.0,IC50,uM,6.43,NC(=S)N1N=C(c2ccc(Cl)c(Cl)c2)CC1c1ccccc1Br,5.191789027075778
CHEMBL1173602,IC50,nM,7280.0,IC50,uM,7.28,NC(=S)N1N=C(c2ccc(Cl)c(Cl)c2)CC1c1ccccc1Cl,5.137868620686962
CHEMBL1173665,IC50,nM,6560.0,IC50,uM,6.56,NC(=S)N1N=C(c2ccc(Cl)c(Cl)c2)CC1c1ccccc1F,5.1830961606243395
CHEMBL1173666,IC50,nM,7780.0,IC50,uM,7.78,NC(=S)N1N=C(c2ccc(Cl)c(Cl)c2)CC1c1ccc([N+](=O)[O-])cc1,5.1090204030103115
CHEMBL1173667,IC50,nM,5270.0,IC50,uM,5.27,NC(=S)N1N=C(c2ccc(Cl)c(Cl)c2)CC1c1ccc(O)cc1,5.278189384787454
CHEMBL1172915,IC50,nM,5740.0,IC50,uM,5.74,COc1ccc(C2CC(c3ccc(Cl)c(Cl)c3)=NN2C(N)=S)cc1,5.241088107602026
CHEMBL1172916,IC50,nM,7380.0,IC50,uM,7.38,Cc1ccc(C2CC(c3ccc(Cl)c(Cl)c3)=NN2C(N)=S)cc1,5.131943638176958
CHEMBL1172917,IC50,nM,6850.0,IC50,uM,6.85,NC(=S)N1N=C(c2ccc(Cl)c(Cl)c2)CC1c1ccc(Br)cc1,5.164309428507575
CHEMBL1172980,IC50,nM,7320.0,IC50,uM,7.32,NC(=S)N1N=C(c2ccc(Cl)c(Cl)c2)CC1c1ccc(Cl)cc1,5.135488918941608
CHEMBL1172573,IC50,nM,6270.0,IC50,uM,6.27,NC(=S)N1N=C(c2ccc(Cl)c(Cl)c2)CC1c1ccc(F)cc1,5.202732459169283
CHEMBL1173688,IC50,nM,4210.0,IC50,uM,4.21,Cc1ccc(C2=NN(C(N)=S)C(c3ccccc3Br)C2)cc1C,5.375717904164332
CHEMBL1173794,IC50,nM,3870.0,IC50,uM,3.87,Cc1ccc(C2=NN(C(N)=S)C(c3ccccc3Cl)C2)cc1C,5.412289034981089
CHEMBL1169856,IC50,nM,5190.0,IC50,uM,5.19,Cc1ccc(C2=NN(C(N)=S)C(c3ccccc3F)C2)cc1C,5.284832642151542
CHEMBL1173454,IC50,nM,3060.0,IC50,uM,3.06,Cc1ccc(C2=NN(C(N)=S)C(c3ccc([N+](=O)[O-])cc3)C2)cc1C,5.51427857351842
CHEMBL1173815,IC50,nM,130.0,IC50,uM,0.13,Cc1ccc(C2=NN(C(N)=S)C(c3ccc(O)cc3)C2)cc1C,6.886056647693163
CHEMBL1173814,IC50,nM,70.0,IC50,uM,0.07,COc1ccc(C2CC(c3ccc(C)c(C)c3)=NN2C(N)=S)cc1,7.154901959985743
CHEMBL1173813,IC50,nM,340.0,IC50,uM,0.34,Cc1ccc(C2CC(c3ccc(C)c(C)c3)=NN2C(N)=S)cc1,6.468521082957745
CHEMBL1173457,IC50,nM,2170.0,IC50,uM,2.17,Cc1ccc(C2=NN(C(N)=S)C(c3ccc(Br)cc3)C2)cc1C,5.663540266151471
CHEMBL1173456,IC50,nM,1360.0,IC50,uM,1.36,Cc1ccc(C2=NN(C(N)=S)C(c3ccc(Cl)cc3)C2)cc1C,5.866461091629782
CHEMBL1173455,IC50,nM,830.0,IC50,uM,0.83,Cc1ccc(C2=NN(C(N)=S)C(c3ccc(F)cc3)C2)cc1C,6.080921907623926
CHEMBL1173251,IC50,nM,12260.0,IC50,uM,12.26,NC(=S)N1N=C(c2ccc(Br)c(Br)c2)CC1c1ccccc1Cl,4.911509529817604
CHEMBL1173250,IC50,nM,10970.0,IC50,uM,10.97,NC(=S)N1N=C(c2ccc(Br)c(Br)c2)CC1c1ccccc1Br,4.959793372425289
CHEMBL1173249,IC50,nM,18350.0,IC50,uM,18.35,CC(=O)N1N=C(c2ccc(Cl)c(Cl)c2)CC1c1ccc(F)cc1,4.7363639314118915
CHEMBL1173248,IC50,nM,16140.0,IC50,uM,16.14,CC(=O)N1N=C(c2ccc(Cl)c(Cl)c2)CC1c1ccc(Cl)cc1,4.7920964696139485
CHEMBL1173816,IC50,nM,18450.0,IC50,uM,18.45,CC(=O)N1N=C(c2ccc(Cl)c(Cl)c2)CC1c1ccc(Br)cc1,4.734003629504921
CHEMBL1171822,IC50,nM,19320.0,IC50,uM,19.32,CC(=O)N1N=C(c2ccc(Cl)c(Cl)c2)CC1c1ccc(C)cc1,4.713992877920526
CHEMBL1173680,IC50,nM,17190.0,IC50,uM,17.19,COc1ccc(C2CC(c3ccc(Cl)c(Cl)c3)=NN2C(C)=O)cc1,4.764724123312948
CHEMBL1172418,IC50,nM,24150.0,IC50,uM,24.15,CC(=O)N1N=C(c2ccc(Cl)c(Cl)c2)CC1c1ccccc1Cl,4.617082864912469
CHEMBL1172419,IC50,nM,28690.0,IC50,uM,28.69,CC(=O)N1N=C(c2ccc(Cl)c(Cl)c2)CC1c1ccccc1,4.542269451754001
CHEMBL1172602,IC50,nM,25470.0,IC50,uM,25.47,COc1cc(OC)cc(C2CC(c3ccc(Cl)c(Cl)c3)=NN2C(C)=O)c1,4.593971055036385
CHEMBL1172603,IC50,nM,15560.0,IC50,uM,15.56,CC(=O)N1N=C(c2ccc(C)c(C)c2)CC1c1ccc(F)cc1,4.80799040734633
CHEMBL1173022,IC50,nM,19730.0,IC50,uM,19.73,CC(=O)N1N=C(c2ccc(C)c(C)c2)CC1c1ccc(Cl)cc1,4.704872914747809
CHEMBL1173023,IC50,nM,20610.0,IC50,uM,20.61,CC(=O)N1N=C(c2ccc(C)c(C)c2)CC1c1ccc(Br)cc1,4.685922008220787
CHEMBL1173319,IC50,nM,17490.0,IC50,uM,17.49,CC(=O)N1N=C(c2ccc(C)c(C)c2)CC1c1ccc(C)cc1,4.757210190521324
CHEMBL1173397,IC50,nM,15240.0,IC50,uM,15.24,COc1ccc(C2CC(c3ccc(C)c(C)c3)=NN2C(C)=O)cc1,4.8170150329964185
CHEMBL1171638,IC50,nM,21480.0,IC50,uM,21.48,CC(=O)N1N=C(c2ccc(C)c(C)c2)CC1c1ccccc1Cl,4.667965722972482
CHEMBL1173398,IC50,nM,20040.0,IC50,uM,20.04,CC(=O)N1N=C(c2ccc(C)c(C)c2)CC1c1ccccc1,4.698102282804792
CHEMBL1173105,IC50,nM,17310.0,IC50,uM,17.31,COc1cc(OC)cc(C2CC(c3ccc(C)c(C)c3)=NN2C(C)=O)c1,4.7617029321246065
CHEMBL1172802,IC50,nM,4120.0,IC50,uM,4.12,Cc1ncc([N+](=O)[O-])n1CCOC(=O)/C=C/c1ccc(F)cc1,5.3851027839668655
CHEMBL1172803,IC50,nM,3620.0,IC50,uM,3.62,Cc1ncc([N+](=O)[O-])n1CCOC(=O)/C=C/c1ccc(Cl)cc1,5.441291429466834
CHEMBL1173651,IC50,nM,3240.0,IC50,uM,3.24,Cc1ncc([N+](=O)[O-])n1CCOC(=O)/C=C/c1ccc(Br)cc1,5.489454989793388
CHEMBL1173652,IC50,nM,7830.0,IC50,uM,7.83,Cc1ncc([N+](=O)[O-])n1CCOC(=O)/C=C/c1ccccc1,5.106238237942057
CHEMBL1173653,IC50,nM,8110.0,IC50,uM,8.11,Cc1ccc(/C=C/C(=O)OCCn2c([N+](=O)[O-])cnc2C)cc1,5.090979145788844
CHEMBL1173713,IC50,nM,10850.0,IC50,uM,10.85,COc1ccc(/C=C/C(=O)OCCn2c([N+](=O)[O-])cnc2C)cc1,4.964570261815451
CHEMBL1173714,IC50,nM,6820.0,IC50,uM,6.82,Cc1ncc([N+](=O)[O-])n1CCOC(=O)/C=C/c1ccc(C(C)C)cc1,5.166215625343521
CHEMBL1173718,IC50,nM,620.0,IC50,uM,0.62,Cc1ncc([N+](=O)[O-])n1CCOC(=O)/C=C/c1ccc(-c2ccccc2)cc1,6.2076083105017466
CHEMBL1173783,IC50,nM,1270.0,IC50,uM,1.27,Cc1ncc([N+](=O)[O-])n1CCOC(=O)/C=C/c1ccc(OCc2ccccc2)cc1,5.896196279044043
CHEMBL1172877,IC50,nM,26740.0,IC50,uM,26.74,Cc1ncc([N+](=O)[O-])n1CCOC(=O)/C=C/c1ccccc1F,4.572838597074035
CHEMBL1172878,IC50,nM,20810.0,IC50,uM,20.81,Cc1ncc([N+](=O)[O-])n1CCOC(=O)/C=C/c1ccccc1Cl,4.681727919788373
CHEMBL1172947,IC50,nM,24320.0,IC50,uM,24.32,Cc1ncc([N+](=O)[O-])n1CCOC(=O)/C=C/c1ccccc1Br,4.614036429399302
CHEMBL1173789,IC50,nM,25000.0,IC50,uM,25.0,Cc1ncc([N+](=O)[O-])n1CCOC(=O)/C=C/c1ccccc1[N+](=O)[O-],4.6020599913279625
CHEMBL1171273,IC50,nM,32000.0,IC50,uM,32.0,COc1ccccc1/C=C/C(=O)OCCn1c([N+](=O)[O-])cnc1C,4.494850021680094
CHEMBL1172950,IC50,nM,14530.0,IC50,uM,14.53,Cc1ncc([N+](=O)[O-])n1CCOC(=O)/C=C/c1cccc([N+](=O)[O-])c1,4.837734385701978
CHEMBL1172951,IC50,nM,12420.0,IC50,uM,12.42,Cc1ncc([N+](=O)[O-])n1CCOC(=O)/C=C/c1cccc(F)c1,4.905878404159439
CHEMBL1173014,IC50,nM,13870.0,IC50,uM,13.87,COc1cccc(/C=C/C(=O)OCCn2c([N+](=O)[O-])cnc2C)c1,4.857923538926715
CHEMBL1170278,IC50,nM,3880.0,IC50,uM,3.88,Cc1ncc([N+](=O)[O-])n1CCOC(=O)/C=C/c1cccc2ccccc12,5.411168274405793
CHEMBL1170459,IC50,nM,5760.0,IC50,uM,5.76,Cc1ncc([N+](=O)[O-])n1CCOC(=O)/C=C/c1ccc2ccccc2c1,5.239577516576788
CHEMBL1172781,IC50,nM,223.0,IC50,nM,223.0,OC[C@@H](Nc1ncnc2oc(-c3ccccc3)c(-c3ccccc3)c12)c1ccccc1,6.651695136951839
CHEMBL1172773,IC50,nM,82.0,IC50,nM,82.0,C=CC(=O)Nc1ccc(-c2c(-c3ccccc3)oc3ncnc(N[C@H](CO)c4ccccc4)c23)cc1,7.086186147616283
CHEMBL1172843,IC50,nM,7.0,IC50,nM,7.0,C=CC(=O)Nc1cccc(-c2c(-c3ccccc3)oc3ncnc(N[C@H](CO)c4ccccc4)c23)c1,8.154901959985743
CHEMBL1221700,IC50,nM,689.0,IC50,uM,0.689,C=CC(=O)Nc1ccc2ncnc(Nc3ccc(C(C)(C)C)cc3)c2c1,6.161780778092374
CHEMBL1243284,IC50,nM,8.12,IC50,nM,8.12,CNC/C=C/C(=O)Nc1cc2c(Nc3ccc(F)c(Cl)c3)c(C#N)cnc2cc1OCCF,8.090443970758825
CHEMBL1243255,IC50,nM,5.35,IC50,nM,5.35,CCOc1cc2ncc(C#N)c(Nc3ccc(F)c(Cl)c3)c2cc1NC(=O)/C=C/CNC,8.271646217978772
CHEMBL1243346,IC50,nM,4.05,IC50,nM,4.05,CCOc1cc2ncc(C#N)c(Nc3ccc(F)c(Cl)c3)c2cc1NC(=O)/C=C/c1cn(CCF)nn1,8.39254497678533
CHEMBL1243283,IC50,nM,1.81,IC50,nM,1.81,CCOc1cc2ncc(C#N)c(Nc3ccc(F)c(Cl)c3)c2cc1NC(=O)/C=C/CNCc1cn(CCF)nn1,8.742321425130816
CHEMBL1243254,IC50,nM,0.57,IC50,nM,0.57,CCOc1cc2ncc(C#N)c(Nc3ccc(F)c(Cl)c3)c2cc1NC(=O)/C=C/CN(C)Cc1ccc(F)cc1,9.244125144327509
CHEMBL1243345,IC50,nM,0.8,IC50,nM,0.8,CCOc1cc2ncc(C#N)c(Nc3ccc(F)c(Cl)c3)c2cc1NC(=O)/C=C/CN(C)CCF,9.096910013008056
CHEMBL1243316,IC50,nM,0.03,IC50,nM,0.03,C#CCNC/C=C/C(=O)Nc1cc2c(Nc3ccc(F)c(Cl)c3)c(C#N)cnc2cc1OCC,10.522878745280337
CHEMBL1242285,IC50,nM,249.0,IC50,uM,0.249,CC(C)n1nc(-c2cc(O)cc(Br)c2)c2c(N)ncnc21,6.603800652904264
CHEMBL1242286,IC50,nM,4320.0,IC50,uM,4.32,COCOc1cc(-c2nn(C(C)C)c3ncnc(N)c23)ccc1Br,5.364516253185088
CHEMBL1241299,IC50,nM,100000.0,IC50,uM,100.0,Cn1nc(-c2ccc(Br)c(O)c2)c2c(N)ncnc21,4.0
CHEMBL1242287,IC50,nM,324.0,IC50,uM,0.324,Nc1ncnc2c1c(-c1ccc(Br)c(O)c1)nn2C1CCC1,6.489454989793388
CHEMBL1242376,IC50,nM,236.0,IC50,uM,0.236,Nc1ncnc2c1c(-c1ccc(Br)c(O)c1)nn2C1CCCC1,6.627087997029894
CHEMBL1242377,IC50,nM,1400.0,IC50,uM,1.4,CC(C)n1nc(-c2ccc(F)c(O)c2)c2c(N)ncnc21,5.853871964321762
CHEMBL1242378,IC50,nM,100000.0,IC50,uM,100.0,C[C@H](CN)n1nc(-c2ccc(F)c(O)c2)c2c(N)ncnc21,4.0
CHEMBL1242468,IC50,nM,26000.0,IC50,uM,26.0,C[C@@H](CN)n1nc(-c2ccc(F)c(O)c2)c2c(N)ncnc21,4.585026652029182
CHEMBL1242469,IC50,nM,18000.0,IC50,uM,18.0,N#CCCCn1nc(-c2ccc(F)c(O)c2)c2c(N)ncnc21,4.7447274948966935
CHEMBL1242470,IC50,nM,11000.0,IC50,uM,11.0,N#CCCCCn1nc(-c2ccc(F)c(O)c2)c2c(N)ncnc21,4.958607314841775
CHEMBL1242566,IC50,nM,2900.0,IC50,uM,2.9,Nc1ncnc2c1c(-c1ccc(F)c(O)c1)nn2C1CCC1,5.5376020021010435
CHEMBL1242567,IC50,nM,2900.0,IC50,uM,2.9,Nc1ncnc2c1c(-c1ccc(F)c(O)c1)nn2C1CNC1,5.5376020021010435
CHEMBL1242568,IC50,nM,318.0,IC50,uM,0.318,Nc1ncnc2c1c(-c1ccc(F)c(O)c1)nn2C1CCCC1,6.497572880015567
CHEMBL1242656,IC50,nM,366.0,IC50,uM,0.366,CC1CCC(n2nc(-c3ccc(F)c(O)c3)c3c(N)ncnc32)C1,6.436518914605589
CHEMBL1242657,IC50,nM,8700.0,IC50,uM,8.7,Nc1ncnc2c1c(-c1ccc(F)c(O)c1)nn2[C@H]1CCNC1,5.060480747381382
CHEMBL1242658,IC50,nM,15600.0,IC50,uM,15.6,Nc1ncnc2c1c(-c1ccc(F)c(O)c1)nn2[C@@H]1CCNC1,4.806875401645539
CHEMBL1242748,IC50,nM,4800.0,IC50,uM,4.8,Nc1ncnc2c1c(-c1ccc(F)c(O)c1)nn2[C@H]1CCOC1,5.318758762624412
CHEMBL1242749,IC50,nM,2600.0,IC50,uM,2.6,Nc1ncnc2c1c(-c1ccc(F)c(O)c1)nn2[C@@H]1CCOC1,5.585026652029182
CHEMBL1242750,IC50,nM,775.0,IC50,uM,0.775,Nc1ncnc2c1c(-c1ccc(F)c(O)c1)nn2C1CCCCCC1,6.110698297493689
CHEMBL1242844,IC50,nM,100000.0,IC50,uM,100.0,Nc1ncnc2c1c(-c1ccc(F)c(O)c1)nn2CC1CCNCC1,4.0
CHEMBL1242845,IC50,nM,100000.0,IC50,uM,100.0,Cc1nn(-c2ccccc2)nc1Cn1nc(-c2ccc(F)c(O)c2)c2c(N)ncnc21,4.0
CHEMBL1241482,IC50,nM,100000.0,IC50,uM,100.0,Nc1ncnc2c1c(-c1ccc(F)c(O)c1)nn2Cc1ocnc1-c1ccccc1,4.0
CHEMBL1241483,IC50,nM,3860.0,IC50,uM,3.86,COc1cc(-c2nn(C(C)C)c3ncnc(N)c23)ccc1F,5.413412695328245
CHEMBL1241484,IC50,nM,158.0,IC50,uM,0.158,CC(C)n1nc(-c2ccc(Cl)c(O)c2)c2c(N)ncnc21,6.801342913045577
CHEMBL1241579,IC50,nM,4800.0,IC50,uM,4.8,C[C@H](CN)n1nc(-c2ccc(Cl)c(O)c2)c2c(N)ncnc21,5.318758762624412
CHEMBL1240544,IC50,nM,9140.0,IC50,uM,9.14,C[C@@H](CN)n1nc(-c2ccc(Cl)c(O)c2)c2c(N)ncnc21,5.039053804266168
CHEMBL1241481,IC50,nM,170.0,IC50,uM,0.17,COc1cc(-c2nn(C(C)C)c3ncnc(N)c23)ccc1NC(=O)OC(C)(C)C,6.769551078621726
CHEMBL1241578,IC50,nM,550.0,IC50,uM,0.55,CC(C)n1nc(-c2ccc(Br)c(O)c2)c2c(N)ncnc21,6.259637310505756
CHEMBL1081312,IC50,nM,260.0,IC50,uM,0.26,Nc1ncnc2c1c(-c1cnc3[nH]ccc3c1)nn2C1CCCC1,6.585026652029182
CHEMBL1233882,IC50,nM,610.0,IC50,uM,0.61,CC(C)n1nc(-c2ccc3ncccc3c2)c2c(N)ncnc21,6.214670164989233
CHEMBL1233881,IC50,nM,2300.0,IC50,uM,2.3,COc1ccc(-c2nn(C3CCC3)c3ncnc(N)c23)cc1OC,5.638272163982407
CHEMBL1241674,IC50,nM,4400.0,IC50,uM,4.4,CC(C)n1nc(-c2cc3cc(O)ccc3[nH]2)c2c(N)ncnc21,5.356547323513812
CHEMBL1241675,IC50,nM,12000.0,IC50,uM,12.0,Nc1ncnc2c1c(-c1ccn3ccnc3c1)nn2C1CCCC1,4.920818753952375
CHEMBL1230790,IC50,nM,954.0,IC50,uM,0.954,CC(C)n1nc(-c2cccc(O)c2)c2c(N)ncnc21,6.020451625295905
CHEMBL1234815,IC50,nM,388.0,IC50,uM,0.388,Cn1nc(-c2ccc3ccccc3c2)c2c(N)ncnc21,6.411168274405792
CHEMBL1241241,IC50,nM,922.0,IC50,uM,0.922,CC(C)n1nc(-c2ccc(O)cc2)c2c(N)ncnc21,6.035269078946371
CHEMBL1242024,IC50,nM,954.0,IC50,uM,0.954,Cc1cc(O)ccc1-c1nn(C(C)C)c2ncnc(N)c12,6.020451625295905
CHEMBL1241270,IC50,nM,12400.0,IC50,uM,12.4,Cc1ccc(-c2n[nH]c3ncnc(N)c23)cc1O,4.906578314837765
CHEMBL1241271,IC50,nM,19000.0,IC50,uM,19.0,Cc1ccc(-c2nn(C)c3ncnc(N)c23)cc1O,4.721246399047171
CHEMBL1242026,IC50,nM,663.0,IC50,uM,0.663,Cc1ccc(-c2nn(C(C)C)c3ncnc(N)c23)cc1O,6.178486471595227
CHEMBL1242109,IC50,nM,1670.0,IC50,uM,1.67,CCC(C)n1nc(-c2ccc(C)c(O)c2)c2c(N)ncnc21,5.777283528852417
CHEMBL1242110,IC50,nM,3720.0,IC50,uM,3.72,CC(C)n1nc(-c2cccc(O)c2F)c2c(N)ncnc21,5.429457060118103
CHEMBL1242111,IC50,nM,1770.0,IC50,uM,1.77,Nc1ncnc2c1c(-c1cccc(O)c1F)nn2C1CCCC1,5.752026733638194
CHEMBL1242198,IC50,nM,576.0,IC50,uM,0.576,CC(C)n1nc(-c2cc(O)cc(F)c2)c2c(N)ncnc21,6.239577516576788
CHEMBL1242199,IC50,nM,751.0,IC50,uM,0.751,Nc1ncnc2c1c(-c1cc(O)cc(F)c1)nn2C1CCCC1,6.124360062995832
CHEMBL1242200,IC50,nM,11000.0,IC50,uM,11.0,COc1cc(Br)cc(-c2nn(C(C)C)c3ncnc(N)c23)c1,4.958607314841775
CHEMBL1242380,IC50,nM,12000.0,IC50,uM,12.0,COc1ccc(-c2nn(C[C@H](C)CO)c3ncnc(N)c23)cc1OC,4.920818753952375
CHEMBL1242381,IC50,nM,18000.0,IC50,uM,18.0,COc1ccc(-c2nn(C[C@@H](C)CO)c3ncnc(N)c23)cc1OC,4.7447274948966935
CHEMBL1240553,IC50,nM,3300.0,IC50,uM,3.3,COc1ccc(-c2nn(C3CCCC3)c3ncnc(N)c23)cc1OC,5.481486060122113
CHEMBL1242471,IC50,nM,100000.0,IC50,uM,100.0,CCOc1ccc(-c2n[nH]c3ncnc(N)c23)cc1OC,4.0
CHEMBL1242472,IC50,nM,5950.0,IC50,uM,5.95,CCOc1ccc(-c2nn(C(C)C)c3ncnc(N)c23)cc1OC,5.22548303427145
CHEMBL1242569,IC50,nM,5080.0,IC50,uM,5.08,C=CCn1nc(-c2ccc(OCC)c(OC)c2)c2c(N)ncnc21,5.294136287716081
CHEMBL1240554,IC50,nM,1400.0,IC50,uM,1.4,CCOc1ccc(-c2nn(C3CCCC3)c3ncnc(N)c23)cc1OC,5.853871964321762
CHEMBL1242659,IC50,nM,1160.0,IC50,uM,1.16,CCOc1ccc(-c2nn(C3CCCCC3)c3ncnc(N)c23)cc1OC,5.935542010773082
CHEMBL1242660,IC50,nM,5140.0,IC50,uM,5.14,COc1cc(-c2nn(C(C)C)c3ncnc(N)c23)cc(OC)c1OC,5.289036881004725
CHEMBL1242751,IC50,nM,3660.0,IC50,uM,3.66,COc1cccc(-c2nn(C(C)C)c3ncnc(N)c23)c1OC,5.436518914605589
CHEMBL1242752,IC50,nM,54200.0,IC50,uM,54.2,CCOc1cc(-c2nn(C(C)C)c3ncnc(N)c23)ccc1OC,4.266000713461613
CHEMBL1242753,IC50,nM,8010.0,IC50,uM,8.01,CCOc1cc(-c2nn(CCO)c3ncnc(N)c23)ccc1OC,5.096367483915762
CHEMBL1242846,IC50,nM,100000.0,IC50,uM,100.0,COc1ncc(-c2nn(C(C)C)c3ncnc(N)c23)c(OC)n1,4.0
CHEMBL1242847,IC50,nM,4300.0,IC50,uM,4.3,COc1ccc(-c2nn(C(C)C)c3ncnc(N)c23)cc1,5.366531544420414
CHEMBL1242848,IC50,nM,2120.0,IC50,uM,2.12,CC(C)n1nc(-c2ccc(N)c(O)c2)c2c(N)ncnc21,5.673664139071248
CHEMBL1241485,IC50,nM,3850.0,IC50,uM,3.85,COc1cc(-c2nn(C(C)C)c3ncnc(N)c23)ccc1N,5.414539270491499
CHEMBL1241486,IC50,nM,5320.0,IC50,uM,5.32,COc1cc(-c2nn(C(C)C)c3ncnc(N)c23)ccc1NC(C)CO,5.274088367704952
CHEMBL1241487,IC50,nM,33.0,IC50,uM,0.033,Nc1ccc(-c2nn(C3CCCC3)c3ncnc(N)c23)cc1O,7.481486060122112
CHEMBL1241581,IC50,nM,84.0,IC50,uM,0.084,COc1cc(-c2nn(C3CCCC3)c3ncnc(N)c23)ccc1N,7.075720713938118
CHEMBL1241582,IC50,nM,100000.0,IC50,uM,100.0,CC(C)n1nc(-c2cccc(CO)c2)c2c(N)ncnc21,4.0
CHEMBL1241583,IC50,nM,17000.0,IC50,uM,17.0,CC(C)n1nc(-c2cccc(CC#N)c2)c2c(N)ncnc21,4.769551078621726
CHEMBL1240545,IC50,nM,13000.0,IC50,uM,13.0,CC(C)n1nc(-c2ccc(CC#N)cc2)c2c(N)ncnc21,4.886056647693163
CHEMBL1241679,IC50,nM,100000.0,IC50,uM,100.0,CC(C)n1nc(-c2cccc(C#N)c2)c2c(N)ncnc21,4.0
CHEMBL1241680,IC50,nM,100000.0,IC50,uM,100.0,CC(C)n1nc(-c2ccc(F)c(C#N)c2)c2c(N)ncnc21,4.0
CHEMBL1241771,IC50,nM,8900.0,IC50,uM,8.9,CC(C)n1nc(-c2ccc(C#N)c(F)c2)c2c(N)ncnc21,5.050609993355087
CHEMBL1241772,IC50,nM,100000.0,IC50,uM,100.0,CC(C)n1nc(-c2ccc(C#N)nc2)c2c(N)ncnc21,4.0
CHEMBL1241390,IC50,nM,100000.0,IC50,uM,100.0,CC(C)n1nc(-c2cccnc2)c2c(N)ncnc21,4.0
CHEMBL1241391,IC50,nM,100000.0,IC50,uM,100.0,CC(C)n1nc(-c2cncnc2)c2c(N)ncnc21,4.0
CHEMBL1241773,IC50,nM,12000.0,IC50,uM,12.0,CC(=O)c1ccc(-c2nn(C(C)C)c3ncnc(N)c23)cc1,4.920818753952375
CHEMBL1241860,IC50,nM,9000.0,IC50,uM,9.0,CC(C)n1nc(-c2ccc(C=O)c(F)c2)c2c(N)ncnc21,5.045757490560675
CHEMBL1241861,IC50,nM,10000.0,IC50,uM,10.0,CC(C)n1nc(-c2cc(F)c(C=O)c(F)c2)c2c(N)ncnc21,5.0
CHEMBL1241862,IC50,nM,100000.0,IC50,uM,100.0,CC(C)n1nc(-c2ccc(C(N)=O)c(Cl)c2)c2c(N)ncnc21,4.0
CHEMBL1241946,IC50,nM,2800.0,IC50,uM,2.8,CC(=O)c1cccc(-c2nn(C(C)C)c3ncnc(N)c23)c1,5.552841968657781
CHEMBL1241439,IC50,nM,5960.0,IC50,uM,5.96,CC(C)n1nc(-c2cc(C=O)co2)c2c(N)ncnc21,5.2247537402597635
CHEMBL1241947,IC50,nM,9900.0,IC50,uM,9.9,Cc1cc(-c2nn(C(C)C)c3ncnc(N)c23)sc1C=O,5.00436480540245
CHEMBL1241948,IC50,nM,100000.0,IC50,uM,100.0,CC(C)n1nc(-c2cccc(NS(C)(=O)=O)c2)c2c(N)ncnc21,4.0
CHEMBL1242030,IC50,nM,12800.0,IC50,uM,12.8,CC(C)n1nc(-c2ccc(NS(C)(=O)=O)cc2)c2c(N)ncnc21,4.892790030352131
CHEMBL1242031,IC50,nM,100000.0,IC50,uM,100.0,CC(C)n1nc(-c2cccc(S(N)(=O)=O)c2)c2c(N)ncnc21,4.0
CHEMBL1242032,IC50,nM,100000.0,IC50,uM,100.0,CC(C)n1nc(-c2ccc(S(N)(=O)=O)cc2)c2c(N)ncnc21,4.0
CHEMBL1242115,IC50,nM,579.0,IC50,uM,0.579,CC(C)n1nc(-c2cccc(C(=O)NC3=NCCS3)c2)c2c(N)ncnc21,6.2373214362725635
CHEMBL1241580,IC50,nM,1150.0,IC50,uM,1.15,Nc1ncnc2c1c(-c1ccc(Cl)c(O)c1)nn2C1CCC1,5.939302159646388
CHEMBL1241676,IC50,nM,67.0,IC50,uM,0.067,Nc1ncnc2c1c(-c1ccc(Cl)c(O)c1)nn2C1CCCC1,7.173925197299173
CHEMBL1241677,IC50,nM,12400.0,IC50,uM,12.4,Nc1ncnc2c1c(-c1ccc(Cl)c(O)c1)nn2[C@@H]1CCNC1,4.906578314837765
CHEMBL1241678,IC50,nM,1580.0,IC50,uM,1.58,Nc1ncnc2c1c(-c1ccc(Cl)c(O)c1)nn2[C@H]1CCOC1,5.801342913045577
CHEMBL1241768,IC50,nM,1400.0,IC50,uM,1.4,Nc1ncnc2c1c(-c1ccc(Cl)c(O)c1)nn2[C@@H]1CCOC1,5.853871964321762
CHEMBL1241769,IC50,nM,9380.0,IC50,uM,9.38,Nc1ncnc2c1c(-c1ccc(Cl)c(O)c1)nn2CC1CCCN1,5.027797161620936
CHEMBL1241770,IC50,nM,2010.0,IC50,uM,2.01,Nc1ncnc2c1c(-c1ccc(Cl)c(O)c1)nn2CC1CCNC1,5.696803942579511
CHEMBL1241858,IC50,nM,2720.0,IC50,uM,2.72,Nc1ncnc2c1c(-c1ccc(Cl)c(O)c1)nn2CC1CCCNC1,5.565431095965801
CHEMBL1241859,IC50,nM,100000.0,IC50,uM,100.0,Nc1ncnc2c1c(-c1ccc(Cl)c(O)c1)nn2CC1CCNCC1,4.0
CHEMBL1241943,IC50,nM,20500.0,IC50,uM,20.5,Nc1ncnc2c1c(-c1ccc(Cl)c(O)c1)nn2CCC1CCCNC1,4.688246138944246
CHEMBL1241944,IC50,nM,2600.0,IC50,uM,2.6,CC(C)n1nc(-c2ccc(C#N)c(O)c2)c2c(N)ncnc21,5.585026652029182
CHEMBL1241945,IC50,nM,1040.0,IC50,uM,1.04,CC(C)n1nc(-c2ccc(O)c(F)c2)c2c(N)ncnc21,5.982966660701219
CHEMBL1242027,IC50,nM,10200.0,IC50,uM,10.2,COc1cc(F)c(-c2nn(C(C)C)c3ncnc(N)c23)cc1F,4.991399828238082
CHEMBL1242028,IC50,nM,6900.0,IC50,uM,6.9,CC(C)n1nc(-c2cc(F)c(O)cc2F)c2c(N)ncnc21,5.161150909262744
CHEMBL1242029,IC50,nM,1400.0,IC50,uM,1.4,COc1cccc(-c2nn(C(C)C)c3ncnc(N)c23)c1,5.853871964321762
CHEMBL1242112,IC50,nM,908.0,IC50,uM,0.908,COc1cc(-c2nn(C(C)C)c3ncnc(N)c23)ccc1O,6.041914151478915
CHEMBL1241300,IC50,nM,100000.0,IC50,uM,100.0,COc1ccc(-c2n[nH]c3ncnc(N)c23)cc1O,4.0
CHEMBL1241301,IC50,nM,100000.0,IC50,uM,100.0,COc1ccc(-c2nn(C)c3ncnc(N)c23)cc1O,4.0
CHEMBL1242113,IC50,nM,6450.0,IC50,uM,6.45,CCn1nc(-c2ccc(OC)c(O)c2)c2c(N)ncnc21,5.1904402853647325
CHEMBL1242114,IC50,nM,2190.0,IC50,uM,2.19,COc1ccc(-c2nn(C(C)C)c3ncnc(N)c23)cc1O,5.6595558851598815
CHEMBL1242201,IC50,nM,437.0,IC50,uM,0.437,COc1ccc(-c2nn(C3CCCC3)c3ncnc(N)c23)cc1O,6.359518563029578
CHEMBL1242202,IC50,nM,270.0,IC50,uM,0.27,COc1ccc(-c2nn(C3CCC(C)C3)c3ncnc(N)c23)cc1O,6.568636235841013
CHEMBL1242203,IC50,nM,17000.0,IC50,uM,17.0,COc1ccc(-c2nn(C3CNC3)c3ncnc(N)c23)cc1O,4.769551078621726
CHEMBL1242288,IC50,nM,12600.0,IC50,uM,12.6,COc1ccc(-c2nn([C@@H]3CCNC3)c3ncnc(N)c23)cc1O,4.899629454882437
CHEMBL1242289,IC50,nM,768.0,IC50,uM,0.768,CCOc1ccc(-c2nn(C3CCCC3)c3ncnc(N)c23)cc1O,6.114638779968488
CHEMBL1242290,IC50,nM,3020.0,IC50,uM,3.02,COc1ccc(-c2nn(C(C)C)c3ncnc(N)c23)cc1OC,5.519993057042849
CHEMBL1242379,IC50,nM,6340.0,IC50,uM,6.34,COc1ccc(-c2nn(C(C)(C)C)c3ncnc(N)c23)cc1OC,5.1979107421182675
CHEMBL1242661,IC50,nM,21000.0,IC50,uM,21.0,CCOc1ccc2cc(-c3nn(C)c4ncnc(N)c34)ccc2c1,4.6777807052660805
CHEMBL1242662,IC50,nM,88.0,IC50,uM,0.088,CC(C)n1nc(-c2ccc3cc(O)ccc3c2)c2c(N)ncnc21,7.055517327849832
CHEMBL1242663,IC50,nM,100000.0,IC50,uM,100.0,CC(C)n1nc(-c2cc3ccccc3nc2Cl)c2c(N)ncnc21,4.0
CHEMBL1242754,IC50,nM,1000.0,IC50,uM,1.0,CC(C)n1nc(-c2cnc3ccccc3c2)c2c(N)ncnc21,6.0
CHEMBL1242755,IC50,nM,540.0,IC50,uM,0.54,Nc1ncnc2c1c(-c1cnc3ccccc3c1)nn2C1CCCC1,6.267606240177032
CHEMBL1242756,IC50,nM,34000.0,IC50,uM,34.0,Cn1nc(-c2ccc3ncccc3c2)c2c(N)ncnc21,4.468521082957745
CHEMBL1241681,IC50,nM,2100.0,IC50,uM,2.1,Nc1ncnc2c1c(-c1ccc3ncccc3c1)nn2C1CCCC1,5.6777807052660805
CHEMBL1241682,IC50,nM,100000.0,IC50,uM,100.0,Cc1ccc2cc(-c3nn(C(C)C)c4ncnc(N)c34)ccc2n1,4.0
CHEMBL1241683,IC50,nM,100000.0,IC50,uM,100.0,CC(C)n1nc(-c2ccc3nc(Cl)ccc3c2)c2c(N)ncnc21,4.0
CHEMBL1241774,IC50,nM,18000.0,IC50,uM,18.0,CC(C)n1nc(-c2ccc3nccnc3c2)c2c(N)ncnc21,4.7447274948966935
CHEMBL1241775,IC50,nM,70000.0,IC50,uM,70.0,CC(C)n1nc(-c2cnc3nccnc3c2)c2c(N)ncnc21,4.154901959985743
CHEMBL1241776,IC50,nM,7400.0,IC50,uM,7.4,CC(C)n1nc(-c2ccc3nc[nH]c(=O)c3c2)c2c(N)ncnc21,5.130768280269024
CHEMBL1241863,IC50,nM,6700.0,IC50,uM,6.7,CC(C)n1nc(-c2ccc3[nH]c(=O)ccc3c2)c2c(N)ncnc21,5.173925197299174
CHEMBL1241864,IC50,nM,1400.0,IC50,uM,1.4,Nc1ncnc2c1c(-c1ccc3[nH]c(=O)ccc3c1)nn2C1CCCC1,5.853871964321762
CHEMBL1241949,IC50,nM,12000.0,IC50,uM,12.0,CC(C)n1nc(-c2ccc3nc(N)ccc3c2)c2c(N)ncnc21,4.920818753952375
CHEMBL1241950,IC50,nM,7000.0,IC50,uM,7.0,CC(C)n1nc(-c2ccc3nc(NN)ccc3c2)c2c(N)ncnc21,5.154901959985743
CHEMBL1242033,IC50,nM,100000.0,IC50,uM,100.0,CC(C)n1nc(-c2ccc3nccc(NC(=O)OC(C)(C)C)c3c2)c2c(N)ncnc21,4.0
CHEMBL1242034,IC50,nM,100000.0,IC50,uM,100.0,CC(C)n1nc(-c2ccc3nccc(N)c3c2)c2c(N)ncnc21,4.0
CHEMBL1242117,IC50,nM,10000.0,IC50,uM,10.0,Cn1nc(-c2ccc3occc(=O)c3c2)c2c(N)ncnc21,5.0
CHEMBL1242118,IC50,nM,29000.0,IC50,uM,29.0,CC(C)n1nc(-c2ccc3occc(=O)c3c2)c2c(N)ncnc21,4.5376020021010435
CHEMBL1242119,IC50,nM,100000.0,IC50,uM,100.0,Nc1ncnc2c1c(-c1ccc3occc(=O)c3c1)nn2C1CCCC1,4.0
CHEMBL1242207,IC50,nM,25000.0,IC50,uM,25.0,CC(C)n1nc(-c2ccc3cnccc3c2)c2c(N)ncnc21,4.6020599913279625
CHEMBL1242208,IC50,nM,100000.0,IC50,uM,100.0,CC(C)n1nc(-c2ccc3ccncc3c2)c2c(N)ncnc21,4.0
CHEMBL1242209,IC50,nM,18000.0,IC50,uM,18.0,Cc1ccc2ccc(-c3nn(C(C)C)c4ncnc(N)c34)cc2n1,4.7447274948966935
CHEMBL1240565,IC50,nM,15000.0,IC50,uM,15.0,Cn1nc(-c2cnc3[nH]ccc3c2)c2c(N)ncnc21,4.823908740944319
CHEMBL1242293,IC50,nM,380.0,IC50,uM,0.38,CC(C)n1nc(-c2cnc3[nH]ccc3c2)c2c(N)ncnc21,6.42021640338319
CHEMBL1242294,IC50,nM,176.0,IC50,uM,0.176,CC(C)n1nc(-c2ccc3[nH]ccc3c2)c2c(N)ncnc21,6.7544873321858505
CHEMBL1242295,IC50,nM,734.0,IC50,uM,0.734,Nc1ncnc2c1c(-c1ccc3[nH]ccc3c1)nn2C1CCCC1,6.134303940083929
CHEMBL1242384,IC50,nM,955.0,IC50,uM,0.955,CC(C)n1nc(-c2ccc3c(ccn3C)c2)c2c(N)ncnc21,6.019996628416254
CHEMBL1242385,IC50,nM,539.0,IC50,uM,0.539,Cn1ccc2cc(-c3nn(C4CCCC4)c4ncnc(N)c34)ccc21,6.268411234813262
CHEMBL1242386,IC50,nM,1100.0,IC50,uM,1.1,CC(C)n1nc(-c2ccc3[nH]ncc3c2)c2c(N)ncnc21,5.958607314841775
CHEMBL1242475,IC50,nM,571.0,IC50,uM,0.571,Nc1ncnc2c1c(-c1ccc3[nH]ncc3c1)nn2C1CCCC1,6.243363891754152
CHEMBL1242476,IC50,nM,207.0,IC50,uM,0.207,CC(C)n1nc(-c2ccc3c(N)n[nH]c3c2)c2c(N)ncnc21,6.684029654543083
CHEMBL1242477,IC50,nM,2500.0,IC50,uM,2.5,CC(C)n1nc(-c2ccc3cn[nH]c3c2)c2c(N)ncnc21,5.6020599913279625
CHEMBL1242572,IC50,nM,760.0,IC50,uM,0.76,Nc1ncnc2c1c(-c1ccc3cn[nH]c3c1)nn2C1CCCC1,6.119186407719209
CHEMBL1242573,IC50,nM,1200.0,IC50,uM,1.2,CC(C)n1nc(-c2cc(F)c3cn[nH]c3c2)c2c(N)ncnc21,5.920818753952375
CHEMBL1240566,IC50,nM,2900.0,IC50,uM,2.9,Cn1nc(-c2ccc3cc[nH]c3c2)c2c(N)ncnc21,5.5376020021010435
CHEMBL1242574,IC50,nM,220.0,IC50,uM,0.22,CC(C)n1nc(-c2ccc3cc[nH]c3c2)c2c(N)ncnc21,6.657577319177793
CHEMBL1242664,IC50,nM,85.0,IC50,uM,0.085,Nc1ncnc2c1c(-c1ccc3cc[nH]c3c1)nn2C1CCCC1,7.070581074285707
CHEMBL1242665,IC50,nM,45000.0,IC50,uM,45.0,CC(C)n1nc(-c2ccn3ccnc3c2)c2c(N)ncnc21,4.346787486224656
CHEMBL1242666,IC50,nM,638.0,IC50,uM,0.638,CC(C)n1nc(-c2ccc3c(C=O)c[nH]c3c2)c2c(N)ncnc21,6.195179321278838
CHEMBL1242757,IC50,nM,4600.0,IC50,uM,4.6,CC(C)n1nc(-c2cccc3[nH]ccc23)c2c(N)ncnc21,5.337242168318426
CHEMBL1242758,IC50,nM,1400.0,IC50,uM,1.4,Nc1ncnc2c1c(-c1cccc3[nH]ccc13)nn2C1CCCC1,5.853871964321762
CHEMBL1242852,IC50,nM,179.0,IC50,uM,0.179,CC(C)n1nc(-c2ccc3c(ccn3C(=O)OC(C)(C)C)c2)c2c(N)ncnc21,6.747146969020107
CHEMBL1242853,IC50,nM,391.0,IC50,uM,0.391,CC(C)(C)OC(=O)n1ccc2cc(-c3nn(C4CCCC4)c4ncnc(N)c34)ccc21,6.407823242604133
CHEMBL1241490,IC50,nM,964.0,IC50,uM,0.964,CC(C)n1nc(-c2ccc3occc3c2)c2c(N)ncnc21,6.015922966097169
CHEMBL1241491,IC50,nM,575.0,IC50,uM,0.575,Nc1ncnc2c1c(-c1ccc3occc3c1)nn2C1CCCC1,6.2403321553103694
CHEMBL1241492,IC50,nM,8300.0,IC50,uM,8.3,CC(C)n1nc(-c2ccc3nonc3c2)c2c(N)ncnc21,5.080921907623926
CHEMBL1241586,IC50,nM,937.0,IC50,uM,0.937,CC(C)n1nc(-c2ccc3[nH]c(=O)[nH]c3c2)c2c(N)ncnc21,6.028260409112222
CHEMBL1241587,IC50,nM,5000.0,IC50,uM,5.0,CC(C)n1nc(-c2ccc3c(c2)CCO3)c2c(N)ncnc21,5.301029995663981
CHEMBL1241588,IC50,nM,15000.0,IC50,uM,15.0,CC(C)n1nc(-c2ccc3c(c2)OCCO3)c2c(N)ncnc21,4.823908740944319
CHEMBL1241684,IC50,nM,100000.0,IC50,uM,100.0,CC(C)n1nc(-c2cc3cc(C=O)ccc3s2)c2c(N)ncnc21,4.0
CHEMBL288441,IC50,nM,491.0,IC50,nM,491.0,COc1cc(Nc2c(C#N)cnc3cc(OCCCN4CCN(C)CC4)c(OC)cc23)c(Cl)cc1Cl,6.308918507877031
CHEMBL1254199,IC50,nM,53100.0,IC50,uM,53.1,CN(c1cccc(Br)c1)c1nc(N)nc2[nH]c(Cc3ccccc3)cc12,4.274905478918531
CHEMBL1254286,IC50,nM,253600.0,IC50,uM,253.6,CN(c1cccc(Br)c1)c1nc(N)nc2c1cc(Cc1ccccc1)n2C,3.595850750790305
CHEMBL1254363,IC50,nM,31200.0,IC50,uM,31.2,Cc1ccccc1Cc1cc2c(N(C)c3cccc(Br)c3)nc(N)nc2[nH]1,4.505845405981558
CHEMBL1254364,IC50,nM,12800.0,IC50,uM,12.8,Cc1ccccc1Cc1cc2c(Nc3cccc(Br)c3)nc(N)nc2n1C,4.892790030352131
CHEMBL1254443,IC50,nM,1200.0,IC50,uM,1.2,Cc1ccccc1Cc1cc2c(N(C)c3cccc(Br)c3)nc(N)nc2n1C,5.920818753952375
CHEMBL1254444,IC50,nM,143500.0,IC50,uM,143.5,COc1ccc(OC)c(Cc2cc3c(N(C)c4cccc(Br)c4)nc(N)nc3[nH]2)c1,3.843148098929989
CHEMBL1254523,IC50,nM,500.0,IC50,uM,0.5,COc1ccc(OC)c(Cc2cc3c(N(C)c4cccc(Br)c4)nc(N)nc3n2C)c1,6.301029995663981
CHEMBL1257795,IC50,nM,10900.0,IC50,uM,10.9,N#Cc1ccc2c(c1)C(c1ccccc1F)=Nc1c[nH]nc1N2,4.962573502059376
CHEMBL1257911,IC50,nM,989.0,IC50,uM,0.989,Nc1ccc2c(c1)C(c1ccccc1Cl)=Nc1c[nH]nc1N2,6.004803708402821
CHEMBL1257912,IC50,nM,726.0,IC50,uM,0.726,CC(=O)Nc1ccc2c(c1)C(c1ccccc1Cl)=Nc1c[nH]nc1N2,6.139063379299906
CHEMBL1257998,IC50,nM,2300.0,IC50,nM,2300.0,CN1CCN([C@H]2CC[C@H](n3nc(-c4ccc(Nc5nc6cccc(Cl)c6o5)cc4)c4c(N)ncnc43)CC2)CC1,5.638272163982407
CHEMBL1256432,IC50,nM,2880.0,IC50,nM,2880.0,CN1CCN([C@H]2CC[C@H](n3nc(-c4ccc(Nc5nc6cccc(Cl)c6o5)c(F)c4)c4c(N)ncnc43)CC2)CC1,5.540607512240769
CHEMBL1271950,IC50,nM,720.0,IC50,uM,0.72,OC[C@@H](Nc1ncnc2sc3c(c12)CCCC3)c1ccccc1,6.142667503568732
CHEMBL1272006,IC50,nM,1090.0,IC50,uM,1.09,OC[C@@H](Nc1ncnc2sc3c(c12)CCC3)c1ccccc1,5.962573502059376
CHEMBL1272061,IC50,nM,8.0,IC50,uM,0.008,C=CC(=O)N1CCc2c(sc3ncnc(N[C@H](CO)c4ccccc4)c23)C1,8.096910013008056
CHEMBL1272113,IC50,nM,1270.0,IC50,uM,1.27,CC#CC(=O)N1CCc2c(sc3ncnc(N[C@H](CO)c4ccccc4)c23)C1,5.896196279044043
CHEMBL1272167,IC50,nM,91.0,IC50,uM,0.091,C=CS(=O)(=O)N1CCc2c(sc3ncnc(N[C@H](CO)c4ccccc4)c23)C1,7.040958607678906
CHEMBL1272168,IC50,nM,3057.0,IC50,uM,3.057,C=CC(=O)N1CCc2c(sc3ncnc(N[C@@H](CO)c4ccccc4)c23)C1,5.514704561273911
CHEMBL1272222,IC50,nM,20.0,IC50,uM,0.02,C=CC(=O)N1CCc2c(sc3ncnc(N[C@H](C)c4ccccc4)c23)C1,7.698970004336019
CHEMBL1272223,IC50,nM,46.0,IC50,uM,0.046,C=CC(=O)N1CCc2c(sc3ncnc(N[C@H](CC)c4ccccc4)c23)C1,7.337242168318426
CHEMBL1272275,IC50,nM,3503.0,IC50,uM,3.503,O=C(/C=C/c1ccccc1)N1CCc2c(sc3ncnc(N[C@H](CO)c4ccccc4)c23)C1,5.455559862682308
CHEMBL1272276,IC50,nM,70.0,IC50,uM,0.07,CN(C)C/C=C/C(=O)N1CCc2c(sc3ncnc(N[C@H](CO)c4ccccc4)c23)C1,7.154901959985743
CHEMBL1272324,IC50,nM,9.0,IC50,uM,0.009,CCN(CC)C/C=C/C(=O)N1CCc2c(sc3ncnc(N[C@H](CO)c4ccccc4)c23)C1,8.045757490560675
CHEMBL1272325,IC50,nM,21.0,IC50,uM,0.021,O=C(/C=C/CN1CCOCC1)N1CCc2c(sc3ncnc(N[C@H](CO)c4ccccc4)c23)C1,7.6777807052660805
CHEMBL1271507,IC50,nM,89.0,IC50,uM,0.089,CN1CCN(C/C=C/C(=O)N2CCc3c(sc4ncnc(N[C@H](CO)c5ccccc5)c34)C2)CC1,7.050609993355087
CHEMBL1271561,IC50,nM,12.0,IC50,uM,0.012,C[C@@H](Nc1ncnc2sc3c(c12)CCN(C(=O)/C=C/CN(C)C)C3)c1ccccc1,7.920818753952375
CHEMBL1271562,IC50,nM,12.0,IC50,uM,0.012,CC[C@@H](Nc1ncnc2sc3c(c12)CCN(C(=O)/C=C/CN(C)C)C3)c1ccccc1,7.920818753952375
CHEMBL1271618,IC50,nM,149.0,IC50,uM,0.149,CN(C)C/C=C/C(=O)N1CCc2c(sc3ncnc(N[C@H](CO)Cc4ccccc4)c23)C1,6.826813731587726
CHEMBL1271619,IC50,nM,4884.0,IC50,uM,4.884,CN(C)C/C=C/C(=O)N1CCc2c(sc3ncnc(NCCO)c23)C1,5.311224344727155
CHEMBL1276179,IC50,nM,173.0,IC50,nM,173.0,CN1C[C@@H]2C[C@H]1CN2c1cc(F)c(-c2ccnc3c(-c4cccc5[nH]ncc45)c(-c4ccncc4)nn23)c(F)c1,6.761953896871205
CHEMBL1630107,IC50,nM,2.5,IC50,uM,0.0025,O=C(/C=C/c1ccc(-c2ccc3ncnc(Nc4ccc(OCc5cccc(F)c5)c(Cl)c4)c3c2)o1)NO,8.602059991327963
CHEMBL1630108,IC50,nM,4.8,IC50,uM,0.0048,O=C(/C=C/c1ccc(-c2ccc3ncnc(Nc4ccc(OCc5cccc(F)c5)c(Cl)c4)c3c2)s1)NO,8.318758762624412
CHEMBL1630109,IC50,nM,18.0,IC50,uM,0.018,O=C(/C=C/c1cccc(-c2ccc3ncnc(Nc4ccc(OCc5cccc(F)c5)c(Cl)c4)c3c2)c1)NO,7.7447274948966935
CHEMBL1630110,IC50,nM,18.0,IC50,uM,0.018,O=C(/C=C/c1ccc(-c2ccc3ncnc(Nc4ccc(OCc5cccc(F)c5)c(Cl)c4)c3c2)cc1)NO,7.7447274948966935
CHEMBL1630111,IC50,nM,2.9,IC50,uM,0.0029,Nc1ccccc1NC(=O)c1ccc(-c2ccc3ncnc(Nc4ccc(OCc5cccc(F)c5)c(Cl)c4)c3c2)o1,8.537602002101044
CHEMBL1630112,IC50,nM,2.8,IC50,uM,0.0028,Nc1ccccc1NC(=O)c1ccc(-c2ccc3ncnc(Nc4ccc(OCc5cccc(F)c5)c(Cl)c4)c3c2)s1,8.55284196865778
CHEMBL1630113,IC50,nM,26.0,IC50,uM,0.026,Nc1ccccc1NC(=O)/C=C/c1ccc(-c2ccc3ncnc(Nc4ccc(OCc5cccc(F)c5)c(Cl)c4)c3c2)o1,7.585026652029182
CHEMBL1630114,IC50,nM,49.0,IC50,uM,0.049,Nc1ccccc1NC(=O)/C=C/c1cccc(-c2ccc3ncnc(Nc4ccc(OCc5cccc(F)c5)c(Cl)c4)c3c2)c1,7.309803919971486
CHEMBL1630115,IC50,nM,29.0,IC50,uM,0.029,Nc1ccccc1NC(=O)/C=C/c1ccc(-c2ccc3ncnc(Nc4ccc(OCc5cccc(F)c5)c(Cl)c4)c3c2)cc1,7.5376020021010435
CHEMBL1630116,IC50,nM,15.0,IC50,uM,0.015,Nc1ccccc1NC(=O)CCc1ccc(-c2ccc3ncnc(Nc4ccc(OCc5cccc(F)c5)c(Cl)c4)c3c2)cc1,7.823908740944319
CHEMBL1630117,IC50,nM,3.9,IC50,uM,0.0039,O=C(NO)c1ccc(-c2ccc3ncnc(Nc4ccc(OCc5cccc(F)c5)c(Cl)c4)c3c2)o1,8.4089353929735
CHEMBL1630118,IC50,nM,2.2,IC50,uM,0.0022,O=C(NO)c1ccc(-c2ccc3ncnc(Nc4ccc(OCc5cccc(F)c5)c(Cl)c4)c3c2)s1,8.657577319177793
CHEMBL1641991,IC50,nM,20800.0,IC50,uM,20.8,CCC(=O)Nc1ccc2c(C#N)cnc(Nc3cccc(Br)c3)c2c1,4.681936665037238
CHEMBL1641990,IC50,nM,150.0,IC50,uM,0.15,CN(C)C/C=C/C(=O)Nc1ccc2c(C#N)cnc(Nc3cccc(Br)c3)c2c1,6.823908740944319
CHEMBL1641989,IC50,nM,4100.0,IC50,uM,4.1,CN(C)CCCC(=O)Nc1ccc2c(C#N)cnc(Nc3cccc(Br)c3)c2c1,5.3872161432802645
CHEMBL1641998,IC50,nM,28000.0,IC50,uM,28.0,N#Cc1cnc(Nc2cccc(Br)c2)c2cc(NC(=O)CCc3cc4ccccc4[nH]3)ccc12,4.552841968657781
CHEMBL1641997,IC50,nM,45200.0,IC50,uM,45.2,N#Cc1cnc(Nc2cccc(Br)c2)c2cc(NC(=O)c3ccoc3)ccc12,4.3448615651886175
CHEMBL1641996,IC50,nM,55600.0,IC50,uM,55.6,N#Cc1cnc(Nc2cccc(Br)c2)c2cc(NC(=O)c3ccco3)ccc12,4.2549252084179425
CHEMBL1641995,IC50,nM,2200.0,IC50,uM,2.2,N#Cc1cnc(Nc2cccc(Br)c2)c2cc(NC(=O)[C@@H]3CCC(=O)N3)ccc12,5.657577319177793
CHEMBL1641994,IC50,nM,12800.0,IC50,uM,12.8,CCOC(=O)Nc1ccc2c(C#N)cnc(Nc3cccc(Br)c3)c2c1,4.892790030352131
CHEMBL1641993,IC50,nM,6900.0,IC50,uM,6.9,N#Cc1cnc(Nc2cccc(Br)c2)c2cc(NC(=O)CCN3CCOCC3)ccc12,5.161150909262744
CHEMBL1641992,IC50,nM,1300.0,IC50,uM,1.3,CN1CCN(CCC(=O)Nc2ccc3c(C#N)cnc(Nc4cccc(Br)c4)c3c2)CC1,5.886056647693163
CHEMBL1645474,IC50,nM,6.0,IC50,uM,0.006,NC1CCN(Cc2ccn3ncnc(Nc4cccc(Br)c4)c23)CC1,8.221848749616356
CHEMBL1645473,IC50,nM,9.0,IC50,uM,0.009,NC1CCN(Cc2ccn3ncnc(Nc4cccc(Cl)c4)c23)CC1,8.045757490560675
CHEMBL1645466,IC50,nM,10.0,IC50,uM,0.01,C#Cc1cccc(Nc2ncnn3ccc(CN4CCC(N)CC4)c23)c1,8.0
CHEMBL1645476,IC50,nM,10.0,IC50,uM,0.01,NC1CCN(Cc2ccn3ncnc(Nc4ccc(F)c(Cl)c4)c23)CC1,8.0
CHEMBL1645470,IC50,nM,20.0,IC50,uM,0.02,Cc1cccc(Nc2ncnn3ccc(CN4CCC(N)CC4)c23)c1,7.698970004336019
CHEMBL1645472,IC50,nM,32.0,IC50,uM,0.032,NC1CCN(Cc2ccn3ncnc(Nc4cccc(F)c4)c23)CC1,7.494850021680094
CHEMBL1645467,IC50,nM,40.0,IC50,uM,0.04,NC1CCN(Cc2ccn3ncnc(Nc4ccccc4)c23)CC1,7.3979400086720375
CHEMBL1645471,IC50,nM,50.0,IC50,uM,0.05,Cc1ccc(Nc2ncnn3ccc(CN4CCC(N)CC4)c23)cc1,7.301029995663981
CHEMBL1645475,IC50,nM,130.0,IC50,uM,0.13,NC1CCN(Cc2ccn3ncnc(Nc4cc(Cl)cc(Cl)c4)c23)CC1,6.886056647693163
CHEMBL1645477,IC50,nM,210.0,IC50,uM,0.21,COc1ccc(Nc2ncnn3ccc(CN4CCC(N)CC4)c23)cc1Cl,6.6777807052660805
CHEMBL1645469,IC50,nM,660.0,IC50,uM,0.66,Cc1ccccc1Nc1ncnn2ccc(CN3CCC(N)CC3)c12,6.180456064458132
CHEMBL1645465,IC50,nM,670.0,IC50,uM,0.67,C#Cc1cccc(Nc2ncnn3ccc(COC[C@@H]4CNCCO4)c23)c1,6.173925197299173
CHEMBL1645464,IC50,nM,950.0,IC50,uM,0.95,Cn1ncc2cc(Nc3ncnn4ccc(CN5CCC(N)CC5)c34)ccc21,6.022276394711152
CHEMBL1683949,IC50,nM,1100.0,IC50,uM,1.1,Cc1cc(Nc2ccc(OCc3cccc(F)c3)c(Cl)c2)ncn1,5.958607314841775
CHEMBL1683950,IC50,nM,1200.0,IC50,uM,1.2,Fc1cccc(COc2ccc(Nc3cc(-c4ccccc4)ncn3)cc2Cl)c1,5.920818753952375
CHEMBL1683951,IC50,nM,47000.0,IC50,uM,47.0,Fc1cccc(COc2ccc(Nc3cc(-c4cccnc4)ncn3)cc2Cl)c1,4.327902142064283
CHEMBL1683952,IC50,nM,22000.0,IC50,uM,22.0,Fc1cccc(COc2ccc(Nc3cc(-c4ccsc4)ncn3)cc2Cl)c1,4.657577319177793
CHEMBL1683954,IC50,nM,10000.0,IC50,uM,10.0,Fc1cccc(COc2ccc(Nc3cc(Oc4ccccc4)ncn3)cc2Cl)c1,5.0
CHEMBL1683955,IC50,nM,17.0,IC50,uM,0.017,Cc1ncnc(Nc2ccc(OCc3cccc(F)c3)c(Cl)c2)c1C,7.769551078621726
CHEMBL1683956,IC50,nM,640.0,IC50,uM,0.64,CCc1ncnc(Nc2ccc(OCc3cccc(F)c3)c(Cl)c2)c1C,6.1938200260161125
CHEMBL1683957,IC50,nM,20000.0,IC50,uM,20.0,Cc1c(Nc2ccc(OCc3cccc(F)c3)c(Cl)c2)ncnc1-c1ccccc1,4.698970004336019
CHEMBL1683958,IC50,nM,68.0,IC50,uM,0.068,Cc1ncnc(Nc2ccc(OCc3cccc(F)c3)c(Cl)c2)c1/C=N/OCCN1CCOCC1,7.167491087293763
CHEMBL1683959,IC50,nM,65.0,IC50,uM,0.065,Cc1ncnc(Nc2ccc(OCc3cccc(F)c3)c(Cl)c2)c1/C=N/OCCCN1CCOCC1,7.187086643357144
CHEMBL1683960,IC50,nM,590.0,IC50,uM,0.59,Cc1ncnc(Nc2ccc(OCc3cccc(F)c3)c(Cl)c2)c1-c1cccc(CN2CCOCC2)c1,6.229147988357855
CHEMBL1683961,IC50,nM,34.0,IC50,uM,0.034,Cc1ncnc(Nc2ccc(OCc3cccc(F)c3)c(Cl)c2)c1C#CCCCN1CCOCC1,7.468521082957745
CHEMBL1683962,IC50,nM,240.0,IC50,uM,0.24,Cc1ncnc(Nc2ccc(OCc3cccc(F)c3)c(Cl)c2)c1C#Cc1ccc(CN2CCOCC2)cc1,6.619788758288394
CHEMBL1683963,IC50,nM,28.0,IC50,uM,0.028,C/C(=C\c1c(C)ncnc1Nc1ccc(OCc2cccc(F)c2)c(Cl)c1)C(=O)NCCN1CCOCC1,7.552841968657781
CHEMBL1683964,IC50,nM,120.0,IC50,uM,0.12,Cc1ncnc(Nc2ccc(OCc3cccc(F)c3)c(Cl)c2)c1/C=C/c1ccc(CN2CCOCC2)cc1,6.920818753952375
CHEMBL1683965,IC50,nM,18.0,IC50,uM,0.018,Cc1ncnc(Nc2ccc(OCc3cccc(F)c3)c(Cl)c2)c1/C=C(\F)C(=O)NCCN1CCOCC1,7.7447274948966935
CHEMBL1683966,IC50,nM,114.0,IC50,uM,0.114,Cc1ncnc(Nc2ccc(OCc3cccc(F)c3)c(Cl)c2)c1/C=C/C(=O)NCCN1CCOCC1,6.943095148663527
CHEMBL1683967,IC50,nM,3.0,IC50,uM,0.003,Cc1ncnc(Nc2ccc(OCc3cccc(F)c3)c(Cl)c2)c1/C=C(\F)C(=O)NCCN1CCCC1,8.522878745280337
CHEMBL1683968,IC50,nM,19.0,IC50,uM,0.019,Cc1ncnc(Nc2ccc(OCc3cccc(F)c3)c(Cl)c2)c1/C=C(\F)C(=O)NCCS(C)(=O)=O,7.721246399047171
CHEMBL1683969,IC50,nM,156.0,IC50,uM,0.156,CCN1CCN(C(=O)/C(F)=C/c2c(C)ncnc2Nc2ccc(OCc3cccc(F)c3)c(Cl)c2)CC1,6.806875401645538
CHEMBL1683970,IC50,nM,13.0,IC50,uM,0.013,Cc1ncnc(Nc2ccc(OCc3cccc(F)c3)c(Cl)c2)c1C#CCCN1CCOCC1,7.886056647693163
CHEMBL1683971,IC50,nM,4130.0,IC50,uM,4.13,Cc1ncnc(Nc2ccc(OCc3cccc(F)c3)c(Cl)c2)c1C#CCN1CCOCC1,5.384049948343599
CHEMBL1683972,IC50,nM,38.0,IC50,uM,0.038,Cc1ncnc(Nc2ccc(OCc3cccc(F)c3)c(Cl)c2)c1C#C/C=N/OCCN1CCOCC1,7.42021640338319
CHEMBL1683973,IC50,nM,11.0,IC50,uM,0.011,Cc1ncnc(Nc2ccc(OCc3cccc(F)c3)c(Cl)c2)c1C#CCCCN1CCCC1,7.958607314841775
CHEMBL1683974,IC50,nM,9.0,IC50,uM,0.009,CCN1CCN(CCCC#Cc2c(C)ncnc2Nc2ccc(OCc3cccc(F)c3)c(Cl)c2)CC1,8.045757490560675
CHEMBL1683975,IC50,nM,270.0,IC50,uM,0.27,Cc1ncnc(Nc2ccc(OCc3cccc(F)c3)c(Cl)c2)c1C#CCCNCc1ccccc1,6.568636235841013
CHEMBL1684800,IC50,nM,101.4,IC50,nM,101.4,COc1ccc(Cn2ncc(NC(=O)c3cc(NC(=O)Nc4ccc(Cl)c(C(F)(F)F)c4)ccc3C)c2N)cc1,6.993962045002683
CHEMBL1448,IC50,nM,10500.0,IC50,uM,10.5,O=C(Nc1ccc([N+](=O)[O-])cc1Cl)c1cc(Cl)ccc1O,4.978810700930062
CHEMBL1688860,IC50,nM,4900.0,IC50,nM,4900.0,CN(C)Cc1cc(C(=O)N[C@@H]2CCc3ccc(Oc4ccnc5c4CCC(=O)N5)cc3C2)cc(C(F)(F)F)c1,5.309803919971486
CHEMBL1688861,IC50,nM,190.0,IC50,nM,190.0,CC(C)(N)c1cc(C(=O)N[C@@H]2CCc3ccc(Oc4ccnc5c4CCC(=O)N5)cc3C2)cc(C(F)(F)F)c1,6.721246399047171
CHEMBL98798,IC50,nM,7600.0,IC50,uM,7.6,COc1cc2ncnc(Oc3cccc(Br)c3)c2cc1OC,5.119186407719209
CHEMBL1277620,IC50,nM,5700.0,IC50,uM,5.7,COc1cc2ncnc(Nc3ccc(Br)cc3F)c2cc1OC,5.2441251443275085
CHEMBL1278149,IC50,nM,5900.0,IC50,uM,5.9,COc1cc2ncnc(Oc3ccc(Br)c(F)c3)c2cc1OC,5.229147988357856
CHEMBL1761929,IC50,nM,6900.0,IC50,uM,6.9,COC(=O)Nc1ccc(Nc2ncnc3cc(OC)c(OC)cc23)cc1,5.161150909262744
CHEMBL1762110,IC50,nM,3580.0,IC50,uM,3.58,CC(=O)NC[C@H]1CC[C@H](c2nc(-c3cc4ccccc4[nH]3)c3c(N)nccn32)CC1,5.446116973356125
CHEMBL1760035,IC50,nM,853.0,IC50,uM,0.853,COc1cc(Nc2nccc(Nc3cnc4ccccc4c3)n2)cc(OC)c1OC,6.069050968832477
CHEMBL1760057,IC50,nM,2290.0,IC50,uM,2.29,c1ccc2ncc(Nc3ccnc(Nc4ccc(OCCCN5CCCCC5)cc4)n3)cc2c1,5.640164517660112
CHEMBL1784637,IC50,nM,736.0,IC50,nM,736.0,CNC(=O)c1ncc(C#Cc2cc(C(=O)Nc3ccc(CN4CCN(CCO)CC4)c(C(F)(F)F)c3)ccc2C)n1C,6.133122185662502
CHEMBL1270795,IC50,nM,5048.0,IC50,nM,5048.0,CSc1cn2c(-c3cn[nH]c3)cnc2c(Nc2cc(C)ns2)n1,5.296880653763922
CHEMBL1812374,IC50,nM,1929.0,IC50,uM,1.929,Cc1ccc(-c2nc3cc(NC(=O)CCl)ccc3[nH]2)cc1,5.7146677723561154
CHEMBL1812491,IC50,nM,12070.0,IC50,uM,12.07,Cn1cccc1-c1nc2cc(NC(=O)CCl)ccc2[nH]1,4.91829272990265
CHEMBL1812431,IC50,nM,1210.0,IC50,uM,1.21,O=C(/C=C/c1ccc(Cl)cc1)Nc1ccc2ncnc(Nc3cccc(Br)c3)c2c1,5.91721462968355
CHEMBL1812434,IC50,nM,4280.0,IC50,uM,4.28,O=C(/C=C/c1ccccc1Br)Nc1ccc2ncnc(Nc3cccc(Br)c3)c2c1,5.368556230986828
CHEMBL1812435,IC50,nM,7220.0,IC50,uM,7.22,COc1ccc(/C=C/C(=O)Nc2ccc3ncnc(Nc4cccc(Br)c4)c3c2)cc1,5.141462802430361
CHEMBL1812555,IC50,nM,7710.0,IC50,uM,7.71,COc1ccccc1/C=C/C(=O)Nc1ccc2ncnc(Nc3cccc(Br)c3)c2c1,5.112945621949043
CHEMBL1812556,IC50,nM,6020.0,IC50,uM,6.02,COc1cccc(/C=C/C(=O)Nc2ccc3ncnc(Nc4cccc(Br)c4)c3c2)c1,5.220403508742176
CHEMBL1812559,IC50,nM,5160.0,IC50,uM,5.16,O=C(/C=C/c1ccc([N+](=O)[O-])cc1)Nc1ccc2ncnc(Nc3cccc(Br)c3)c2c1,5.287350298372789
CHEMBL1812560,IC50,nM,1020.0,IC50,uM,1.02,O=C(/C=C/c1ccccc1[N+](=O)[O-])Nc1ccc2ncnc(Nc3cccc(Br)c3)c2c1,5.991399828238082
CHEMBL1812561,IC50,nM,3610.0,IC50,uM,3.61,O=C(/C=C/c1ccccc1)Nc1ccc2ncnc(Nc3cccc(Cl)c3)c2c1,5.442492798094342
CHEMBL1812564,IC50,nM,3490.0,IC50,uM,3.49,O=C(/C=C/c1ccc(Br)cc1)Nc1ccc2ncnc(Nc3cccc(Cl)c3)c2c1,5.45717457304082
CHEMBL1812566,IC50,nM,6630.0,IC50,uM,6.63,COc1cccc(/C=C/C(=O)Nc2ccc3ncnc(Nc4cccc(Cl)c4)c3c2)c1,5.178486471595227
CHEMBL1812569,IC50,nM,2810.0,IC50,uM,2.81,O=C(/C=C/c1cccc2ccccc12)Nc1ccc2ncnc(Nc3cccc(Cl)c3)c2c1,5.55129368009492
CHEMBL1812571,IC50,nM,940.0,IC50,uM,0.94,O=C(/C=C/c1ccccc1[N+](=O)[O-])Nc1ccc2ncnc(Nc3cccc(Cl)c3)c2c1,6.026872146400302
CHEMBL1812570,IC50,nM,3450.0,IC50,uM,3.45,O=C(/C=C/c1ccc([N+](=O)[O-])cc1)Nc1ccc2ncnc(Nc3cccc(Cl)c3)c2c1,5.462180904926726
CHEMBL1812572,IC50,nM,120.0,IC50,uM,0.12,O=C(/C=C/c1cccc([N+](=O)[O-])c1)Nc1ccc2ncnc(Nc3cccc(Br)c3)c2c1,6.920818753952375
CHEMBL1812573,IC50,nM,190.0,IC50,uM,0.19,O=C(/C=C/c1cccc([N+](=O)[O-])c1)Nc1ccc2ncnc(Nc3cccc(Cl)c3)c2c1,6.721246399047171
CHEMBL1817964,IC50,nM,160.0,IC50,uM,0.16,C/C=C(\C)C(O[C@@H]1O[C@H](CO)[C@@H](O)[C@H](O)[C@H]1O)C(C)/C=C(C)/C=C/CC(C)/C=C/c1oc(OC)c(C)c(=O)c1C,6.795880017344075
CHEMBL1817965,IC50,nM,470.0,IC50,uM,0.47,C/C=C(\C)[C@H](O)[C@H](C)/C=C(C)/C=C/CC(C)/C=C/c1oc(OC)c(C)c(=O)c1C,6.327902142064283
CHEMBL1821862,IC50,nM,1730.0,IC50,uM,1.73,Cc1ccc(C2=NN(c3nc(-c4ccccc4)cs3)C(c3ccc(F)cc3)C2)cc1C,5.761953896871205
CHEMBL1821863,IC50,nM,2360.0,IC50,uM,2.36,Cc1ccc(C2=NN(c3nc(-c4ccccc4)cs3)C(c3ccc(Cl)cc3)C2)cc1C,5.627087997029894
CHEMBL1821864,IC50,nM,1840.0,IC50,uM,1.84,Cc1ccc(C2=NN(c3nc(-c4ccccc4)cs3)C(c3ccc(Br)cc3)C2)cc1C,5.735182176990463
CHEMBL1821865,IC50,nM,2670.0,IC50,uM,2.67,Cc1ccc(C2CC(c3ccc(C)c(C)c3)=NN2c2nc(-c3ccccc3)cs2)cc1,5.573488738635425
CHEMBL1821866,IC50,nM,3080.0,IC50,uM,3.08,COc1ccc(C2CC(c3ccc(C)c(C)c3)=NN2c2nc(-c3ccccc3)cs2)cc1,5.511449283499556
CHEMBL1821867,IC50,nM,1920.0,IC50,uM,1.92,Cc1ccc(C2=NN(c3nc(-c4ccccc4)cs3)C(c3ccc(O)cc3)C2)cc1C,5.716698771296451
CHEMBL1821868,IC50,nM,3850.0,IC50,uM,3.85,Cc1ccc(C2=NN(c3nc(-c4ccccc4)cs3)C(c3ccc([N+](=O)[O-])cc3)C2)cc1C,5.414539270491499
CHEMBL1821869,IC50,nM,60.0,IC50,uM,0.06,Cc1ccc(C2=NN(c3nc(-c4ccc(Cl)cc4)cs3)C(c3ccc(F)cc3)C2)cc1C,7.221848749616356
CHEMBL1821870,IC50,nM,190.0,IC50,uM,0.19,Cc1ccc(C2=NN(c3nc(-c4ccc(Cl)cc4)cs3)C(c3ccc(Cl)cc3)C2)cc1C,6.721246399047171
CHEMBL1821871,IC50,nM,370.0,IC50,uM,0.37,Cc1ccc(C2=NN(c3nc(-c4ccc(Cl)cc4)cs3)C(c3ccc(Br)cc3)C2)cc1C,6.431798275933005
CHEMBL1821872,IC50,nM,1040.0,IC50,uM,1.04,Cc1ccc(C2CC(c3ccc(C)c(C)c3)=NN2c2nc(-c3ccc(Cl)cc3)cs2)cc1,5.982966660701219
CHEMBL1821873,IC50,nM,820.0,IC50,uM,0.82,COc1ccc(C2CC(c3ccc(C)c(C)c3)=NN2c2nc(-c3ccc(Cl)cc3)cs2)cc1,6.086186147616283
CHEMBL1821874,IC50,nM,970.0,IC50,uM,0.97,Cc1ccc(C2=NN(c3nc(-c4ccc(Cl)cc4)cs3)C(c3ccc(O)cc3)C2)cc1C,6.013228265733755
CHEMBL1821875,IC50,nM,630.0,IC50,uM,0.63,Cc1ccc(C2=NN(c3nc(-c4ccc(Cl)cc4)cs3)C(c3ccc([N+](=O)[O-])cc3)C2)cc1C,6.200659450546418
CHEMBL1821876,IC50,nM,11240.0,IC50,uM,11.24,Fc1ccc(C2CC(c3ccc(Br)cc3)=NN2c2nc(-c3ccccc3)cs2)cc1,4.949233688766958
CHEMBL1821877,IC50,nM,9370.0,IC50,uM,9.37,Clc1ccc(C2CC(c3ccc(Br)cc3)=NN2c2nc(-c3ccccc3)cs2)cc1,5.028260409112222
CHEMBL1821878,IC50,nM,8950.0,IC50,uM,8.95,Brc1ccc(C2=NN(c3nc(-c4ccccc4)cs3)C(c3ccc(Br)cc3)C2)cc1,5.048176964684088
CHEMBL1821879,IC50,nM,19640.0,IC50,uM,19.64,Cc1ccc(C2CC(c3ccc(Br)cc3)=NN2c2nc(-c3ccccc3)cs2)cc1,4.706858516549069
CHEMBL1821880,IC50,nM,10170.0,IC50,uM,10.17,COc1ccc(C2CC(c3ccc(Br)cc3)=NN2c2nc(-c3ccccc3)cs2)cc1,4.992679047077256
CHEMBL1821881,IC50,nM,22360.0,IC50,uM,22.36,Oc1ccc(C2CC(c3ccc(Br)cc3)=NN2c2nc(-c3ccccc3)cs2)cc1,4.650528200785614
CHEMBL1821882,IC50,nM,15720.0,IC50,uM,15.72,O=[N+]([O-])c1ccc(C2CC(c3ccc(Br)cc3)=NN2c2nc(-c3ccccc3)cs2)cc1,4.8035474582966105
CHEMBL1821883,IC50,nM,24160.0,IC50,uM,24.16,Fc1ccc(C2CC(c3ccc(Br)cc3)=NN2c2nc(-c3ccc(Cl)cc3)cs2)cc1,4.616903070050906
CHEMBL1821884,IC50,nM,17840.0,IC50,uM,17.84,Clc1ccc(-c2csc(N3N=C(c4ccc(Br)cc4)CC3c3ccc(Cl)cc3)n2)cc1,4.748605149959896
CHEMBL1821885,IC50,nM,25740.0,IC50,uM,25.74,Clc1ccc(-c2csc(N3N=C(c4ccc(Br)cc4)CC3c3ccc(Br)cc3)n2)cc1,4.589391457431632
CHEMBL1821886,IC50,nM,28170.0,IC50,uM,28.17,Cc1ccc(C2CC(c3ccc(Br)cc3)=NN2c2nc(-c3ccc(Cl)cc3)cs2)cc1,4.5502131530142265
CHEMBL1821887,IC50,nM,19830.0,IC50,uM,19.83,COc1ccc(C2CC(c3ccc(Br)cc3)=NN2c2nc(-c3ccc(Cl)cc3)cs2)cc1,4.702677285794698
CHEMBL1821888,IC50,nM,21520.0,IC50,uM,21.52,Oc1ccc(C2CC(c3ccc(Br)cc3)=NN2c2nc(-c3ccc(Cl)cc3)cs2)cc1,4.667157733005649
CHEMBL1821889,IC50,nM,24370.0,IC50,uM,24.37,O=[N+]([O-])c1ccc(C2CC(c3ccc(Br)cc3)=NN2c2nc(-c3ccc(Cl)cc3)cs2)cc1,4.613144470815276
CHEMBL1821890,IC50,nM,5710.0,IC50,uM,5.71,COc1ccc(C2=NN(c3nc(-c4ccccc4)cs3)C(c3ccc(F)cc3)C2)cc1,5.243363891754152
CHEMBL1821891,IC50,nM,4940.0,IC50,uM,4.94,COc1ccc(C2=NN(c3nc(-c4ccccc4)cs3)C(c3ccc(Cl)cc3)C2)cc1,5.306273051076353
CHEMBL1821892,IC50,nM,5560.0,IC50,uM,5.56,COc1ccc(C2=NN(c3nc(-c4ccccc4)cs3)C(c3ccc(Br)cc3)C2)cc1,5.2549252084179425
CHEMBL1821893,IC50,nM,7480.0,IC50,uM,7.48,COc1ccc(C2=NN(c3nc(-c4ccccc4)cs3)C(c3ccc(C)cc3)C2)cc1,5.126098402135539
CHEMBL1821894,IC50,nM,6920.0,IC50,uM,6.92,COc1ccc(C2=NN(c3nc(-c4ccccc4)cs3)C(c3ccc(OC)cc3)C2)cc1,5.1598939055432425
CHEMBL1821895,IC50,nM,5350.0,IC50,uM,5.35,COc1ccc(C2=NN(c3nc(-c4ccccc4)cs3)C(c3ccc(O)cc3)C2)cc1,5.2716462179787715
CHEMBL1821896,IC50,nM,8630.0,IC50,uM,8.63,COc1ccc(C2=NN(c3nc(-c4ccccc4)cs3)C(c3ccc([N+](=O)[O-])cc3)C2)cc1,5.06398920428479
CHEMBL1821897,IC50,nM,5070.0,IC50,uM,5.07,COc1ccc(C2=NN(c3nc(-c4ccc(Cl)cc4)cs3)C(c3ccc(F)cc3)C2)cc1,5.294992040666664
CHEMBL1822061,IC50,nM,7780.0,IC50,uM,7.78,COc1ccc(C2=NN(c3nc(-c4ccc(Cl)cc4)cs3)C(c3ccc(Cl)cc3)C2)cc1,5.1090204030103115
CHEMBL1822062,IC50,nM,6310.0,IC50,uM,6.31,COc1ccc(C2=NN(c3nc(-c4ccc(Cl)cc4)cs3)C(c3ccc(Br)cc3)C2)cc1,5.199970640755866
CHEMBL1822063,IC50,nM,4680.0,IC50,uM,4.68,COc1ccc(C2=NN(c3nc(-c4ccc(Cl)cc4)cs3)C(c3ccc(C)cc3)C2)cc1,5.329754146925876
CHEMBL1822064,IC50,nM,6270.0,IC50,uM,6.27,COc1ccc(C2=NN(c3nc(-c4ccc(Cl)cc4)cs3)C(c3ccc(OC)cc3)C2)cc1,5.202732459169283
CHEMBL1822065,IC50,nM,7660.0,IC50,uM,7.66,COc1ccc(C2=NN(c3nc(-c4ccc(Cl)cc4)cs3)C(c3ccc(O)cc3)C2)cc1,5.115771230367396
CHEMBL1822066,IC50,nM,8430.0,IC50,uM,8.43,COc1ccc(C2=NN(c3nc(-c4ccc(Cl)cc4)cs3)C(c3ccc([N+](=O)[O-])cc3)C2)cc1,5.074172425375258
CHEMBL1830257,IC50,nM,22360.0,IC50,uM,22.36,NC(=S)N/N=C(/C=C/c1ccccc1F)c1ccccc1,4.650528200785614
CHEMBL1830258,IC50,nM,23270.0,IC50,uM,23.27,NC(=S)N/N=C(/C=C/c1ccccc1Cl)c1ccccc1,4.63320361671327
CHEMBL1830259,IC50,nM,26000.0,IC50,uM,26.0,NC(=S)N/N=C(/C=C/c1ccccc1Br)c1ccccc1,4.585026652029182
CHEMBL1830260,IC50,nM,33000.0,IC50,uM,33.0,COc1ccccc1/C=C/C(=N/NC(N)=S)c1ccccc1,4.481486060122113
CHEMBL1830261,IC50,nM,2080.0,IC50,uM,2.08,NC(=S)N/N=C(/C=C/c1cccc(F)c1)c1ccccc1,5.681936665037238
CHEMBL1830262,IC50,nM,10950.0,IC50,uM,10.95,COc1cccc(/C=C/C(=N/NC(N)=S)c2ccccc2)c1,4.960585880823863
CHEMBL1830263,IC50,nM,3740.0,IC50,uM,3.74,NC(=S)N/N=C(/C=C/c1cccc([N+](=O)[O-])c1)c1ccccc1,5.42712839779952
CHEMBL1830264,IC50,nM,19120.0,IC50,uM,19.12,NC(=S)N/N=C(/C=C/c1ccc(F)cc1)c1ccccc1,4.718512112059919
CHEMBL1830265,IC50,nM,20480.0,IC50,uM,20.48,NC(=S)N/N=C(/C=C/c1ccc(Cl)cc1)c1ccccc1,4.688670047696207
CHEMBL1830266,IC50,nM,26560.0,IC50,uM,26.56,NC(=S)N/N=C(/C=C/c1ccc(Br)cc1)c1ccccc1,4.57577192930402
CHEMBL1830267,IC50,nM,17390.0,IC50,uM,17.39,Cc1ccc(/C=C/C(=N/NC(N)=S)c2ccccc2)cc1,4.759700417997288
CHEMBL1830268,IC50,nM,14830.0,IC50,uM,14.83,COc1ccc(/C=C/C(=N/NC(N)=S)c2ccccc2)cc1,4.828858848971618
CHEMBL1830269,IC50,nM,1570.0,IC50,uM,1.57,NC(=S)N/N=C(/C=C/c1ccc([N+](=O)[O-])cc1)c1ccccc1,5.804100347590766
CHEMBL1830270,IC50,nM,5110.0,IC50,uM,5.11,NC(=S)N/N=C(/C=C/c1ccc(-c2ccccc2)cc1)c1ccccc1,5.291579099865287
CHEMBL1830271,IC50,nM,700.0,IC50,uM,0.7,NC(=S)N/N=C(/C=C/c1ccc(OCc2ccccc2)cc1)c1ccccc1,6.154901959985743
CHEMBL1830272,IC50,nM,2380.0,IC50,uM,2.38,NC(=S)N/N=C(/C=C/c1ccccc1)c1ccccc1,5.623423042943488
CHEMBL1830273,IC50,nM,12240.0,IC50,uM,12.24,NC(=S)N/N=C(/C=C/c1ccccc1)c1ccc(Br)cc1,4.912218582190458
CHEMBL1830274,IC50,nM,350.0,IC50,uM,0.35,Cc1ccc(C(/C=C/c2ccccc2)=N\NC(N)=S)cc1,6.455931955649724
CHEMBL1830275,IC50,nM,8660.0,IC50,uM,8.66,COc1ccc(C(/C=C/c2ccccc2)=N\NC(N)=S)cc1,5.062482107982653
CHEMBL1830276,IC50,nM,590.0,IC50,uM,0.59,NC(=S)N/N=C(/C=C/c1ccccc1)c1ccc(Cl)cc1,6.229147988357855
CHEMBL1830277,IC50,nM,9780.0,IC50,uM,9.78,NC(=S)N/N=C(/C=C/c1ccccc1)c1ccc(Cl)c(Cl)c1,5.009661145212399
CHEMBL1830278,IC50,nM,2170.0,IC50,uM,2.17,NC(=S)N/N=C(/C=C/c1ccc(F)cc1)c1ccc(Br)cc1,5.663540266151471
CHEMBL1830279,IC50,nM,7830.0,IC50,uM,7.83,COc1ccc(C(/C=C/c2ccccc2Cl)=N\NC(N)=S)cc1,5.106238237942057
CHEMBL1830280,IC50,nM,410.0,IC50,uM,0.41,NC(=S)N/N=C(/C=C/c1cccc2ccccc12)c1ccccc1,6.3872161432802645
CHEMBL1828860,IC50,nM,2940.0,IC50,uM,2.94,Cc1ncc([N+](=O)[O-])n1CC(=O)NS(=O)(=O)c1ccccc1,5.531652669587842
CHEMBL1828861,IC50,nM,3430.0,IC50,uM,3.43,Cc1ccc(S(=O)(=O)NC(=O)Cn2c([N+](=O)[O-])cnc2C)cc1,5.464705879957229
CHEMBL1828862,IC50,nM,390.0,IC50,uM,0.39,Cc1ncc([N+](=O)[O-])n1CC(=O)NS(=O)(=O)c1ccc(F)cc1,6.4089353929735005
CHEMBL1828863,IC50,nM,1510.0,IC50,uM,1.51,Cc1ncc([N+](=O)[O-])n1CC(=O)NS(=O)(=O)c1ccc(Cl)cc1,5.82102305270683
CHEMBL1828864,IC50,nM,2170.0,IC50,uM,2.17,Cc1ncc([N+](=O)[O-])n1CC(=O)NS(=O)(=O)c1ccc(Br)cc1,5.663540266151471
CHEMBL1828865,IC50,nM,6740.0,IC50,uM,6.74,O=C(Cc1ccc(F)cc1)NS(=O)(=O)c1ccccc1,5.17134010346468
CHEMBL1828866,IC50,nM,8280.0,IC50,uM,8.28,Cc1ccc(S(=O)(=O)NC(=O)Cc2ccc(F)cc2)cc1,5.08196966321512
CHEMBL1828867,IC50,nM,5170.0,IC50,uM,5.17,O=C(Cc1ccc(F)cc1)NS(=O)(=O)c1ccc(F)cc1,5.286509456906058
CHEMBL1828868,IC50,nM,5930.0,IC50,uM,5.93,O=C(Cc1ccc(F)cc1)NS(=O)(=O)c1ccc(Cl)cc1,5.226945306635737
CHEMBL1828869,IC50,nM,6410.0,IC50,uM,6.41,O=C(Cc1ccc(F)cc1)NS(=O)(=O)c1ccc(Br)cc1,5.193141970481182
CHEMBL1828870,IC50,nM,11910.0,IC50,uM,11.91,O=C(Cc1ccc(Cl)cc1)NS(=O)(=O)c1ccccc1,4.924088238517222
CHEMBL1828871,IC50,nM,13730.0,IC50,uM,13.73,Cc1ccc(S(=O)(=O)NC(=O)Cc2ccc(Cl)cc2)cc1,4.8623294627632445
CHEMBL1828872,IC50,nM,9590.0,IC50,uM,9.59,O=C(Cc1ccc(Cl)cc1)NS(=O)(=O)c1ccc(F)cc1,5.018181392829336
CHEMBL1828873,IC50,nM,10340.0,IC50,uM,10.34,O=C(Cc1ccc(Cl)cc1)NS(=O)(=O)c1ccc(Cl)cc1,4.985479461242076
CHEMBL1828874,IC50,nM,11290.0,IC50,uM,11.29,O=C(Cc1ccc(Cl)cc1)NS(=O)(=O)c1ccc(Br)cc1,4.947306058075032
CHEMBL1828875,IC50,nM,17810.0,IC50,uM,17.81,O=C(Cc1ccc(Br)cc1)NS(=O)(=O)c1ccccc1,4.749336080536756
CHEMBL1828876,IC50,nM,18350.0,IC50,uM,18.35,Cc1ccc(S(=O)(=O)NC(=O)Cc2ccc(Br)cc2)cc1,4.7363639314118915
CHEMBL1828877,IC50,nM,14530.0,IC50,uM,14.53,O=C(Cc1ccc(Br)cc1)NS(=O)(=O)c1ccc(F)cc1,4.837734385701978
CHEMBL1828878,IC50,nM,15920.0,IC50,uM,15.92,O=C(Cc1ccc(Br)cc1)NS(=O)(=O)c1ccc(Cl)cc1,4.79805693659835
CHEMBL1828879,IC50,nM,17260.0,IC50,uM,17.26,O=C(Cc1ccc(Br)cc1)NS(=O)(=O)c1ccc(Br)cc1,4.762959208620809
CHEMBL1828880,IC50,nM,26200.0,IC50,uM,26.2,COc1ccc(CC(=O)NS(=O)(=O)c2ccccc2)cc1,4.581698708680254
CHEMBL1828881,IC50,nM,38520.0,IC50,uM,38.52,COc1ccc(CC(=O)NS(=O)(=O)c2ccc(C)cc2)cc1,4.4143137215475035
CHEMBL1828882,IC50,nM,21840.0,IC50,uM,21.84,COc1ccc(CC(=O)NS(=O)(=O)c2ccc(F)cc2)cc1,4.660747365967301
CHEMBL1828883,IC50,nM,32850.0,IC50,uM,32.85,COc1ccc(CC(=O)NS(=O)(=O)c2ccc(Cl)cc2)cc1,4.4834646261042
CHEMBL1828884,IC50,nM,24150.0,IC50,uM,24.15,COc1ccc(CC(=O)NS(=O)(=O)c2ccc(Br)cc2)cc1,4.617082864912469
CHEMBL1829271,IC50,nM,24680.0,IC50,uM,24.68,O=C(Cc1cccc(Br)c1)NS(=O)(=O)c1ccccc1,4.6076548446387955
CHEMBL1829272,IC50,nM,26170.0,IC50,uM,26.17,Cc1ccc(S(=O)(=O)NC(=O)Cc2cccc(Br)c2)cc1,4.582196277360119
CHEMBL1829273,IC50,nM,18720.0,IC50,uM,18.72,O=C(Cc1cccc(Br)c1)NS(=O)(=O)c1ccc(F)cc1,4.727694155597914
CHEMBL1829274,IC50,nM,21280.0,IC50,uM,21.28,O=C(Cc1cccc(Br)c1)NS(=O)(=O)c1ccc(Cl)cc1,4.672028376376989
CHEMBL1829275,IC50,nM,24330.0,IC50,uM,24.33,O=C(Cc1cccc(Br)c1)NS(=O)(=O)c1ccc(Br)cc1,4.613857891069181
CHEMBL1200558,IC50,nM,5377.0,IC50,uM,5.377,CC[C@H](C)[C@H](N)C1=N[C@H](C(=O)N[C@@H](CC(C)C)C(=O)N[C@H](CCC(=O)O)C(=O)N[C@H](C(=O)N[C@H]2CCCCNC(=O)[C@H](CC(N)=O)NC(=O)[C@@H](CC(=O)O)NC(=O)[C@H](Cc3cnc[nH]3)NC(=O)[C@@H](Cc3ccccc3)NC(=O)[C@H]([C@@H](C)CC)NC(=O)[C@@H](CCCN)NC2=O)[C@@H](C)CC)CS1,5.2694599635228805
CHEMBL319244,IC50,nM,1005.0,IC50,uM,1.005,O=C(/C=C/c1ccc(O)c(O)c1)OCCc1ccccc1,5.997833938243493
CHEMBL1016,IC50,nM,3276.9,IC50,uM,3.2769,CCOc1nc2cccc(C(=O)O)c2n1Cc1ccc(-c2ccccc2-c2nnn[nH]2)cc1,5.4845368116267315
CHEMBL290106,IC50,nM,614.0,IC50,uM,0.614,Oc1c(Cl)cc(Cl)cc1Sc1cc(Cl)cc(Cl)c1O,6.211831628858833
CHEMBL296419,IC50,nM,6057.0,IC50,uM,6.057,COc1ccc(CCN2CCC(Nc3nc4ccccc4n3Cc3ccc(F)cc3)CC2)cc1,5.217742426336698
CHEMBL195437,IC50,nM,16219.0,IC50,uM,16.219,CCCCCCCCc1ccc(O)cc1,4.789975926195767
CHEMBL305660,IC50,nM,559.1,IC50,uM,0.5591,CC(C)(C)c1ccc(C(=O)CCCN2CCC(OC(c3ccccc3)c3ccccc3)CC2)cc1,6.252510507741327
CHEMBL808,IC50,nM,32404.0,IC50,uM,32.404,Clc1ccc(COC(Cn2ccnc2)c2ccc(Cl)cc2Cl)cc1,4.489401376500078
CHEMBL64894,IC50,nM,473.0,IC50,uM,0.473,CN(C)c1ccc(C(=C2C=CC(=[N+](C)C)C=C2)c2ccc(N(C)C)cc2)cc1.[Cl-],6.325138859262188
CHEMBL496,IC50,nM,748.6,IC50,uM,0.7486,Oc1c(Cl)cc(Cl)c(Cl)c1Cc1c(O)c(Cl)cc(Cl)c1Cl,6.1257501772215965
CHEMBL726,IC50,nM,40107.0,IC50,uM,40.107,OCCN1CCN(CCCN2c3ccccc3Sc3ccc(C(F)(F)F)cc32)CC1,4.396779821991733
CHEMBL434063,IC50,nM,10896.0,IC50,uM,10.896,CN(CCOc1ccc(C[C@H](Nc2ccccc2C(=O)c2ccccc2)C(=O)O)cc1)c1ccccn1,4.96273290543129
CHEMBL334255,IC50,nM,3472.0,IC50,uM,3.472,CCCCCCCCCCCCCCCC[n+]1ccccc1.[Br-],5.459420283495546
CHEMBL280998,IC50,nM,26043.0,IC50,uM,26.043,Oc1ccccc1O,4.584308989059276
CHEMBL7002,IC50,nM,4655.0,IC50,uM,4.655,CC1(COc2ccc(CC3SC(=O)NC3=O)cc2)CCCCC1,5.3320803146826385
CHEMBL2221249,IC50,nM,1500.0,IC50,uM,1.5,CC(C)CCCCC(=O)N[C@@H](CCN)C(=O)N[C@@H](CN[C@@H](CCN)C(=O)N[C@H]1CCNC(=O)[C@H]([C@@H](C)O)NC(=O)[C@H](CCN)NC(=O)[C@H](CCN)NC(=O)[C@H](CC(C)C)NC(=O)[C@@H](CC(C)C)NC(=O)[C@H](CCN)NC1=O)[C@@H](C)O.CCC(C)CCCCC(=O)N[C@@H](CCN)C(=O)N[C@@H](CN[C@@H](CCN)C(=O)N[C@H]1CCNC(=O)[C@H]([C@@H](C)O)NC(=O)[C@H](CCN)NC(=O)[C@H](CCN)NC(=O)[C@H](CC(C)C)NC(=O)[C@@H](CC(C)C)NC(=O)[C@H](CCN)NC1=O)[C@@H](C)O,5.823908740944319
CHEMBL12131,IC50,nM,564.0,IC50,uM,0.564,Cc1cc(C(C#N)c2ccc(Cl)cc2)c(Cl)cc1NC(=O)c1cc(I)cc(I)c1O,6.248720896016658
CHEMBL104,IC50,nM,69421.0,IC50,uM,69.421,Clc1ccccc1C(c1ccccc1)(c1ccccc1)n1ccnc1,4.158509134666999
CHEMBL926,IC50,nM,5551.0,IC50,uM,5.551,CC(CCc1ccc(O)cc1)NCCc1ccc(O)c(O)c1,5.255628772668139
CHEMBL954,IC50,nM,1050.0,IC50,uM,1.05,CCN(CC)CCOc1ccc(/C(=C(/Cl)c2ccccc2)c2ccccc2)cc1,5.978810700930062
CHEMBL71,IC50,nM,28868.0,IC50,uM,28.868,CN(C)CCCN1c2ccccc2Sc2ccc(Cl)cc21,4.539583303374264
CHEMBL75880,IC50,nM,1485.2,IC50,uM,1.4852,C1CCC(C(CC2CCCCN2)C2CCCCC2)CC1,5.828215059445879
CHEMBL307145,IC50,nM,1230.0,IC50,uM,1.23,Oc1cccc(O)c1O,5.910094888560602
CHEMBL584,IC50,nM,55629.0,IC50,uM,55.629,Cc1c(O)cccc1C(=O)N[C@@H](CSc1ccccc1)[C@H](O)CN1C[C@H]2CCCC[C@H]2C[C@H]1C(=O)NC(C)(C)C,4.25469874696885
CHEMBL58,IC50,nM,5385.9,IC50,uM,5.3859,O=C1c2c(O)ccc(O)c2C(=O)c2c(NCCNCCO)ccc(NCCNCCO)c21,5.26874171439487
CHEMBL91,IC50,nM,29256.0,IC50,uM,29.256,Clc1ccc(COC(Cn2ccnc2)c2ccc(Cl)cc2Cl)c(Cl)c1,4.533785052670012
CHEMBL1221512,IC50,nM,3216.0,IC50,uM,3.216,CC[C@H](C)[C@@H](CO[C@@H](Cc1ccccc1)C(=O)N[C@@H](CCS(C)(=O)=O)C(=O)OC(C)C)NC[C@@H](N)CS,5.492683959923586
CHEMBL787,IC50,nM,3197.0,IC50,uM,3.197,CC(C)(O)c1ccccc1CC[C@@H](SCC1(CC(=O)O)CC1)c1cccc(/C=C/c2ccc3ccc(Cl)cc3n2)c1,5.495257363728312
CHEMBL459,IC50,nM,5228.0,IC50,uM,5.228,C[C@](N)(Cc1ccc(O)c(O)c1)C(=O)O,5.281664421091493
CHEMBL86754,IC50,nM,1889.0,IC50,uM,1.889,Oc1c(I)cc(I)c2cccnc12,5.7237680420781665
CHEMBL603,IC50,nM,5751.0,IC50,uM,5.751,COc1cc(C(=O)NS(=O)(=O)c2ccccc2C)ccc1Cc1cn(C)c2ccc(NC(=O)OC3CCCC3)cc12,5.240256632402275
CHEMBL24944,IC50,nM,2987.0,IC50,uM,2.987,O=C(Nc1ccc(Br)cc1)c1cc(Br)cc(Br)c1O,5.5247647773958715
CHEMBL1200679,IC50,nM,2188.4,IC50,uM,2.1884,[Cl-].[Cl-].[Zn+2],5.659873293894568
CHEMBL1630578,IC50,nM,20397.0,IC50,uM,20.397,C[C@@H]1C[C@H]2[C@@H]3CCC4=CC(=O)C=C[C@]4(C)C3=CC[C@]2(C)[C@H]1C(=O)CN1CCN(c2cc(N3CCCC3)nc(N3CCCC3)n2)CC1,4.690433704106226
CHEMBL479,IC50,nM,2947.0,IC50,uM,2.947,CSc1ccc2c(c1)N(CCC1CCCCN1C)c1ccccc1S2,5.530619864150075
CHEMBL83,IC50,nM,3553.0,IC50,uM,3.553,CC/C(=C(\c1ccccc1)c1ccc(OCCN(C)C)cc1)c1ccccc1,5.449404792510672
CHEMBL18797,IC50,nM,23981.0,IC50,uM,23.981,CSc1ccc(/C=C2/C(C)=C(CC(=O)O)c3cc(F)ccc32)cc1,4.620132710919122
CHEMBL404849,IC50,nM,794.4,IC50,uM,0.7944,CCCCCCCCNC(C)C(O)c1ccc(SC(C)C)cc1,6.099960764512675
CHEMBL17157,IC50,nM,3566.0,IC50,uM,3.566,CC(C)(C)c1ccc(C(O)CCCN2CCC(C(O)(c3ccccc3)c3ccccc3)CC2)cc1,5.447818661160664
CHEMBL1910268,IC50,nM,93300.0,IC50,uM,93.3,N#Cc1cc2c(N)ncnc2nc1NCCO,4.0301183562535
CHEMBL1910273,IC50,nM,29500.0,IC50,uM,29.5,Nc1scc2c1c(Nc1ccc(S(N)(=O)=O)cc1)nc1ncnc(N)c12,4.530177984021837
CHEMBL1910275,IC50,nM,47900.0,IC50,uM,47.9,Cc1c(C#N)c(NCCO)nc2nc(NCCO)nc(N)c12,4.319664486585436
CHEMBL1910278,IC50,nM,66100.0,IC50,uM,66.1,Nc1scc2c1c(NCCO)nc1nc(NCCO)nc(N)c12,4.179798540514359
CHEMBL1916891,IC50,nM,1.4,IC50,nM,1.4,Cc1ccccc1Nc1nc2cc(F)c(N(C)C(=O)/C=C/CN(C)C)cc2n2cncc12,8.853871964321762
CHEMBL1916897,IC50,nM,3.35,IC50,nM,3.35,Cc1ccc(F)cc1Nc1nc2cc(Cl)c(N(C)C(=O)/C=C/CN(C)C)cc2n2cncc12,8.474955192963154
CHEMBL1873475,IC50,nM,5.6,IC50,nM,5.6,C=CC(=O)N1CCC[C@@H](n2nc(-c3ccc(Oc4ccccc4)cc3)c3c(N)ncnc32)C1,8.2518119729938
CHEMBL1914653,IC50,nM,3.7,IC50,nM,3.7,Br.C[C@@H](Nc1ncnc2[nH]c(-c3ccc(O)cc3)cc12)c1ccccc1,8.431798275933005
CHEMBL1914654,IC50,nM,3.8,IC50,nM,3.8,Br.C[C@@H](Nc1ncnc2[nH]c(-c3ccc(O)cc3)cc12)c1ccc(F)cc1,8.42021640338319
CHEMBL1914655,IC50,nM,62.0,IC50,nM,62.0,Br.C[C@@H](Nc1ncnc2[nH]c(-c3ccc(O)cc3)cc12)c1ccc(Br)cc1,7.2076083105017466
CHEMBL1914656,IC50,nM,450.0,IC50,nM,450.0,Br.Cc1ccc([C@@H](C)Nc2ncnc3[nH]c(-c4ccc(O)cc4)cc23)cc1,6.346787486224656
CHEMBL1914657,IC50,nM,4608.0,IC50,nM,4608.0,Br.CC(Nc1ncnc2[nH]c(-c3ccc(O)cc3)cc12)c1ccc(C(F)(F)F)cc1,5.336487529584844
CHEMBL1914658,IC50,nM,8.0,IC50,nM,8.0,Br.C[C@@H](Nc1ncnc2[nH]c(-c3ccc(O)cc3)cc12)c1ccccc1F,8.096910013008056
CHEMBL1914659,IC50,nM,17.0,IC50,nM,17.0,Br.Cc1ccccc1C(C)Nc1ncnc2[nH]c(-c3ccc(O)cc3)cc12,7.769551078621726
CHEMBL1914660,IC50,nM,9.0,IC50,nM,9.0,Br.C[C@@H](Nc1ncnc2[nH]c(-c3ccc(O)cc3)cc12)c1cccc(F)c1,8.045757490560675
CHEMBL1914661,IC50,nM,95.0,IC50,nM,95.0,Br.Cc1cccc(C(C)Nc2ncnc3[nH]c(-c4ccc(O)cc4)cc23)c1,7.022276394711152
CHEMBL1914461,IC50,nM,3.3,IC50,nM,3.3,Br.Oc1ccc(-c2cc3c(NCc4ccccc4)ncnc3[nH]2)cc1,8.481486060122112
CHEMBL1914662,IC50,nM,26.0,IC50,nM,26.0,Br.Oc1ccc(-c2cc3c(NCc4ccc(F)cc4)ncnc3[nH]2)cc1,7.585026652029182
CHEMBL1914663,IC50,nM,45.0,IC50,nM,45.0,Br.Oc1ccc(-c2cc3c(NCc4ccccc4F)ncnc3[nH]2)cc1,7.346787486224656
CHEMBL1914664,IC50,nM,52.0,IC50,nM,52.0,Br.Oc1ccc(-c2cc3c(NCc4cccc(F)c4)ncnc3[nH]2)cc1,7.2839966563652006
CHEMBL1914665,IC50,nM,4.0,IC50,nM,4.0,Br.CC[C@@H](Nc1ncnc2[nH]c(-c3ccc(O)cc3)cc12)c1ccccc1,8.397940008672037
CHEMBL1914666,IC50,nM,1008.0,IC50,nM,1008.0,Br.CC(Nc1ncnc2[nH]c(-c3ccc(O)cc3)cc12)c1cccc2ccccc12,5.996539467890494
CHEMBL1914667,IC50,nM,4.7,IC50,nM,4.7,COc1ccc(-c2cc3c(N[C@H](C)c4ccccc4)ncnc3[nH]2)cc1,8.327902142064282
CHEMBL105053,IC50,nM,3.3,IC50,nM,3.3,C[C@@H](Nc1[nH]cnc2nc(-c3ccccc3)cc1-2)c1ccccc1,8.481486060122112
CHEMBL1914668,IC50,nM,6.6,IC50,nM,6.6,C[C@@H](Nc1ncnc2[nH]c(-c3ccc(F)cc3)cc12)c1ccccc1,8.18045606445813
CHEMBL1914669,IC50,nM,63.0,IC50,nM,63.0,C[C@@H](Nc1ncnc2[nH]c(-c3ccc(Br)cc3)cc12)c1ccccc1,7.200659450546418
CHEMBL1914670,IC50,nM,12.0,IC50,nM,12.0,C[C@@H](Nc1ncnc2[nH]c(-c3ccc(C#N)cc3)cc12)c1ccccc1,7.920818753952375
CHEMBL1914671,IC50,nM,33.0,IC50,nM,33.0,C[C@@H](Nc1ncnc2[nH]c(-c3ccccc3)cc12)c1ccc(F)cc1,7.481486060122112
CHEMBL1914672,IC50,nM,27.0,IC50,nM,27.0,C[C@@H](Nc1ncnc2[nH]c(-c3ccc(F)cc3)cc12)c1ccc(F)cc1,7.568636235841013
CHEMBL1914673,IC50,nM,29.0,IC50,nM,29.0,C[C@@H](Nc1ncnc2[nH]c(-c3ccc(Br)cc3)cc12)c1ccc(F)cc1,7.5376020021010435
CHEMBL1914674,IC50,nM,14.0,IC50,nM,14.0,C[C@@H](Nc1ncnc2[nH]c(-c3ccc(C#N)cc3)cc12)c1ccc(F)cc1,7.853871964321762
CHEMBL587723,IC50,nM,2.0,IC50,nM,2.0,CCN1CCN(Cc2ccc(-c3cc4c(N[C@H](C)c5ccccc5)ncnc4[nH]3)cc2)CC1,8.698970004336019
CHEMBL1928309,IC50,nM,300.0,IC50,uM,0.3,O=C(c1cc2ccccc2[nH]1)c1cc2c(Nc3cccc(Cl)c3)ncnc2s1,6.522878745280337
CHEMBL1928311,IC50,nM,100.0,IC50,uM,0.1,O=C(c1cc2cc(O)ccc2[nH]1)c1cc2c(Nc3ccc(F)c(Cl)c3)ncnc2s1,7.0
CHEMBL1929312,IC50,nM,34250.0,IC50,uM,34.25,Cc1ccc(-c2nnc(SCc3ccccc3)o2)c(O)c1,4.465339424171556
CHEMBL1929308,IC50,nM,7440.0,IC50,uM,7.44,CC(C)(C)c1ccc(-c2nnc(SCc3ccccc3)o2)cc1,5.128427064454121
CHEMBL1929307,IC50,nM,12320.0,IC50,uM,12.32,COc1ccccc1-c1nnc(SCc2ccccc2)o1,4.909389292171594
CHEMBL1929306,IC50,nM,38430.0,IC50,uM,38.43,CCOc1ccccc1-c1nnc(SCc2ccccc2)o1,4.415329615535652
CHEMBL1929305,IC50,nM,1510.0,IC50,uM,1.51,Nc1ccccc1-c1nnc(SCc2ccccc2)o1,5.82102305270683
CHEMBL1929304,IC50,nM,38320.0,IC50,uM,38.32,O=[N+]([O-])c1ccccc1-c1nnc(SCc2ccccc2)o1,4.4165744995934935
CHEMBL1440725,IC50,nM,5720.0,IC50,uM,5.72,Cc1ccccc1-c1nnc(SCc2ccccc2)o1,5.242603971206976
CHEMBL1929303,IC50,nM,5110.0,IC50,uM,5.11,Fc1ccccc1-c1nnc(SCc2ccccc2)o1,5.291579099865287
CHEMBL1929302,IC50,nM,16630.0,IC50,uM,16.63,c1ccc(CSc2nnc(-c3ccccc3)o2)cc1,4.779107750780481
CHEMBL1929314,IC50,nM,26060.0,IC50,uM,26.06,COc1cc(OC)cc(-c2nnc(SCc3ccccc3)o2)c1,4.584025588623434
CHEMBL103667,IC50,nM,3800.0,IC50,uM,3.8,Cc1ccc(-n2nc(C(C)(C)C)cc2NC(=O)Nc2ccc(OCCN3CCOCC3)c3ccccc23)cc1,5.42021640338319
CHEMBL1928944,IC50,nM,1204.0,IC50,nM,1204.0,O=[N+]([O-])c1cccc(Oc2cc(Nc3ccc(OCc4cccc(F)c4)c(Cl)c3)ncn2)c1,5.919373513078194
CHEMBL1928945,IC50,nM,473.0,IC50,nM,473.0,Nc1cccc(Oc2cc(Nc3ccc(OCc4cccc(F)c4)c(Cl)c3)ncn2)c1,6.325138859262188
CHEMBL1928946,IC50,nM,108.0,IC50,nM,108.0,CC(=O)Nc1cccc(Oc2cc(Nc3ccc(OCc4cccc(F)c4)c(Cl)c3)ncn2)c1,6.966576244513051
CHEMBL1928947,IC50,nM,37.0,IC50,nM,37.0,C=CC(=O)Nc1cccc(Oc2cc(Nc3ccc(OCc4cccc(F)c4)c(Cl)c3)ncn2)c1,7.431798275933005
CHEMBL1928948,IC50,nM,129.0,IC50,nM,129.0,CCOC(=O)/C=C/C(=O)Nc1cccc(Oc2cc(Nc3ccc(OCc4cccc(F)c4)c(Cl)c3)ncn2)c1,6.889410289700751
CHEMBL1928949,IC50,nM,370.0,IC50,nM,370.0,CCOC(=O)CNc1cccc(Oc2cc(Nc3ccc(OCc4cccc(F)c4)c(Cl)c3)ncn2)c1,6.431798275933005
CHEMBL1928950,IC50,nM,48.0,IC50,nM,48.0,N#CCC(=O)Nc1cccc(Oc2cc(Nc3ccc(OCc4cccc(F)c4)c(Cl)c3)ncn2)c1,7.318758762624412
CHEMBL1928952,IC50,nM,61.0,IC50,nM,61.0,Nc1cc(Nc2cccc(Oc3cc(Nc4ccc(OCc5cccc(F)c5)c(Cl)c4)ncn3)c2)ncn1,7.214670164989233
CHEMBL1928954,IC50,nM,1671.0,IC50,nM,1671.0,O=C(/C=C/c1ccccc1)Nc1cccc(Oc2cc(Nc3ccc(OCc4cccc(F)c4)c(Cl)c3)ncn2)c1,5.777023550106609
CHEMBL1928955,IC50,nM,65.0,IC50,nM,65.0,O=C(COc1ccccc1)Nc1cccc(Oc2cc(Nc3ccc(OCc4cccc(F)c4)c(Cl)c3)ncn2)c1,7.187086643357144
CHEMBL1928956,IC50,nM,627.0,IC50,nM,627.0,O=C(Cc1cc(F)c(F)cc1F)Nc1cccc(Oc2cc(Nc3ccc(OCc4cccc(F)c4)c(Cl)c3)ncn2)c1,6.202732459169283
CHEMBL1928957,IC50,nM,821.0,IC50,nM,821.0,O=C(/C=C/c1ccc(F)cc1)Nc1cccc(Oc2cc(Nc3ccc(OCc4cccc(F)c4)c(Cl)c3)ncn2)c1,6.085656842880559
CHEMBL1928958,IC50,nM,523.0,IC50,nM,523.0,COc1ccc(/C=C/C(=O)Nc2cccc(Oc3cc(Nc4ccc(OCc5cccc(F)c5)c(Cl)c4)ncn3)c2)cc1OC,6.281498311132726
CHEMBL1928959,IC50,nM,721.0,IC50,nM,721.0,O=C(COc1cc(F)c(F)c(F)c1)Nc1cccc(Oc2cc(Nc3ccc(OCc4cccc(F)c4)c(Cl)c3)ncn2)c1,6.142064735280571
CHEMBL1929554,IC50,nM,112100.0,IC50,uM,112.1,Nc1nc(Nc2ccc(Cl)cc2F)c2cc(Cc3cccc4ccccc34)[nH]c2n1,3.950394387405027
CHEMBL1929555,IC50,nM,12620.0,IC50,uM,12.62,Nc1nc(Nc2ccc(Cl)cc2)c2cc(Cc3cccc4ccccc34)[nH]c2n1,4.898940645091884
CHEMBL1929556,IC50,nM,112700.0,IC50,uM,112.7,COc1ccc(OC)c(Cc2cc3c(Nc4ccc(Cl)cc4F)nc(N)nc3[nH]2)c1,3.9480760839538935
CHEMBL1928707,IC50,nM,3220.0,IC50,uM,3.22,Oc1ccccc1CNc1ccc2ncnc(Nc3cccc(Br)c3)c2c1,5.492144128304169
CHEMBL1928708,IC50,nM,870.0,IC50,uM,0.87,Oc1ccc(CNc2ccc3ncnc(Nc4cccc(Br)c4)c3c2)cc1,6.060480747381382
CHEMBL1928709,IC50,nM,11220.0,IC50,uM,11.22,COc1ccccc1CNc1ccc2ncnc(Nc3cccc(Br)c3)c2c1,4.950007143079858
CHEMBL1928711,IC50,nM,1640.0,IC50,uM,1.64,Clc1ccc(CNc2ccc3ncnc(Nc4cccc(Br)c4)c3c2)cc1,5.785156151952302
CHEMBL1928712,IC50,nM,3130.0,IC50,uM,3.13,Brc1ccc(CNc2ccc3ncnc(Nc4cccc(Br)c4)c3c2)cc1,5.504455662453552
CHEMBL1928716,IC50,nM,3540.0,IC50,uM,3.54,Oc1ccccc1CNc1ccc2ncnc(Nc3cccc(Cl)c3)c2c1,5.450996737974212
CHEMBL1928886,IC50,nM,1870.0,IC50,uM,1.87,Oc1ccc(CNc2ccc3ncnc(Nc4cccc(Cl)c4)c3c2)cc1,5.728158393463501
CHEMBL1928887,IC50,nM,13880.0,IC50,uM,13.88,COc1ccccc1CNc1ccc2ncnc(Nc3cccc(Cl)c3)c2c1,4.8576105338811635
CHEMBL1928889,IC50,nM,4410.0,IC50,uM,4.41,Clc1ccc(CNc2ccc3ncnc(Nc4cccc(Cl)c4)c3c2)cc1,5.355561410532162
CHEMBL1928890,IC50,nM,5670.0,IC50,uM,5.67,Clc1cccc(Nc2ncnc3ccc(NCc4ccc(Br)cc4)cc23)c1,5.246416941107094
CHEMBL1928291,IC50,nM,5.54,IC50,nM,5.54,O=C(c1cc2ccccc2[nH]1)c1cc2c(Nc3ccc(F)c(Cl)c3)ncnc2s1,8.25649023527157
CHEMBL1928293,IC50,nM,18.7,IC50,nM,18.7,C#Cc1cccc(Nc2ncnc3sc(C(=O)c4cc5ccccc5[nH]4)cc23)c1,7.728158393463501
CHEMBL1928301,IC50,nM,18.5,IC50,nM,18.5,O=C(c1cc2ccccc2[nH]1)c1cc2c(Nc3ccc(OCc4cccc(F)c4)cc3Cl)ncnc2s1,7.732828271596986
CHEMBL1928310,IC50,nM,43.7,IC50,nM,43.7,O=C(c1cc2ccccc2[nH]1)c1cc2c(Nc3ccc(F)cc3)ncnc2s1,7.359518563029578
CHEMBL1928312,IC50,nM,5.93,IC50,nM,5.93,COc1ccc2[nH]c(C(=O)c3cc4c(Nc5ccc(F)c(Cl)c5)ncnc4s3)cc2c1,8.226945306635738
CHEMBL1928315,IC50,nM,10.8,IC50,nM,10.8,O=C(c1cc2ccccc2s1)c1cc2c(Nc3ccc(F)c(Cl)c3)ncnc2s1,7.966576244513051
CHEMBL1934621,IC50,nM,650.0,IC50,uM,0.65,Cc1ncnc(Nc2ccc(OCc3cccc(F)c3)c(Cl)c2)c1C#Cc1ccccc1,6.187086643357144
CHEMBL1934622,IC50,nM,22.0,IC50,uM,0.022,Cc1ncnc(Nc2ccc(OCc3cccc(F)c3)c(Cl)c2)c1C#Cc1ccc(CNCCS(C)(=O)=O)cc1,7.657577319177793
CHEMBL1934623,IC50,nM,3.0,IC50,uM,0.003,Cc1ncnc(Nc2ccc(OCc3cccc(F)c3)c(Cl)c2)c1C#Cc1ccc(CNC(C)C)cc1,8.522878745280337
CHEMBL1934624,IC50,nM,9.0,IC50,uM,0.009,Cc1ncnc(Nc2ccc(OCc3cccc(F)c3)c(Cl)c2)c1C#Cc1ccc(CN2CCCC2)cc1,8.045757490560675
CHEMBL1934625,IC50,nM,7.0,IC50,uM,0.007,Cc1ncnc(Nc2ccc(OCc3cccc(F)c3)c(Cl)c2)c1C#Cc1ccc(CN(C)C)cc1,8.154901959985743
CHEMBL1934626,IC50,nM,190.0,IC50,uM,0.19,Cc1ncnc(Nc2ccc(OCc3cccc(F)c3)c(Cl)c2)c1C#Cc1ccc(CN2CCCC2)c(F)c1,6.721246399047171
CHEMBL1934627,IC50,nM,79.0,IC50,uM,0.079,Cc1ncnc(Nc2ccc(OCc3cccc(F)c3)c(Cl)c2)c1C#Cc1ccc(CN2CCCC2)o1,7.102372908709558
CHEMBL1934628,IC50,nM,30.0,IC50,uM,0.03,Cc1ncnc(Nc2ccc(OCc3cccc(F)c3)c(Cl)c2)c1C#Cc1ccc(CN2CCCC2)s1,7.522878745280337
CHEMBL1934629,IC50,nM,74.0,IC50,uM,0.074,Cc1ncnc(Nc2ccc(OCc3cccc(F)c3)c(Cl)c2)c1C#Cc1ncc(CN2CCCC2)s1,7.130768280269024
CHEMBL1933083,IC50,nM,55.0,IC50,uM,0.055,Cc1ncnc(Nc2ccc(OCc3cccc(F)c3)c(Cl)c2)c1C#Cc1cccc(CN(C)C)c1,7.259637310505756
CHEMBL1934630,IC50,nM,86.0,IC50,uM,0.086,Cc1ncnc(Nc2ccc(OCc3cccc(F)c3)c(Cl)c2)c1C#CCOc1ccc(CNC(C)C)cc1,7.0655015487564325
CHEMBL1934631,IC50,nM,94.0,IC50,uM,0.094,Cc1ncnc(Nc2ccc(OCc3cccc(F)c3)c(Cl)c2)c1/C=C/c1ccc(CNCCS(C)(=O)=O)cc1,7.026872146400302
CHEMBL1934632,IC50,nM,24.0,IC50,uM,0.024,Cc1ncnc(Nc2ccc(OCc3cccc(F)c3)c(Cl)c2)c1/C=C/c1ccc(CNC(C)C)cc1,7.619788758288394
CHEMBL1934633,IC50,nM,98.0,IC50,uM,0.098,Cc1ncnc(Nc2ccc(OCc3cccc(F)c3)c(Cl)c2)c1/C=C/c1ccc(CNC2CC2)cc1,7.008773924307505
CHEMBL242541,IC50,nM,29.0,IC50,nM,29.0,Nc1ccc2ncnc(Nc3ccc(F)c(Cl)c3)c2c1,7.5376020021010435
CHEMBL1947122,IC50,nM,9021.0,IC50,nM,9021.0,COc1cc2ncc(C(=O)O)c(Nc3cccc(Cl)c3)c2cc1OC,5.04474531717982
CHEMBL541988,IC50,nM,8719.0,IC50,nM,8719.0,COc1cc2ncc(C(=O)O)c(Nc3cccc(Br)c3)c2cc1OC,5.059533322336471
CHEMBL1947123,IC50,nM,9284.0,IC50,nM,9284.0,COc1cc2ncc(C(=O)O)c(Nc3ccc(F)c(Cl)c3)c2cc1OC,5.03226486821612
CHEMBL1947125,IC50,nM,65.0,IC50,nM,65.0,CC1(C)CC(C(=O)Nc2ccc3ncnc(Nc4cccc(Cl)c4)c3c2)CC(C)(C)N1[O],7.187086643357144
CHEMBL1946926,IC50,nM,31.0,IC50,nM,31.0,CC1(C)CC(C(=O)Nc2ccc3ncnc(Nc4cccc(Br)c4)c3c2)CC(C)(C)N1[O],7.508638306165727
CHEMBL1947124,IC50,nM,15.0,IC50,nM,15.0,CC1(C)CC(C(=O)Nc2ccc3ncnc(Nc4ccc(F)c(Cl)c4)c3c2)CC(C)(C)N1[O],7.823908740944319
CHEMBL1947126,IC50,nM,623.0,IC50,nM,623.0,COc1cc2ncc(C(=O)NC3CC(C)(C)N([O])C(C)(C)C3)c(Nc3cccc(Cl)c3)c2cc1OC,6.205511953340831
CHEMBL1947127,IC50,nM,342.0,IC50,nM,342.0,COc1cc2ncc(C(=O)NC3CC(C)(C)N([O])C(C)(C)C3)c(Nc3cccc(Br)c3)c2cc1OC,6.465973893943865
CHEMBL1947121,IC50,nM,422.0,IC50,nM,422.0,COc1cc2ncc(C(=O)NC3CC(C)(C)N([O])C(C)(C)C3)c(Nc3ccc(F)c(Cl)c3)c2cc1OC,6.374687549038326
CHEMBL1916951,IC50,nM,24830.0,IC50,uM,24.83,Cc1ccc(S(=O)(=O)NC(=O)c2cccnc2)cc1,4.605023280445436
CHEMBL1916949,IC50,nM,25360.0,IC50,uM,25.36,O=C(NS(=O)(=O)c1ccc(Cl)cc1)c1cccnc1,4.595850750790305
CHEMBL1945444,IC50,nM,20190.0,IC50,uM,20.19,O=C(NS(=O)(=O)c1ccccc1)c1cncc(Br)c1,4.69486368105636
CHEMBL1945445,IC50,nM,12110.0,IC50,uM,12.11,Cc1ccc(S(=O)(=O)NC(=O)c2cncc(Br)c2)cc1,4.916855856856948
CHEMBL1945446,IC50,nM,3270.0,IC50,uM,3.27,O=C(NS(=O)(=O)c1ccc(F)cc1)c1cncc(Br)c1,5.485452247339714
CHEMBL1945447,IC50,nM,2080.0,IC50,uM,2.08,O=C(NS(=O)(=O)c1ccc(Br)cc1)c1cncc(Br)c1,5.681936665037238
CHEMBL1945448,IC50,nM,90.0,IC50,uM,0.09,O=C(NS(=O)(=O)c1ccc(Cl)cc1)c1cncc(Br)c1,7.045757490560675
CHEMBL1945450,IC50,nM,27050.0,IC50,uM,27.05,Cc1ccc(S(=O)(=O)NC(=O)c2cccnc2Cl)cc1,4.567832730557412
CHEMBL1945451,IC50,nM,28660.0,IC50,uM,28.66,O=C(NS(=O)(=O)c1ccc(F)cc1)c1cccnc1Cl,4.542723813938674
CHEMBL1945452,IC50,nM,15680.0,IC50,uM,15.68,O=C(NS(=O)(=O)c1ccc(Br)cc1)c1cccnc1Cl,4.80465394165158
CHEMBL1945453,IC50,nM,19830.0,IC50,uM,19.83,O=C(NS(=O)(=O)c1ccc(Cl)cc1)c1cccnc1Cl,4.702677285794698
CHEMBL1945644,IC50,nM,29070.0,IC50,uM,29.07,O=C(NS(=O)(=O)c1ccc(Br)cc1)c1ccc(Cl)nc1,4.536554968229572
CHEMBL1945645,IC50,nM,18150.0,IC50,uM,18.15,O=C(NS(=O)(=O)c1ccc(Cl)cc1)c1ccc(Cl)nc1,4.741123370627869
CHEMBL1945646,IC50,nM,21560.0,IC50,uM,21.56,Cc1ccc(C(=O)NS(=O)(=O)c2ccccc2)c(Cl)n1,4.666351243485299
CHEMBL1945647,IC50,nM,15020.0,IC50,uM,15.02,Cc1ccc(S(=O)(=O)NC(=O)c2ccc(C)nc2Cl)cc1,4.823330067331851
CHEMBL1945648,IC50,nM,2640.0,IC50,uM,2.64,Cc1ccc(C(=O)NS(=O)(=O)c2ccc(Br)cc2)c(Cl)n1,5.578396073130169
CHEMBL1945649,IC50,nM,1190.0,IC50,uM,1.19,Cc1ccc(C(=O)NS(=O)(=O)c2ccc(Cl)cc2)c(Cl)n1,5.924453038607469
CHEMBL1946843,IC50,nM,25900.0,IC50,uM,25.9,CN(C)c1nc(N/N=C/c2cc(Br)c(O)c(Br)c2O)nc(Nc2ccc(F)cc2)n1,4.586700235918748
CHEMBL1947045,IC50,nM,7700.0,IC50,uM,7.7,COc1cccc(Nc2ccnc(Nc3cccc(OC)c3)n2)c1,5.113509274827518
CHEMBL1947046,IC50,nM,90400.0,IC50,uM,90.4,COc1ccccc1Nc1ccnc(Nc2ccccc2OC)n1,4.043831569524636
CHEMBL1944921,IC50,nM,4300.0,IC50,uM,4.3,COc1cccc2c1C(=O)c1c(O)ccc(O)c1C2=O,5.366531544420414
CHEMBL1944923,IC50,nM,35800.0,IC50,uM,35.8,CC(=O)Nc1ccc(S(=O)(=O)Nc2nc3ccccc3nc2Nc2ccc(C(=O)O)cc2)cc1,4.446116973356125
CHEMBL1944928,IC50,nM,76400.0,IC50,uM,76.4,COc1ccc2c3oc(=O)cc(O)c3c(=O)n(C)c2c1,4.11690664142431
CHEMBL1944641,IC50,nM,81600.0,IC50,uM,81.6,Cc1ccc(-n2c(SCC(=O)Nc3ccccc3Cl)nc3sc(C)c(C)c3c2=O)cc1,4.088309841246139
CHEMBL1944930,IC50,nM,85600.0,IC50,uM,85.6,O=c1c2c(-c3ccccc3)c3c(nc2nc2[nH]nc(S)n12)-c1ccccc1CC3,4.0675262353228465
CHEMBL1944931,IC50,nM,92400.0,IC50,uM,92.4,CCOC(=O)c1ccc(NC(=O)CSc2nnc(CNc3ccc(OC)cc3)n2-c2ccccc2)cc1,4.0343280287798935
CHEMBL1946844,IC50,nM,13000.0,IC50,uM,13.0,O=C(CSc1nc(O)nc(-c2ccc(Cl)cc2)n1)Nc1ccc(Cl)cc1,4.886056647693163
CHEMBL1946845,IC50,nM,31000.0,IC50,uM,31.0,CNc1nc(N/N=C\c2ccc(OC)cc2)nc(Nc2ccccc2)n1,4.508638306165727
CHEMBL1946846,IC50,nM,1500.0,IC50,uM,1.5,COc1nc(NCCN2CCOCC2)nc(Nc2ccc(Cl)cc2)n1,5.823908740944319
CHEMBL1348499,IC50,nM,20900.0,IC50,uM,20.9,COc1ccc(Nc2nc(Cl)nc(NCc3ccco3)n2)cc1,4.679853713888946
CHEMBL1946847,IC50,nM,30700.0,IC50,uM,30.7,CNc1nc(N/N=C/c2ccc(O)cc2)nc(Nc2ccccc2)n1,4.512861624522814
CHEMBL1944920,IC50,nM,8900.0,IC50,uM,8.9,Cn1cc(NC(=O)/C=N/O)c(=O)n1-c1ccccc1,5.050609993355087
CHEMBL1944922,IC50,nM,22000.0,IC50,uM,22.0,Cn1c2ccccc2n2c(=S)[nH]nc12,4.657577319177793
CHEMBL1944924,IC50,nM,24700.0,IC50,uM,24.7,Cc1c(Cc2ccccc2)sc(NCC(=O)COc2ccc3ccccc3c2)c1C(N)=O,4.607303046740334
CHEMBL1944925,IC50,nM,40900.0,IC50,uM,40.9,O=C(NNC(=O)c1ncc(Cc2ccsc2)s1)Nc1ccccc1,4.388276691992658
CHEMBL1944926,IC50,nM,56800.0,IC50,uM,56.8,O=C(Nc1cccc(Br)c1)c1c(O)c2ccccc2[nH]c1=O,4.245651664288981
CHEMBL1944927,IC50,nM,65600.0,IC50,uM,65.6,CCc1ccc(C(=O)NNc2ccc(Cl)cc2C)cc1,4.1830961606243395
CHEMBL1944929,IC50,nM,66000.0,IC50,uM,66.0,C=CCn1c(N)c(C(=O)N/N=C/c2cccs2)sc1=S,4.180456064458132
CHEMBL1950289,IC50,nM,380.0,IC50,uM,0.38,O[C@H]1CC[C@H](Nc2ncc3nc(Nc4c(F)cc(F)cc4F)n([C@H]4CCOC4)c3n2)CC1,6.42021640338319
CHEMBL1951415,IC50,nM,150.0,IC50,nM,150.0,Nc1nccc(-c2c(-c3ccc(F)cc3)ncn2C2CCCCC2)n1,6.823908740944319
CHEMBL1952210,IC50,nM,310.0,IC50,nM,310.0,COc1ccc(N2Cc3cnc(Nc4ccccc4)nc3N([C@@H]3CC[C@@H](O)C3)C2=O)cc1,6.508638306165727
CHEMBL1952211,IC50,nM,365.0,IC50,nM,365.0,COc1ccc(N2Cc3cnc(Nc4ccccc4)nc3N([C@H]3CC[C@H](O)C3)C2=O)cc1,6.437707135543525
CHEMBL1958019,IC50,nM,3380.0,IC50,uM,3.38,O=C1CSC(N2N=C(c3ccccc3)CC2c2ccccc2)=N1,5.471083299722345
CHEMBL1958020,IC50,nM,4860.0,IC50,uM,4.86,O=C1CSC(N2N=C(c3ccccc3)CC2c2ccc(F)cc2)=N1,5.313363730737707
CHEMBL1958021,IC50,nM,3490.0,IC50,uM,3.49,O=C1CSC(N2N=C(c3ccccc3)CC2c2ccc(Cl)cc2)=N1,5.45717457304082
CHEMBL1958022,IC50,nM,1350.0,IC50,uM,1.35,O=C1CSC(N2N=C(c3ccccc3)CC2c2ccc(Br)cc2)=N1,5.8696662315049934
CHEMBL1958023,IC50,nM,3030.0,IC50,uM,3.03,Cc1ccc(C2CC(c3ccccc3)=NN2C2=NC(=O)CS2)cc1,5.518557371497695
CHEMBL1958024,IC50,nM,4270.0,IC50,uM,4.27,COc1ccc(C2CC(c3ccccc3)=NN2C2=NC(=O)CS2)cc1,5.369572124974976
CHEMBL1958025,IC50,nM,8140.0,IC50,uM,8.14,O=C1CSC(N2N=C(c3ccc(F)cc3)CC2c2ccccc2)=N1,5.089375595110798
CHEMBL1958026,IC50,nM,16920.0,IC50,uM,16.92,O=C1CSC(N2N=C(c3ccc(F)cc3)CC2c2ccc(F)cc2)=N1,4.771599641296995
CHEMBL1958027,IC50,nM,10920.0,IC50,uM,10.92,O=C1CSC(N2N=C(c3ccc(F)cc3)CC2c2ccc(Cl)cc2)=N1,4.961777361631282
CHEMBL1958028,IC50,nM,4790.0,IC50,uM,4.79,O=C1CSC(N2N=C(c3ccc(F)cc3)CC2c2ccc(Br)cc2)=N1,5.319664486585437
CHEMBL1958029,IC50,nM,8360.0,IC50,uM,8.36,Cc1ccc(C2CC(c3ccc(F)cc3)=NN2C2=NC(=O)CS2)cc1,5.077793722560983
CHEMBL1958030,IC50,nM,10690.0,IC50,uM,10.69,COc1ccc(C2CC(c3ccc(F)cc3)=NN2C2=NC(=O)CS2)cc1,4.971022294791222
CHEMBL1958031,IC50,nM,5340.0,IC50,uM,5.34,O=C1CSC(N2N=C(c3ccc(Cl)cc3)CC2c2ccccc2)=N1,5.272458742971444
CHEMBL1958032,IC50,nM,14210.0,IC50,uM,14.21,O=C1CSC(N2N=C(c3ccc(Cl)cc3)CC2c2ccc(F)cc2)=N1,4.8474059220725305
CHEMBL1958033,IC50,nM,8160.0,IC50,uM,8.16,O=C1CSC(N2N=C(c3ccc(Cl)cc3)CC2c2ccc(Cl)cc2)=N1,5.088309841246139
CHEMBL1958034,IC50,nM,2280.0,IC50,uM,2.28,O=C1CSC(N2N=C(c3ccc(Cl)cc3)CC2c2ccc(Br)cc2)=N1,5.642065152999546
CHEMBL1958035,IC50,nM,6670.0,IC50,uM,6.67,Cc1ccc(C2CC(c3ccc(Cl)cc3)=NN2C2=NC(=O)CS2)cc1,5.175874166083451
CHEMBL1958036,IC50,nM,8580.0,IC50,uM,8.58,COc1ccc(C2CC(c3ccc(Cl)cc3)=NN2C2=NC(=O)CS2)cc1,5.066512712151295
CHEMBL1958037,IC50,nM,3200.0,IC50,uM,3.2,O=C1CSC(N2N=C(c3ccc(Br)cc3)CC2c2ccccc2)=N1,5.494850021680094
CHEMBL1958038,IC50,nM,6480.0,IC50,uM,6.48,O=C1CSC(N2N=C(c3ccc(Br)cc3)CC2c2ccc(F)cc2)=N1,5.188424994129407
CHEMBL1958039,IC50,nM,4120.0,IC50,uM,4.12,O=C1CSC(N2N=C(c3ccc(Br)cc3)CC2c2ccc(Cl)cc2)=N1,5.3851027839668655
CHEMBL1958209,IC50,nM,2030.0,IC50,uM,2.03,O=C1CSC(N2N=C(c3ccc(Br)cc3)CC2c2ccc(Br)cc2)=N1,5.692503962086787
CHEMBL1958210,IC50,nM,5580.0,IC50,uM,5.58,Cc1ccc(C2CC(c3ccc(Br)cc3)=NN2C2=NC(=O)CS2)cc1,5.253365801062421
CHEMBL1958211,IC50,nM,7960.0,IC50,uM,7.96,COc1ccc(C2CC(c3ccc(Br)cc3)=NN2C2=NC(=O)CS2)cc1,5.099086932262331
CHEMBL1958212,IC50,nM,1080.0,IC50,uM,1.08,Cc1ccc(C2=NN(C3=NC(=O)CS3)C(c3ccccc3)C2)cc1,5.966576244513051
CHEMBL1958213,IC50,nM,2010.0,IC50,uM,2.01,Cc1ccc(C2=NN(C3=NC(=O)CS3)C(c3ccc(F)cc3)C2)cc1,5.696803942579511
CHEMBL1958214,IC50,nM,1660.0,IC50,uM,1.66,Cc1ccc(C2=NN(C3=NC(=O)CS3)C(c3ccc(Cl)cc3)C2)cc1,5.779891911959945
CHEMBL1958215,IC50,nM,240.0,IC50,uM,0.24,Cc1ccc(C2=NN(C3=NC(=O)CS3)C(c3ccc(Br)cc3)C2)cc1,6.619788758288394
CHEMBL1958216,IC50,nM,1160.0,IC50,uM,1.16,Cc1ccc(C2=NN(C3=NC(=O)CS3)C(c3ccc(C)cc3)C2)cc1,5.935542010773082
CHEMBL1958217,IC50,nM,4240.0,IC50,uM,4.24,COc1ccc(C2CC(c3ccc(C)cc3)=NN2C2=NC(=O)CS2)cc1,5.372634143407267
CHEMBL1958218,IC50,nM,2370.0,IC50,uM,2.37,COc1ccc(C2=NN(C3=NC(=O)CS3)C(c3ccccc3)C2)cc1,5.6252516539898965
CHEMBL1958219,IC50,nM,5950.0,IC50,uM,5.95,COc1ccc(C2=NN(C3=NC(=O)CS3)C(c3ccc(F)cc3)C2)cc1,5.22548303427145
CHEMBL1958220,IC50,nM,5350.0,IC50,uM,5.35,COc1ccc(C2=NN(C3=NC(=O)CS3)C(c3ccc(Cl)cc3)C2)cc1,5.2716462179787715
CHEMBL1958221,IC50,nM,1260.0,IC50,uM,1.26,COc1ccc(C2=NN(C3=NC(=O)CS3)C(c3ccc(Br)cc3)C2)cc1,5.8996294548824375
CHEMBL1958222,IC50,nM,5460.0,IC50,uM,5.46,COc1ccc(C2=NN(C3=NC(=O)CS3)C(c3ccc(C)cc3)C2)cc1,5.262807357295263
CHEMBL1958223,IC50,nM,8890.0,IC50,uM,8.89,COc1ccc(C2=NN(C3=NC(=O)CS3)C(c3ccc(OC)cc3)C2)cc1,5.051098239029786
CHEMBL1956886,IC50,nM,19770.0,IC50,uM,19.77,Nc1nc(Nc2cccc(Br)c2)c2cc(Cc3ccc(Cl)c(Cl)c3)[nH]c2n1,4.703993330686328
CHEMBL1956885,IC50,nM,17420.0,IC50,uM,17.42,Nc1nc(Nc2cccc(Br)c2)c2cc(Cc3ccc(Cl)cc3)[nH]c2n1,4.758951849328356
CHEMBL1956887,IC50,nM,6160.0,IC50,uM,6.16,Nc1nc(Nc2cccc(Br)c2)c2cc(Cc3ccc(-c4ccccc4)cc3)[nH]c2n1,5.210419287835575
CHEMBL1956888,IC50,nM,166400.0,IC50,uM,166.4,Nc1nc(Nc2cccc(Br)c2)c2ccn(Cc3ccccc3)c2n1,3.7788466780452947
CHEMBL1956889,IC50,nM,113300.0,IC50,uM,113.3,Cc1ccccc1Cn1ccc2c(Nc3cccc(Br)c3)nc(N)nc21,3.9457700901366026
CHEMBL1956891,IC50,nM,99900.0,IC50,uM,99.9,Nc1nc(Nc2cccc(Br)c2)c2ccn(Cc3ccc(Cl)cc3)c2n1,4.000434511774018
CHEMBL1956892,IC50,nM,69200.0,IC50,uM,69.2,COc1ccc(OC)c(Cn2ccc3c(Nc4cccc(Br)c4)nc(N)nc32)c1,4.1598939055432425
CHEMBL6246,IC50,nM,690.0,IC50,uM,0.69,O=c1oc2c(O)c(O)cc3c(=O)oc4c(O)c(O)cc1c4c23,6.161150909262744
CHEMBL2011291,IC50,nM,113.0,IC50,uM,0.113,Nc1c(-c2ccc(F)cc2)c(-c2ccncc2)nn1-c1c(Cl)cc(Cl)cc1Cl,6.94692155651658
CHEMBL2018748,IC50,nM,7050.0,IC50,uM,7.05,CCCOC(=O)Nc1ccc(Nc2ncnc3cc(OC)c(OC)cc23)cc1,5.151810883008602
CHEMBL2018749,IC50,nM,800.0,IC50,uM,0.8,CCCCOC(=O)Nc1ccc(Nc2ncnc3cc(OC)c(OC)cc23)cc1,6.096910013008056
CHEMBL2018750,IC50,nM,4800.0,IC50,uM,4.8,COc1cc2ncnc(Nc3ccc(NC(=O)OC(C)C)cc3)c2cc1OC,5.318758762624412
CHEMBL2018751,IC50,nM,6150.0,IC50,uM,6.15,COC(=O)Nc1ccc(Nc2ncnc3cc(OC)c(OC)cc23)cc1Cl,5.211124884224583
CHEMBL2018752,IC50,nM,1000.0,IC50,uM,1.0,CCOC(=O)Nc1ccc(Nc2ncnc3cc(OC)c(OC)cc23)cc1Cl,6.0
CHEMBL2018753,IC50,nM,1000.0,IC50,uM,1.0,CCCOC(=O)Nc1ccc(Nc2ncnc3cc(OC)c(OC)cc23)cc1Cl,6.0
CHEMBL2018754,IC50,nM,6400.0,IC50,uM,6.4,CCCCOC(=O)Nc1ccc(Nc2ncnc3cc(OC)c(OC)cc23)cc1Cl,5.1938200260161125
CHEMBL2018755,IC50,nM,4000.0,IC50,uM,4.0,COC(=O)Nc1ccc(Nc2ncnc3cc(OC)c(OC)cc23)cc1C,5.3979400086720375
CHEMBL2018756,IC50,nM,900.0,IC50,uM,0.9,CCOC(=O)Nc1ccc(Nc2ncnc3cc(OC)c(OC)cc23)cc1C,6.045757490560675
CHEMBL2018757,IC50,nM,900.0,IC50,uM,0.9,CCCOC(=O)Nc1ccc(Nc2ncnc3cc(OC)c(OC)cc23)cc1C,6.045757490560675
CHEMBL2018758,IC50,nM,7600.0,IC50,uM,7.6,CCCCOC(=O)Nc1ccc(Nc2ncnc3cc(OC)c(OC)cc23)cc1C,5.119186407719209
CHEMBL2018759,IC50,nM,5800.0,IC50,uM,5.8,COc1cc2ncnc(Nc3ccc(NC(=O)OC(C)C)c(C)c3)c2cc1OC,5.236572006437063
CHEMBL2018760,IC50,nM,900.0,IC50,uM,0.9,CCOC(=O)Nc1cc(Nc2ncnc3cc(OC)c(OC)cc23)ccc1Cl,6.045757490560675
CHEMBL2018761,IC50,nM,7200.0,IC50,uM,7.2,COC(=O)Nc1cc(Nc2ncnc3cc(OC)c(OC)cc23)ccc1C,5.142667503568732
CHEMBL2018762,IC50,nM,5000.0,IC50,uM,5.0,CCOC(=O)Nc1cc(Nc2ncnc3cc(OC)c(OC)cc23)ccc1C,5.301029995663981
CHEMBL2018765,IC50,nM,9900.0,IC50,uM,9.9,CCN(CC)CCOc1cc2ncnc(Nc3ccc(F)c(Cl)c3)c2cc1OC,5.00436480540245
CHEMBL2018767,IC50,nM,9450.0,IC50,uM,9.45,CCN(CC)CCOc1cc2ncnc(Nc3ccc(C)c(Br)c3)c2cc1OC,5.024568191490737
CHEMBL2018773,IC50,nM,9100.0,IC50,uM,9.1,CCN(CC)CCOc1cc2c(Nc3ccc(Br)cc3F)ncnc2cc1OC,5.040958607678906
CHEMBL2018777,IC50,nM,9150.0,IC50,uM,9.15,CCCCOc1cc2c(Nc3ccc(NC(=O)OCC)c(Cl)c3)ncnc2cc1OCCN(CC)CC,5.0385789059335515
CHEMBL1229592,IC50,nM,6.18,IC50,nM,6.18,C=CC(=O)Nc1cccc(Oc2nc(Nc3ccc(N4CCN(C)CC4)cc3OC)ncc2Cl)c1,8.209011524911185
CHEMBL2032376,IC50,nM,1.16,IC50,nM,1.16,C=CC(=O)Nc1cccc(N2C(=O)N(C)Cc3cnc(Nc4ccc(N5CCN(C)CC5)cc4OC)nc32)c1,8.935542010773082
CHEMBL2032377,IC50,nM,4.99,IC50,nM,4.99,C=CC(=O)Nc1cccc(N2C(=O)N(C)Cc3cnc(Nc4ccc(N(C)C)cc4OC)nc32)c1,8.30189945437661
CHEMBL2032378,IC50,nM,29.5,IC50,nM,29.5,C=CC(=O)Nc1cccc(N2C(=O)N(C)Cc3cnc(Nc4ccc(N5CCCCC5)cc4OC)nc32)c1,7.530177984021837
CHEMBL2032379,IC50,nM,16.4,IC50,nM,16.4,C=CC(=O)Nc1cccc(N2C(=O)N(C)Cc3cnc(Nc4ccc(N5CCOCC5)cc4OC)nc32)c1,7.785156151952302
CHEMBL2032380,IC50,nM,1.47,IC50,nM,1.47,C=CC(=O)Nc1cccc(N2C(=O)N(C)Cc3cnc(Nc4ccc(N5CCCN(C)CC5)cc4OC)nc32)c1,8.832682665251824
CHEMBL2029425,IC50,nM,3.52,IC50,nM,3.52,C=CC(=O)Nc1cccc(N2C(=O)N(C)Cc3cnc(Nc4ccc(N5CCC(N(C)C)CC5)cc4OC)nc32)c1,8.453457336521868
CHEMBL2029426,IC50,nM,6.95,IC50,nM,6.95,C=CC(=O)Nc1cccc(N2C(=O)N(C)Cc3cnc(Nc4ccccc4)nc32)c1,8.158015195409886
CHEMBL2029427,IC50,nM,929.0,IC50,nM,929.0,C=CC(=O)Nc1cccc(N2C(=O)N(C)Cc3cnc(NC)nc32)c1,6.031984286006359
CHEMBL2029428,IC50,nM,0.43,IC50,nM,0.43,C=CC(=O)Nc1cccc(N2C(=O)N(C)Cc3cnc(Nc4ccc(N5CCN(C)CC5)cc4)nc32)c1,9.366531544420413
CHEMBL2029429,IC50,nM,0.41,IC50,nM,0.41,C=CC(=O)Nc1cccc(N2C(=O)N(C)Cc3cnc(Nc4ccc(N5CCN(C)CC5)c(OC)c4)nc32)c1,9.387216143280265
CHEMBL2029430,IC50,nM,4.41,IC50,nM,4.41,C=CC(=O)Nc1cccc(N2C(=O)N(C)Cc3cnc(Nc4ccc(N5CCN(C)CC5)cc4OCC)nc32)c1,8.355561410532161
CHEMBL2029431,IC50,nM,8.81,IC50,nM,8.81,C=CC(=O)Nc1cccc(N2C(=O)N(C)Cc3cnc(Nc4ccc(N5CCN(C)CC5)cc4OC(C)C)nc32)c1,8.055024091587953
CHEMBL2029432,IC50,nM,1.95,IC50,nM,1.95,C=CC(=O)Nc1cccc(N2C(=O)N(C)Cc3cnc(Nc4ccc(N5CCN(C)CC5)cc4C)nc32)c1,8.709965388637482
CHEMBL2029434,IC50,nM,0.38,IC50,nM,0.38,C=CC(=O)Nc1cccc(N2C(=O)N(C(C)C)Cc3cnc(Nc4ccc(N5CCN(C)CC5)cc4OC)nc32)c1,9.42021640338319
CHEMBL2029435,IC50,nM,0.58,IC50,nM,0.58,C=CC(=O)Nc1cccc(N2C(=O)N(C3CC3)Cc3cnc(Nc4ccc(N5CCN(C)CC5)cc4OC)nc32)c1,9.236572006437063
CHEMBL2029436,IC50,nM,0.3,IC50,nM,0.3,C=CC(=O)Nc1cccc(N2C(=O)N(c3ccccc3)Cc3cnc(Nc4ccc(N5CCN(C)CC5)cc4OC)nc32)c1,9.522878745280337
CHEMBL2029437,IC50,nM,0.8,IC50,nM,0.8,C=CC(=O)Nc1cccc(N2C(=O)N(c3ccc4ccccc4c3)Cc3cnc(Nc4ccc(N5CCN(C)CC5)cc4OC)nc32)c1,9.096910013008056
CHEMBL2029438,IC50,nM,0.29,IC50,nM,0.29,C=CC(=O)Nc1cccc(N2C(=O)N(Cc3ccccc3)Cc3cnc(Nc4ccc(N5CCN(C)CC5)cc4OC)nc32)c1,9.537602002101044
CHEMBL2029439,IC50,nM,1.41,IC50,nM,1.41,C=CC(=O)Nc1cccc(N2C(=O)N(c3ccc(-c4ccccc4)cc3)Cc3cnc(Nc4ccc(N5CCN(C)CC5)cc4OC)nc32)c1,8.85078088734462
CHEMBL2029440,IC50,nM,1.52,IC50,nM,1.52,C=CC(=O)Nc1cccc(N2C(=O)N(c3ccc(Oc4ccccc4)cc3)Cc3cnc(Nc4ccc(N5CCN(C)CC5)cc4OC)nc32)c1,8.818156412055227
CHEMBL2029441,IC50,nM,1.67,IC50,nM,1.67,C=CC(=O)Nc1cccc(N2C(=O)N(c3ccc(OCc4ccccc4)cc3)Cc3cnc(Nc4ccc(N5CCN(C)CC5)cc4OC)nc32)c1,8.777283528852417
CHEMBL2029442,IC50,nM,478.0,IC50,nM,478.0,COc1cc(N2CCN(C)CC2)ccc1Nc1ncc2c(n1)N(c1cccc(N)c1)C(=O)N(C)C2,6.320572103387881
CHEMBL2031297,IC50,nM,0.28,IC50,nM,0.28,CN(C)CCC(=O)Nc1ccc2ncnc(Nc3cccc(Br)c3)c2c1,9.55284196865778
CHEMBL2031298,IC50,nM,0.27,IC50,nM,0.27,O=C(CCN1CCCCC1)Nc1ccc2ncnc(Nc3cccc(Br)c3)c2c1,9.568636235841012
CHEMBL2031299,IC50,nM,0.51,IC50,nM,0.51,O=C(CCN1CCOCC1)Nc1ccc2ncnc(Nc3cccc(Br)c3)c2c1,9.292429823902063
CHEMBL2031300,IC50,nM,0.23,IC50,nM,0.23,CN1CCN(CCC(=O)Nc2ccc3ncnc(Nc4cccc(Br)c4)c3c2)CC1,9.638272163982407
CHEMBL2031301,IC50,nM,17.4,IC50,nM,17.4,CN(C)CCC(=O)N(C)c1ccc2ncnc(Nc3cccc(Br)c3)c2c1,7.7594507517174005
CHEMBL2031302,IC50,nM,0.18,IC50,nM,0.18,C=CC(=O)Nc1cc2c(Nc3ccc(F)c(Cl)c3)ncnc2cc1OCC,9.744727494896694
CHEMBL2031303,IC50,nM,0.27,IC50,nM,0.27,CCOc1cc2ncnc(Nc3ccc(F)c(Cl)c3)c2cc1NC(=O)CCN(C)C,9.568636235841012
CHEMBL2031304,IC50,nM,0.51,IC50,nM,0.51,CCOc1cc2ncnc(Nc3ccc(F)c(Cl)c3)c2cc1NC(=O)CCN1CCCCC1,9.292429823902063
CHEMBL2031305,IC50,nM,0.29,IC50,nM,0.29,CCOc1cc2ncnc(Nc3ccc(F)c(Cl)c3)c2cc1NC(=O)CCN1CCOCC1,9.537602002101044
CHEMBL2031306,IC50,nM,1.46,IC50,nM,1.46,C=CC(=O)Nc1cc2c(Nc3ccc(F)c(Cl)c3)c(C#N)cnc2cc1OCC,8.835647144215564
CHEMBL2031307,IC50,nM,0.68,IC50,nM,0.68,CCOc1cc2ncc(C#N)c(Nc3ccc(F)c(Cl)c3)c2cc1NC(=O)CCN(C)C,9.167491087293763
CHEMBL2031308,IC50,nM,2.21,IC50,nM,2.21,CCOc1cc2ncc(C#N)c(Nc3ccc(F)c(Cl)c3)c2cc1NC(=O)CCN1CCCCC1,8.655607726314889
CHEMBL2031309,IC50,nM,2.02,IC50,nM,2.02,CCOc1cc2ncc(C#N)c(Nc3ccc(F)c(Cl)c3)c2cc1NC(=O)CCN1CCOCC1,8.694648630553376
CHEMBL2031310,IC50,nM,50.7,IC50,nM,50.7,C=CC(=O)Nc1cc2c(Nc3ccc(OCc4ccccn4)c(Cl)c3)c(C#N)cnc2cc1OCC,7.294992040666664
CHEMBL2031311,IC50,nM,12.5,IC50,nM,12.5,CCOc1cc2ncc(C#N)c(Nc3ccc(OCc4ccccn4)c(Cl)c3)c2cc1NC(=O)CCN(C)C,7.903089986991944
CHEMBL2031312,IC50,nM,24.8,IC50,nM,24.8,CCOc1cc2ncc(C#N)c(Nc3ccc(OCc4ccccn4)c(Cl)c3)c2cc1NC(=O)CCN1CCCCC1,7.605548319173784
CHEMBL2031313,IC50,nM,37.5,IC50,nM,37.5,CCOc1cc2ncc(C#N)c(Nc3ccc(OCc4ccccn4)c(Cl)c3)c2cc1NC(=O)CCN1CCOCC1,7.425968732272281
CHEMBL2029689,IC50,nM,9700.0,IC50,uM,9.7,O=S(=O)(c1ccc(/N=C/c2cc(Br)ccc2O)cc1)N1CCCCC1,5.013228265733755
CHEMBL2029690,IC50,nM,74300.0,IC50,uM,74.3,Cc1ccc(N2NC(=O)/C(=C\c3ccc(-c4cc([N+](=O)[O-])ccc4O)o3)C2=O)cc1C,4.129011186239425
CHEMBL2029691,IC50,nM,48600.0,IC50,uM,48.6,O=C(Cc1ccc(F)cc1)Nc1cc(SC[C@@H](O)CO)cc([N+](=O)[O-])c1,4.313363730737707
CHEMBL2029692,IC50,nM,6800.0,IC50,uM,6.8,O=C(Cn1c(-c2ccccc2)cc(=O)n2ncnc12)NNC(=S)Nc1ccccc1,5.167491087293763
CHEMBL2029693,IC50,nM,23100.0,IC50,uM,23.1,Cc1cccc(N2NC(=O)/C(=C/c3ccc(-c4ccccc4F)o3)C2=O)c1,4.636388020107856
CHEMBL2029694,IC50,nM,8400.0,IC50,uM,8.4,CCOc1ccc(-c2cc(C(F)(F)F)c(C#N)c(SCC(=O)NCC(=O)O)n2)cc1,5.075720713938118
CHEMBL2029695,IC50,nM,83900.0,IC50,uM,83.9,Cn1c(NCc2cccc(C(F)(F)F)c2)cc(=O)n(C)c1=O,4.0762380391713
CHEMBL2029696,IC50,nM,5600.0,IC50,uM,5.6,O=C1NN(c2ccc(F)cc2)C(=O)/C1=C\c1cccc(OCc2ccccc2F)c1,5.251811972993799
CHEMBL2029697,IC50,nM,72400.0,IC50,uM,72.4,Cc1nn(C)cc1C(=O)Nc1ccn(Cc2c(F)cccc2Cl)n1,4.140261433802853
CHEMBL1504817,IC50,nM,3500.0,IC50,uM,3.5,O=C1NN(c2ccc(F)c(Cl)c2)C(=O)/C1=C\c1cccc(OC(=O)c2cccs2)c1,5.455931955649724
CHEMBL2029698,IC50,nM,26600.0,IC50,uM,26.6,C=C(N/N=C/c1cn[nH]c1-c1ccccc1)[C@H](C)Cc1ccccc1,4.575118363368933
CHEMBL2029699,IC50,nM,8600.0,IC50,uM,8.6,Cc1ccc(N2NC(=O)/C(=C/c3ccc(OCc4ccccc4)cc3)C2=O)cc1Cl,5.0655015487564325
CHEMBL2029700,IC50,nM,5300.0,IC50,uM,5.3,Nc1nn2c(=O)cc(-c3ccccc3)[nH]c2c1/N=N/c1ccc2c(c1)OCO2,5.275724130399211
CHEMBL2035810,IC50,nM,3.3,IC50,nM,3.3,C=CC(=O)NCc1coc(-c2c(N)ncnc2Nc2ccc(OCc3ccccn3)c(Cl)c2)n1,8.481486060122112
CHEMBL2047015,IC50,nM,2340.0,IC50,uM,2.34,O=C(CCCCCC(=O)Nc1ccc(O)c(C(=O)Nc2ccccc2)c1)NO,5.6307841425898575
CHEMBL2047016,IC50,nM,1410.0,IC50,uM,1.41,O=C(CCCCCC(=O)Nc1ccc(O)c(C(=O)Nc2cccc(F)c2)c1)NO,5.85078088734462
CHEMBL2047017,IC50,nM,2220.0,IC50,uM,2.22,O=C(CCCCCC(=O)Nc1ccc(O)c(C(=O)Nc2ccc(F)c(F)c2)c1)NO,5.653647025549361
CHEMBL2047018,IC50,nM,3530.0,IC50,uM,3.53,O=C(CCCCCC(=O)Nc1ccc(O)c(C(=O)Nc2ccc(F)c(Cl)c2)c1)NO,5.452225294612178
CHEMBL2047019,IC50,nM,4200.0,IC50,uM,4.2,O=C(CCCCCC(=O)Nc1ccc(O)c(C(=O)Nc2cccc(C(F)(F)F)c2)c1)NO,5.376750709602099
CHEMBL2047020,IC50,nM,3310.0,IC50,uM,3.31,C#Cc1cccc(NC(=O)c2cc(NC(=O)CCCCCC(=O)NO)ccc2O)c1,5.480172006224281
CHEMBL2047021,IC50,nM,1800.0,IC50,uM,1.8,O=C(CCCCCC(=O)Nc1ccc(O)c(C(=O)Nc2ccc(Cl)c(Cl)c2)c1)NO,5.7447274948966935
CHEMBL2047022,IC50,nM,1410.0,IC50,uM,1.41,O=C(CCCCCC(=O)Nc1ccc(O)c(C(=O)Nc2ccc(Cl)c(C(F)(F)F)c2)c1)NO,5.85078088734462
CHEMBL2047023,IC50,nM,1100.0,IC50,uM,1.1,O=C(CCCCCC(=O)Nc1ccc(O)c(C(=O)Nc2ccc(OCc3cccc(F)c3)c(Cl)c2)c1)NO,5.958607314841775
CHEMBL2047024,IC50,nM,2250.0,IC50,uM,2.25,C#Cc1cccc(NC(=O)c2cc(NC(=O)CCCCCCC(=O)NO)ccc2O)c1,5.647817481888637
CHEMBL2047025,IC50,nM,1560.0,IC50,uM,1.56,COc1cc(O)c(C(=O)Nc2ccc(F)c(Cl)c2)cc1NC(=O)CCCCCC(=O)NO,5.806875401645538
CHEMBL2047026,IC50,nM,1120.0,IC50,uM,1.12,C#Cc1cccc(NC(=O)c2cc(NC(=O)CCCCCC(=O)NO)c(OC)cc2O)c1,5.950781977329818
CHEMBL2047027,IC50,nM,6170.0,IC50,uM,6.17,C#Cc1cccc(NC(=O)c2cccc(NC(=O)CCCCCC(=O)NO)c2)c1,5.209714835966758
CHEMBL2047028,IC50,nM,5160.0,IC50,uM,5.16,C#Cc1cccc(NC(=O)c2cc(NC(=O)CCCCCC(=O)NO)ccc2OC)c1,5.287350298372789
CHEMBL2047029,IC50,nM,900.0,IC50,uM,0.9,C#Cc1cccc(NC(=O)c2cc(OCCCCCCC(=O)NO)ccc2O)c1,6.045757490560675
CHEMBL2047253,IC50,nM,11700.0,IC50,uM,11.7,Nc1nc2c(c(Nc3ccc(Cl)cc3F)n1)-c1ccccc1C2,4.931814138253839
CHEMBL2047248,IC50,nM,24100.0,IC50,uM,24.1,Nc1nc2c(c(Nc3cccc(Br)c3)n1)-c1ccccc1C2,4.617982957425132
CHEMBL2047247,IC50,nM,26000.0,IC50,uM,26.0,Nc1nc2c(c(Nc3ccc(Cl)cc3)n1)-c1ccccc1C2,4.585026652029182
CHEMBL2047242,IC50,nM,19600.0,IC50,uM,19.6,Nc1nc2c(c(Nc3cccc(Cl)c3)n1)-c1ccccc1C2,4.707743928643524
CHEMBL2047241,IC50,nM,276100.0,IC50,uM,276.1,Nc1nc2c(c(Nc3ccc(F)cc3)n1)-c1ccccc1C2,3.5589335933607367
CHEMBL2047245,IC50,nM,42600.0,IC50,uM,42.6,CC(C)c1ccc(Nc2nc(N)nc3c2-c2ccccc2C3)cc1,4.370590400897281
CHEMBL2048912,IC50,nM,2.6,IC50,nM,2.6,CC(C)(N)C(=O)NCCn1ccc2ncnc(Nc3ccc(Oc4cccc5sncc45)c(Cl)c3)c21,8.585026652029182
CHEMBL2048911,IC50,nM,3.0,IC50,nM,3.0,Cl.O=C(NCCn1ccc2ncnc(Nc3ccc(Oc4cccc5sncc45)c(Cl)c3)c21)[C@@H]1CCCN1,8.522878745280337
CHEMBL2048910,IC50,nM,21.0,IC50,nM,21.0,CC(C)(C)C(=O)NCCn1ccc2ncnc(Nc3ccc(Oc4cccc5sncc45)c(Cl)c3)c21.CS(=O)(=O)O,7.6777807052660805
CHEMBL2048909,IC50,nM,5.5,IC50,nM,5.5,CC(C)(C(=O)NCCn1ccc2ncnc(Nc3ccc(Oc4cccc5sncc45)c(Cl)c3)c21)S(C)(=O)=O,8.259637310505756
CHEMBL2048908,IC50,nM,7.0,IC50,nM,7.0,CC(C)(CO)C(=O)NCCn1ccc2ncnc(Nc3ccc(Oc4cccc5sncc45)c(Cl)c3)c21,8.154901959985743
CHEMBL2048907,IC50,nM,7.0,IC50,nM,7.0,CC(C)(O)C(=O)NCCn1ccc2ncnc(Nc3ccc(Oc4cccc5sncc45)c(Cl)c3)c21.CS(=O)(=O)O,8.154901959985743
CHEMBL2048906,IC50,nM,2.9,IC50,nM,2.9,CC(=O)NCCn1ccc2ncnc(Nc3ccc(Oc4cccc5sncc45)c(Cl)c3)c21,8.537602002101044
CHEMBL2048905,IC50,nM,4.1,IC50,nM,4.1,OCCn1ccc2ncnc(Nc3ccc(Oc4cccc5sncc45)c(Cl)c3)c21,8.387216143280265
CHEMBL2048904,IC50,nM,36.0,IC50,nM,36.0,Cn1ncc2c(Oc3ccc(Nc4ncnc5ccn(CCO)c45)cc3Cl)cccc21,7.443697499232712
CHEMBL2048903,IC50,nM,1.9,IC50,nM,1.9,OCCn1ccc2ncnc(Nc3ccc(Oc4cccc5[nH]ncc45)c(Cl)c3)c21,8.721246399047171
CHEMBL2048798,IC50,nM,8.8,IC50,nM,8.8,OCCn1ccc2ncnc(Nc3ccc(Oc4cccc5sccc45)c(Cl)c3)c21,8.05551732784983
CHEMBL2048797,IC50,nM,3.1,IC50,nM,3.1,OCCn1ccc2ncnc(Nc3ccc(Oc4cccc5[nH]ccc45)c(Cl)c3)c21,8.508638306165727
CHEMBL2048796,IC50,nM,3.0,IC50,nM,3.0,O=C1Cc2c(cccc2Oc2ccc(Nc3ncnc4ccn(CCO)c34)cc2Cl)N1,8.522878745280337
CHEMBL2048795,IC50,nM,2.8,IC50,nM,2.8,O=C1Cc2cccc(Oc3ccc(Nc4ncnc5ccn(CCO)c45)cc3Cl)c2N1,8.55284196865778
CHEMBL2048794,IC50,nM,21.0,IC50,nM,21.0,O=C1NCc2cccc(Oc3ccc(Nc4ncnc5ccn(CCO)c45)cc3Cl)c21,7.6777807052660805
CHEMBL2048793,IC50,nM,890.0,IC50,nM,890.0,O=C1NCc2c(Oc3ccc(Nc4ncnc5ccn(CCO)c45)cc3Cl)cccc21,6.050609993355087
CHEMBL2048792,IC50,nM,2300.0,IC50,nM,2300.0,O=C1Cc2ccc(Oc3ccc(Nc4ncnc5ccn(CCO)c45)cc3Cl)cc2N1,5.638272163982407
CHEMBL2048791,IC50,nM,960.0,IC50,nM,960.0,O=C1Cc2cc(Oc3ccc(Nc4ncnc5ccn(CCO)c45)cc3Cl)ccc2N1,6.017728766960431
CHEMBL2048790,IC50,nM,510.0,IC50,nM,510.0,O=C1NCc2cc(Oc3ccc(Nc4ncnc5ccn(CCO)c45)cc3Cl)ccc21,6.292429823902063
CHEMBL2048789,IC50,nM,7.8,IC50,nM,7.8,O=C1NCc2ccc(Oc3ccc(Nc4ncnc5ccn(CCO)c45)cc3Cl)cc21,8.10790539730952
CHEMBL2048788,IC50,nM,33.0,IC50,nM,33.0,CC(C)(C)NC(=O)c1cccc(Oc2ccc(Nc3ncnc4ccn(CCO)c34)cc2Cl)c1,7.481486060122112
CHEMBL1923007,IC50,nM,34.0,IC50,nM,34.0,OCCn1ccc2ncnc(Nc3ccc(Oc4cccc(C(F)(F)F)c4)c(Cl)c3)c21,7.468521082957745
CHEMBL2064372,IC50,nM,78.0,IC50,uM,0.078,O=c1oc2cc3ncnc(Nc4ccc(F)c(Cl)c4)c3cc2n1CCCN1CCOCC1,7.107905397309519
CHEMBL2064373,IC50,nM,380.0,IC50,uM,0.38,C#Cc1cccc(Nc2ncnc3cc4oc(=O)n(CCCN5CCOCC5)c4cc23)c1,6.42021640338319
CHEMBL2064374,IC50,nM,5800.0,IC50,uM,5.8,CCOC(=O)c1ccc(Nc2ncnc3cc4oc(=O)n(CCCN5CCOCC5)c4cc23)cc1,5.236572006437063
CHEMBL2064376,IC50,nM,380.0,IC50,uM,0.38,COc1ccc(Nc2ncnc3cc4oc(=O)n(CCCN5CCOCC5)c4cc23)cc1,6.42021640338319
CHEMBL2064379,IC50,nM,75000.0,IC50,uM,75.0,Cc1cc(C)cc(Nc2ncnc3cc4oc(=O)n(CCCN5CCOCC5)c4cc23)c1,4.1249387366083
CHEMBL2064380,IC50,nM,230.0,IC50,uM,0.23,CCOC(=O)c1ccc(O)c(Nc2ncnc3cc4oc(=O)n(CCCN5CCOCC5)c4cc23)c1,6.638272163982407
CHEMBL2064382,IC50,nM,1400.0,IC50,uM,1.4,CCOc1ccc(Nc2ncnc3cc4oc(=O)n(CCCN5CCOCC5)c4cc23)cc1,5.853871964321762
CHEMBL2064383,IC50,nM,67.0,IC50,uM,0.067,Cc1ccc(Nc2ncnc3cc4oc(=O)n(CCCN5CCOCC5)c4cc23)cc1,7.173925197299173
CHEMBL2064384,IC50,nM,990.0,IC50,uM,0.99,O=c1oc2cc3ncnc(Nc4ccc(OCc5ccc(Cl)cc5)cc4)c3cc2n1CCCN1CCOCC1,6.00436480540245
CHEMBL2064386,IC50,nM,140.0,IC50,uM,0.14,O=c1oc2cc3ncnc(Nc4ccc(OCc5ccccc5)cc4)c3cc2n1CCCN1CCOCC1,6.853871964321762
CHEMBL2064388,IC50,nM,30000.0,IC50,uM,30.0,O=c1oc2cc3ncnc(Nc4ccccc4O)c3cc2n1CCCN1CCOCC1,4.522878745280337
CHEMBL2064389,IC50,nM,570.0,IC50,uM,0.57,O=c1oc2cc3ncnc(Nc4ccc(F)c(F)c4)c3cc2n1CCCN1CCOCC1,6.2441251443275085
CHEMBL2064390,IC50,nM,3000.0,IC50,uM,3.0,CC(C)Oc1cccc(Nc2ncnc3cc4oc(=O)n(CCCN5CCOCC5)c4cc23)c1,5.522878745280337
CHEMBL2064391,IC50,nM,6800.0,IC50,uM,6.8,CC(=O)c1cccc(Nc2ncnc3cc4oc(=O)n(CCCN5CCOCC5)c4cc23)c1,5.167491087293763
CHEMBL2064392,IC50,nM,7800.0,IC50,uM,7.8,Cc1c(OCC(F)(F)F)ccnc1COc1ccc(Nc2ncnc3cc4oc(=O)n(CCCN5CCOCC5)c4cc23)cc1,5.107905397309519
CHEMBL2064393,IC50,nM,99.0,IC50,uM,0.099,Cc1c(OCC(F)(F)F)ccnc1COc1cccc(Nc2ncnc3cc4oc(=O)n(CCCN5CCOCC5)c4cc23)c1,7.00436480540245
CHEMBL2064394,IC50,nM,1700.0,IC50,uM,1.7,O=c1oc2cc3ncnc(Nc4ccc(OCc5ccccn5)cc4)c3cc2n1CCCN1CCOCC1,5.769551078621726
CHEMBL2064395,IC50,nM,61.0,IC50,uM,0.061,O=c1oc2cc3ncnc(Nc4ccc(OCc5ccc(Cl)cc5)c(Cl)c4)c3cc2n1CCCN1CCOCC1,7.214670164989233
CHEMBL2064396,IC50,nM,79000.0,IC50,uM,79.0,CC(C)(C)c1ccc(Nc2ncnc3cc4oc(=O)n(CCCN5CCOCC5)c4cc23)cc1,4.102372908709558
CHEMBL2064397,IC50,nM,7200.0,IC50,uM,7.2,CN(c1ccccc1)c1ncnc2cc3oc(=O)n(CCCN4CCOCC4)c3cc12,5.142667503568732
CHEMBL2064398,IC50,nM,4500.0,IC50,uM,4.5,C[C@@H](Nc1ncnc2cc3oc(=O)n(CCCN4CCOCC4)c3cc12)c1ccccc1,5.346787486224656
CHEMBL2064399,IC50,nM,3700.0,IC50,uM,3.7,C[C@H](Nc1ncnc2cc3oc(=O)n(CCCN4CCOCC4)c3cc12)c1ccccc1,5.431798275933005
CHEMBL2064400,IC50,nM,65000.0,IC50,uM,65.0,O=c1oc2cc3ncnc(NCc4ccccc4)c3cc2n1CCCN1CCOCC1,4.187086643357144
CHEMBL2064403,IC50,nM,120.0,IC50,uM,0.12,O=c1oc2cc3ncnc(Nc4ccc5[nH]ncc5c4)c3cc2n1CCCN1CCOCC1,6.920818753952375
CHEMBL1990583,IC50,nM,2090.0,IC50,nM,2090.0,Nc1ncnn2ccc(C(=O)Nc3ccc(NC(=O)Nc4cccc(F)c4)cc3)c12,5.679853713888946
CHEMBL2070190,IC50,nM,1630.0,IC50,uM,1.63,O=C(Nc1ccc2ncnc(Nc3cccc(Br)c3)c2c1)c1cccc2c1OCCO2,5.787812395596042
CHEMBL2070194,IC50,nM,1290.0,IC50,uM,1.29,O=C(Nc1ccc2ncnc(Nc3cccc(Cl)c3)c2c1)c1cccc2c1OCCO2,5.889410289700751
CHEMBL2070195,IC50,nM,3680.0,IC50,uM,3.68,O=C(Nc1ccc2ncnc(Nc3cccc(Br)c3)c2c1)C1COc2ccccc2O1,5.434152181326482
CHEMBL2070196,IC50,nM,2750.0,IC50,uM,2.75,O=C(Nc1ccc2ncnc(Nc3cccc(Cl)c3)c2c1)C1COc2ccccc2O1,5.560667306169737
CHEMBL2070197,IC50,nM,630.0,IC50,uM,0.63,Brc1cccc(Nc2ncnc3ccc(NCc4ccc5c(c4)OCO5)cc23)c1,6.200659450546418
CHEMBL2070191,IC50,nM,570.0,IC50,uM,0.57,Clc1cccc(Nc2ncnc3ccc(NCc4ccc5c(c4)OCO5)cc23)c1,6.2441251443275085
CHEMBL2070192,IC50,nM,1020.0,IC50,uM,1.02,Brc1cccc(Nc2ncnc3ccc(NCc4ccc5c(c4)OCCO5)cc23)c1,5.991399828238082
CHEMBL2070193,IC50,nM,790.0,IC50,uM,0.79,Clc1cccc(Nc2ncnc3ccc(NCc4ccc5c(c4)OCCO5)cc23)c1,6.102372908709558
CHEMBL2070198,IC50,nM,98.0,IC50,uM,0.098,Brc1cccc(Nc2ncnc3ccc(NCc4ccc5c(c4)OCCCO5)cc23)c1,7.008773924307505
CHEMBL2070199,IC50,nM,216.0,IC50,uM,0.216,Clc1cccc(Nc2ncnc3ccc(NCc4ccc5c(c4)OCCCO5)cc23)c1,6.665546248849069
CHEMBL2070200,IC50,nM,1140.0,IC50,uM,1.14,Brc1cccc(Nc2ncnc3ccc(NCc4ccc5c(c4)OCCCCO5)cc23)c1,5.943095148663527
CHEMBL2070201,IC50,nM,920.0,IC50,uM,0.92,Clc1cccc(Nc2ncnc3ccc(NCc4ccc5c(c4)OCCCCO5)cc23)c1,6.036212172654444
CHEMBL2070045,IC50,nM,510.0,IC50,uM,0.51,COc1ccc2cc(-c3nn(C(C)C)c4ncnc(N)c34)ccc2c1.Cl,6.292429823902063
CHEMBL2070048,IC50,nM,700.0,IC50,uM,0.7,CCOc1ccc2cc(-c3nn(C(C)C)c4ncnc(N)c34)ccc2c1.Cl,6.154901959985743
CHEMBL2086760,IC50,nM,137.0,IC50,nM,137.0,CCN1CCC(Nc2ccc3c(c2)C(=C(c2ccc(Cl)cc2)c2ncc[nH]2)C(=O)N3)CC1,6.863279432843593
CHEMBL1198361,IC50,nM,85.0,IC50,nM,85.0,Brc1cccc(Nc2ncnc3cc4c(cc23)OCCCO4)c1,7.070581074285707
CHEMBL2087352,IC50,nM,120.0,IC50,nM,120.0,Brc1cccc(Nc2ncnc3cc4c(cc23)Oc2ccccc2O4)c1,6.920818753952375
CHEMBL2087353,IC50,nM,55.0,IC50,nM,55.0,Brc1cccc(Nc2ncnc3cc4c(cc23)OCCOCCO4)c1,7.259637310505756
CHEMBL2087354,IC50,nM,150.0,IC50,nM,150.0,Cc1ccc(S(=O)(=O)N2CCOc3cc4ncnc(Nc5cccc(Br)c5)c4cc3OCC2)cc1,6.823908740944319
CHEMBL2087355,IC50,nM,5.0,IC50,nM,5.0,Brc1cccc(Nc2ncnc3cc4c(cc23)OCCOCCOCCO4)c1,8.301029995663981
CHEMBL2087356,IC50,nM,5.0,IC50,nM,5.0,Brc1cccc(Nc2ncnc3cc4c(cc23)OCCOCOCOCCO4)c1,8.301029995663981
CHEMBL2087357,IC50,nM,7.0,IC50,nM,7.0,Brc1cccc(Nc2ncnc3cc4c(cc23)OCCSCCO4)c1,8.154901959985743
CHEMBL2087358,IC50,nM,2.0,IC50,nM,2.0,Clc1cccc(Nc2ncnc3cc4c(cc23)OCCOCCOCCO4)c1,8.698970004336019
CHEMBL2087359,IC50,nM,8.0,IC50,nM,8.0,Brc1cccc(Nc2ncnc3cc4c(cc23)OCCCSCCCO4)c1,8.096910013008056
CHEMBL2087360,IC50,nM,2.0,IC50,nM,2.0,Fc1ccc(Nc2ncnc3cc4c(cc23)OCCOCCOCCO4)cc1Cl,8.698970004336019
CHEMBL2087361,IC50,nM,2.0,IC50,nM,2.0,C#Cc1cccc(Nc2ncnc3cc4c(cc23)OCCOCCOCCO4)c1,8.698970004336019
CHEMBL2148044,IC50,nM,15.0,IC50,nM,15.0,CS(=O)(=O)CC(=O)NCCn1ccc2ncnc(Nc3ccc(Oc4cccc(C(F)(F)F)c4)c(Cl)c3)c21,7.823908740944319
CHEMBL2148045,IC50,nM,31.0,IC50,nM,31.0,CCS(=O)(=O)CC(=O)NCCn1ccc2ncnc(Nc3ccc(Oc4cccc(C(F)(F)F)c4)c(Cl)c3)c21,7.508638306165727
CHEMBL2148046,IC50,nM,53.0,IC50,nM,53.0,CC(C)S(=O)(=O)CC(=O)NCCn1ccc2ncnc(Nc3ccc(Oc4cccc(C(F)(F)F)c4)c(Cl)c3)c21,7.275724130399211
CHEMBL2148047,IC50,nM,56.0,IC50,nM,56.0,CC(C)(C)S(=O)(=O)CC(=O)NCCn1ccc2ncnc(Nc3ccc(Oc4cccc(C(F)(F)F)c4)c(Cl)c3)c21,7.251811972993799
CHEMBL2148048,IC50,nM,18.0,IC50,nM,18.0,CC(C(=O)NCCn1ccc2ncnc(Nc3ccc(Oc4cccc(C(F)(F)F)c4)c(Cl)c3)c21)S(C)(=O)=O,7.7447274948966935
CHEMBL2148049,IC50,nM,47.0,IC50,nM,47.0,CC(C)(C(=O)NCCn1ccc2ncnc(Nc3ccc(Oc4cccc(C(F)(F)F)c4)c(Cl)c3)c21)S(C)(=O)=O,7.327902142064283
CHEMBL2148050,IC50,nM,6.7,IC50,nM,6.7,CS(=O)(=O)CC(=O)NCCn1ccc2ncnc(Nc3ccc(Oc4cccc(Cl)c4)c(Cl)c3)c21,8.173925197299173
CHEMBL2148051,IC50,nM,9.8,IC50,nM,9.8,CC(C(=O)NCCn1ccc2ncnc(Nc3ccc(Oc4cccc(Cl)c4)c(Cl)c3)c21)S(C)(=O)=O,8.008773924307505
CHEMBL2148052,IC50,nM,11.0,IC50,nM,11.0,CC(C)(C(=O)NCCn1ccc2ncnc(Nc3ccc(Oc4cccc(Cl)c4)c(Cl)c3)c21)S(C)(=O)=O,7.958607314841775
CHEMBL2148053,IC50,nM,11.0,IC50,nM,11.0,CC(C)(C(=O)NCCn1ccc2ncnc(Nc3ccc(Oc4cccc(Cl)c4)c(Cl)c3)c21)S(C)(=O)=O.Cc1ccc(S(=O)(=O)O)cc1,7.958607314841775
CHEMBL2152704,IC50,nM,1620.0,IC50,uM,1.62,Cc1ccc(O)cc1-n1c(=O)c2c(c3c(N)ncnc31)CCCC2,5.790484985457369
CHEMBL2152252,IC50,nM,739.0,IC50,nM,739.0,CNC(=O)c1nc(-c2ccc(Cl)c(S(=O)(=O)Nc3cccc(F)c3F)c2)cnc1N,6.131355561605174
CHEMBL2152253,IC50,nM,410.0,IC50,nM,410.0,CNC(=O)c1nc(-c2ccc(Cl)c(S(=O)(=O)Nc3cccc(F)c3C)c2)cnc1N,6.3872161432802645
CHEMBL2159053,IC50,nM,10490.0,IC50,uM,10.49,COc1ccc(C2=NN(C(=O)c3ccc(Cl)cc3O)C(c3ccc(Cl)cc3)C2)cc1,4.979224511806442
CHEMBL2178352,IC50,nM,400.0,IC50,uM,0.4,CN1CCN(c2ccc(Nc3ncc4nc(Nc5ccccc5)n(C5CCCC5)c4n3)cc2)CC1,6.3979400086720375
CHEMBL2178368,IC50,nM,978.0,IC50,uM,0.978,CN1CCN(c2ccc(Nc3ncc4nc(Nc5ccccc5)[nH]c4n3)cc2)CC1,6.009661145212399
CHEMBL2205030,IC50,nM,5400.0,IC50,uM,5.4,O=S1(=O)N=S(c2ccc(Br)cc2)c2ccncc21,5.267606240177032
CHEMBL605161,IC50,nM,22000.0,IC50,uM,22.0,O=[N+]([O-])c1ccc2c(c1)S(=O)(=O)N=S2c1ccc(Br)cc1,4.657577319177793
CHEMBL1917092,IC50,nM,1000.0,IC50,uM,1.0,COC(=O)c1ccc2c(c1)S(=O)(=O)N=S2c1ccc(Br)cc1,6.0
CHEMBL2105719,IC50,nM,6.0,IC50,nM,6.0,COc1cc2ncnc(Nc3ccc(F)c(Cl)c3)c2cc1NC(=O)/C=C/CN1CCCCC1.O,8.221848749616356
CHEMBL2283259,IC50,nM,29850.0,IC50,uM,29.85,CC(C)(C)NC(=O)/C=C/c1ccccc1,4.525055664534612
CHEMBL2283258,IC50,nM,38460.0,IC50,uM,38.46,CCCCCCCCCCCCNC(=O)/C=C/c1ccccc1,4.414990720097539
CHEMBL2283257,IC50,nM,15740.0,IC50,uM,15.74,O=C(/C=C/c1ccccc1)Nc1ccccc1Br,4.802995271976954
CHEMBL2283256,IC50,nM,13930.0,IC50,uM,13.93,O=C(/C=C/c1ccccc1)Nc1cc(Cl)cc(Cl)c1,4.856048883576037
CHEMBL2283255,IC50,nM,16170.0,IC50,uM,16.17,O=C(/C=C/c1ccccc1)Nc1ccc(Cl)cc1Cl,4.791289980093599
CHEMBL2336335,IC50,nM,13710.0,IC50,uM,13.71,O=C(/C=C/c1ccccc1)Nc1ccc(Cl)cc1,4.862962545210487
CHEMBL1830131,IC50,nM,14590.0,IC50,uM,14.59,O=C(/C=C/c1ccccc1)Nc1cccc(Cl)c1,4.835944708106548
CHEMBL1981977,IC50,nM,9860.0,IC50,uM,9.86,O=C(/C=C/c1ccccc1)Nc1ccccc1Cl,5.006123085058789
CHEMBL2283253,IC50,nM,12880.0,IC50,uM,12.88,O=C(/C=C/c1ccccc1)Nc1cc(F)c(F)c(F)c1,4.890084136976206
CHEMBL2283252,IC50,nM,13230.0,IC50,uM,13.23,O=C(/C=C/c1ccccc1)Nc1cc(F)cc(F)c1,4.878440155812499
CHEMBL2283251,IC50,nM,11690.0,IC50,uM,11.69,O=C(/C=C/c1ccccc1)Nc1ccc(F)cc1F,4.93218548883816
CHEMBL2336361,IC50,nM,10020.0,IC50,uM,10.02,O=C(/C=C/c1ccccc1)Nc1ccc(F)cc1,4.999132278468773
CHEMBL1998736,IC50,nM,7370.0,IC50,uM,7.37,O=C(/C=C/c1ccccc1)Nc1ccccc1F,5.132532512140949
CHEMBL2283249,IC50,nM,10230.0,IC50,uM,10.23,CCOc1ccc(NC(=O)/C=C/c2ccccc2)cc1,4.99012436628784
CHEMBL2283248,IC50,nM,9350.0,IC50,uM,9.35,CCOc1ccccc1NC(=O)/C=C/c1ccccc1,5.029188389127482
CHEMBL2336357,IC50,nM,9050.0,IC50,uM,9.05,COc1ccc(NC(=O)/C=C/c2ccccc2)cc1,5.043351420794797
CHEMBL2336355,IC50,nM,5160.0,IC50,uM,5.16,COc1ccccc1NC(=O)/C=C/c1ccccc1,5.287350298372789
CHEMBL2283245,IC50,nM,14580.0,IC50,uM,14.58,CC(C)c1ccc(NC(=O)/C=C/c2ccccc2)cc1,4.836242476018044
CHEMBL2336359,IC50,nM,12690.0,IC50,uM,12.69,Cc1ccc(NC(=O)/C=C/c2ccccc2)cc1,4.896538377905295
CHEMBL1830130,IC50,nM,19690.0,IC50,uM,19.69,Cc1cccc(NC(=O)/C=C/c2ccccc2)c1,4.705754283861881
CHEMBL2336358,IC50,nM,12290.0,IC50,uM,12.29,Cc1ccccc1NC(=O)/C=C/c1ccccc1,4.910448117113546
CHEMBL1830129,IC50,nM,23160.0,IC50,uM,23.16,O=C(/C=C/c1ccccc1)Nc1ccccc1,4.635261444944601
CHEMBL116438,IC50,nM,8600.0,IC50,uM,8.6,COc1cc(/C=C/C(=O)/C=C(O)/C=C/c2ccc(O)c(OC)c2)ccc1O,5.0655015487564325
CHEMBL2316159,IC50,nM,4800.0,IC50,uM,4.8,COc1cc(/C=C2\CCC/C(=C\c3cc(C(C)(C)C)c(O)c(C(C)(C)C)c3)C2=O)cc(OC)c1,5.318758762624412
CHEMBL2316158,IC50,nM,1900.0,IC50,uM,1.9,COc1cc(/C=C2\CCC/C(=C\c3ccc(S(C)(=O)=O)cc3)C2=O)cc(OC)c1,5.721246399047171
CHEMBL2316157,IC50,nM,2000.0,IC50,uM,2.0,COc1cc(/C=C2\CCC/C(=C\c3cc(OC)cc(OC)c3)C2=O)cc(OC)c1,5.698970004336019
CHEMBL2316156,IC50,nM,18600.0,IC50,uM,18.6,COc1ccc(/C=C2\CCC/C(=C\c3cc(OC)cc(OC)c3)C2=O)cc1,4.730487055782084
CHEMBL2316155,IC50,nM,5300.0,IC50,uM,5.3,COc1cc(/C=C2\CCC/C(=C\c3ccc(OC)c(O)c3)C2=O)cc(OC)c1,5.275724130399211
CHEMBL2316154,IC50,nM,3900.0,IC50,uM,3.9,COc1cc(/C=C2\CCC/C(=C\c3ccc(N(C)C)cc3)C2=O)cc(OC)c1,5.4089353929735005
CHEMBL2316153,IC50,nM,4600.0,IC50,uM,4.6,COc1cc(/C=C2\CCC/C(=C\c3ccc(O)cc3)C2=O)cc(OC)c1,5.337242168318426
CHEMBL2316152,IC50,nM,20800.0,IC50,uM,20.8,COc1cc(/C=C2\CCC/C(=C\c3ccccc3OC)C2=O)cc(OC)c1,4.681936665037238
CHEMBL2316151,IC50,nM,400.0,IC50,uM,0.4,COc1cc(/C=C2\CCC/C(=C\c3ccc(O)c(O)c3)C2=O)cc(OC)c1,6.3979400086720375
CHEMBL2316150,IC50,nM,6100.0,IC50,uM,6.1,COc1cccc(/C=C2\CCC/C(=C\c3cc(OC)cc(OC)c3)C2=O)c1,5.214670164989233
CHEMBL2316149,IC50,nM,7500.0,IC50,uM,7.5,COc1cc(/C=C2\CCC/C(=C\C3CCCCC3)C2=O)cc(OC)c1,5.1249387366083
CHEMBL2316148,IC50,nM,15300.0,IC50,uM,15.3,COc1cc(/C=C2\CCC/C(=C\c3ccc(Cl)cc3)C2=O)cc(OC)c1,4.815308569182401
CHEMBL2316147,IC50,nM,5600.0,IC50,uM,5.6,COc1cc(/C=C2\CCC/C(=C\c3ccc(F)cc3)C2=O)cc(OC)c1,5.251811972993799
CHEMBL2316146,IC50,nM,7100.0,IC50,uM,7.1,COc1cc(/C=C2\CCC/C(=C\c3ccc(Br)cc3)C2=O)cc(OC)c1,5.1487416512809245
CHEMBL2316145,IC50,nM,6800.0,IC50,uM,6.8,COc1cc(/C=C2\CCC/C(=C\c3cccc(Br)c3)C2=O)cc(OC)c1,5.167491087293763
CHEMBL2316144,IC50,nM,8000.0,IC50,uM,8.0,COc1cc(/C=C2\CCC/C(=C\c3ccccc3Br)C2=O)cc(OC)c1,5.096910013008056
CHEMBL2316143,IC50,nM,2100.0,IC50,uM,2.1,COc1cc(/C=C2\CCC/C(=C\c3ccccc3F)C2=O)cc(OC)c1,5.6777807052660805
CHEMBL2316142,IC50,nM,1500.0,IC50,uM,1.5,COc1cc(/C=C2\CCC/C(=C\c3ccccc3Cl)C2=O)cc(OC)c1,5.823908740944319
CHEMBL2316141,IC50,nM,2200.0,IC50,uM,2.2,COc1cc(/C=C2\CCC/C(=C\c3cccc(Cl)c3)C2=O)cc(OC)c1,5.657577319177793
CHEMBL2316140,IC50,nM,1600.0,IC50,uM,1.6,COc1cc(/C=C2\CCC/C(=C\c3ccccc3)C2=O)cc(OC)c1,5.795880017344075
CHEMBL2312304,IC50,nM,4090.0,IC50,uM,4.09,O=C(NCCCN1CCOC1=O)c1cnc(NCc2cc(Cl)ccc2Cl)nc1NC1CCCC1,5.388276691992658
CHEMBL2312303,IC50,nM,4290.0,IC50,uM,4.29,O=C(NCCCN1CCCC1=O)c1cnc(NCc2cc(Cl)ccc2Cl)nc1NC1CCCC1,5.367542707815276
CHEMBL2312654,IC50,nM,590.0,IC50,uM,0.59,Cc1cc(-c2cnc(Nc3cc(Cl)cc(Cl)c3)nc2NC2CCC(N(C)C)CC2)on1,6.229147988357855
CHEMBL2312652,IC50,nM,30000.0,IC50,uM,30.0,CN1CCC(NC(=O)c2cnc(Nc3cc(Cl)cc(Cl)c3)nc2N[C@@H]2COC[C@H]2O)CC1,4.522878745280337
CHEMBL2312649,IC50,nM,30000.0,IC50,uM,30.0,CN1CCC(NC(=O)c2cnc(Nc3cc(Cl)cc(Cl)c3)nc2NC2CCC(N(C)C)CC2)CC1,4.522878745280337
CHEMBL2312646,IC50,nM,30000.0,IC50,uM,30.0,CN1CCC(NC(=O)c2cnc(NCc3cc(Cl)ccc3Cl)nc2NC2CCCC2)CC1,4.522878745280337
CHEMBL2312645,IC50,nM,30000.0,IC50,uM,30.0,COc1ccccc1CNc1ncc(C(=O)NC2CCN(C)CC2)c(NC2CCCC2)n1,4.522878745280337
CHEMBL2322330,IC50,nM,6.9,IC50,nM,6.9,O=C(Nc1cccc(Oc2ccc(Nc3ncnc4ccn(CCOCCO)c34)cc2Cl)c1)NC1CCCCC1,8.161150909262744
CHEMBL2322329,IC50,nM,4.6,IC50,nM,4.6,CN(C)C/C=C/C(=O)NCCn1ccc2ncnc(Nc3ccc(Oc4cccc(C(F)(F)F)c4)c(Cl)c3)c21,8.337242168318426
CHEMBL1614725,IC50,nM,4.0,IC50,nM,4.0,CC(C)(O)CC(=O)NCCn1ccc2ncnc(Nc3ccc(Oc4cccc(C(F)(F)F)c4)c(Cl)c3)c21,8.397940008672037
CHEMBL2325101,IC50,nM,50.0,IC50,uM,0.05,Clc1ccc(C2=NN(c3ccccc3)C(c3ccc4ccccc4c3)C2)cc1Cl,7.301029995663981
CHEMBL2325100,IC50,nM,60.0,IC50,uM,0.06,Cc1ccc(C2=NN(c3ccccc3)C(c3ccc4ccccc4c3)C2)cc1,7.221848749616356
CHEMBL2325099,IC50,nM,120.0,IC50,uM,0.12,COc1ccc(C2=NN(c3ccccc3)C(c3ccc4ccccc4c3)C2)cc1,6.920818753952375
CHEMBL2325098,IC50,nM,710.0,IC50,uM,0.71,Brc1ccc(C2=NN(c3ccccc3)C(c3ccc4ccccc4c3)C2)cc1,6.1487416512809245
CHEMBL2325097,IC50,nM,110.0,IC50,uM,0.11,Clc1ccc(C2=NN(c3ccccc3)C(c3ccc4ccccc4c3)C2)cc1,6.958607314841775
CHEMBL2325096,IC50,nM,300.0,IC50,uM,0.3,Fc1ccc(C2=NN(c3ccccc3)C(c3ccc4ccccc4c3)C2)cc1,6.522878745280337
CHEMBL2325095,IC50,nM,240.0,IC50,uM,0.24,c1ccc(C2=NN(c3ccccc3)C(c3ccc4ccccc4c3)C2)cc1,6.619788758288394
CHEMBL2325094,IC50,nM,140.0,IC50,uM,0.14,Clc1ccc(C2=NN(c3ccccc3)C(c3cccc4ccccc34)C2)cc1Cl,6.853871964321762
CHEMBL2325093,IC50,nM,200.0,IC50,uM,0.2,Cc1ccc(C2=NN(c3ccccc3)C(c3cccc4ccccc34)C2)cc1,6.698970004336019
CHEMBL2325092,IC50,nM,100.0,IC50,uM,0.1,COc1ccc(C2=NN(c3ccccc3)C(c3cccc4ccccc34)C2)cc1,7.0
CHEMBL2325091,IC50,nM,490.0,IC50,uM,0.49,Brc1ccc(C2=NN(c3ccccc3)C(c3cccc4ccccc34)C2)cc1,6.309803919971486
CHEMBL2325090,IC50,nM,680.0,IC50,uM,0.68,Clc1ccc(C2=NN(c3ccccc3)C(c3cccc4ccccc34)C2)cc1,6.167491087293763
CHEMBL2325089,IC50,nM,1070.0,IC50,uM,1.07,Fc1ccc(C2=NN(c3ccccc3)C(c3cccc4ccccc34)C2)cc1,5.97061622231479
CHEMBL2325088,IC50,nM,2520.0,IC50,uM,2.52,c1ccc(C2=NN(c3ccccc3)C(c3cccc4ccccc34)C2)cc1,5.598599459218456
CHEMBL2325087,IC50,nM,660.0,IC50,uM,0.66,NC(=S)N1N=C(c2ccc(Cl)c(Cl)c2)CC1c1ccc2ccccc2c1,6.180456064458132
CHEMBL2324873,IC50,nM,520.0,IC50,uM,0.52,Cc1ccc(C2=NN(C(N)=S)C(c3ccc4ccccc4c3)C2)cc1,6.2839966563652006
CHEMBL2324872,IC50,nM,1040.0,IC50,uM,1.04,COc1ccc(C2=NN(C(N)=S)C(c3ccc4ccccc4c3)C2)cc1,5.982966660701219
CHEMBL2324871,IC50,nM,350.0,IC50,uM,0.35,NC(=S)N1N=C(c2ccc(Br)cc2)CC1c1ccc2ccccc2c1,6.455931955649724
CHEMBL2324870,IC50,nM,530.0,IC50,uM,0.53,NC(=S)N1N=C(c2ccc(Cl)cc2)CC1c1ccc2ccccc2c1,6.275724130399211
CHEMBL2325110,IC50,nM,3280.0,IC50,uM,3.28,NC(=S)N1N=C(c2ccc(F)cc2)CC1c1ccc2ccccc2c1,5.484126156288321
CHEMBL2325109,IC50,nM,3010.0,IC50,uM,3.01,NC(=S)N1N=C(c2ccccc2)CC1c1ccc2ccccc2c1,5.521433504406157
CHEMBL2325108,IC50,nM,210.0,IC50,uM,0.21,NC(=S)N1N=C(c2ccc(Cl)c(Cl)c2)CC1c1cccc2ccccc12,6.6777807052660805
CHEMBL2325107,IC50,nM,2060.0,IC50,uM,2.06,Cc1ccc(C2=NN(C(N)=S)C(c3cccc4ccccc34)C2)cc1,5.686132779630847
CHEMBL2325106,IC50,nM,160.0,IC50,uM,0.16,COc1ccc(C2=NN(C(N)=S)C(c3cccc4ccccc34)C2)cc1,6.795880017344075
CHEMBL2325105,IC50,nM,5680.0,IC50,uM,5.68,NC(=S)N1N=C(c2ccc(Br)cc2)CC1c1cccc2ccccc12,5.245651664288981
CHEMBL2325104,IC50,nM,940.0,IC50,uM,0.94,NC(=S)N1N=C(c2ccc(Cl)cc2)CC1c1cccc2ccccc12,6.026872146400302
CHEMBL2325103,IC50,nM,8250.0,IC50,uM,8.25,NC(=S)N1N=C(c2ccc(F)cc2)CC1c1cccc2ccccc12,5.0835460514500745
CHEMBL2325102,IC50,nM,2230.0,IC50,uM,2.23,NC(=S)N1N=C(c2ccccc2)CC1c1cccc2ccccc12,5.651695136951839
CHEMBL2333163,IC50,nM,600.0,IC50,uM,0.6,O=C(NCCc1ccc(O)c(Br)c1)/C(Cc1cc(Br)c(O)c(Oc2ccc(CCNC(=O)/C(Cc3cc(Br)c(O)c(-c4cc(C/C(=N\O)C(=O)NCCc5ccc(O)c(Br)c5)cc(Br)c4O)c3)=N/O)cc2Br)c1)=N/O,6.221848749616356
CHEMBL505637,IC50,nM,1300.0,IC50,uM,1.3,O=C(NCCc1ccc(O)c(Br)c1)/C(Cc1cc(Br)c(O)c(-c2cc(C/C(=N/O)C(=O)NCCc3ccc(O)c(Br)c3)cc(Br)c2O)c1)=N\O,5.886056647693163
CHEMBL510730,IC50,nM,2000.0,IC50,uM,2.0,O=C1NCCc2cc(Br)c(O)c(c2)Oc2c(Br)cc(cc2Br)CCNC(=O)/C(=N/O)Cc2cc(Br)c(O)c(c2)Oc2c(Br)cc(cc2Br)C/C1=N\O,5.698970004336019
CHEMBL360190,IC50,nM,1500.0,IC50,uM,1.5,O=C1N/C=C/c2ccc(c(Br)c2)Oc2cc(cc(Br)c2O)CCNC(=O)/C(=N/O)Cc2ccc(c(Br)c2)Oc2cc(cc(Br)c2O)C/C1=N\O,5.823908740944319
CHEMBL2333164,IC50,nM,2900.0,IC50,uM,2.9,O=C1NCCc2ccc(O)c(c2)Oc2c(Br)cc(cc2Br)CCNC(=O)/C(=N/O)Cc2cc(Br)c(O)c(c2)Oc2c(Br)cc(cc2Br)C/C1=N\O,5.5376020021010435
CHEMBL2337372,IC50,nM,130500.0,IC50,uM,130.5,COc1cccc(Nc2nc(NC(=O)C(C)(C)C)nc3[nH]c4cccc(Cl)c4c23)c1,3.8843894883257004
CHEMBL2337371,IC50,nM,30800.0,IC50,uM,30.8,CC(C)(C)C(=O)Nc1nc(Nc2cccc(F)c2)c2c(n1)[nH]c1cccc(Cl)c12,4.511449283499556
CHEMBL2337369,IC50,nM,58700.0,IC50,uM,58.7,CC(C)(C)C(=O)Nc1nc(Nc2ccc(Cl)cc2)c2c(n1)[nH]c1cccc(Cl)c12,4.231361898752385
CHEMBL2337368,IC50,nM,39200.0,IC50,uM,39.2,CC(C)c1ccc(Nc2nc(NC(=O)C(C)(C)C)nc3[nH]c4cccc(Cl)c4c23)cc1,4.406713932979542
CHEMBL2337367,IC50,nM,114700.0,IC50,uM,114.7,CC(C)(C)C(=O)Nc1nc(Nc2ccccc2)c2c(n1)[nH]c1cccc(Cl)c12,3.9404365820987324
CHEMBL2337366,IC50,nM,82900.0,IC50,uM,82.9,COc1cccc(Nc2nc(N)nc3[nH]c4cccc(Cl)c4c23)c1,4.081445469449727
CHEMBL2337364,IC50,nM,38900.0,IC50,uM,38.9,Nc1nc(Nc2ccc(Cl)cc2F)c2c(n1)[nH]c1cccc(Cl)c12,4.410050398674292
CHEMBL2337363,IC50,nM,63600.0,IC50,uM,63.6,Nc1nc(Nc2ccc(Cl)cc2)c2c(n1)[nH]c1cccc(Cl)c12,4.196542884351586
CHEMBL2337362,IC50,nM,42000.0,IC50,uM,42.0,CC(C)c1ccc(Nc2nc(N)nc3[nH]c4cccc(Cl)c4c23)cc1,4.376750709602099
CHEMBL2337373,IC50,nM,147.0,IC50,nM,147.0,Nc1nc(Nc2ccccc2)c2c(n1)[nH]c1ccccc12,6.8326826652518236
CHEMBL2335378,IC50,nM,110600.0,IC50,uM,110.6,Nc1nc(Nc2ccc(F)c(Cl)c2)c2cc(CCc3ccccn3)[nH]c2n1,3.9562448730313204
CHEMBL2335377,IC50,nM,85900.0,IC50,uM,85.9,Nc1nc(Nc2ccc(F)c(Br)c2)c2cc(CCc3ccccn3)[nH]c2n1,4.066006836168758
CHEMBL2335019,IC50,nM,26900.0,IC50,uM,26.9,CC(C)(C)C(=O)Nc1nc(Nc2ccc(F)c(C(F)(F)F)c2)c2cc(CCc3ccccn3)[nH]c2n1,4.570247719997592
CHEMBL2335379,IC50,nM,19900.0,IC50,uM,19.9,C#Cc1cccc(Nc2nc(N)nc3[nH]c(CCc4ccccn4)cc23)c1,4.701146923590294
CHEMBL2335013,IC50,nM,19300.0,IC50,uM,19.3,Nc1nc(Nc2cccc(C(F)(F)F)c2)c2cc(CCc3ccccn3)[nH]c2n1,4.714442690992226
CHEMBL2335016,IC50,nM,16300.0,IC50,uM,16.3,CC(C)(C)C(=O)Nc1nc(Nc2ccc(F)c(Cl)c2)c2cc(CCc3ccccn3)[nH]c2n1,4.787812395596042
CHEMBL2335014,IC50,nM,15600.0,IC50,uM,15.6,Nc1nc(Nc2ccc(F)c(C(F)(F)F)c2)c2cc(CCc3ccccn3)[nH]c2n1,4.806875401645539
CHEMBL2335018,IC50,nM,12800.0,IC50,uM,12.8,CC(C)(C)C(=O)Nc1nc(Nc2cccc(C(F)(F)F)c2)c2cc(CCc3ccccn3)[nH]c2n1,4.892790030352131
CHEMBL2335015,IC50,nM,5400.0,IC50,uM,5.4,CC(C)(C)C(=O)Nc1nc(Nc2ccc(F)c(Br)c2)c2cc(CCc3ccccn3)[nH]c2n1,5.267606240177032
CHEMBL2335376,IC50,nM,300.0,IC50,uM,0.3,Nc1nc(Nc2cccc(Br)c2)c2cc(CCc3ccccn3)[nH]c2n1,6.522878745280337
CHEMBL2332119,IC50,nM,2600.0,IC50,uM,2.6,NC(=O)C1=C(N)C(=O)C=C(Nc2ccccc2O)C1=O,5.585026652029182
CHEMBL2333986,IC50,nM,10000.0,IC50,uM,10.0,COc1cc2ncnc(Nc3ccccc3C(F)(F)F)c2cc1OC,5.0
CHEMBL2333985,IC50,nM,4700.0,IC50,uM,4.7,COc1cc2ncnc(Nc3ccc(C(C)(F)F)cc3)c2cc1OC,5.327902142064283
CHEMBL2334003,IC50,nM,13.6,IC50,nM,13.6,COc1cc2ncnc(Nc3ccc(F)c(Cl)c3)c2cc1OCCCNCCN,7.866461091629782
CHEMBL2334002,IC50,nM,12.1,IC50,nM,12.1,COc1cc2ncnc(Nc3ccc(F)c(Cl)c3)c2cc1OCCNCCN,7.91721462968355
CHEMBL2334001,IC50,nM,63.4,IC50,nM,63.4,COc1cc2ncnc(Nc3ccc(F)c(Cl)c3)c2cc1OCCO,7.1979107421182675
CHEMBL2333999,IC50,nM,18.1,IC50,nM,18.1,COc1cc2ncnc(Nc3ccc(F)c(Cl)c3)c2cc1OCCBr,7.7423214251308154
CHEMBL2333998,IC50,nM,412.8,IC50,nM,412.8,COc1cc2ncnc(Nc3cccc(C#N)c3)c2cc1OC,6.384260311380845
CHEMBL2333991,IC50,nM,126.7,IC50,nM,126.7,COc1cc2ncnc(Nc3cccc(-c4ccccc4)c3)c2cc1OC,6.8972233851165585
CHEMBL29641,IC50,nM,126.7,IC50,nM,126.7,COc1cc2ncnc(Nc3cccc(SC)c3)c2cc1OC,6.8972233851165585
CHEMBL2347231,IC50,nM,61.0,IC50,uM,0.061,NC(=O)Nc1ccc2ncnc(Nc3ccc(Cl)cc3)c2c1,7.214670164989233
CHEMBL484270,IC50,nM,9.0,IC50,nM,9.0,CCN1CCN(Cc2ccc(-c3cc4c(N[C@@H](C)c5ccccc5)ncnc4[nH]3)cc2)CC1,8.045757490560675
CHEMBL2347959,IC50,nM,1270.0,IC50,nM,1270.0,CC(C)CCCC(=O)Nc1cccc(-c2c(-c3ccccc3)oc3ncnc(N[C@H](CO)c4ccccc4)c23)c1,5.896196279044043
CHEMBL2347962,IC50,nM,486.0,IC50,nM,486.0,CN(C)CCCCCC(=O)Nc1cccc(-c2c(-c3ccccc3)oc3ncnc(N[C@H](CO)c4ccccc4)c23)c1,6.313363730737707
CHEMBL2347961,IC50,nM,4.0,IC50,nM,4.0,CN(C)CCCCC(=O)Nc1cccc(-c2c(-c3ccccc3)oc3ncnc(N[C@H](CO)c4ccccc4)c23)c1,8.397940008672037
CHEMBL2347960,IC50,nM,34.0,IC50,nM,34.0,CN(C)CCCC(=O)Nc1cccc(-c2c(-c3ccccc3)oc3ncnc(N[C@H](CO)c4ccccc4)c23)c1,7.468521082957745
CHEMBL2347963,IC50,nM,2.0,IC50,nM,2.0,CN(C)CCC(=O)Nc1cccc(-c2c(-c3ccccc3)oc3ncnc(N[C@H](CO)c4ccccc4)c23)c1,8.698970004336019
CHEMBL2347966,IC50,nM,4.0,IC50,nM,4.0,CN(C)CC(=O)Nc1cccc(-c2c(-c3ccccc3)oc3ncnc(N[C@H](CO)c4ccccc4)c23)c1,8.397940008672037
CHEMBL2347965,IC50,nM,29.0,IC50,nM,29.0,CC(=O)Nc1cccc(-c2c(-c3ccccc3)oc3ncnc(N[C@H](CO)c4ccccc4)c23)c1,7.5376020021010435
CHEMBL2347964,IC50,nM,23.0,IC50,nM,23.0,CC(=O)Nc1ccc(-c2c(-c3ccccc3)oc3ncnc(N[C@H](CO)c4ccccc4)c23)cc1,7.638272163982407
CHEMBL2346678,IC50,nM,22.0,IC50,nM,22.0,Nc1cccc(-c2c(-c3ccccc3)oc3ncnc(N[C@H](CO)c4ccccc4)c23)c1,7.657577319177793
CHEMBL2347967,IC50,nM,49.0,IC50,nM,49.0,O=[N+]([O-])c1cccc(-c2c(-c3ccccc3)oc3ncnc(N[C@H](CO)c4ccccc4)c23)c1,7.309803919971486
CHEMBL2347972,IC50,nM,30.0,IC50,nM,30.0,OC[C@@H](Nc1ncnc2oc(-c3ccccc3)c(-c3ccc4c(c3)OCO4)c12)c1ccccc1,7.522878745280337
CHEMBL2347971,IC50,nM,44.0,IC50,nM,44.0,OC[C@@H](Nc1ncnc2oc(-c3ccccc3)c(-c3ccoc3)c12)c1ccccc1,7.356547323513812
CHEMBL2347970,IC50,nM,73.0,IC50,nM,73.0,OC[C@@H](Nc1ncnc2oc(-c3ccccc3)c(-c3ccco3)c12)c1ccccc1,7.136677139879544
CHEMBL2347969,IC50,nM,90.0,IC50,nM,90.0,OC[C@@H](Nc1ncnc2oc(-c3ccccc3)c(Br)c12)c1ccccc1,7.045757490560675
CHEMBL2347968,IC50,nM,168.0,IC50,nM,168.0,OC[C@@H](Nc1ncnc2oc(-c3ccccc3)c(Cl)c12)c1ccccc1,6.774690718274137
CHEMBL2347973,IC50,nM,1451.0,IC50,nM,1451.0,COC(=O)[C@@H](Nc1ncnc2oc(-c3ccccc3)c(-c3ccccc3)c12)c1ccccc1,5.838332587562264
CHEMBL2348194,IC50,nM,339.0,IC50,nM,339.0,C[C@@H](Nc1ncnc2oc(-c3ccccc3)c(-c3ccccc3)c12)c1ccccc1,6.4698003017969175
CHEMBL2348418,IC50,nM,47.0,IC50,nM,47.0,CS(=O)(=O)CCNC(=O)C1=Cc2c(ncnc2Nc2ccc(Oc3cccc4sccc34)c(Cl)c2)NCC1,7.327902142064283
CHEMBL2348417,IC50,nM,36.0,IC50,nM,36.0,O=C(NCCO)C1=Cc2c(ncnc2Nc2ccc(Oc3cccc4sccc34)c(Cl)c2)NCC1,7.443697499232712
CHEMBL2348416,IC50,nM,44.0,IC50,nM,44.0,COC(=O)C1=Cc2c(ncnc2Nc2ccc(Oc3cccc4sccc34)c(Cl)c2)NCC1,7.356547323513812
CHEMBL2348415,IC50,nM,75.0,IC50,nM,75.0,CS(=O)(=O)CCNC(=O)C1=Cc2c(ncnc2Nc2ccc(Oc3cccc(C(F)(F)F)c3)c(Cl)c2)NCC1,7.1249387366083
CHEMBL2348414,IC50,nM,38.0,IC50,nM,38.0,O=C(NCCO)C1=Cc2c(ncnc2Nc2ccc(Oc3cccc(C(F)(F)F)c3)c(Cl)c2)NCC1,7.42021640338319
CHEMBL2348419,IC50,nM,110.0,IC50,nM,110.0,COC(=O)C1=Cc2c(ncnc2Nc2ccc(Oc3cccc(C(F)(F)F)c3)c(Cl)c2)NCC1,6.958607314841775
CHEMBL2381511,IC50,nM,292.0,IC50,uM,0.292,C=CC(=O)Nc1cccc(Oc2nc(Nc3ccc(N4CCN(CC(=O)OCCCCCCOc5no[n+]([O-])c5S(=O)(=O)c5ccccc5)CC4)cc3OC)ncc2Cl)c1,6.534617148551582
CHEMBL2381510,IC50,nM,101.0,IC50,uM,0.101,C=CC(=O)Nc1cccc(Oc2nc(Nc3ccc(N4CCN(CC(=O)OCCOCCOc5no[n+]([O-])c5S(=O)(=O)c5ccccc5)CC4)cc3OC)ncc2Cl)c1,6.995678626217358
CHEMBL2381509,IC50,nM,52.0,IC50,uM,0.052,C=CC(=O)Nc1cccc(Oc2nc(Nc3ccc(N4CCN(CC(=O)OCC#CCOc5no[n+]([O-])c5S(=O)(=O)c5ccccc5)CC4)cc3OC)ncc2Cl)c1,7.2839966563652006
CHEMBL2381508,IC50,nM,174.0,IC50,uM,0.174,C=CC(=O)Nc1cccc(Oc2nc(Nc3ccc(N4CCN(CC(=O)OCCCCOc5no[n+]([O-])c5S(=O)(=O)c5ccccc5)CC4)cc3OC)ncc2Cl)c1,6.7594507517174005
CHEMBL2381507,IC50,nM,99.0,IC50,uM,0.099,C=CC(=O)Nc1cccc(Oc2nc(Nc3ccc(N4CCN(CC(=O)OCCCOc5no[n+]([O-])c5S(=O)(=O)c5ccccc5)CC4)cc3OC)ncc2Cl)c1,7.00436480540245
CHEMBL2381506,IC50,nM,59.0,IC50,uM,0.059,C=CC(=O)Nc1cccc(Oc2nc(Nc3ccc(N4CCN(CC(=O)OCCOc5no[n+]([O-])c5S(=O)(=O)c5ccccc5)CC4)cc3OC)ncc2Cl)c1,7.229147988357855
CHEMBL2381505,IC50,nM,73.0,IC50,uM,0.073,C=CC(=O)Nc1cccc(Oc2nc(Nc3ccc(N4CCN(CC(=O)NCC(C)Oc5no[n+]([O-])c5S(=O)(=O)c5ccccc5)CC4)cc3OC)ncc2Cl)c1,7.136677139879544
CHEMBL2381504,IC50,nM,42.0,IC50,uM,0.042,C=CC(=O)Nc1cccc(Oc2nc(Nc3ccc(N4CCN(CC(=O)N5CCC(Oc6no[n+]([O-])c6S(=O)(=O)c6ccccc6)CC5)CC4)cc3OC)ncc2Cl)c1,7.376750709602099
CHEMBL2381516,IC50,nM,39.0,IC50,uM,0.039,C=CC(=O)Nc1cccc(Oc2nc(Nc3ccc(N4CCN(CC(=O)N5CCN(CCOc6no[n+]([O-])c6S(=O)(=O)c6ccccc6)CC5)CC4)cc3OC)ncc2Cl)c1,7.4089353929735005
CHEMBL2381515,IC50,nM,59.0,IC50,uM,0.059,C=CC(=O)Nc1cccc(Oc2nc(Nc3ccc(N4CCN(CC(=O)NCCCOc5no[n+]([O-])c5S(=O)(=O)c5ccccc5)CC4)cc3OC)ncc2Cl)c1,7.229147988357855
CHEMBL2381514,IC50,nM,51.0,IC50,uM,0.051,C=CC(=O)Nc1cccc(Oc2nc(Nc3ccc(N4CCN(CC(=O)NCCOc5no[n+]([O-])c5S(=O)(=O)c5ccccc5)CC4)cc3OC)ncc2Cl)c1,7.292429823902063
CHEMBL2385993,IC50,nM,6000.0,IC50,uM,6.0,Cc1ccc(NC(=O)c2ccc(CN3CCN(C)CC3)cc2)cc1C(=O)Nc1nccc(-c2cccc(F)c2)n1,5.221848749616356
CHEMBL2385992,IC50,nM,5000.0,IC50,uM,5.0,Cc1ccc(NC(=O)/C=C/CN(C)C)cc1C(=O)Nc1nccc(-c2cccnc2)n1,5.301029995663981
CHEMBL2385991,IC50,nM,600.0,IC50,uM,0.6,Cc1ccc(NC(=O)c2ccc(CN3CCN(C)CC3)cc2)cc1C(=O)Nc1ccc(OCc2cccc(F)c2)c(Cl)c1,6.221848749616356
CHEMBL2385990,IC50,nM,450.0,IC50,uM,0.45,Cc1ccc(NC(=O)/C=C/CN(C)C)cc1C(=O)Nc1ccc(OCc2cccc(F)c2)c(Cl)c1,6.346787486224656
CHEMBL2385988,IC50,nM,6000.0,IC50,uM,6.0,CCOc1ccc(C(=O)Nc2nccc(-c3cccnc3)n2)cc1NC(=O)/C=C/CN(C)C,5.221848749616356
CHEMBL2385987,IC50,nM,3500.0,IC50,uM,3.5,CCOc1ccc(C(=O)Nc2ccc(OCc3ccccn3)c(Cl)c2)cc1NC(=O)c1ccc(CN2CCN(C)CC2)cc1,5.455931955649724
CHEMBL2385986,IC50,nM,1200.0,IC50,uM,1.2,CCOc1ccc(C(=O)Nc2ccc(OCc3ccccn3)c(Cl)c2)cc1NC(=O)/C=C/CN(C)C,5.920818753952375
CHEMBL2385985,IC50,nM,800.0,IC50,uM,0.8,CCOc1cc(N)c(C(=O)Nc2ccc(F)c(Cl)c2)cc1NC(=O)c1ccc(CN2CCN(C)CC2)cc1,6.096910013008056
CHEMBL2385984,IC50,nM,5000.0,IC50,uM,5.0,CCOc1cc([N+](=O)[O-])c(C(=O)Nc2ccc(F)c(Cl)c2)cc1NC(=O)c1ccc(CN2CCN(C)CC2)cc1,5.301029995663981
CHEMBL2385983,IC50,nM,4500.0,IC50,uM,4.5,CCOc1cc(N)c(C(=O)Nc2ccc(F)c(Cl)c2)cc1NC(=O)/C=C/CN(C)C,5.346787486224656
CHEMBL2385982,IC50,nM,6000.0,IC50,uM,6.0,CCOc1cc([N+](=O)[O-])c(C(=O)Nc2ccc(F)c(Cl)c2)cc1NC(=O)/C=C/CN(C)C,5.221848749616356
CHEMBL2385981,IC50,nM,5000.0,IC50,uM,5.0,CCOc1cc(N)c(C(=O)Nc2ccc(OCc3cccc(F)c3)c(Cl)c2)cc1NC(=O)c1ccc(CN2CCN(C)CC2)cc1,5.301029995663981
CHEMBL2385980,IC50,nM,5500.0,IC50,uM,5.5,CCOc1cc([N+](=O)[O-])c(C(=O)Nc2ccc(OCc3cccc(F)c3)c(Cl)c2)cc1NC(=O)c1ccc(CN2CCN(C)CC2)cc1,5.259637310505756
CHEMBL2385979,IC50,nM,1500.0,IC50,uM,1.5,CCOc1cc(N)c(C(=O)Nc2ccc(OCc3cccc(F)c3)c(Cl)c2)cc1NC(=O)/C=C/CN(C)C,5.823908740944319
CHEMBL2385978,IC50,nM,2000.0,IC50,uM,2.0,CCOc1cc([N+](=O)[O-])c(C(=O)Nc2ccc(OCc3cccc(F)c3)c(Cl)c2)cc1NC(=O)/C=C/CN(C)C,5.698970004336019
CHEMBL2385977,IC50,nM,1000.0,IC50,uM,1.0,CCOc1cc(N)c(C(=O)Nc2ccc(OCc3ccccn3)c(Cl)c2)cc1NC(=O)c1ccc(CN2CCN(C)CC2)cc1,6.0
CHEMBL2385976,IC50,nM,900.0,IC50,uM,0.9,CCOc1cc([N+](=O)[O-])c(C(=O)Nc2ccc(OCc3ccccn3)c(Cl)c2)cc1NC(=O)c1ccc(CN2CCN(C)CC2)cc1,6.045757490560675
CHEMBL2385975,IC50,nM,800.0,IC50,uM,0.8,CCOc1cc(N)c(C(=O)Nc2ccc(OCc3ccccn3)c(Cl)c2)cc1NC(=O)/C=C/CN(C)C,6.096910013008056
CHEMBL2385974,IC50,nM,850.0,IC50,uM,0.85,CCOc1cc([N+](=O)[O-])c(C(=O)Nc2ccc(OCc3ccccn3)c(Cl)c2)cc1NC(=O)/C=C/CN(C)C,6.070581074285707
CHEMBL2385971,IC50,nM,3000.0,IC50,uM,3.0,CN1CCN(Cc2ccc(C(=O)Nc3ccc(-c4cncc(C#N)c4Nc4ccc(F)c(Cl)c4)cc3)cc2)CC1,5.522878745280337
CHEMBL2385970,IC50,nM,3500.0,IC50,uM,3.5,CN(C)C/C=C/C(=O)Nc1ccc(-c2cncc(C#N)c2Nc2ccc(F)c(Cl)c2)cc1,5.455931955649724
CHEMBL2385969,IC50,nM,2500.0,IC50,uM,2.5,CN1CCN(Cc2ccc(C(=O)Nc3ccc(-c4cncc(C#N)c4Nc4ccc(OCc5cccc(F)c5)c(Cl)c4)cc3)cc2)CC1,5.6020599913279625
CHEMBL2385968,IC50,nM,660.0,IC50,uM,0.66,CN(C)C/C=C/C(=O)Nc1ccc(-c2cncc(C#N)c2Nc2ccc(OCc3cccc(F)c3)c(Cl)c2)cc1,6.180456064458132
CHEMBL2385967,IC50,nM,2300.0,IC50,uM,2.3,CN1CCN(Cc2ccc(C(=O)Nc3ccc(-c4cncc(C#N)c4Nc4ccc(OCc5ccccn5)c(Cl)c4)cc3)cc2)CC1,5.638272163982407
CHEMBL2385959,IC50,nM,460.0,IC50,uM,0.46,Cc1ncnc(Nc2ccc(OCc3cccc(F)c3)c(Cl)c2)c1/C=C/c1ccc(CNCCS(C)(=O)=O)o1,6.337242168318426
CHEMBL2385960,IC50,nM,45.0,IC50,uM,0.045,Cc1ncnc(Nc2ccc(OCc3cccc(F)c3)c(Cl)c2)c1C#Cc1ccc(CNCCS(C)(=O)=O)o1,7.346787486224656
CHEMBL2385964,IC50,nM,1500.0,IC50,uM,1.5,Cc1ncc(C#N)c(Nc2ccc(OCc3ccccn3)c(Cl)c2)c1C#Cc1ccc(CNCCS(C)(=O)=O)o1,5.823908740944319
CHEMBL2403108,IC50,nM,900.0,IC50,uM,0.9,Cc1cc(Nc2ncc(Cl)c(Nc3ccccc3S(=O)(=O)C(C)C)n2)c(OC(C)C)cc1C1CCNCC1,6.045757490560675
CHEMBL2408830,IC50,nM,45.0,IC50,uM,0.045,C=CC(=O)N1CCN(c2ccc(Nc3ncc(Cl)c(Oc4cccc(COc5no[n+]([O-])c5S(=O)(=O)c5ccccc5)c4)n3)c(OC)c2)CC1,7.346787486224656
CHEMBL2408829,IC50,nM,68.0,IC50,uM,0.068,COc1cc(N2CCC(O)CC2)ccc1Nc1ncc(Cl)c(Oc2cccc(COc3no[n+]([O-])c3S(=O)(=O)c3ccccc3)c2)n1,7.167491087293763
CHEMBL2408828,IC50,nM,19.0,IC50,uM,0.019,COc1cc(N2CCN(C)CC2)ccc1Nc1ncc(Cl)c(Oc2cccc(COc3no[n+]([O-])c3S(=O)(=O)c3ccccc3)c2)n1,7.721246399047171
CHEMBL2408827,IC50,nM,410.0,IC50,uM,0.41,C=CC(=O)N1CCN(c2ccc(Nc3ncc(Cl)c(Oc4ccc(COc5no[n+]([O-])c5S(=O)(=O)c5ccccc5)cc4)n3)c(OC)c2)CC1,6.3872161432802645
CHEMBL2408826,IC50,nM,250.0,IC50,uM,0.25,COc1cc(N2CCC(O)CC2)ccc1Nc1ncc(Cl)c(Oc2ccc(COc3no[n+]([O-])c3S(=O)(=O)c3ccccc3)cc2)n1,6.6020599913279625
CHEMBL2408825,IC50,nM,140.0,IC50,uM,0.14,COc1cc(N2CCN(C)CC2)ccc1Nc1ncc(Cl)c(Oc2ccc(COc3no[n+]([O-])c3S(=O)(=O)c3ccccc3)cc2)n1,6.853871964321762
CHEMBL2408824,IC50,nM,960.0,IC50,uM,0.96,COc1cc(N2CCN(C)CC2)ccc1Nc1ncc(Cl)c(Oc2ccc(CCOc3no[n+]([O-])c3S(=O)(=O)c3ccccc3)cc2)n1,6.017728766960431
CHEMBL2408823,IC50,nM,780.0,IC50,uM,0.78,COc1cc(N2CCN(C)CC2)ccc1Nc1ncc(Cl)c(Oc2ccc(CCCOc3no[n+]([O-])c3S(=O)(=O)c3ccccc3)cc2)n1,6.107905397309519
CHEMBL2408045,IC50,nM,12.0,IC50,nM,12.0,CNC(=O)CN1CCC(Oc2cc3c(Nc4cccc(Cl)c4F)ncnc3cc2OC)CC1,7.920818753952375
CHEMBL2419762,IC50,nM,27.0,IC50,uM,0.027,Cl.c1ccc(-c2cccc(Nc3ncnc4cc5c(cc34)OCCCO5)c2)cc1,7.568636235841013
CHEMBL2419760,IC50,nM,2.0,IC50,uM,0.002,Cl.c1ccc(-c2cccc(Nc3ncnc4cc5c(cc34)OCO5)c2)cc1,8.698970004336019
CHEMBL2426280,IC50,nM,790.0,IC50,uM,0.79,COc1cc(N2CCN(C(C)=O)CC2)ccc1Nc1ncc(Cl)c(-c2c[nH]c3ccccc23)n1,6.102372908709558
CHEMBL2426279,IC50,nM,1300.0,IC50,uM,1.3,C=CC(=O)Nc1cc(Nc2nccc(-c3c[nH]c4ccccc34)n2)c(OC)cc1N1CCN(C)CC1,5.886056647693163
CHEMBL2426278,IC50,nM,770.0,IC50,uM,0.77,C=CC(=O)Nc1cc(Nc2ncc(Cl)c(-c3c[nH]c4ccccc34)n2)c(OC)cc1N1CCN(C)CC1,6.113509274827518
CHEMBL2424676,IC50,nM,19000.0,IC50,uM,19.0,C=CC(=O)Nc1cc(Nc2nccc(-c3cnn4ccccc34)n2)c(OC)cc1N1CCN(C)CC1,4.721246399047171
CHEMBL2426277,IC50,nM,12000.0,IC50,uM,12.0,C=CC(=O)Nc1cc(Nc2ncc(Cl)c(-c3cnn4ccccc34)n2)c(OC)cc1N1CCN(C)CC1,4.920818753952375
CHEMBL2426377,IC50,nM,24000.0,IC50,uM,24.0,COc1ccc(NC(=O)/C=C/CN(C)C)cc1Nc1ncc(C)c(-c2cnn3ccccc23)n1,4.619788758288394
CHEMBL2426290,IC50,nM,19000.0,IC50,uM,19.0,COc1ccc(NC(=O)/C=C/CN(C)C)cc1Nc1ncc(F)c(-c2cnn3ccccc23)n1,4.721246399047171
CHEMBL2426289,IC50,nM,20000.0,IC50,uM,20.0,COc1ccc(NC(=O)/C=C/CN(C)C)cc1Nc1nccc(-c2cnn3ccccc23)n1,4.698970004336019
CHEMBL2426288,IC50,nM,23000.0,IC50,uM,23.0,COc1ccc(NC(=O)/C=C/CN(C)C)cc1Nc1ncc(Cl)c(-c2cnn3ccccc23)n1,4.638272163982407
CHEMBL2426287,IC50,nM,1550.0,IC50,uM,1.55,COc1ccc(NC(=O)/C=C/CN(C)C)cc1Nc1ncc(Cl)c(-c2c[nH]c3ccccc23)n1,5.809668301829708
CHEMBL2426286,IC50,nM,12800.0,IC50,uM,12.8,C=CC(=O)Nc1ccc(OC)c(Nc2ncc(Cl)c(-c3cnn4ccccc34)n2)c1,4.892790030352131
CHEMBL2426282,IC50,nM,550.0,IC50,uM,0.55,C=CC(=O)Nc1ccc(OC)c(Nc2ncc(Cl)c(-c3c[nH]c4ccccc34)n2)c1,6.259637310505756
CHEMBL2426281,IC50,nM,3500.0,IC50,uM,3.5,C=CC(=O)Nc1cccc(Nc2ncc(Cl)c(-c3c[nH]c4ccccc34)n2)c1,5.455931955649724
CHEMBL2110732,IC50,nM,11.0,IC50,uM,0.011,COc1cc2ncnc(Nc3ccc(F)c(Cl)c3)c2cc1NC(=O)/C=C/CN1CCCCC1,7.958607314841775
CHEMBL2426378,IC50,nM,1300.0,IC50,uM,1.3,COc1ccc(NC(=O)/C=C/CN(C)C)cc1Nc1ncc([S+](C)[O-])c(-c2cnn3ccccc23)n1,5.886056647693163
CHEMBL2426285,IC50,nM,1800.0,IC50,uM,1.8,COc1ccc(NC(=O)CC#N)cc1Nc1ncc(Cl)c(-c2c[nH]c3ccccc23)n1,5.7447274948966935
CHEMBL2426284,IC50,nM,2800.0,IC50,uM,2.8,C=CC(=O)N1CCc2cc(OC)c(Nc3ncc(Cl)c(-c4c[nH]c5ccccc45)n3)cc21,5.552841968657781
CHEMBL2426283,IC50,nM,19000.0,IC50,uM,19.0,C=CC(=O)Nc1ccc(Nc2ncc(Cl)c(-c3c[nH]c4ccccc34)n2)cc1,4.721246399047171
CHEMBL2426248,IC50,nM,2300.0,IC50,uM,2.3,COc1ccc(NC(=O)CCCN(C)C)cc1Nc1ncc(Cl)c(-c2cnn3ccccc23)n1,5.638272163982407
CHEMBL2424794,IC50,nM,3600.0,IC50,uM,3.6,O=C(/C=C/c1cccnc1Cl)Nc1ccc2ncnc(Nc3cccc(Cl)c3)c2c1,5.443697499232712
CHEMBL2424804,IC50,nM,2400.0,IC50,uM,2.4,O=C(/C=C/c1ccc(Br)s1)Nc1ccc2ncnc(Nc3cccc(Cl)c3)c2c1,5.619788758288394
CHEMBL1812567,IC50,nM,8800.0,IC50,uM,8.8,O=C(/C=C/c1cccs1)Nc1ccc2ncnc(Nc3cccc(Cl)c3)c2c1,5.055517327849832
CHEMBL2424801,IC50,nM,4700.0,IC50,uM,4.7,O=C(/C=C/c1cccnc1)Nc1ccc2ncnc(Nc3cccc(Cl)c3)c2c1,5.327902142064283
CHEMBL2424799,IC50,nM,5100.0,IC50,uM,5.1,CSCCCNc1ccc2ncnc(Nc3cccc(Cl)c3)c2c1,5.292429823902063
CHEMBL2424796,IC50,nM,1500.0,IC50,uM,1.5,Clc1cccc(Nc2ncnc3ccc(NCc4ccc(Br)s4)cc23)c1,5.823908740944319
CHEMBL2424795,IC50,nM,3400.0,IC50,uM,3.4,Clc1cccc(Nc2ncnc3ccc(NCc4cccs4)cc23)c1,5.468521082957745
CHEMBL2424807,IC50,nM,4100.0,IC50,uM,4.1,Clc1cccc(Nc2ncnc3ccc(NCc4cccc(Br)n4)cc23)c1,5.3872161432802645
CHEMBL2425088,IC50,nM,190.0,IC50,uM,0.19,COc1cc2ncnc(Nc3ccc(F)c(Cl)c3)c2cc1OCCN1CC2(CCO2)C1,6.721246399047171
CHEMBL2424664,IC50,nM,158.0,IC50,uM,0.158,COc1cc2ncnc(Nc3ccc(F)c(Cl)c3)c2cc1OCCN1CC2(C1)CS(=O)(=O)C2,6.801342913045577
CHEMBL2425091,IC50,nM,94.0,IC50,uM,0.094,COc1cc2ncnc(Nc3ccc(F)c(Cl)c3)c2cc1OCCN1CC(OC)C1,7.026872146400302
CHEMBL2425092,IC50,nM,56.0,IC50,uM,0.056,COc1cc2ncnc(Nc3ccc(F)c(Cl)c3)c2cc1OCCCN1CC2(COC2)C1,7.251811972993799
CHEMBL2425089,IC50,nM,52.0,IC50,uM,0.052,COc1cc2ncnc(Nc3ccc(F)c(Cl)c3)c2cc1OCCN1CC2(CSC2)C1,7.2839966563652006
CHEMBL2425094,IC50,nM,48.0,IC50,uM,0.048,COc1cc2ncnc(Nc3ccc(F)c(Cl)c3)c2cc1OCCCN1CC2(CSC2)C1,7.318758762624412
CHEMBL2425093,IC50,nM,36.0,IC50,uM,0.036,COc1cc2ncnc(Nc3ccc(F)c(Cl)c3)c2cc1OCCCN1CC2(CCO2)C1,7.443697499232712
CHEMBL2425085,IC50,nM,34.0,IC50,uM,0.034,COc1cc2ncnc(Nc3ccc(F)c(Cl)c3)c2cc1OCCCN1CC(OC)C1,7.468521082957745
CHEMBL2425090,IC50,nM,26.0,IC50,uM,0.026,COc1cc2ncnc(Nc3ccc(F)c(Cl)c3)c2cc1OCCN1CC(O)C1,7.585026652029182
CHEMBL2425084,IC50,nM,25.0,IC50,uM,0.025,COc1cc2ncnc(Nc3ccc(F)c(Cl)c3)c2cc1OCCCN1CC(O)C1,7.6020599913279625
CHEMBL2425083,IC50,nM,24.0,IC50,uM,0.024,COc1cc2ncnc(Nc3ccc(F)c(Cl)c3)c2cc1OCCCN1CC2(C1)CS(=O)(=O)C2,7.619788758288394
CHEMBL2425086,IC50,nM,15.0,IC50,uM,0.015,COc1cc2ncnc(Nc3ccc(F)c(Cl)c3)c2cc1OCCCN1CCC2(COC2)C1,7.823908740944319
CHEMBL2425087,IC50,nM,16.0,IC50,uM,0.016,COc1cc2ncnc(Nc3ccc(F)c(Cl)c3)c2cc1OCCN1CC2(COC2)C1,7.795880017344075
CHEMBL2425737,IC50,nM,38.4,IC50,nM,38.4,O=C(CCOc1ccccc1)Nc1ccc2ncnc(Nc3cccc(Br)c3)c2c1,7.4156687756324695
CHEMBL2425736,IC50,nM,14.1,IC50,nM,14.1,Brc1cccc(Nc2ncnc3ccc(NCCCN4CCCCC4)cc23)c1,7.85078088734462
CHEMBL2425735,IC50,nM,13.5,IC50,nM,13.5,O=C(CCCN1CCCCC1)Nc1ccc2ncnc(Nc3cccc(Br)c3)c2c1,7.8696662315049934
CHEMBL2437227,IC50,nM,21.1,IC50,nM,21.1,Cc1ccc(S(=O)(=O)O)cc1.O=S(=O)(CCNCc1ccc(-c2ccc3ncnc(Nc4ccc(OCc5cccc(F)c5)c(Cl)c4)c3c2)o1)CC(F)(F)F,7.675717544702307
CHEMBL2437226,IC50,nM,10.8,IC50,nM,10.8,Cc1ccc(S(=O)(=O)O)cc1.NS(=O)(=O)CCNCc1ccc(-c2ccc3ncnc(Nc4ccc(OCc5cccc(F)c5)c(Cl)c4)c3c2)o1,7.966576244513051
CHEMBL2437225,IC50,nM,18.7,IC50,nM,18.7,CS(=O)(=O)NCCNCc1ccc(-c2ccc3ncnc(Nc4ccc(OCc5cccc(F)c5)c(Cl)c4)c3c2)o1.Cc1ccc(S(=O)(=O)O)cc1,7.728158393463501
CHEMBL2437224,IC50,nM,13.0,IC50,nM,13.0,C[S+]([O-])CCNCc1ccc(-c2ccc3ncnc(Nc4ccc(OCc5cccc(F)c5)c(Cl)c4)c3c2)o1.Cc1ccc(S(=O)(=O)O)cc1,7.886056647693163
CHEMBL2437223,IC50,nM,25.1,IC50,nM,25.1,CSCCNCc1ccc(-c2ccc3ncnc(Nc4ccc(OCc5cccc(F)c5)c(Cl)c4)c3c2)o1.Cc1ccc(S(=O)(=O)O)cc1,7.600326278518962
CHEMBL3436354,IC50,nM,26.0,IC50,nM,26.0,Cc1ccc(S(=O)(=O)O)cc1.Fc1cccc(COc2ccc(Nc3ncnc4ccc(-c5ccc(CN6CCOCC6)o5)cc34)cc2Cl)c1,7.585026652029182
CHEMBL3436355,IC50,nM,12.5,IC50,nM,12.5,CN1CCN(Cc2ccc(-c3ccc4ncnc(Nc5ccc(OCc6cccc(F)c6)c(Cl)c5)c4c3)o2)CC1.Cc1ccc(S(=O)(=O)O)cc1,7.903089986991944
CHEMBL3436356,IC50,nM,10.8,IC50,nM,10.8,Cc1ccc(S(=O)(=O)O)cc1.Fc1cccc(COc2ccc(Nc3ncnc4ccc(-c5ccc(CN6CCNCC6)o5)cc34)cc2Cl)c1,7.966576244513051
CHEMBL3436357,IC50,nM,28.0,IC50,nM,28.0,CCOC(=O)N1CCN(Cc2ccc(-c3ccc4ncnc(Nc5ccc(OCc6cccc(F)c6)c(Cl)c5)c4c3)o2)CC1.Cc1ccc(S(=O)(=O)O)cc1,7.552841968657781
CHEMBL3436358,IC50,nM,59.9,IC50,nM,59.9,CS(=O)(=O)N1CCN(Cc2ccc(-c3ccc4ncnc(Nc5ccc(OCc6cccc(F)c6)c(Cl)c5)c4c3)o2)CC1.Cc1ccc(S(=O)(=O)O)cc1,7.2225731776106885
CHEMBL3436359,IC50,nM,11.4,IC50,nM,11.4,CC(=O)N1CCN(Cc2ccc(-c3ccc4ncnc(Nc5ccc(OCc6cccc(F)c6)c(Cl)c5)c4c3)o2)CC1.Cc1ccc(S(=O)(=O)O)cc1,7.943095148663527
CHEMBL3436360,IC50,nM,232.4,IC50,nM,232.4,CN1CCN(C(=O)c2ccc(-c3ccc4ncnc(Nc5ccc(OCc6cccc(F)c6)c(Cl)c5)c4c3)o2)CC1.Cc1ccc(S(=O)(=O)O)cc1,6.633763876281707
CHEMBL2437471,IC50,nM,13.0,IC50,nM,13.0,C=CC(=O)Nc1cccc(-n2c(=O)c(C)nc3cnc(Nc4ccc(OC)cc4)nc32)c1,7.886056647693163
CHEMBL2437470,IC50,nM,35020.0,IC50,nM,35020.0,C=CC(=O)Nc1ccc(-n2c(=O)c(C)nc3cnc(Nc4ccc(OC)cc4)nc32)cc1,4.455683858252573
CHEMBL2437469,IC50,nM,1.07,IC50,nM,1.07,C=CC(=O)Nc1cccc(-n2c(=O)cnc3cnc(Nc4ccc(N5CCN(C)CC5)cc4OC)nc32)c1,8.97061622231479
CHEMBL2437468,IC50,nM,272.0,IC50,nM,272.0,C=CC(=O)Nc1ccc(-n2c(=O)cnc3cnc(Nc4ccc(N5CCN(C)CC5)cc4OC)nc32)cc1,6.565431095965801
CHEMBL2437467,IC50,nM,3.97,IC50,nM,3.97,C=CC(=O)Nc1cccc(-n2c(=O)cnc3cnc(Nc4ccc(C(N)=O)cc4)nc32)c1,8.401209493236886
CHEMBL2437466,IC50,nM,4.53,IC50,nM,4.53,C=CC(=O)Nc1cccc(-n2c(=O)cnc3cnc(Nc4ccc(NC(C)=O)cc4)nc32)c1,8.343901797987169
CHEMBL2437465,IC50,nM,4.72,IC50,nM,4.72,C=CC(=O)Nc1cccc(-n2c(=O)cnc3cnc(Nc4ccc(N(CC)CC)cc4)nc32)c1,8.326058001365912
CHEMBL2437464,IC50,nM,4.96,IC50,nM,4.96,C=CC(=O)Nc1cccc(-n2c(=O)cnc3cnc(Nc4ccc(N5CCCC5)cc4)nc32)c1,8.304518323509802
CHEMBL2437463,IC50,nM,5.12,IC50,nM,5.12,C=CC(=O)Nc1cccc(-n2c(=O)cnc3cnc(Nc4ccc(N5CCCCC5)cc4)nc32)c1,8.290730039024169
CHEMBL2437462,IC50,nM,0.677,IC50,nM,0.677,C=CC(=O)Nc1cccc(-n2c(=O)cnc3cnc(Nc4ccc(N5CCN(C)CC5)cc4)nc32)c1,9.169411331314855
CHEMBL2437461,IC50,nM,691.0,IC50,nM,691.0,C=CC(=O)Nc1ccc(-n2c(=O)cnc3cnc(Nc4ccc(N5CCN(C)CC5)cc4)nc32)cc1,6.1605219526258015
CHEMBL2437460,IC50,nM,2.86,IC50,nM,2.86,C=CC(=O)Nc1cccc(-n2c(=O)cnc3cnc(Nc4ccc(N5CCOCC5)cc4)nc32)c1,8.543633966870956
CHEMBL2437459,IC50,nM,3456.0,IC50,nM,3456.0,C=CC(=O)Nc1ccc(-n2c(=O)cnc3cnc(Nc4ccc(N5CCOCC5)cc4)nc32)cc1,5.461426266193144
CHEMBL2437458,IC50,nM,17.6,IC50,nM,17.6,C=CC(=O)Nc1cccc(-n2c(=O)cnc3cnc(Nc4ccc(Cl)cc4)nc32)c1,7.7544873321858505
CHEMBL2437457,IC50,nM,144.1,IC50,nM,144.1,C=CC(=O)Nc1ccc(-n2c(=O)cnc3cnc(Nc4ccc(Cl)cc4)nc32)cc1,6.841336019186011
CHEMBL2437488,IC50,nM,4.94,IC50,nM,4.94,C=CC(=O)Nc1cccc(-n2c(=O)cnc3cnc(Nc4ccccc4)nc32)c1,8.306273051076353
CHEMBL2437486,IC50,nM,39.7,IC50,nM,39.7,CN(C)C/C=C/C(=O)Nc1cccc(-n2c(=O)cnc3cnc(Nc4ccccc4)nc32)c1,7.401209493236885
CHEMBL2437484,IC50,nM,56157.0,IC50,nM,56157.0,COc1ccc(Nc2ncc3ncc(=O)n(-c4cccc(NC(=O)/C=C/CN(C)C)c4)c3n2)cc1,4.250596100989473
CHEMBL2437483,IC50,nM,31.3,IC50,nM,31.3,COc1ccc(Nc2ncc3ncc(=O)n(-c4ccc(NC(=O)/C=C/CN(C)C)cc4)c3n2)cc1,7.504455662453552
CHEMBL2437482,IC50,nM,59.1,IC50,nM,59.1,C=CC(=O)Oc1ccc(-n2c(=O)cnc3cnc(Nc4ccc(OC)cc4)nc32)cc1,7.228412519118745
CHEMBL2437479,IC50,nM,5.6,IC50,nM,5.6,C=CC(=O)Nc1cccc(-n2c(=O)cnc3cnc(Nc4ccc(OC)cc4)nc32)c1,8.2518119729938
CHEMBL2437478,IC50,nM,4802.0,IC50,nM,4802.0,C=CC(=O)Nc1ccc(-n2c(=O)cnc3cnc(Nc4ccc(OC)cc4)nc32)cc1,5.318577844278991
CHEMBL2437477,IC50,nM,70240.0,IC50,nM,70240.0,C=CC(=O)Nc1ccc(Nc2ncc3ncc(=O)n(-c4ccc(OC)cc4)c3n2)cc1,4.153415497101954
CHEMBL2437475,IC50,nM,6754.0,IC50,nM,6754.0,COc1ccc(-n2c(=O)cnc3cnc(Nc4ccc(N)cc4)nc32)cc1,5.170438943700607
CHEMBL2437474,IC50,nM,3836.0,IC50,nM,3836.0,COc1ccc(-n2c(=O)cnc3cnc(Nc4cccc(N)c4)nc32)cc1,5.416121401501374
CHEMBL2437473,IC50,nM,21280.0,IC50,nM,21280.0,COc1ccc(Nc2ncc3ncc(=O)n(-c4cccc(N)c4)c3n2)cc1,4.672028376376989
CHEMBL2435999,IC50,nM,90.05,IC50,nM,90.05,COc1cc2c(Oc3ccc(NC(=O)c4cc(-c5ccc(C)cc5)ccn4)cc3F)ccnc2cc1OCCCN1CCN(C)CC1,7.0455162828444475
CHEMBL2441567,IC50,nM,3610.0,IC50,uM,3.61,CN(C)C/C=C/C(=O)N1CCOc2cc3ncnc(Nc4ccc(OCc5cccc(F)c5)c(Cl)c4)c3cc21,5.442492798094342
CHEMBL2441565,IC50,nM,4900.0,IC50,uM,4.9,CN(C)C/C=C/C(=O)N1CCOc2cc3ncnc(Nc4ccc(F)c(Cl)c4)c3cc21,5.309803919971486
CHEMBL2441568,IC50,nM,1.29,IC50,nM,1.29,Fc1ccc(Nc2ncnc3cc4c(cc23)NCCO4)cc1Cl,8.88941028970075
CHEMBL2442333,IC50,nM,1180.0,IC50,uM,1.18,COc1cc(O)c2c(c1)CCN(c1cccc(C(=O)N3CCCCC3)c1)C2=O,5.928117992693875
CHEMBL2442332,IC50,nM,1230.0,IC50,uM,1.23,COc1cc2c(c(OC)c1)C(=O)N(c1cccc(C(=O)N3CCCCC3)c1)CC2,5.910094888560602
CHEMBL2442329,IC50,nM,1380.0,IC50,uM,1.38,COc1cc(O)c2c(=O)n(-c3cccc(C(=O)N4CCCCC4)c3)ccc2c1,5.860120913598763
CHEMBL2442327,IC50,nM,3060.0,IC50,uM,3.06,C#Cc1cccc(-n2ccc3cc(OC)cc(O)c3c2=O)c1,5.51427857351842
CHEMBL2442324,IC50,nM,2120.0,IC50,uM,2.12,COc1cc(OC)c2c(=O)n(-c3cccc(C(=O)N4CCCCC4)c3)ccc2c1,5.673664139071248
CHEMBL2442320,IC50,nM,5490.0,IC50,uM,5.49,COc1cc(OC)c2c(=O)n(-c3ccc(F)c(Cl)c3)ccc2c1,5.260427655549908
CHEMBL2442319,IC50,nM,3510.0,IC50,uM,3.51,C#Cc1cccc(-n2ccc3cc(OC)cc(OC)c3c2=O)c1,5.454692883534176
CHEMBL3086102,IC50,nM,3.0,IC50,nM,3.0,C=CC(=O)N1CC[C@H](N2C(=O)N(c3ccccc3)Cc3cnc(Nc4ccc(N5CCN(C)CC5)c(C)c4)nc32)C1,8.522878745280337
CHEMBL3086104,IC50,nM,35.6,IC50,nM,35.6,C=CC(=O)N1CC[C@H](N2C(=O)N(c3ccccc3)Cc3cnc(Nc4ccc(N5CCN(C)CC5)c(Cl)c4)nc32)C1,7.448550002027125
CHEMBL3086103,IC50,nM,55.5,IC50,nM,55.5,C=CC(=O)N1CC[C@H](N2C(=O)N(c3ccccc3)Cc3cnc(Nc4ccc(N5CCN(C)CC5)c(C(F)(F)F)c4)nc32)C1,7.255707016877324
CHEMBL3086105,IC50,nM,17.1,IC50,nM,17.1,C=CC(=O)N1CC[C@H](N2C(=O)N(c3ccccc3)Cc3cnc(Nc4ccc(N5CCN(C)CC5)c(F)c4)nc32)C1,7.767003889607846
CHEMBL3086106,IC50,nM,7.2,IC50,nM,7.2,C=CC(=O)N1CC[C@H](N2C(=O)N(c3ccccc3)Cc3cnc(Nc4ccc(N5CCN(C)CC5)c(OC)c4)nc32)C1,8.142667503568731
CHEMBL3087194,IC50,nM,41.3,IC50,nM,41.3,C=CC(=O)N1CC[C@H](N2C(=O)N(c3ccccc3)Cc3cnc(Nc4ccc(CCN5CCN(C)CC5)cc4)nc32)C1,7.384049948343599
CHEMBL3087193,IC50,nM,16.2,IC50,nM,16.2,C=CC(=O)N1CC[C@H](N2C(=O)N(c3ccccc3)Cc3cnc(Nc4ccc(C5CCN(C)CC5)cc4)nc32)C1,7.790484985457369
CHEMBL3087195,IC50,nM,97.9,IC50,nM,97.9,C=CC(=O)N1CC[C@H](N2C(=O)N(c3ccccc3)Cc3cnc(Nc4cccc(N5CCN(C)CC5)c4)nc32)C1,7.009217308196862
CHEMBL3087196,IC50,nM,29.1,IC50,nM,29.1,C=CC(=O)N1CC[C@H](N2C(=O)N(c3ccccc3)Cc3cnc(Nc4ccc(N5CCN(C)CC5)cc4)nc32)C1,7.536107011014093
CHEMBL3087197,IC50,nM,235.4,IC50,nM,235.4,C=CC(=O)N1CC[C@H](N2C(=O)N(c3ccccc3)Cc3cnc(Nc4ccccc4)nc32)C1,6.628193541492584
CHEMBL3087198,IC50,nM,15.2,IC50,nM,15.2,C=CC(=O)N1CC[C@H](N2C(=O)N(c3ccccc3)Cc3cnc(Nc4ccc(N5CCN(C)CC5)cc4OC)nc32)C1,7.818156412055227
CHEMBL3087200,IC50,nM,42.9,IC50,nM,42.9,C=CC(=O)N1CC[C@H](N2C(=O)N(C3CCCCC3)Cc3cnc(Nc4ccc(N5CCN(C)CC5)cc4OC)nc32)C1,7.367542707815276
CHEMBL3087199,IC50,nM,58.7,IC50,nM,58.7,C=CC(=O)N1CC[C@H](N2C(=O)N(C3CCCC3)Cc3cnc(Nc4ccc(N5CCN(C)CC5)cc4OC)nc32)C1,7.231361898752385
CHEMBL3087201,IC50,nM,864.0,IC50,nM,864.0,C=CC(=O)N1CC[C@H](N2C(=O)N(C(C)C)Cc3cnc(Nc4ccc(N5CCN(C)CC5)cc4OC)nc32)C1,6.063486257521107
CHEMBL3087202,IC50,nM,525.0,IC50,nM,525.0,C=CC(=O)N1CC[C@H](N2C(=O)N(C)Cc3cnc(Nc4ccc(N5CCN(C)CC5)cc4OC)nc32)C1,6.279840696594043
CHEMBL3087205,IC50,nM,8.8,IC50,nM,8.8,C=CC(=O)N1CC[C@H](N2C(=O)N(Cc3ccccc3)Cc3cnc(Nc4ccc(N5CCN(C)CC5)cc4OC)nc32)C1,8.05551732784983
CHEMBL3087204,IC50,nM,107.1,IC50,nM,107.1,C=CC(=O)N1CC[C@@H](N2C(=O)N(Cc3ccccc3)Cc3cnc(Nc4ccc(N5CCN(C)CC5)cc4OC)nc32)C1,6.970210529168145
CHEMBL3087207,IC50,nM,204.1,IC50,nM,204.1,C=CC(=O)N1CCC[C@H](N2C(=O)N(Cc3ccccc3)Cc3cnc(Nc4ccc(N5CCN(C)CC5)cc4OC)nc32)C1,6.690156995283929
CHEMBL3087206,IC50,nM,40.3,IC50,nM,40.3,C=CC(=O)N1CCC[C@@H](N2C(=O)N(Cc3ccccc3)Cc3cnc(Nc4ccc(N5CCN(C)CC5)cc4OC)nc32)C1,7.394694953858891
CHEMBL3087208,IC50,nM,143.6,IC50,nM,143.6,C=CC(=O)N1CCC(N2C(=O)N(Cc3ccccc3)Cc3cnc(Nc4ccc(N5CCN(C)CC5)cc4OC)nc32)CC1,6.842845560093719
CHEMBL3087209,IC50,nM,708.5,IC50,nM,708.5,C=CC(=O)NC1CCC(N2C(=O)N(Cc3ccccc3)Cc3cnc(Nc4ccc(N5CCN(C)CC5)cc4OC)nc32)CC1,6.1496601454165205
CHEMBL3088218,IC50,nM,8190.0,IC50,uM,8.19,Cc1ncc([N+](=O)[O-])n1C/C(=N/NC(=O)c1ccncc1)c1ccc(Br)cc1,5.086716098239582
CHEMBL3088219,IC50,nM,430.0,IC50,uM,0.43,Cc1ncc([N+](=O)[O-])n1C/C(=N/NC(=O)c1ccc(N)cc1)c1ccc(Br)cc1,6.366531544420414
CHEMBL3088220,IC50,nM,210.0,IC50,uM,0.21,Cc1ncc([N+](=O)[O-])n1C/C(=N/NC(=O)c1ccc(O)cc1)c1ccc(Br)cc1,6.6777807052660805
CHEMBL3088221,IC50,nM,1890.0,IC50,uM,1.89,Cc1ncc([N+](=O)[O-])n1C/C(=N/NC(=O)c1ccccc1N)c1ccc(Br)cc1,5.723538195826756
CHEMBL3088222,IC50,nM,2580.0,IC50,uM,2.58,Cc1ncc([N+](=O)[O-])n1C/C(=N/NC(=O)c1ccccc1O)c1ccc(Br)cc1,5.58838029403677
CHEMBL3088223,IC50,nM,12450.0,IC50,uM,12.45,Cc1ncc([N+](=O)[O-])n1C/C(=N/NC(=O)c1ccc(Cl)cc1)c1ccc(Br)cc1,4.904830648568245
CHEMBL3088224,IC50,nM,6130.0,IC50,uM,6.13,Cc1ccc(C(=O)N/N=C(/Cn2c([N+](=O)[O-])cnc2C)c2ccc(Br)cc2)cc1,5.212539525481585
CHEMBL3088225,IC50,nM,10020.0,IC50,uM,10.02,Cc1ncc([N+](=O)[O-])n1C/C(=N/NC(=O)c1ccccc1)c1ccc(Br)cc1,4.999132278468773
CHEMBL3092305,IC50,nM,265.0,IC50,uM,0.265,COC(=O)/C=C/CNC(=O)Nc1cc2c(Nc3ccc(F)c(Cl)c3)ncnc2cc1O[C@H]1CCOC1,6.576754126063192
CHEMBL3092304,IC50,nM,374.0,IC50,uM,0.374,C#CCNC(=O)Nc1cc2c(Nc3ccc(F)c(Cl)c3)ncnc2cc1O[C@H]1CCOC1,6.42712839779952
CHEMBL3092303,IC50,nM,4212.0,IC50,uM,4.212,O=C(Nc1cc2c(Nc3ccc(F)c(Cl)c3)ncnc2cc1O[C@H]1CCOC1)N1CCN(CCO)CC1,5.375511637486551
CHEMBL3092302,IC50,nM,2937.0,IC50,uM,2.937,O=C(Nc1cc2c(Nc3ccc(F)c(Cl)c3)ncnc2cc1O[C@H]1CCOC1)N1CCC(CCO)CC1,5.5320960534772
CHEMBL3092301,IC50,nM,1594.0,IC50,uM,1.594,O=C(Nc1cc2c(Nc3ccc(F)c(Cl)c3)ncnc2cc1O[C@H]1CCOC1)N1CCC(N2CCCC2)CC1,5.7975116829399065
CHEMBL3092300,IC50,nM,5187.0,IC50,uM,5.187,O=C(Nc1cc2c(Nc3ccc(F)c(Cl)c3)ncnc2cc1O[C@H]1CCOC1)N1CCC2(CC1)OCCO2,5.285083752006415
CHEMBL3092299,IC50,nM,1891.0,IC50,uM,1.891,O=C(Nc1cc2c(Nc3ccc(F)c(Cl)c3)ncnc2cc1O[C@H]1CCOC1)N1CCCC(F)(F)C1,5.723308471154961
CHEMBL3092298,IC50,nM,5311.0,IC50,uM,5.311,O=C(Nc1cc2c(Nc3ccc(F)c(Cl)c3)ncnc2cc1O[C@H]1CCOC1)N1CCC(F)(F)CC1,5.274823698580863
CHEMBL3092297,IC50,nM,1824.0,IC50,uM,1.824,O=C(Nc1cc2c(Nc3ccc(F)c(Cl)c3)ncnc2cc1O[C@H]1CCOC1)N1CCC(F)CC1,5.738975166007602
CHEMBL3092321,IC50,nM,5578.0,IC50,uM,5.578,CN1CCN(C(=O)Nc2cc3c(Nc4ccc(F)c(Cl)c4)ncnc3cc2O[C@H]2CCOC2)CC1,5.253521490069969
CHEMBL3092320,IC50,nM,3121.0,IC50,uM,3.121,O=C(Nc1cc2c(Nc3ccc(F)c(Cl)c3)ncnc2cc1O[C@H]1CCOC1)N1CCC(F)(F)C1,5.505706231334667
CHEMBL3092319,IC50,nM,2165.0,IC50,uM,2.165,O=C(Nc1cc2c(Nc3ccc(F)c(Cl)c3)ncnc2cc1O[C@H]1CCOC1)N1CC(F)C1,5.664542099310616
CHEMBL3092318,IC50,nM,1419.0,IC50,uM,1.419,O=C(Nc1cc2c(Nc3ccc(F)c(Cl)c3)ncnc2cc1O[C@H]1CCOC1)N1CC(O)C1,5.848017604542526
CHEMBL3092317,IC50,nM,5261.0,IC50,uM,5.261,CN(C)CCCN(C)C(=O)Nc1cc2c(Nc3ccc(F)c(Cl)c3)ncnc2cc1O[C@H]1CCOC1,5.2789316982028405
CHEMBL3092316,IC50,nM,392.0,IC50,uM,0.392,CCN(CC)CCN(C)C(=O)Nc1cc2c(Nc3ccc(F)c(Cl)c3)ncnc2cc1O[C@H]1CCOC1,6.406713932979542
CHEMBL3092315,IC50,nM,677.0,IC50,uM,0.677,CN(C)CCN(C)C(=O)Nc1cc2c(Nc3ccc(F)c(Cl)c3)ncnc2cc1O[C@H]1CCOC1,6.169411331314856
CHEMBL3092314,IC50,nM,3058.0,IC50,uM,3.058,CCN(CC)CCCNC(=O)Nc1cc2c(Nc3ccc(F)c(Cl)c3)ncnc2cc1O[C@H]1CCOC1,5.514562518923698
CHEMBL3092313,IC50,nM,276.0,IC50,uM,0.276,CN(C)CCCNC(=O)Nc1cc2c(Nc3ccc(F)c(Cl)c3)ncnc2cc1O[C@H]1CCOC1,6.559090917934782
CHEMBL3092312,IC50,nM,400.0,IC50,uM,0.4,COC(CCNC(=O)Nc1cc2c(Nc3ccc(F)c(Cl)c3)ncnc2cc1O[C@H]1CCOC1)OC,6.3979400086720375
CHEMBL3092311,IC50,nM,1659.0,IC50,uM,1.659,COCCCNC(=O)Nc1cc2c(Nc3ccc(F)c(Cl)c3)ncnc2cc1O[C@H]1CCOC1,5.7801536139756395
CHEMBL3092310,IC50,nM,49.0,IC50,uM,0.049,O=C(NCCN1CCOCC1)Nc1cc2c(Nc3ccc(F)c(Cl)c3)ncnc2cc1O[C@H]1CCOC1,7.309803919971486
CHEMBL3092309,IC50,nM,447.0,IC50,uM,0.447,O=C(NCCN1CCCCC1)Nc1cc2c(Nc3ccc(F)c(Cl)c3)ncnc2cc1O[C@H]1CCOC1,6.349692476868063
CHEMBL3092308,IC50,nM,61.0,IC50,uM,0.061,O=C(NCCN1CCCC1)Nc1cc2c(Nc3ccc(F)c(Cl)c3)ncnc2cc1O[C@H]1CCOC1,7.214670164989233
CHEMBL3092307,IC50,nM,2235.0,IC50,uM,2.235,CCN(CC)CCNC(=O)Nc1cc2c(Nc3ccc(F)c(Cl)c3)ncnc2cc1O[C@H]1CCOC1,5.650722472532045
CHEMBL3092306,IC50,nM,2077.0,IC50,uM,2.077,CN(C)CCNC(=O)Nc1cc2c(Nc3ccc(F)c(Cl)c3)ncnc2cc1O[C@H]1CCOC1,5.682563503464901
CHEMBL3092324,IC50,nM,672.0,IC50,uM,0.672,CS(=O)(=O)CCNC(=O)Nc1cc2c(Nc3ccc(F)c(Cl)c3)ncnc2cc1O[C@H]1CCOC1,6.172630726946175
CHEMBL3092323,IC50,nM,3564.0,IC50,uM,3.564,COCCNC(=O)Nc1cc2c(Nc3ccc(F)c(Cl)c3)ncnc2cc1O[C@H]1CCOC1,5.448062304635163
CHEMBL3092322,IC50,nM,432.0,IC50,uM,0.432,O=C(NCCO)Nc1cc2c(Nc3ccc(F)c(Cl)c3)ncnc2cc1O[C@H]1CCOC1,6.364516253185088
CHEMBL3098312,IC50,nM,67200.0,IC50,uM,67.2,COc1cc2nc(Cl)nc(Nc3ccc(S(=O)(=O)N(C)C)cc3)c2cc1OC,4.172630726946175
CHEMBL3098315,IC50,nM,61500.0,IC50,uM,61.5,COc1cc2nc(Cl)nc(Nc3ccc(S(C)(=O)=O)cc3)c2cc1OC,4.211124884224583
CHEMBL3098326,IC50,nM,37600.0,IC50,uM,37.6,COc1cc2nc(Cl)nc(Nc3ccc(NC(C)=O)cc3)c2cc1OC,4.424812155072339
CHEMBL3098319,IC50,nM,36000.0,IC50,uM,36.0,COc1cc2nc(Cl)nc(Nc3ccc(N(C)C)cc3)c2cc1OC,4.443697499232712
CHEMBL3098318,IC50,nM,34600.0,IC50,uM,34.6,NS(=O)(=O)c1ccc(Nc2nc(Cl)nc3cc4c(cc23)OCO4)cc1,4.460923901207224
CHEMBL3098313,IC50,nM,18300.0,IC50,uM,18.3,CN(C)S(=O)(=O)c1ccc(Nc2nc(Cl)nc3cc4c(cc23)OCO4)cc1,4.73754891026957
CHEMBL525527,IC50,nM,9700.0,IC50,uM,9.7,COc1cc2nc(Cl)nc(Nc3ccc(S(=O)(=O)Nc4nccs4)cc3)c2cc1OC,5.013228265733755
CHEMBL3098322,IC50,nM,4300.0,IC50,uM,4.3,COc1cc2nc(Cl)nc(Nc3ccc(O)cc3)c2cc1OC,5.366531544420414
CHEMBL3098317,IC50,nM,2370.0,IC50,uM,2.37,COc1cc2nc(Cl)nc(Nc3ccc(S(N)(=O)=O)cc3)c2cc1OC,5.6252516539898965
CHEMBL3098321,IC50,nM,1630.0,IC50,uM,1.63,CNS(=O)(=O)c1ccc(Nc2nc(Cl)nc3cc(OC)c(OC)cc23)cc1,5.787812395596042
CHEMBL3098325,IC50,nM,900.0,IC50,uM,0.9,COc1cc2nc(Cl)nc(Nc3ccc(C(N)=O)cc3)c2cc1OC,6.045757490560675
CHEMBL3114690,IC50,nM,3.0,IC50,uM,0.003,C#Cc1cccc(Nc2ncnc3cc4c(cc23)N(C(=O)/C=C/CN(C)C)CCO4)c1,8.522878745280337
CHEMBL3114689,IC50,nM,16.0,IC50,uM,0.016,C#Cc1cccc(Nc2ncnc3cc4c(cc23)N(C(=O)/C=C/CN2CCN(C)CC2)CCO4)c1,7.795880017344075
CHEMBL3114688,IC50,nM,4.0,IC50,uM,0.004,C#Cc1cccc(Nc2ncnc3cc4c(cc23)N(C(=O)/C=C/CN2CCCCC2)CCO4)c1,8.397940008672037
CHEMBL3114687,IC50,nM,5.0,IC50,uM,0.005,C#Cc1cccc(Nc2ncnc3cc4c(cc23)N(C(=O)/C=C/CN(CC)CC)CCO4)c1,8.301029995663981
CHEMBL3114686,IC50,nM,5.0,IC50,uM,0.005,C#Cc1cccc(Nc2ncnc3cc4c(cc23)N(C(=O)/C=C/CN2CCCCC2C)CCO4)c1,8.301029995663981
CHEMBL3114701,IC50,nM,5.0,IC50,uM,0.005,C#Cc1cccc(Nc2ncnc3cc4c(cc23)N(C(=O)/C=C/CN2CCC(C)CC2)CCO4)c1,8.301029995663981
CHEMBL3114700,IC50,nM,3.0,IC50,uM,0.003,C#Cc1cccc(Nc2ncnc3cc4c(cc23)N(C(=O)/C=C/CN2CCCC2)CCO4)c1,8.522878745280337
CHEMBL3114699,IC50,nM,12.0,IC50,uM,0.012,C#Cc1cccc(Nc2ncnc3cc4c(cc23)N(C(=O)/C=C/CN2CCOCC2)CCO4)c1,7.920818753952375
CHEMBL3134612,IC50,nM,2145.0,IC50,uM,2.145,COc1cc(Nc2nccc(-c3ccc(Cl)cc3)n2)cc(OC)c1OC,5.668572703479257
CHEMBL3133821,IC50,nM,270.0,IC50,nM,270.0,Oc1cccc(Nc2ccnc3[nH]c4ccccc4c23)c1,6.568636235841013
CHEMBL3133758,IC50,nM,165.0,IC50,nM,165.0,CCN(CCO)CCCOc1ccc2c(Nc3cccc(NC(=O)Nc4ccc(F)c(Cl)c4)c3)ncnc2c1,6.782516055786093
CHEMBL3133757,IC50,nM,188.0,IC50,nM,188.0,CCN(CCO)CCCOc1ccc2c(Nc3cccc(NC(=O)Nc4ccc(Cl)c(C(F)(F)F)c4)c3)ncnc2c1,6.72584215073632
CHEMBL3133756,IC50,nM,99.0,IC50,nM,99.0,O=C(Nc1cccc(Nc2ncnc3cc(OCCCN4CCN(CCO)CC4)ccc23)c1)Nc1ccc(Cl)c(C(F)(F)F)c1,7.00436480540245
CHEMBL3133755,IC50,nM,3315.0,IC50,nM,3315.0,O=C(Nc1cccc(Nc2ncnc3cc(OCCCN4CCOCC4)ccc23)c1)Nc1ccc(F)c(Cl)c1,5.4795164672592085
CHEMBL3133754,IC50,nM,2350.0,IC50,nM,2350.0,COc1cc2ncnc(Nc3cccc(NC(=O)Nc4cccc(C)c4)c3)c2cc1OCCCN1CCOCC1,5.628932137728264
CHEMBL3133752,IC50,nM,82.0,IC50,nM,82.0,COc1cc2ncnc(Nc3cccc(NC(=O)Nc4ccc(Cl)c(C(F)(F)F)c4)c3)c2cc1OCCCN1CCOCC1,7.086186147616283
CHEMBL3133751,IC50,nM,285.0,IC50,nM,285.0,COc1cc2ncnc(Nc3ccc(NC(=O)Nc4ccc(Cl)c(C(F)(F)F)c4)cc3)c2cc1OCCCN1CCOCC1,6.54515513999149
CHEMBL3133899,IC50,nM,130.0,IC50,uM,0.13,C=CC(=O)N1CCc2c(sc3ncnc(Nc4ccc(CC)cc4)c23)C1,6.886056647693163
CHEMBL3133895,IC50,nM,280.0,IC50,uM,0.28,C=CC(=O)N1CCc2c(sc3ncnc(Nc4cccc(C)c4F)c23)C1,6.552841968657781
CHEMBL3133894,IC50,nM,2800.0,IC50,uM,2.8,C=CC(=O)Nc1ccc2ncnc(NC3CCCCC3)c2c1,5.552841968657781
CHEMBL3133893,IC50,nM,4390.0,IC50,uM,4.39,C=CC(=O)Nc1ccc2ncnc(Nc3ccc(S(=O)(=O)Nc4ccccn4)cc3)c2c1,5.357535479757878
CHEMBL3133908,IC50,nM,275.0,IC50,uM,0.275,C=CC(=O)Nc1ccc2ncnc(Nc3cccc(CC)c3)c2c1,6.560667306169737
CHEMBL3133907,IC50,nM,2000.0,IC50,uM,2.0,C=CC(=O)Nc1ccc2ncnc(Nc3ccccc3CC)c2c1,5.698970004336019
CHEMBL3133906,IC50,nM,931.0,IC50,uM,0.931,C=CC(=O)Nc1ccc2ncnc(Nc3ccc(OC)cc3OC)c2c1,6.031050319018657
CHEMBL3133904,IC50,nM,111000.0,IC50,uM,111.0,C=CC(=O)Nc1ccc2ncnc(Nc3cccc(C)c3F)c2c1,3.9546770212133424
CHEMBL3132872,IC50,nM,36.0,IC50,uM,0.036,C=CC(=O)Nc1ccc2ncnc(Nc3ccc(Br)cc3F)c2c1,7.443697499232712
CHEMBL3133898,IC50,nM,8730.0,IC50,uM,8.73,C=CC(=O)N1CCc2c(sc3ncnc(Nc4cccc(CC)c4)c23)C1,5.0589857562944305
CHEMBL3133897,IC50,nM,4400.0,IC50,uM,4.4,C=CC(=O)N1CCc2c(sc3ncnc(Nc4ccc(Br)c(C)c4)c23)C1,5.356547323513812
CHEMBL3133896,IC50,nM,3710.0,IC50,uM,3.71,C=CC(=O)N1CCc2c(sc3ncnc(Nc4ccc(Br)cc4F)c23)C1,5.430626090384954
CHEMBL3133912,IC50,nM,43700.0,IC50,uM,43.7,C=CC(=O)Nc1ccc2ncnc(Nc3ccc(S(=O)(=O)Nc4nccs4)cc3)c2c1,4.359518563029578
CHEMBL3133911,IC50,nM,53300.0,IC50,uM,53.3,C=CC(=O)Nc1ccc2ncnc(Nc3ccc(S(=O)(=O)NC(=N)N)cc3)c2c1,4.273272790973428
CHEMBL3133910,IC50,nM,76500.0,IC50,uM,76.5,C=CC(=O)Nc1ccc2ncnc(Nc3ccc(S(N)(=O)=O)cc3)c2c1,4.116338564846382
CHEMBL3133909,IC50,nM,3200.0,IC50,uM,3.2,C=CC(=O)Nc1ccc2ncnc(Nc3ccc(CC)cc3)c2c1,5.494850021680094
CHEMBL3133905,IC50,nM,2500.0,IC50,uM,2.5,C=CC(=O)Nc1ccc2ncnc(Nc3ccc(Br)c(OC)c3)c2c1,5.6020599913279625
CHEMBL3133903,IC50,nM,2300.0,IC50,uM,2.3,C=CC(=O)Nc1ccc2ncnc(Nc3ccc(Br)c(C)c3)c2c1,5.638272163982407
CHEMBL3133902,IC50,nM,2200.0,IC50,uM,2.2,C=CC(=O)Nc1ccc2ncnc(Nc3ccc(Br)cc3C)c2c1,5.657577319177793
CHEMBL3133901,IC50,nM,2200.0,IC50,uM,2.2,C=CC(=O)Nc1ccc2ncnc(Nc3c(F)cccc3Br)c2c1,5.657577319177793
CHEMBL3219125,IC50,nM,9.14,IC50,nM,9.14,C=CC(=O)Nc1cccc(N2C(=O)CN(C)C(=O)c3cnc(Nc4ccc(N5CCN(C)CC5)cc4OC)nc32)c1,8.03905380426617
CHEMBL3219127,IC50,nM,2.45,IC50,nM,2.45,C=CC(=O)Nc1cccc(N2C(=O)C3CCCCN3C(=O)c3cnc(Nc4ccc(N5CCN(C)CC5)cc4OC)nc32)c1,8.610833915635467
CHEMBL3219128,IC50,nM,22.12,IC50,nM,22.12,C=CC(=O)Nc1cccc(N2C(=O)C(C)N(C)C(=O)c3cnc(Nc4ccc(N5CCN(C)CC5)cc4OC)nc32)c1,7.65521487736734
CHEMBL3219129,IC50,nM,24.83,IC50,nM,24.83,C=CC(=O)Nc1cccc(N2C(=O)C(C(C)C)N(C)C(=O)c3cnc(Nc4ccc(N5CCN(C)CC5)cc4OC)nc32)c1,7.605023280445436
CHEMBL3219130,IC50,nM,10.18,IC50,nM,10.18,C=CC(=O)Nc1cccc(N2C(=O)C(C(C)CC)N(C)C(=O)c3cnc(Nc4ccc(N5CCN(C)CC5)cc4OC)nc32)c1,7.99225222199926
CHEMBL3219131,IC50,nM,77.19,IC50,nM,77.19,C=CC(=O)Nc1cccc(N2C(=O)C(c3ccccc3)N(C)C(=O)c3cnc(Nc4ccc(N5CCN(C)CC5)cc4OC)nc32)c1,7.112438959069991
CHEMBL3219132,IC50,nM,6.99,IC50,nM,6.99,C=CC(=O)Nc1cccc(N2C(=O)CN(c3ccccc3)C(=O)c3cnc(Nc4ccc(N5CCN(C)CC5)cc4OC)nc32)c1,8.15552282425432
CHEMBL3219133,IC50,nM,4.68,IC50,nM,4.68,C=CC(=O)Nc1cccc(N2C(=O)C(Cc3ccccc3)N(C)C(=O)c3cnc(Nc4ccc(N5CCN(C)CC5)cc4OC)nc32)c1,8.329754146925875
CHEMBL3219134,IC50,nM,33.95,IC50,nM,33.95,C=CC(=O)Nc1cccc(N2C(=O)C(Cc3ccc(OC)cc3)N(C)C(=O)c3cnc(Nc4ccc(N5CCN(C)CC5)cc4OC)nc32)c1,7.469160221383479
CHEMBL3219135,IC50,nM,37.37,IC50,nM,37.37,C=CC(=O)Nc1cccc(N2C(=O)C(Cc3ccc(Cl)cc3)N(C)C(=O)c3cnc(Nc4ccc(N5CCN(C)CC5)cc4OC)nc32)c1,7.427476902150363
CHEMBL3219347,IC50,nM,5.78,IC50,nM,5.78,C=CC(=O)Nc1cccc(N2C(=O)C(Cc3ccc(F)cc3)N(C)C(=O)c3cnc(Nc4ccc(N5CCN(C)CC5)cc4OC)nc32)c1,8.23807216157947
CHEMBL3219348,IC50,nM,6.26,IC50,nM,6.26,C=CC(=O)Nc1cccc(N2C(=O)CN(Cc3ccccc3)C(=O)c3cnc(Nc4ccc(N5CCN(C)CC5)cc4OC)nc32)c1,8.20342566678957
CHEMBL3219502,IC50,nM,490.0,IC50,uM,0.49,COc1cc2ncnc(Nc3cccc(Cl)c3)c2cc1B1OC(C)(C)C(C)(C)O1,6.309803919971486
CHEMBL3219505,IC50,nM,570.0,IC50,uM,0.57,CC1(C)OB(c2ccc3ncnc(Nc4ccc(F)c(Cl)c4)c3c2)OC1(C)C,6.2441251443275085
CHEMBL3218424,IC50,nM,650.0,IC50,uM,0.65,OB(O)c1ccc2ncnc(Nc3cccc(Cl)c3)c2c1,6.187086643357144
CHEMBL3219504,IC50,nM,590.0,IC50,uM,0.59,CC1(C)OB(c2ccc3ncnc(Nc4cccc(Cl)c4)c3c2)OC1(C)C,6.229147988357855
CHEMBL3219503,IC50,nM,520.0,IC50,uM,0.52,COc1cc2ncnc(Nc3ccc(F)c(Cl)c3)c2cc1B1OC(C)(C)C(C)(C)O1,6.2839966563652006
CHEMBL3219506,IC50,nM,800.0,IC50,uM,0.8,OB(O)c1ccc2ncnc(Nc3ccc(F)c(Cl)c3)c2c1,6.096910013008056
CHEMBL3219507,IC50,nM,460.0,IC50,uM,0.46,COc1cc2ncnc(Nc3cccc(Cl)c3)c2cc1B(O)O,6.337242168318426
CHEMBL3219508,IC50,nM,510.0,IC50,uM,0.51,COc1cc2ncnc(Nc3ccc(F)c(Cl)c3)c2cc1B(O)O,6.292429823902063
CHEMBL3217993,IC50,nM,33.0,IC50,uM,0.033,Nc1ccccc1NC(=O)c1ccc(COc2ccc3ncnc(Nc4cccc(Br)c4)c3c2)cc1,7.481486060122112
CHEMBL3218000,IC50,nM,78.0,IC50,uM,0.078,C#Cc1cccc(Nc2ncnc3ccc(OCc4ccc(C(=O)Nc5ccccc5N)cc4)cc23)c1,7.107905397309519
CHEMBL3218001,IC50,nM,1300.0,IC50,uM,1.3,C#Cc1cccc(Nc2ncnc3ccc(S(=O)(=O)n4ccc(/C=C/C(=O)Nc5ccccc5N)c4)cc23)c1,5.886056647693163
CHEMBL3218002,IC50,nM,1200.0,IC50,uM,1.2,C#Cc1cccc(Nc2ncnc3ccc(S(=O)(=O)n4ccc(/C=C/C(=O)NO)c4)cc23)c1,5.920818753952375
CHEMBL3221551,IC50,nM,800.0,IC50,uM,0.8,CCCCOC(=O)Nc1ccc(Nc2ncnc3cc(OC)c(OC)cc23)cc1.Cl,6.096910013008056
CHEMBL3221554,IC50,nM,900.0,IC50,uM,0.9,CCOC(=O)Nc1ccc(Nc2ncnc3cc(OC)c(OC)cc23)cc1C.Cl,6.045757490560675
CHEMBL3221556,IC50,nM,900.0,IC50,uM,0.9,CCCOC(=O)Nc1ccc(Nc2ncnc3cc(OC)c(OC)cc23)cc1C.Cl,6.045757490560675
CHEMBL3221561,IC50,nM,900.0,IC50,uM,0.9,CCOC(=O)Nc1cc(Nc2ncnc3cc(OC)c(OC)cc23)ccc1Cl.Cl,6.045757490560675
CHEMBL3221560,IC50,nM,1000.0,IC50,uM,1.0,CCOC(=O)Nc1ccc(Nc2ncnc3cc(OC)c(OC)cc23)cc1Cl.Cl,6.0
CHEMBL3221258,IC50,nM,1000.0,IC50,uM,1.0,CCCOC(=O)Nc1ccc(Nc2ncnc3cc(OC)c(OC)cc23)cc1Cl.Cl,6.0
CHEMBL3221542,IC50,nM,3900.0,IC50,uM,3.9,CCCOc1cc2ncnc(Nc3ccc(NC(=O)OCC)c(C)c3)c2cc1OC.Cl,5.4089353929735005
CHEMBL3221552,IC50,nM,4000.0,IC50,uM,4.0,COC(=O)Nc1ccc(Nc2ncnc3cc(OC)c(OC)cc23)cc1C.Cl,5.3979400086720375
CHEMBL3221555,IC50,nM,5000.0,IC50,uM,5.0,CCOC(=O)Nc1cc(Nc2ncnc3cc(OC)c(OC)cc23)ccc1C.Cl,5.301029995663981
CHEMBL3221547,IC50,nM,5500.0,IC50,uM,5.5,CCCOc1cc2ncnc(Nc3ccc(NC(=O)OCC)c(Cl)c3)c2cc1OC.Cl,5.259637310505756
CHEMBL3221558,IC50,nM,6150.0,IC50,uM,6.15,COC(=O)Nc1ccc(Nc2ncnc3cc(OC)c(OC)cc23)cc1Cl.Cl,5.211124884224583
CHEMBL3221259,IC50,nM,6400.0,IC50,uM,6.4,CCCCOC(=O)Nc1ccc(Nc2ncnc3cc(OC)c(OC)cc23)cc1Cl.Cl,5.1938200260161125
CHEMBL3218346,IC50,nM,5.4,IC50,nM,5.4,C=CC(=O)Nc1cccc(Nc2cc(Nc3cccc(Br)c3)ncn2)c1,8.267606240177031
CHEMBL3218347,IC50,nM,166.0,IC50,nM,166.0,CCC(=O)Nc1cccc(Nc2cc(Nc3cccc(Br)c3)ncn2)c1,6.779891911959945
CHEMBL3221550,IC50,nM,7050.0,IC50,uM,7.05,CCCOC(=O)Nc1ccc(Nc2ncnc3cc(OC)c(OC)cc23)cc1.Cl,5.151810883008602
CHEMBL3221553,IC50,nM,7200.0,IC50,uM,7.2,COC(=O)Nc1cc(Nc2ncnc3cc(OC)c(OC)cc23)ccc1C.Cl,5.142667503568732
CHEMBL3221557,IC50,nM,7600.0,IC50,uM,7.6,CCCCOC(=O)Nc1ccc(Nc2ncnc3cc(OC)c(OC)cc23)cc1C.Cl,5.119186407719209
CHEMBL3221541,IC50,nM,8000.0,IC50,uM,8.0,CCOC(=O)Nc1ccc(Nc2ncnc3cc(OCCN4CCOCC4)c(OC)cc23)cc1C.Cl,5.096910013008056
CHEMBL3221546,IC50,nM,8500.0,IC50,uM,8.5,CCOC(=O)Nc1ccc(Nc2ncnc3cc(OCCN4CCOCC4)c(OC)cc23)cc1Cl.Cl,5.070581074285707
CHEMBL3221548,IC50,nM,9800.0,IC50,uM,9.8,CCCCOc1cc2c(Nc3ccc(NC(=O)OCC)c(Cl)c3)ncnc2cc1OCCN(CC)CC.Cl,5.008773924307505
CHEMBL3234864,IC50,nM,10350.0,IC50,uM,10.35,Cc1ncc([N+](=O)[O-])n1CC(=O)N/N=C/c1cc2ccccc2nc1Oc1ccccc1,4.985059650207063
CHEMBL3234865,IC50,nM,23130.0,IC50,uM,23.13,Cc1ccc(Oc2nc3ccccc3cc2/C=N/NC(=O)Cn2c([N+](=O)[O-])cnc2C)cc1,4.635824367229381
CHEMBL3234866,IC50,nM,270.0,IC50,uM,0.27,COc1ccc(Oc2nc3ccccc3cc2/C=N/NC(=O)Cn2c([N+](=O)[O-])cnc2C)cc1,6.568636235841013
CHEMBL3234867,IC50,nM,21020.0,IC50,uM,21.02,Cc1ncc([N+](=O)[O-])n1CC(=O)N/N=C/c1cc2ccccc2nc1Oc1ccc(F)cc1,4.677367288307776
CHEMBL3235199,IC50,nM,5120.0,IC50,uM,5.12,Cc1ncc([N+](=O)[O-])n1CC(=O)N/N=C/c1cc2ccccc2nc1Oc1ccc(Cl)cc1,5.29073003902417
CHEMBL3235200,IC50,nM,3170.0,IC50,uM,3.17,Cc1ccc2nc(Oc3ccccc3)c(/C=N/NC(=O)Cn3c([N+](=O)[O-])cnc3C)cc2c1,5.498940737782249
CHEMBL3235201,IC50,nM,180.0,IC50,uM,0.18,Cc1ccc(Oc2nc3ccc(C)cc3cc2/C=N/NC(=O)Cn2c([N+](=O)[O-])cnc2C)cc1,6.7447274948966935
CHEMBL3235202,IC50,nM,120.0,IC50,uM,0.12,COc1ccc(Oc2nc3ccc(C)cc3cc2/C=N/NC(=O)Cn2c([N+](=O)[O-])cnc2C)cc1,6.920818753952375
CHEMBL3235203,IC50,nM,420.0,IC50,uM,0.42,Cc1ccc2nc(Oc3ccc(F)cc3)c(/C=N/NC(=O)Cn3c([N+](=O)[O-])cnc3C)cc2c1,6.376750709602099
CHEMBL3235204,IC50,nM,8660.0,IC50,uM,8.66,Cc1ccc2nc(Oc3ccc(Cl)cc3)c(/C=N/NC(=O)Cn3c([N+](=O)[O-])cnc3C)cc2c1,5.062482107982653
CHEMBL3234736,IC50,nM,550.0,IC50,uM,0.55,Cc1ccc(C(=O)Nc2ccc(CN3CCN(C)CC3)c(C(F)(F)F)c2)cc1NC(=O)c1cccnc1,6.259637310505756
CHEMBL3234737,IC50,nM,575.0,IC50,uM,0.575,Cc1ccc(C(=O)Nc2ccc(CN3CCN(C)CC3)c(C(F)(F)F)c2)cc1NC(=O)c1ccccn1,6.2403321553103694
CHEMBL3234740,IC50,nM,3900.0,IC50,uM,3.9,Cc1ccc(C(=O)Nc2ccc(CN3CCN(C)CC3)c(C(F)(F)F)c2)cc1NC(=O)c1cnccn1,5.4089353929735005
CHEMBL3234741,IC50,nM,1920.0,IC50,uM,1.92,Cc1ccc(C(=O)Nc2ccc(CN3CCN(C)CC3)c(C(F)(F)F)c2)cc1NC(=O)c1cncnc1,5.716698771296451
CHEMBL3234742,IC50,nM,43.0,IC50,uM,0.043,Cc1ccc(C(=O)Nc2ccc(CN3CCN(C)CC3)c(C(F)(F)F)c2)cc1NC(=O)c1cnc(N)nc1,7.366531544420414
CHEMBL3234743,IC50,nM,1330.0,IC50,uM,1.33,Cc1ccc(C(=O)Nc2ccc(CN3CCN(C)CC3)c(C(F)(F)F)c2)cc1NC(=O)c1ccc(O)nc1,5.876148359032914
CHEMBL3234744,IC50,nM,120.0,IC50,uM,0.12,CNc1ncc(C(=O)Nc2cc(C(=O)Nc3ccc(CN4CCN(C)CC4)c(C(F)(F)F)c3)ccc2C)cn1,6.920818753952375
CHEMBL3234745,IC50,nM,130.0,IC50,uM,0.13,CCNc1ncc(C(=O)Nc2cc(C(=O)Nc3ccc(CN4CCN(C)CC4)c(C(F)(F)F)c3)ccc2C)cn1,6.886056647693163
CHEMBL3234746,IC50,nM,43.0,IC50,uM,0.043,Cc1ccc(C(=O)Nc2ccc(CN3CCN(C)CC3)c(C(F)(F)F)c2)cc1NC(=O)c1cnc(NC(C)C)nc1,7.366531544420414
CHEMBL3234747,IC50,nM,44.0,IC50,uM,0.044,Cc1ccc(C(=O)Nc2ccc(CN3CCN(C)CC3)c(C(F)(F)F)c2)cc1NC(=O)c1cnc(NC2CC2)nc1,7.356547323513812
CHEMBL3234748,IC50,nM,33.0,IC50,uM,0.033,Cc1ccc(C(=O)Nc2ccc(CN3CCN(C)CC3)c(C(F)(F)F)c2)cc1NC(=O)c1cnc(NC2CCCC2)nc1,7.481486060122112
CHEMBL3234749,IC50,nM,47.0,IC50,uM,0.047,Cc1ccc(C(=O)Nc2ccc(CN3CCN(C)CC3)c(C(F)(F)F)c2)cc1NC(=O)c1cnc(NC2CCCCC2)nc1,7.327902142064283
CHEMBL3234750,IC50,nM,6.0,IC50,uM,0.006,Cc1ccc(C(=O)Nc2ccc(CN3CCN(C)CC3)c(C(F)(F)F)c2)cc1NC(=O)c1cnc(Nc2ccccc2)nc1,8.221848749616356
CHEMBL3234751,IC50,nM,5540.0,IC50,uM,5.54,Cc1ccc(C(=O)Nc2ccc(CN3CCN(C)CC3)c(C(F)(F)F)c2)cc1NC(=O)c1cnc(N(C)C)nc1,5.2564902352715706
CHEMBL3234752,IC50,nM,8.0,IC50,uM,0.008,Cc1ccc(C(=O)Nc2ccc(CN3CCN(C)CC3)c(C(F)(F)F)c2)cc1NC(=O)c1cnc2[nH]ccc2c1,8.096910013008056
CHEMBL3234753,IC50,nM,30.0,IC50,uM,0.03,Cc1ccc(C(=O)Nc2ccc(CN3CCN(C)CC3)c(C(F)(F)F)c2)cc1NC(=O)c1cnc2[nH]ncc2c1,7.522878745280337
CHEMBL3234755,IC50,nM,680.0,IC50,uM,0.68,CN1CCN(Cc2ccc(NC(=O)c3cccc(NC(=O)c4cnc5[nH]ccc5c4)c3)cc2C(F)(F)F)CC1,6.167491087293763
CHEMBL3234756,IC50,nM,99.0,IC50,uM,0.099,CCc1ccc(C(=O)Nc2ccc(CN3CCN(C)CC3)c(C(F)(F)F)c2)cc1NC(=O)c1cnc2[nH]ccc2c1,7.00436480540245
CHEMBL3234757,IC50,nM,160.0,IC50,uM,0.16,CC(C)c1ccc(C(=O)Nc2ccc(CN3CCN(C)CC3)c(C(F)(F)F)c2)cc1NC(=O)c1cnc2[nH]ccc2c1,6.795880017344075
CHEMBL3237931,IC50,nM,525.0,IC50,uM,0.525,COc1cc(N2CCN(C)CC2)ccc1Nc1ncc(Cl)c(Oc2cccc(NC(=O)CCN3CCCC3)c2)n1,6.279840696594043
CHEMBL3237930,IC50,nM,877.0,IC50,uM,0.877,CCN(CC)CCC(=O)Nc1cccc(Oc2nc(Nc3ccc(N4CCN(C)CC4)cc3OC)ncc2Cl)c1,6.05700040663396
CHEMBL3237929,IC50,nM,638.0,IC50,uM,0.638,COc1cc(N2CCN(C)CC2)ccc1Nc1ncc(Cl)c(Oc2cccc(NC(=O)CCN(C)C)c2)n1,6.195179321278838
CHEMBL3237932,IC50,nM,10000.0,IC50,uM,10.0,COc1cc(N2CCN(C)CC2)ccc1Nc1ncc(Cl)c(Oc2cccc(NC(=O)CCN3CCCCC3)c2)n1,5.0
CHEMBL3237934,IC50,nM,7442.0,IC50,uM,7.442,COc1cc(N2CCN(C)CC2)ccc1Nc1ncc(Cl)c(Oc2cccc(NC(=O)CCN3CCN(C)CC3)c2)n1,5.1283103343144845
CHEMBL3237935,IC50,nM,698.0,IC50,uM,0.698,CCOC(=O)N1CCN(CCC(=O)Nc2cccc(Oc3nc(Nc4ccc(N5CCN(C)CC5)cc4OC)ncc3Cl)c2)CC1,6.156144577376839
CHEMBL3237936,IC50,nM,2388.0,IC50,uM,2.388,COc1cc(N2CCN(C)CC2)ccc1Nc1ncc(Cl)c(Oc2cccc(NC(=O)CCN3CCN(CCO)CC3)c2)n1,5.6219656775426685
CHEMBL3237937,IC50,nM,201.0,IC50,uM,0.201,COc1cc(N2CCN(C)CC2)ccc1Nc1ncc(Cl)c(Oc2cccc(NC(=O)CCN3CCN(CCOc4no[n+]([O-])c4S(=O)(=O)c4ccccc4)CC3)c2)n1,6.696803942579511
CHEMBL3237938,IC50,nM,18020.0,IC50,uM,18.02,Cc1nn(-c2ccccc2)c(Cl)c1C1C(C#N)=C(N)N(c2cccnc2)C2=C1C(=O)CCC2,4.7442452133569555
CHEMBL3237939,IC50,nM,10120.0,IC50,uM,10.12,Cc1ccc(-n2nc(C)c(C3C(C#N)=C(N)N(c4cccnc4)C4=C3C(=O)CCC4)c2Cl)cc1,4.99481948749622
CHEMBL3237940,IC50,nM,4150.0,IC50,uM,4.15,Cc1nn(-c2ccc(Cl)cc2)c(Cl)c1C1C(C#N)=C(N)N(c2cccnc2)C2=C1C(=O)CCC2,5.3819519032879075
CHEMBL3237941,IC50,nM,32130.0,IC50,uM,32.13,Cc1nn(-c2ccccc2)c(Cl)c1C1C(C#N)=C(N)N(c2cccnc2)C2=C1C(=O)CC(C)(C)C2,4.493089274448482
CHEMBL3237942,IC50,nM,14700.0,IC50,uM,14.7,Cc1ccc(-n2nc(C)c(C3C(C#N)=C(N)N(c4cccnc4)C4=C3C(=O)CC(C)(C)C4)c2Cl)cc1,4.8326826652518236
CHEMBL3237943,IC50,nM,24050.0,IC50,uM,24.05,Cc1nn(-c2ccc(Cl)cc2)c(Cl)c1C1C(C#N)=C(N)N(c2cccnc2)C2=C1C(=O)CC(C)(C)C2,4.618884919290149
CHEMBL3237944,IC50,nM,2090.0,IC50,uM,2.09,CCOC(=O)C1=C(N)N(c2cccnc2)C2=C(C(=O)CCC2)C1c1c(C)nn(-c2ccccc2)c1Cl,5.679853713888946
CHEMBL3237945,IC50,nM,910.0,IC50,uM,0.91,CCOC(=O)C1=C(N)N(c2cccnc2)C2=C(C(=O)CCC2)C1c1c(C)nn(-c2ccc(C)cc2)c1Cl,6.040958607678906
CHEMBL3237946,IC50,nM,6150.0,IC50,uM,6.15,CCOC(=O)C1=C(N)N(c2cccnc2)C2=C(C(=O)CCC2)C1c1c(C)nn(-c2ccc(Cl)cc2)c1Cl,5.211124884224583
CHEMBL3237947,IC50,nM,11180.0,IC50,uM,11.18,CCOC(=O)C1=C(N)N(c2cccnc2)C2=C(C(=O)CC(C)(C)C2)C1c1c(C)nn(-c2ccccc2)c1Cl,4.951558196449596
CHEMBL3237948,IC50,nM,510.0,IC50,uM,0.51,CCOC(=O)C1=C(N)N(c2cccnc2)C2=C(C(=O)CC(C)(C)C2)C1c1c(C)nn(-c2ccc(C)cc2)c1Cl,6.292429823902063
CHEMBL3237949,IC50,nM,1030.0,IC50,uM,1.03,CCOC(=O)C1=C(N)N(c2cccnc2)C2=C(C(=O)CC(C)(C)C2)C1c1c(C)nn(-c2ccc(Cl)cc2)c1Cl,5.987162775294828
CHEMBL3233759,IC50,nM,4997.0,IC50,uM,4.997,COC(=O)CC(=O)Nc1cc2c(Nc3ccc(F)c(Cl)c3)ncnc2s1,5.301290650557413
CHEMBL3233761,IC50,nM,799.0,IC50,uM,0.799,CN(C)CCCC(=O)Nc1cc2c(Nc3ccc(F)c(Cl)c3)ncnc2s1,6.097453220686009
CHEMBL3233762,IC50,nM,4286.0,IC50,uM,4.286,CN(C)CCN(C)CC(=O)Nc1cc2c(Nc3ccc(F)c(Cl)c3)ncnc2s1,5.36794783329419
CHEMBL3233763,IC50,nM,5222.0,IC50,uM,5.222,CN(C)CCCN(C)CC(=O)Nc1cc2c(Nc3ccc(F)c(Cl)c3)ncnc2s1,5.282163132513074
CHEMBL3233764,IC50,nM,542.0,IC50,uM,0.542,O=C(CN1CCC(CCO)CC1)Nc1cc2c(Nc3ccc(F)c(Cl)c3)ncnc2s1,6.266000713461613
CHEMBL3233765,IC50,nM,3399.0,IC50,uM,3.399,CN1CCN(CC(=O)Nc2cc3c(Nc4ccc(F)c(Cl)c4)ncnc3s2)CC1,5.46864883541694
CHEMBL3233766,IC50,nM,770.0,IC50,uM,0.77,O=C(CN1CCN(CCO)CC1)Nc1cc2c(Nc3ccc(F)c(Cl)c3)ncnc2s1,6.113509274827518
CHEMBL3233767,IC50,nM,16.0,IC50,uM,0.016,C=CC(=O)Nc1cc2c(Nc3ccc(F)c(Cl)c3)ncnc2s1,7.795880017344075
CHEMBL3233768,IC50,nM,6414.0,IC50,uM,6.414,C/C=C(\C)C(=O)Nc1cc2c(Nc3ccc(F)c(Cl)c3)ncnc2s1,5.192871044407578
CHEMBL3233769,IC50,nM,1792.0,IC50,uM,1.792,C=CCOC(=O)Nc1cc2c(Nc3ccc(F)c(Cl)c3)ncnc2s1,5.746661994673894
CHEMBL3233770,IC50,nM,40.0,IC50,uM,0.04,O=C(CCl)Nc1cc2c(Nc3ccc(F)c(Cl)c3)ncnc2s1,7.3979400086720375
CHEMBL3233771,IC50,nM,1040.0,IC50,uM,1.04,COCCNC/C=C/C(=O)Nc1cc2c(Nc3ccc(F)c(Cl)c3)ncnc2s1,5.982966660701219
CHEMBL3233772,IC50,nM,1196.0,IC50,uM,1.196,CN(C)CCCNC/C=C/C(=O)Nc1cc2c(Nc3ccc(F)c(Cl)c3)ncnc2s1,5.922268820347608
CHEMBL3233773,IC50,nM,3.0,IC50,uM,0.003,CS(=O)(=O)CCNC/C=C/C(=O)Nc1cc2c(Nc3ccc(F)c(Cl)c3)ncnc2s1,8.522878745280337
CHEMBL3233774,IC50,nM,10.0,IC50,uM,0.01,O=C(/C=C/CNCC1COC1)Nc1cc2c(Nc3ccc(F)c(Cl)c3)ncnc2s1,8.0
CHEMBL3233775,IC50,nM,20.0,IC50,uM,0.02,O=C(/C=C/CNC1CCOCC1)Nc1cc2c(Nc3ccc(F)c(Cl)c3)ncnc2s1,7.698970004336019
CHEMBL3233776,IC50,nM,8.0,IC50,uM,0.008,O=C(/C=C/CNCc1ncccn1)Nc1cc2c(Nc3ccc(F)c(Cl)c3)ncnc2s1,8.096910013008056
CHEMBL3233777,IC50,nM,24.0,IC50,uM,0.024,CN(C)C/C=C/C(=O)Nc1cc2c(Nc3ccc(F)c(Cl)c3)ncnc2s1,7.619788758288394
CHEMBL3233778,IC50,nM,8.0,IC50,uM,0.008,CCN(CC)C/C=C/C(=O)Nc1cc2c(Nc3ccc(F)c(Cl)c3)ncnc2s1,8.096910013008056
CHEMBL3233779,IC50,nM,2.0,IC50,uM,0.002,COC(CN(C)C/C=C/C(=O)Nc1cc2c(Nc3ccc(F)c(Cl)c3)ncnc2s1)OC,8.698970004336019
CHEMBL3233780,IC50,nM,139.0,IC50,uM,0.139,CCN(CC)CCN(C)C/C=C/C(=O)Nc1cc2c(Nc3ccc(F)c(Cl)c3)ncnc2s1,6.856985199745905
CHEMBL3233781,IC50,nM,93.0,IC50,uM,0.093,CN(C)CCCN(C)C/C=C/C(=O)Nc1cc2c(Nc3ccc(F)c(Cl)c3)ncnc2s1,7.031517051446065
CHEMBL3233782,IC50,nM,38.0,IC50,uM,0.038,O=C(/C=C/CN1CC(O)C1)Nc1cc2c(Nc3ccc(F)c(Cl)c3)ncnc2s1,7.42021640338319
CHEMBL3233783,IC50,nM,28.0,IC50,uM,0.028,O=C(/C=C/CN1CCC(F)(F)C1)Nc1cc2c(Nc3ccc(F)c(Cl)c3)ncnc2s1,7.552841968657781
CHEMBL3233784,IC50,nM,9.0,IC50,uM,0.009,O=C(/C=C/CN1CCCCC1)Nc1cc2c(Nc3ccc(F)c(Cl)c3)ncnc2s1,8.045757490560675
CHEMBL3233785,IC50,nM,0.9,IC50,uM,0.0009,O=C(/C=C/CN1CC2CCC1C(=O)C2)Nc1cc2c(Nc3ccc(F)c(Cl)c3)ncnc2s1,9.045757490560675
CHEMBL3233786,IC50,nM,4.0,IC50,uM,0.004,O=C(/C=C/CN1CCC(F)CC1)Nc1cc2c(Nc3ccc(F)c(Cl)c3)ncnc2s1,8.397940008672037
CHEMBL3233787,IC50,nM,7.0,IC50,uM,0.007,O=C(/C=C/CN1CCC(F)(F)CC1)Nc1cc2c(Nc3ccc(F)c(Cl)c3)ncnc2s1,8.154901959985743
CHEMBL3233788,IC50,nM,18.0,IC50,uM,0.018,CSC1CCN(C/C=C/C(=O)Nc2cc3c(Nc4ccc(F)c(Cl)c4)ncnc3s2)CC1,7.7447274948966935
CHEMBL3233789,IC50,nM,124.0,IC50,uM,0.124,CN1CCN(C/C=C/C(=O)Nc2cc3c(Nc4ccc(F)c(Cl)c4)ncnc3s2)CC1,6.906578314837765
CHEMBL3233790,IC50,nM,35.0,IC50,uM,0.035,CCN1CCN(C/C=C/C(=O)Nc2cc3c(Nc4ccc(F)c(Cl)c4)ncnc3s2)CC1,7.455931955649724
CHEMBL3233791,IC50,nM,34.0,IC50,uM,0.034,CC(C)N1CCN(C/C=C/C(=O)Nc2cc3c(Nc4ccc(F)c(Cl)c4)ncnc3s2)CC1,7.468521082957745
CHEMBL3233792,IC50,nM,3.0,IC50,uM,0.003,O=C(/C=C/CN1CCOCC1)Nc1cc2c(Nc3ccc(F)c(Cl)c3)ncnc2s1,8.522878745280337
CHEMBL3233793,IC50,nM,29.0,IC50,uM,0.029,O=C(/C=C/CN1CCS(=O)(=O)CC1)Nc1cc2c(Nc3ccc(F)c(Cl)c3)ncnc2s1,7.5376020021010435
CHEMBL3233020,IC50,nM,7.0,IC50,uM,0.007,O=C(/C=C/CN1CC2(COC2)C1)Nc1cc2c(Nc3ccc(F)c(Cl)c3)ncnc2s1,8.154901959985743
CHEMBL3233794,IC50,nM,2159.0,IC50,uM,2.159,O=C(/C=C/CN1CC2(CCOCC2)C1)Nc1cc2c(Nc3ccc(F)c(Cl)c3)ncnc2s1,5.6657473576657695
CHEMBL3233795,IC50,nM,2.0,IC50,uM,0.002,O=C(/C=C/CN1CCC2(CC1)OCCO2)Nc1cc2c(Nc3ccc(F)c(Cl)c3)ncnc2s1,8.698970004336019
CHEMBL3263959,IC50,nM,7670.0,IC50,uM,7.67,COc1cc2c(Oc3ccc(NC(=O)c4c(C)n(C)n(-c5ccccc5)c4=O)cc3F)ccnc2cc1OCCCN1CCN(C)CC1,5.115204636051019
CHEMBL3263960,IC50,nM,3860.0,IC50,uM,3.86,COc1cc2c(Oc3ccc(NS(=O)(=O)c4cccc(-c5ccoc5)c4)cc3F)ccnc2cc1OCCCN1CCOCC1,5.413412695328245
CHEMBL3263961,IC50,nM,1370.0,IC50,uM,1.37,COc1cc2c(Oc3ccc(NS(=O)(=O)c4cccc(-c5cnn(C)c5)c4)cc3F)ccnc2cc1OCCCN1CCOCC1,5.863279432843593
CHEMBL3263962,IC50,nM,84.0,IC50,uM,0.084,COc1cc2c(Oc3ccc(NS(=O)(=O)c4cccc(-c5cnn(C)c5)c4)cc3F)ccnc2cc1OCCCN1CCN(C)CC1,7.075720713938118
CHEMBL3263963,IC50,nM,168.0,IC50,uM,0.168,COc1cc2c(Oc3ccc(NS(=O)(=O)c4cccc(-c5ccoc5)c4)cc3F)ccnc2cc1OCCCN1CCN(C)CC1,6.774690718274137
CHEMBL3263964,IC50,nM,94.0,IC50,uM,0.094,COc1cc2c(Oc3ccc(NS(=O)(=O)c4cccc(-c5ccsc5)c4)cc3F)ccnc2cc1OCCCN1CCN(C)CC1,7.026872146400302
CHEMBL3263965,IC50,nM,572.0,IC50,uM,0.572,COc1cc2c(Oc3ccc(NS(=O)(=O)c4cc(-c5ccsc5)ccc4F)cc3F)ccnc2cc1OCCCN1CCN(C)CC1,6.242603971206976
CHEMBL3263966,IC50,nM,4354.0,IC50,uM,4.354,COc1cc2c(Oc3ccc(NS(=O)(=O)c4ccc(-c5cnn(C)c5)cc4)cc3F)ccnc2cc1OCCCN1CCN(C)CC1,5.361111575294925
CHEMBL3263967,IC50,nM,1201.0,IC50,uM,1.201,COc1cc2c(Oc3ccc(NS(=O)(=O)c4ccc(-c5ccsc5)cc4)cc3F)ccnc2cc1OCCCN1CCN(C)CC1,5.920456992597094
CHEMBL3263968,IC50,nM,1052.0,IC50,uM,1.052,COc1cc2c(Oc3ccc(NS(=O)(=O)c4cccc(-c5cccs5)c4)cc3F)ccnc2cc1OCCCN1CCN(C)CC1,5.9779842601822795
CHEMBL3263969,IC50,nM,1907.0,IC50,uM,1.907,COc1cc2c(Oc3ccc(NS(=O)(=O)c4cccc(-c5ccco5)c4)cc3F)ccnc2cc1OCCCN1CCN(C)CC1,5.719649306953994
CHEMBL3263359,IC50,nM,3960.0,IC50,uM,3.96,Cc1ccc(C2=NN(C3=NC(c4ccccc4)CS3)C(c3cccc4ccccc34)C2)cc1C,5.402304814074488
CHEMBL3263364,IC50,nM,5530.0,IC50,uM,5.53,COc1ccc(C2=NN(C3=NC(=O)CS3)C(c3cccc4ccccc34)C2)cc1,5.257274868695302
CHEMBL3263366,IC50,nM,1320.0,IC50,uM,1.32,Cc1ccc(C2=NN(C3=NC(=O)CS3)C(c3cccc4ccccc34)C2)cc1C,5.87942606879415
CHEMBL3263372,IC50,nM,5260.0,IC50,uM,5.26,Cc1ccc(C2=NN(C3=NC(c4ccccc4)CS3)C(c3ccc4ccccc4c3)C2)cc1,5.279014255846261
CHEMBL3263373,IC50,nM,650.0,IC50,uM,0.65,Cc1ccc(C2=NN(C3=NC(c4ccccc4)CS3)C(c3ccc4ccccc4c3)C2)cc1C,6.187086643357144
CHEMBL3263374,IC50,nM,6310.0,IC50,uM,6.31,O=C1CSC(N2N=C(c3ccccc3)CC2c2ccc3ccccc3c2)=N1,5.199970640755866
CHEMBL3263378,IC50,nM,2800.0,IC50,uM,2.8,COc1ccc(C2=NN(C3=NC(=O)CS3)C(c3ccc4ccccc4c3)C2)cc1,5.552841968657781
CHEMBL3263379,IC50,nM,3250.0,IC50,uM,3.25,Cc1ccc(C2=NN(C3=NC(=O)CS3)C(c3ccc4ccccc4c3)C2)cc1,5.488116639021126
CHEMBL3263380,IC50,nM,120.0,IC50,uM,0.12,Cc1ccc(C2=NN(C3=NC(=O)CS3)C(c3ccc4ccccc4c3)C2)cc1C,6.920818753952375
CHEMBL3290142,IC50,nM,11.0,IC50,nM,11.0,C=CC(=O)Nc1cccc(Nc2ncc(NC(=O)c3cc(NC(=O)c4cccc(C(F)(F)F)c4)ccc3C)cn2)c1,7.958607314841775
CHEMBL3290148,IC50,nM,7.0,IC50,nM,7.0,C=CC(=O)NCC(=O)Nc1cccc(Nc2ncc(NC(=O)c3cc(NC(=O)c4cccc(C(F)(F)F)c4)ccc3C)cn2)c1,8.154901959985743
CHEMBL3287898,IC50,nM,7500.0,IC50,uM,7.5,CCc1ccccc1NC(=O)N1C[C@@H](C)Oc2cc(-c3ccc([C@H]4CC[C@H](CC(=O)O)CC4)cc3)ccc21,5.1249387366083
CHEMBL3297893,IC50,nM,122.1,IC50,nM,122.1,Cc1nc(Nc2ccc(C(F)(F)F)cc2)c2cc(C)oc2n1,6.913284336055117
CHEMBL3297894,IC50,nM,30.2,IC50,nM,30.2,Cc1nc(Nc2ccc(F)c(Cl)c2)c2cc(C)oc2n1,7.519993057042849
CHEMBL3297892,IC50,nM,30.0,IC50,nM,30.0,C#Cc1cccc(Nc2nc(C)nc3oc(C)cc23)c1,7.522878745280337
CHEMBL3297898,IC50,nM,68.2,IC50,nM,68.2,COc1ccc(N(C)c2nc(C)nc3oc(C)cc23)cc1,7.166215625343521
CHEMBL3297897,IC50,nM,42.2,IC50,nM,42.2,COc1ccc(Nc2nc(C)nc3oc(C)cc23)cc1,7.374687549038326
CHEMBL3297900,IC50,nM,73.3,IC50,nM,73.3,CCCN(c1ccc(OC)cc1)c1nc(C)nc2oc(C)cc12,7.134896025358872
CHEMBL3298000,IC50,nM,82.3,IC50,nM,82.3,COc1ccc(N(C)c2nc(C)nc3oc(C)cc23)cc1.Cl,7.08460016478773
CHEMBL3297896,IC50,nM,90.2,IC50,nM,90.2,Cc1nc(Nc2cccc3[nH]ccc23)c2cc(C)oc2n1,7.044793462458058
CHEMBL3297999,IC50,nM,84.4,IC50,nM,84.4,COc1ccc(N(c2nc(C)nc3oc(C)cc23)C(C)C)cc1,7.073657553374344
CHEMBL3297899,IC50,nM,70.7,IC50,nM,70.7,CCN(c1ccc(OC)cc1)c1nc(C)nc2oc(C)cc12,7.150580586203101
CHEMBL3297895,IC50,nM,102.3,IC50,nM,102.3,Cc1nc(Nc2ccc(Cl)cc2)c2cc(C)oc2n1,6.99012436628784
CHEMBL3297891,IC50,nM,145.2,IC50,nM,145.2,Cc1nc(Nc2cccc3ccccc23)c2cc(C)oc2n1,6.838033383635925
CHEMBL3297998,IC50,nM,340.1,IC50,nM,340.1,CCCCN(c1ccc(OC)cc1)c1nc(C)nc2oc(C)cc12,6.468393368067278
CHEMBL3297816,IC50,nM,113.2,IC50,nM,113.2,Cc1nc(Nc2ccccc2)c2cc(C)oc2n1,6.946153573147748
CHEMBL3040861,IC50,nM,2.0,IC50,uM,0.002,c1ccc(-c2cccc(Nc3ncnc4cc5c(cc34)OCO5)c2)cc1,8.698970004336019
CHEMBL3040806,IC50,nM,42.0,IC50,uM,0.042,c1ccc(-c2cccc(Nc3ncnc4cc5c(cc34)OCCO5)c2)cc1,7.376750709602099
CHEMBL3040910,IC50,nM,27.0,IC50,uM,0.027,c1ccc(-c2cccc(Nc3ncnc4cc5c(cc34)OCCCO5)c2)cc1,7.568636235841013
CHEMBL3347498,IC50,nM,850.0,IC50,uM,0.85,OB(O)c1ccc(COc2ccc3ncnc(Nc4cccc(Cl)c4)c3c2)cc1,6.070581074285707
CHEMBL3347488,IC50,nM,270.0,IC50,uM,0.27,OB(O)/C=C/COc1ccc2ncnc(Nc3cccc(Cl)c3)c2c1,6.568636235841013
CHEMBL3347487,IC50,nM,200.0,IC50,uM,0.2,CC1(C)[C@H]2CC3OB(COc4ccc5ncnc(Nc6cccc(Cl)c6)c5c4)O[C@@]3(C)[C@@H]1C2,6.698970004336019
CHEMBL3360602,IC50,nM,0.77,IC50,nM,0.77,COc1cc2c(Nc3ccc(F)c(Cl)c3)ncnc2cc1OCCCn1ccnc1[N+](=O)[O-],9.113509274827518
CHEMBL3360603,IC50,nM,0.31,IC50,nM,0.31,COc1cc2c(Nc3ccc(F)c(Cl)c3)ncnc2cc1OCCCCn1ccnc1[N+](=O)[O-],9.508638306165727
CHEMBL3360604,IC50,nM,0.52,IC50,nM,0.52,COc1cc2c(Nc3ccc(F)c(Cl)c3)ncnc2cc1OCCCCCn1ccnc1[N+](=O)[O-],9.2839966563652
CHEMBL3360605,IC50,nM,1.44,IC50,nM,1.44,COc1cc2c(Nc3ccc(F)c(Cl)c3)ncnc2cc1OCCCCCCn1ccnc1[N+](=O)[O-],8.84163750790475
CHEMBL3360606,IC50,nM,0.32,IC50,nM,0.32,COc1cc2c(Nc3ccc(F)c(Cl)c3)ncnc2cc1OCCOCCn1ccnc1[N+](=O)[O-],9.494850021680094
CHEMBL3360607,IC50,nM,0.65,IC50,nM,0.65,C#Cc1cccc(Nc2ncnc3cc(OCCCn4ccnc4[N+](=O)[O-])c(OC)cc23)c1,9.187086643357144
CHEMBL3360608,IC50,nM,0.26,IC50,nM,0.26,C#Cc1cccc(Nc2ncnc3cc(OCCCCn4ccnc4[N+](=O)[O-])c(OC)cc23)c1,9.585026652029182
CHEMBL3360609,IC50,nM,0.47,IC50,nM,0.47,C#Cc1cccc(Nc2ncnc3cc(OCCCCCn4ccnc4[N+](=O)[O-])c(OC)cc23)c1,9.327902142064282
CHEMBL3360610,IC50,nM,0.57,IC50,nM,0.57,C#Cc1cccc(Nc2ncnc3cc(OCCCCCCn4ccnc4[N+](=O)[O-])c(OC)cc23)c1,9.244125144327509
CHEMBL3360611,IC50,nM,0.54,IC50,nM,0.54,C#Cc1cccc(Nc2ncnc3cc(OCCOCCn4ccnc4[N+](=O)[O-])c(OC)cc23)c1,9.267606240177031
CHEMBL3360612,IC50,nM,30.5,IC50,nM,30.5,COc1cc2c(Nc3ccc(OCc4cccc(F)c4)c(Cl)c3)ncnc2cc1OCCCn1ccnc1[N+](=O)[O-],7.515700160653214
CHEMBL3360613,IC50,nM,11.9,IC50,nM,11.9,COc1cc2c(Nc3ccc(OCc4cccc(F)c4)c(Cl)c3)ncnc2cc1OCCCCn1ccnc1[N+](=O)[O-],7.924453038607469
CHEMBL3360614,IC50,nM,16.6,IC50,nM,16.6,COc1cc2c(Nc3ccc(OCc4cccc(F)c4)c(Cl)c3)ncnc2cc1OCCCCCn1ccnc1[N+](=O)[O-],7.779891911959945
CHEMBL3360615,IC50,nM,35.5,IC50,nM,35.5,COc1cc2c(Nc3ccc(OCc4cccc(F)c4)c(Cl)c3)ncnc2cc1OCCCCCCn1ccnc1[N+](=O)[O-],7.449771646944906
CHEMBL3360616,IC50,nM,20.1,IC50,nM,20.1,COc1cc2c(Nc3ccc(OCc4cccc(F)c4)c(Cl)c3)ncnc2cc1OCCOCCn1ccnc1[N+](=O)[O-],7.696803942579511
CHEMBL3360617,IC50,nM,0.49,IC50,nM,0.49,COc1cc2c(Nc3cccc(Br)c3)ncnc2cc1OCCCn1ccnc1[N+](=O)[O-],9.309803919971486
CHEMBL3360618,IC50,nM,0.37,IC50,nM,0.37,COc1cc2c(Nc3cccc(Br)c3)ncnc2cc1OCCCCn1ccnc1[N+](=O)[O-],9.431798275933005
CHEMBL3360619,IC50,nM,0.33,IC50,nM,0.33,COc1cc2c(Nc3cccc(Br)c3)ncnc2cc1OCCCCCn1ccnc1[N+](=O)[O-],9.481486060122112
CHEMBL3352899,IC50,nM,0.78,IC50,nM,0.78,COc1cc2c(Nc3cccc(Br)c3)ncnc2cc1OCCCCCCn1ccnc1[N+](=O)[O-],9.10790539730952
CHEMBL3360620,IC50,nM,0.82,IC50,nM,0.82,COc1cc2c(Nc3cccc(Br)c3)ncnc2cc1OCCOCCn1ccnc1[N+](=O)[O-],9.086186147616283
CHEMBL3355873,IC50,nM,3.05,IC50,nM,3.05,COc1cc2ncnc(Nc3ccc(F)c(Cl)c3)c2cc1OCCn1ccnc1[N+](=O)[O-],8.515700160653214
CHEMBL3355874,IC50,nM,0.89,IC50,nM,0.89,COc1cc2ncnc(Nc3ccc(F)c(Cl)c3)c2cc1OCCCn1ccnc1[N+](=O)[O-],9.050609993355087
CHEMBL3355875,IC50,nM,0.47,IC50,nM,0.47,COc1cc2ncnc(Nc3ccc(F)c(Cl)c3)c2cc1OCCCCn1ccnc1[N+](=O)[O-],9.327902142064282
CHEMBL3355876,IC50,nM,0.51,IC50,nM,0.51,COc1cc2ncnc(Nc3ccc(F)c(Cl)c3)c2cc1OCCCCCn1ccnc1[N+](=O)[O-],9.292429823902063
CHEMBL3355877,IC50,nM,0.32,IC50,nM,0.32,COc1cc2ncnc(Nc3ccc(F)c(Cl)c3)c2cc1OCCCCCCn1ccnc1[N+](=O)[O-],9.494850021680094
CHEMBL3355878,IC50,nM,0.66,IC50,nM,0.66,COc1cc2ncnc(Nc3cccc(Br)c3)c2cc1OCCCn1ccnc1[N+](=O)[O-],9.18045606445813
CHEMBL3355879,IC50,nM,1.08,IC50,nM,1.08,C#Cc1cccc(Nc2ncnc3cc(OC)c(OCCCn4ccnc4[N+](=O)[O-])cc23)c1,8.96657624451305
CHEMBL3355880,IC50,nM,0.56,IC50,nM,0.56,C#Cc1cccc(Nc2ncnc3cc(OC)c(OCCCCn4ccnc4[N+](=O)[O-])cc23)c1,9.2518119729938
CHEMBL3355881,IC50,nM,0.49,IC50,nM,0.49,C#Cc1cccc(Nc2ncnc3cc(OC)c(OCCCCCn4ccnc4[N+](=O)[O-])cc23)c1,9.309803919971486
CHEMBL3355882,IC50,nM,0.5,IC50,nM,0.5,C#Cc1cccc(Nc2ncnc3cc(OC)c(OCCCCCCn4ccnc4[N+](=O)[O-])cc23)c1,9.301029995663981
CHEMBL3355883,IC50,nM,38.3,IC50,nM,38.3,COc1cc2ncnc(Nc3ccc(OCc4cccc(F)c4)c(Cl)c3)c2cc1OCCCn1ccnc1[N+](=O)[O-],7.416801226031377
CHEMBL3355884,IC50,nM,28.5,IC50,nM,28.5,COc1cc2ncnc(Nc3ccc(OCc4cccc(F)c4)c(Cl)c3)c2cc1OCCCCn1ccnc1[N+](=O)[O-],7.54515513999149
CHEMBL3355885,IC50,nM,51.2,IC50,nM,51.2,COc1cc2ncnc(Nc3ccc(OCc4cccc(F)c4)c(Cl)c3)c2cc1OCCCCCn1ccnc1[N+](=O)[O-],7.29073003902417
CHEMBL3355886,IC50,nM,15.1,IC50,nM,15.1,COc1cc2ncnc(Nc3ccc(OCc4cccc(F)c4)c(Cl)c3)c2cc1OCCCCCCn1ccnc1[N+](=O)[O-],7.82102305270683
CHEMBL3355887,IC50,nM,4.9,IC50,nM,4.9,COc1cc2ncnc(Nc3ccc(F)c(Cl)c3)c2cc1OCCn1c([N+](=O)[O-])cnc1C,8.309803919971486
CHEMBL3355888,IC50,nM,3.43,IC50,nM,3.43,COc1cc2ncnc(Nc3ccc(F)c(Cl)c3)c2cc1OCCCn1c([N+](=O)[O-])cnc1C,8.46470587995723
CHEMBL3355889,IC50,nM,0.53,IC50,nM,0.53,COc1cc2ncnc(Nc3ccc(F)c(Cl)c3)c2cc1OCCCCn1c([N+](=O)[O-])cnc1C,9.275724130399212
CHEMBL3355890,IC50,nM,1.18,IC50,nM,1.18,COc1cc2ncnc(Nc3cccc(Br)c3)c2cc1OCCCn1c([N+](=O)[O-])cnc1C,8.928117992693874
CHEMBL3361128,IC50,nM,100000.0,IC50,uM,100.0,O=C1/C(=C\c2ccc(O)c(O)c2)Oc2ccccc21,4.0
CHEMBL3353410,IC50,nM,15000.0,IC50,uM,15.0,C=CC(=O)Nc1cc(Nc2nccc(-c3cn(C)c4ccccc34)n2)c(OC)cc1N(C)CCN(C)C,4.823908740944319
CHEMBL3353395,IC50,nM,16000.0,IC50,uM,16.0,C=CC(=O)Nc1cc(Nc2ncc(Cl)c(-c3cnn4ccccc34)n2)c(OC)cc1N1CCN(C(=O)CN(C)C)CC1,4.795880017344075
CHEMBL3353396,IC50,nM,19000.0,IC50,uM,19.0,C=CC(=O)Nc1cc(Nc2ncc(Cl)c(-c3cnn4ccccc34)n2)c(OC)cc1N1CCN(C(=O)[C@H](C)N)CC1,4.721246399047171
CHEMBL3353397,IC50,nM,31000.0,IC50,uM,31.0,C=CC(=O)Nc1cc(Nc2ncc(Cl)c(-c3cnn4ccccc34)n2)c(OC)cc1N1CCN(C(=O)[C@@H]2CCCCN2)CC1,4.508638306165727
CHEMBL3353398,IC50,nM,57000.0,IC50,uM,57.0,C=CC(=O)Nc1cc(Nc2ncc(Cl)c(-c3cnn4ccccc34)n2)c(OC)cc1N1CCN(C(=O)[C@H]2CCCCN2)CC1,4.2441251443275085
CHEMBL3353399,IC50,nM,66000.0,IC50,uM,66.0,C=CC(=O)Nc1cc(Nc2ncc(Cl)c(-c3cnn4ccccc34)n2)c(OC)cc1N1CCN(C(=O)CNC)CC1,4.180456064458132
CHEMBL3353400,IC50,nM,75000.0,IC50,uM,75.0,C=CC(=O)Nc1cc(Nc2ncc(Cl)c(-c3cnn4ccccc34)n2)c(OC)cc1N1CCN(C(=O)[C@H](C)O)CC1,4.1249387366083
CHEMBL3353401,IC50,nM,135000.0,IC50,uM,135.0,C=CC(=O)Nc1cc(Nc2ncc(Cl)c(-c3cnn4ccccc34)n2)c(OC)cc1N1CCN(C(=O)N2CCNCC2)CC1,3.869666231504994
CHEMBL3353402,IC50,nM,177000.0,IC50,uM,177.0,C=CC(=O)Nc1cc(Nc2ncc(Cl)c(-c3cnn4ccccc34)n2)c(OC)cc1N1CCN(C(=O)[C@@H](C)N)CC1,3.752026733638193
CHEMBL3353403,IC50,nM,2000.0,IC50,uM,2.0,C=CC(=O)Nc1cc(Nc2ncc(Cl)c(-c3cnn4ccccc34)n2)c(OC)cc1N1CC[C@@H](N(C)C)C1,5.698970004336019
CHEMBL3353404,IC50,nM,600.0,IC50,uM,0.6,C=CC(=O)Nc1cc(Nc2ncc(Cl)c(-c3cnn4ccccc34)n2)c(OC)cc1N(C)CCN(C)C,6.221848749616356
CHEMBL3353405,IC50,nM,4000.0,IC50,uM,4.0,C=CC(=O)Nc1cc(Nc2ncc(Cl)c(-c3cnn4ccccc34)n2)c(OC)cc1N1CC(N(C)C)C1,5.3979400086720375
CHEMBL3353406,IC50,nM,900.0,IC50,uM,0.9,C=CC(=O)Nc1cc(Nc2ncc(C#N)c(-c3cn(C)c4ccccc34)n2)c(OC)cc1N(C)CCN(C)C,6.045757490560675
CHEMBL3353407,IC50,nM,2000.0,IC50,uM,2.0,C=CC(=O)Nc1cc(Nc2ncc(Cl)c(-c3cn(C)c4ccccc34)n2)c(OC)cc1N(C)CCN(C)C,5.698970004336019
CHEMBL3353408,IC50,nM,200.0,IC50,uM,0.2,C=CC(=O)Nc1cc(Nc2ncc(Cl)c(-c3c[nH]c4ccccc34)n2)c(OC)cc1N(C)CCN(C)C,6.698970004336019
CHEMBL3353409,IC50,nM,1000.0,IC50,uM,1.0,C=CC(=O)Nc1cc(Nc2ncc(C)c(-c3cn(C)c4ccccc34)n2)c(OC)cc1N(C)CCN(C)C,6.0
CHEMBL3353411,IC50,nM,2000.0,IC50,uM,2.0,C=CC(=O)Nc1cc(Nc2nccc(-c3c[nH]c4ccccc34)n2)c(OC)cc1N(C)CCN(C)C,5.698970004336019
CHEMBL3353412,IC50,nM,45000.0,IC50,uM,45.0,C=CC(=O)Nc1cc(Nc2nccc(-c3cn(C)c4ccccc34)n2)c(OC)cc1N(C)CCNC,4.346787486224656
CHEMBL3358006,IC50,nM,2100.0,IC50,uM,2.1,C[C@@H]1CN(c2nc(C(F)(F)F)no2)CCN1c1ncc(OCc2ccc(CS(C)(=O)=O)cc2F)cn1,5.6777807052660805
CHEMBL3335244,IC50,nM,88670.0,IC50,uM,88.67,COc1cc(Br)c(Br)c(/C=N/c2ccc3[nH]c(=O)[nH]c3c2)c1O,4.052223291535261
CHEMBL3335245,IC50,nM,76700.0,IC50,uM,76.7,CCOc1cc(Br)c(Br)c(/C=N/c2ccc3[nH]c(=O)[nH]c3c2)c1O,4.115204636051019
CHEMBL3357654,IC50,nM,8.3,IC50,nM,8.3,COc1cc2ncnc(Nc3cccc(Br)c3)c2cc1NC(=O)/C(F)=C/CN(C)C,8.080921907623926
CHEMBL3357652,IC50,nM,3.5,IC50,nM,3.5,CCOc1cc2ncnc(Nc3ccc(OCC4CC4)c(Cl)c3)c2cc1NC(=O)/C(F)=C/CN(C)C,8.455931955649724
CHEMBL3357650,IC50,nM,7.1,IC50,nM,7.1,CCOc1cc2ncnc(Nc3ccc(Oc4ccc(C)nc4)c(Cl)c3)c2cc1NC(=O)/C(F)=C/CN(C)C,8.148741651280925
CHEMBL3357649,IC50,nM,2.1,IC50,nM,2.1,COc1cc2ncnc(Nc3ccc(OCc4cccc(F)c4)c(Cl)c3)c2cc1NC(=O)/C(F)=C/CN(C)C,8.67778070526608
CHEMBL3357647,IC50,nM,37.9,IC50,nM,37.9,CCOc1cc2ncnc(Nc3ccc(Oc4ccc(C)nc4)c(Cl)c3)c2cc1NC(=O)/C(F)=C/CN1CCCCC1,7.421360790031928
CHEMBL3357645,IC50,nM,16.4,IC50,nM,16.4,O=C(Nc1cc2c(Nc3ccc(F)c(Cl)c3)ncnc2cc1O[C@H]1CCOC1)/C(F)=C/CN1CCCCC1,7.785156151952302
CHEMBL3357643,IC50,nM,59.8,IC50,nM,59.8,COc1cc2ncnc(Nc3ccc(F)c(Cl)c3)c2cc1NC(=O)/C(F)=C/CN1CCOCC1,7.223298816011589
CHEMBL3357642,IC50,nM,25.8,IC50,nM,25.8,CN(C)C/C=C(/F)C(=O)Nc1cc2c(Nc3ccc(F)c(Cl)c3)ncnc2cc1O[C@H]1CCOC1,7.58838029403677
CHEMBL3357641,IC50,nM,5.52,IC50,nM,5.52,CN(C)C/C=C(\F)C(=O)Nc1cc2c(Nc3ccc(F)c(Cl)c3)ncnc2cc1O[C@H]1CCOC1,8.2580609222708
CHEMBL3357640,IC50,nM,42.9,IC50,nM,42.9,O=C(Nc1cc2c(Nc3ccc(F)c(Cl)c3)ncnc2cc1O[C@H]1CCOC1)/C(F)=C\CN1CCOCC1,7.367542707815276
CHEMBL3357639,IC50,nM,21.3,IC50,nM,21.3,O=C(Nc1cc2c(Nc3ccc(F)c(Cl)c3)ncnc2cc1O[C@H]1CCOC1)/C(F)=C/CN1CCOCC1,7.671620396561262
CHEMBL3357637,IC50,nM,3.77,IC50,nM,3.77,CCOc1cc2ncnc(Nc3ccc(OCc4ccccn4)c(Cl)c3)c2cc1NC(=O)/C(F)=C/CN(C)C,8.423658649794207
CHEMBL3357635,IC50,nM,14.5,IC50,nM,14.5,COc1cc2ncnc(Nc3ccc(F)c(Cl)c3)c2cc1NC(=O)/C(F)=C/CN1CCCCC1,7.838631997765025
CHEMBL3357634,IC50,nM,6.67,IC50,nM,6.67,COc1cc2ncnc(Nc3ccc(F)c(Cl)c3)c2cc1NC(=O)/C(F)=C/CN(C)C,8.175874166083451
CHEMBL3357655,IC50,nM,5.0,IC50,nM,5.0,COc1cc2ncnc(Nc3cccc(Br)c3)c2cc1NC(=O)/C(F)=C\CN(C)C,8.301029995663981
CHEMBL3357653,IC50,nM,11.2,IC50,nM,11.2,CCOc1cc2ncnc(Nc3ccc(OCC4CC4)c(Cl)c3)c2cc1NC(=O)/C(F)=C\CN(C)C,7.950781977329818
CHEMBL3357651,IC50,nM,9.5,IC50,nM,9.5,CCOc1cc2ncnc(Nc3ccc(Oc4ccc(C)nc4)c(Cl)c3)c2cc1NC(=O)/C(F)=C\CN(C)C,8.022276394711152
CHEMBL3352869,IC50,nM,1.3,IC50,nM,1.3,COc1cc2ncnc(Nc3ccc(OCc4cccc(F)c4)c(Cl)c3)c2cc1NC(=O)/C(F)=C\CN(C)C,8.886056647693163
CHEMBL3357648,IC50,nM,39.2,IC50,nM,39.2,CCOc1cc2ncnc(Nc3ccc(Oc4ccc(C)nc4)c(Cl)c3)c2cc1NC(=O)/C(F)=C\CN1CCCCC1,7.406713932979542
CHEMBL3357646,IC50,nM,2.55,IC50,nM,2.55,O=C(Nc1cc2c(Nc3ccc(F)c(Cl)c3)ncnc2cc1O[C@H]1CCOC1)/C(F)=C\CN1CCCCC1,8.593459819566045
CHEMBL3357644,IC50,nM,0.3,IC50,nM,0.3,COc1cc2ncnc(Nc3ccc(F)c(Cl)c3)c2cc1NC(=O)/C(F)=C\CN1CCOCC1,9.522878745280337
CHEMBL3357638,IC50,nM,0.89,IC50,nM,0.89,CCOc1cc2ncnc(Nc3ccc(OCc4ccccn4)c(Cl)c3)c2cc1NC(=O)/C(F)=C\CN(C)C,9.050609993355087
CHEMBL3357636,IC50,nM,0.67,IC50,nM,0.67,COc1cc2ncnc(Nc3ccc(F)c(Cl)c3)c2cc1NC(=O)/C(F)=C\CN1CCCCC1,9.173925197299173
CHEMBL3325480,IC50,nM,16700.0,IC50,uM,16.7,CCOC(=O)C1=C(N)N(c2cccnc2)C2=C(C(=O)CCC2)C1c1cc2cc(Cl)ccc2n2nnnc12,4.777283528852417
CHEMBL3325479,IC50,nM,200.0,IC50,uM,0.2,CCOC(=O)C1=C(N)N(c2cccnc2)C2=C(C(=O)CCC2)C1c1cc2cc(OC)ccc2n2nnnc12,6.698970004336019
CHEMBL3325478,IC50,nM,7000.0,IC50,uM,7.0,CCOC(=O)C1=C(N)N(c2cccnc2)C2=C(C(=O)CCC2)C1c1cc2cc(C)ccc2n2nnnc12,5.154901959985743
CHEMBL3325477,IC50,nM,90.0,IC50,uM,0.09,CCOC(=O)C1=C(N)N(c2cccnc2)C2=C(C(=O)CCC2)C1c1cc2ccccc2n2nnnc12,7.045757490560675
CHEMBL3325476,IC50,nM,8100.0,IC50,uM,8.1,COC(=O)C1=C(N)N(c2cccnc2)C2=C(C(=O)CCC2)C1c1cc2cc(Cl)ccc2n2nnnc12,5.0915149811213505
CHEMBL3325475,IC50,nM,1300.0,IC50,uM,1.3,COC(=O)C1=C(N)N(c2cccnc2)C2=C(C(=O)CCC2)C1c1cc2cc(OC)ccc2n2nnnc12,5.886056647693163
CHEMBL3325474,IC50,nM,4300.0,IC50,uM,4.3,COC(=O)C1=C(N)N(c2cccnc2)C2=C(C(=O)CCC2)C1c1cc2cc(C)ccc2n2nnnc12,5.366531544420414
CHEMBL3325473,IC50,nM,1100.0,IC50,uM,1.1,COC(=O)C1=C(N)N(c2cccnc2)C2=C(C(=O)CCC2)C1c1cc2ccccc2n2nnnc12,5.958607314841775
CHEMBL3325472,IC50,nM,18300.0,IC50,uM,18.3,N#CC1=C(N)N(c2cccnc2)C2=C(C(=O)CCC2)C1c1cc2cc(Cl)ccc2n2nnnc12,4.73754891026957
CHEMBL3325471,IC50,nM,5400.0,IC50,uM,5.4,COc1ccc2c(c1)cc(C1C(C#N)=C(N)N(c3cccnc3)C3=C1C(=O)CCC3)c1nnnn12,5.267606240177032
CHEMBL3325470,IC50,nM,10400.0,IC50,uM,10.4,Cc1ccc2c(c1)cc(C1C(C#N)=C(N)N(c3cccnc3)C3=C1C(=O)CCC3)c1nnnn12,4.982966660701219
CHEMBL3327179,IC50,nM,4800.0,IC50,uM,4.8,N#CC1=C(N)N(c2cccnc2)C2=C(C(=O)CCC2)C1c1cc2ccccc2n2nnnc12,5.318758762624412
CHEMBL3344221,IC50,nM,30.4,IC50,nM,30.4,CN(C)[C@@H](CS(C)(=O)=O)c1ccc(-c2ccc3ncnc(Nc4ccc(OCc5cccc(F)c5)c(Cl)c4)c3c2)o1,7.517126416391246
CHEMBL3344220,IC50,nM,13.5,IC50,nM,13.5,CS(=O)(=O)C[C@H](N)c1ccc(-c2ccc3ncnc(Nc4ccc(OCc5cccc(F)c5)c(Cl)c4)c3c2)o1,7.8696662315049934
CHEMBL3344219,IC50,nM,110.2,IC50,nM,110.2,CCCCCCC(=O)ON[C@H](CS(C)(=O)=O)c1ccc(-c2ccc3ncnc(Nc4ccc(OCc5cccc(F)c5)c(Cl)c4)c3c2)o1,6.957818405484233
CHEMBL3344218,IC50,nM,92.8,IC50,nM,92.8,CCCCC(=O)ON[C@H](CS(C)(=O)=O)c1ccc(-c2ccc3ncnc(Nc4ccc(OCc5cccc(F)c5)c(Cl)c4)c3c2)o1,7.032452023781138
CHEMBL3344217,IC50,nM,89.6,IC50,nM,89.6,CCC(=O)ON[C@H](CS(C)(=O)=O)c1ccc(-c2ccc3ncnc(Nc4ccc(OCc5cccc(F)c5)c(Cl)c4)c3c2)o1,7.047691990337875
CHEMBL3344216,IC50,nM,4.1,IC50,nM,4.1,CN(C)[C@H](CS(C)(=O)=O)c1ccc(-c2ccc3ncnc(Nc4ccc(OCc5cccc(F)c5)c(Cl)c4)c3c2)o1,8.387216143280265
CHEMBL3344215,IC50,nM,10.8,IC50,nM,10.8,CS(=O)(=O)C[C@@H](N)c1ccc(-c2ccc3ncnc(Nc4ccc(OCc5cccc(F)c5)c(Cl)c4)c3c2)o1,7.966576244513051
CHEMBL3344214,IC50,nM,28.7,IC50,nM,28.7,CS(=O)(=O)CCNC(CS(C)(=O)=O)c1ccc(-c2ccc3ncnc(Nc4ccc(OCc5cccc(F)c5)c(Cl)c4)c3c2)o1,7.542118103266008
CHEMBL3344213,IC50,nM,39.2,IC50,nM,39.2,CC(C)NC(CS(C)(=O)=O)c1ccc(-c2ccc3ncnc(Nc4ccc(OCc5cccc(F)c5)c(Cl)c4)c3c2)o1,7.406713932979542
CHEMBL3344212,IC50,nM,77.2,IC50,nM,77.2,CS(=O)(=O)CC(NC1CCCCC1)c1ccc(-c2ccc3ncnc(Nc4ccc(OCc5cccc(F)c5)c(Cl)c4)c3c2)o1,7.112382699664264
CHEMBL3344211,IC50,nM,14.7,IC50,nM,14.7,CCNC(CS(C)(=O)=O)c1ccc(-c2ccc3ncnc(Nc4ccc(OCc5cccc(F)c5)c(Cl)c4)c3c2)o1,7.8326826652518236
CHEMBL3344208,IC50,nM,6.8,IC50,nM,6.8,CN(C)C(CS(C)(=O)=O)c1ccc(-c2ccc3ncnc(Nc4ccc(OCc5cccc(F)c5)c(Cl)c4)c3c2)o1,8.167491087293763
CHEMBL3344210,IC50,nM,34.8,IC50,nM,34.8,CNC(CS(C)(=O)=O)c1ccc(-c2ccc3ncnc(Nc4ccc(OCc5cccc(F)c5)c(Cl)c4)c3c2)o1,7.458420756053419
CHEMBL3344209,IC50,nM,17.6,IC50,nM,17.6,CS(=O)(=O)CC(N)c1ccc(-c2ccc3ncnc(Nc4ccc(OCc5cccc(F)c5)c(Cl)c4)c3c2)o1,7.7544873321858505
CHEMBL1230609,IC50,nM,2990.0,IC50,nM,2990.0,COc1cc2c(Oc3ccc(NC(=O)C4(C(=O)Nc5ccc(F)cc5)CC4)cc3F)ccnc2cc1OCCCN1CCOCC1,5.52432881167557
CHEMBL3393072,IC50,nM,8490.0,IC50,uM,8.49,O=C(Cc1c[nH]c2ccccc12)NNC(=S)Nc1ncccc1Br,5.071092309756048
CHEMBL1365395,IC50,nM,3920.0,IC50,uM,3.92,Cc1ccc2c(C)nc(Nc3nc(O)cc(CSc4nnnn4-c4ccccc4)n3)nc2c1,5.406713932979542
CHEMBL3397275,IC50,nM,1210.0,IC50,umol/L,1.21,Clc1cc(Nc2ncnc3ccc(NC4=NC[C@H](COc5ccccc5)O4)cc23)ccc1OCc1nccs1,5.91721462968355
CHEMBL3397276,IC50,nM,950.0,IC50,umol/L,0.95,Clc1cc(Nc2ncnc3ccc(NC4=NC[C@@H](COc5ccccc5)O4)cc23)ccc1OCc1nccs1,6.022276394711152
CHEMBL3403513,IC50,nM,226.4,IC50,nM,226.4,Cc1nc(N(C)c2ccc3c(c2)CCO3)c2cc(C)oc2n1,6.6451235774837665
CHEMBL3403512,IC50,nM,298.2,IC50,nM,298.2,Cc1nc(N(C)c2ccc3c(c2)OCO3)c2cc(C)oc2n1,6.525492360883025
CHEMBL3403510,IC50,nM,90.3,IC50,nM,90.3,COc1ccc(N(C)c2nc(C)nc3oc(C)cc23)cc1OC,7.044312249686494
CHEMBL3403509,IC50,nM,162.3,IC50,nM,162.3,COc1ccc(N(C)c2nc(C)nc3oc(C)cc23)c(OC)c1,6.789681480173768
CHEMBL3403514,IC50,nM,306.6,IC50,nM,306.6,Cc1nc(N(C)c2ccc3occc3c2)c2cc(C)oc2n1,6.513427849481643
CHEMBL3403515,IC50,nM,103.2,IC50,nM,103.2,COc1ccc2c(c1)CCN2c1nc(C)nc2oc(C)cc12,6.986320302708807
CHEMBL3403517,IC50,nM,3.4,IC50,nM,3.4,COc1ccc2c(c1)CCCN2c1nc(C)nc2oc(C)cc12,8.468521082957745
CHEMBL3403518,IC50,nM,102.2,IC50,nM,102.2,Cc1nc(N(C)c2ccc(OC(C)C)cc2)c2cc(C)oc2n1,6.990549104201306
CHEMBL3409484,IC50,nM,25.0,IC50,uM,0.025,CS(=O)(=O)CCNCc1ccc(-c2cc3c(Nc4ccc(OCc5ccccc5)cc4)ncnc3cn2)o1,7.6020599913279625
CHEMBL3409483,IC50,nM,23.0,IC50,uM,0.023,[O-][S+]1CCN(Cc2ccc(-c3cc4c(Nc5ccc(OCc6cccc(F)c6)cc5)ncnc4cn3)o2)CC1,7.638272163982407
CHEMBL3409482,IC50,nM,36.0,IC50,uM,0.036,CN(CCO)c1cc2c(Nc3ccc4c(cnn4Cc4ccccc4)c3)ncnc2cn1,7.443697499232712
CHEMBL3416636,IC50,nM,372.0,IC50,nM,372.0,Nc1cnc(C#Cc2cc3c(Nc4ccc(OCc5cccc(F)c5)c(Cl)c4)ncnc3s2)cn1,6.429457060118103
CHEMBL3416635,IC50,nM,109.0,IC50,nM,109.0,Fc1cccc(COc2ccc(Nc3ncnc4sc(C#CC5CCCN5)cc34)cc2Cl)c1,6.962573502059376
CHEMBL3416634,IC50,nM,71.0,IC50,nM,71.0,C#Cc1cc2c(Nc3ccc(OCc4cccc(F)c4)c(Cl)c3)ncnc2s1,7.1487416512809245
CHEMBL3416633,IC50,nM,69.0,IC50,nM,69.0,C[C@H](N)C#Cc1cc2c(Nc3ccc(OCc4cccc(F)c4)c(Cl)c3)ncnc2s1,7.161150909262744
CHEMBL3416631,IC50,nM,600.0,IC50,nM,600.0,OCCN1CCN(Cc2ccc(-c3cc4c(N[C@H](CO)c5ccccc5)ncnc4s3)cc2)CC1,6.221848749616356
CHEMBL3416630,IC50,nM,600.0,IC50,nM,600.0,OC[C@@H](Nc1ncnc2sc(-c3ccc(CN4CCNCC4)cc3)cc12)c1ccccc1,6.221848749616356
CHEMBL3416629,IC50,nM,26.0,IC50,nM,26.0,C#Cc1cccc(N2C(=O)Nc3c(C(=O)Nc4ccc(CN5CCCC5)cc4)sc4ncnc2c34)c1,7.585026652029182
CHEMBL3416628,IC50,nM,7.0,IC50,nM,7.0,O=C(Nc1ccc(CN2CCCC2)cc1)c1sc2ncnc3c2c1NC(=O)N3c1ccc(F)c(Cl)c1,8.154901959985743
CHEMBL3416627,IC50,nM,220.0,IC50,nM,220.0,COc1ccccc1-c1cc2c(Nc3ccc(OCc4cccc(F)c4)c(Cl)c3)ncnc2s1,6.657577319177793
CHEMBL3416626,IC50,nM,18.0,IC50,nM,18.0,C#Cc1cccc(Nc2ncnc3sc(-c4ccccc4OC)cc23)c1,7.7447274948966935
CHEMBL3416625,IC50,nM,5.0,IC50,nM,5.0,COc1ccccc1-c1cc2c(Nc3ccc(F)c(Cl)c3)ncnc2s1,8.301029995663981
CHEMBL3416624,IC50,nM,173.0,IC50,nM,173.0,COc1ccccc1-c1cc2c(Nc3ccccc3)ncnc2s1,6.761953896871205
CHEMBL3416623,IC50,nM,55.0,IC50,nM,55.0,COc1ccccc1-c1cc2c(N[C@H](C)c3cccs3)ncnc2s1,7.259637310505756
CHEMBL3416622,IC50,nM,170.0,IC50,nM,170.0,COc1ccccc1-c1cc2c(NCc3cccs3)ncnc2s1,6.769551078621726
CHEMBL3416437,IC50,nM,153.0,IC50,nM,153.0,COc1ccccc1-c1cc2c(N[C@H](C)c3ccccn3)ncnc2s1,6.815308569182402
CHEMBL3414594,IC50,nM,183.0,IC50,nM,183.0,COc1ccccc1-c1cc2c(NCc3ccccn3)ncnc2s1,6.73754891026957
CHEMBL3416598,IC50,nM,275.0,IC50,nM,275.0,COc1ccccc1-c1cc2c(NCc3cccnc3)ncnc2s1,6.560667306169737
CHEMBL3416597,IC50,nM,108.0,IC50,nM,108.0,COc1ccccc1-c1cc2c(NCc3ccncc3)ncnc2s1,6.966576244513051
CHEMBL3416596,IC50,nM,27.0,IC50,nM,27.0,COc1ccccc1-c1cc2c(N[C@H](C)c3ccc(F)cc3)ncnc2s1,7.568636235841013
CHEMBL3416595,IC50,nM,23.0,IC50,nM,23.0,COC[C@@H](Nc1ncnc2sc(-c3ccccc3OC)cc12)c1ccccc1,7.638272163982407
CHEMBL3416594,IC50,nM,8.0,IC50,nM,8.0,COc1ccccc1-c1cc2c(NC(CO)c3ccccc3)ncnc2s1,8.096910013008056
CHEMBL3416593,IC50,nM,629.0,IC50,nM,629.0,COc1ccccc1-c1cc2c(N[C@@H](CO)c3ccccc3)ncnc2s1,6.201349354554731
CHEMBL3416592,IC50,nM,1.0,IC50,nM,1.0,COc1ccccc1-c1cc2c(N[C@H](CO)c3ccccc3)ncnc2s1,9.0
CHEMBL3416591,IC50,nM,19.0,IC50,nM,19.0,COc1ccccc1-c1cc2c(NC(C)c3ccccc3)ncnc2s1,7.721246399047171
CHEMBL3416590,IC50,nM,1860.0,IC50,nM,1860.0,COc1ccccc1-c1cc2c(N[C@@H](C)c3ccccc3)ncnc2s1,5.730487055782084
CHEMBL3416447,IC50,nM,9.0,IC50,nM,9.0,COc1ccccc1-c1cc2c(N[C@H](C)c3ccccc3)ncnc2s1,8.045757490560675
CHEMBL3416446,IC50,nM,17.0,IC50,nM,17.0,COc1ccccc1-c1cc2c(NCc3ccccc3)ncnc2s1,7.769551078621726
CHEMBL3416441,IC50,nM,257.0,IC50,nM,257.0,Fc1cccc(COc2ccc(Nc3ncnc4sc(Br)cc34)cc2Cl)c1,6.590066876668706
CHEMBL3416439,IC50,nM,23.0,IC50,nM,23.0,C#Cc1cccc(Nc2ncnc3sc(Br)cc23)c1,7.638272163982407
CHEMBL3416438,IC50,nM,53.0,IC50,nM,53.0,Fc1ccc(Nc2ncnc3sc(Br)cc23)cc1Cl,7.275724130399211
CHEMBL3416621,IC50,nM,80.0,IC50,nM,80.0,Brc1cc2c(Nc3ccccc3)ncnc2s1,7.096910013008056
CHEMBL3416620,IC50,nM,415.0,IC50,nM,415.0,C[C@@H](Nc1ncnc2sc(Br)cc12)c1cccs1,6.3819519032879075
CHEMBL3416619,IC50,nM,1374.0,IC50,nM,1374.0,Brc1cc2c(NCc3cccs3)ncnc2s1,5.862013267276469
CHEMBL3416617,IC50,nM,2079.0,IC50,nM,2079.0,C[C@@H](Nc1ncnc2sc(Br)cc12)c1ccccn1,5.682145510668531
CHEMBL3416616,IC50,nM,7904.0,IC50,nM,7904.0,Brc1cc2c(NCc3ccccn3)ncnc2s1,5.102153068420428
CHEMBL3416614,IC50,nM,3883.0,IC50,nM,3883.0,Brc1cc2c(NCc3ccncc3)ncnc2s1,5.410832609453952
CHEMBL3416612,IC50,nM,150.0,IC50,nM,150.0,C[C@@H](Nc1ncnc2sc(Br)cc12)c1ccc(F)cc1,6.823908740944319
CHEMBL3416608,IC50,nM,183.0,IC50,nM,183.0,CC[C@@H](Nc1ncnc2sc(Br)cc12)c1ccccc1,6.73754891026957
CHEMBL3416606,IC50,nM,262.0,IC50,nM,262.0,COC[C@@H](Nc1ncnc2sc(Br)cc12)c1ccccc1,6.581698708680254
CHEMBL3416605,IC50,nM,83.0,IC50,nM,83.0,OCC(Nc1ncnc2sc(Br)cc12)c1ccccc1,7.080921907623926
CHEMBL3416603,IC50,nM,36.0,IC50,nM,36.0,OC[C@@H](Nc1ncnc2sc(Br)cc12)c1ccccc1,7.443697499232712
CHEMBL3416602,IC50,nM,156.0,IC50,nM,156.0,CC(Nc1ncnc2sc(Br)cc12)c1ccccc1,6.806875401645538
CHEMBL3416600,IC50,nM,38.0,IC50,nM,38.0,C[C@@H](Nc1ncnc2sc(Br)cc12)c1ccccc1,7.42021640338319
CHEMBL3416599,IC50,nM,241.0,IC50,nM,241.0,Brc1cc2c(NCc3ccccc3)ncnc2s1,6.617982957425132
CHEMBL3426225,IC50,nM,3518.0,IC50,uM,3.518,CCn1nc(C#Cc2cc(C(=O)Nc3ccc(CN4CCN(C)CC4)c(C(F)(F)F)c3)ccc2C)c2c(N)ncnc21,5.453704164878557
CHEMBL3425655,IC50,nM,7000.0,IC50,uM,7.0,COc1cc(N2CCN(C)CC2)ccc1Nc1ncc(Cl)c(Oc2cccc(NC(=O)/C(C#N)=C/c3ccc(F)cc3)c2)n1,5.154901959985743
CHEMBL3425656,IC50,nM,4800.0,IC50,uM,4.8,COc1cc(N2CCN(C)CC2)ccc1Nc1ncc(Cl)c(Oc2cccc(NC(=O)/C(C#N)=C/c3ccc(SC)cc3)c2)n1,5.318758762624412
CHEMBL3425661,IC50,nM,8700.0,IC50,uM,8.7,COc1cc(N2CCN(C)CC2)ccc1Nc1ncc(Cl)c(Oc2cccc(NC(=O)/C(C#N)=C/c3ccncc3)c2)n1,5.060480747381382
CHEMBL3425664,IC50,nM,7200.0,IC50,uM,7.2,COc1cc(N2CCN(C)CC2)ccc1Nc1ncc(Cl)c(Oc2cccc(NC(=O)/C(C#N)=C/C3CC3)c2)n1,5.142667503568732
CHEMBL3425672,IC50,nM,5600.0,IC50,uM,5.6,COc1cc(N2CCN(C)CC2)ccc1Nc1ncc(Cl)c(Oc2cccc(NC(=O)/C=C/C3CC3)c2)n1,5.251811972993799
CHEMBL3425657,IC50,nM,2300.0,IC50,uM,2.3,COc1cc(N2CCN(C)CC2)ccc1Nc1ncc(Cl)c(Oc2cccc(NC(=O)/C(C#N)=C/c3ccc([N+](=O)[O-])cc3)c2)n1,5.638272163982407
CHEMBL3425658,IC50,nM,1800.0,IC50,uM,1.8,COc1cc(N2CCN(C)CC2)ccc1Nc1ncc(Cl)c(Oc2cccc(NC(=O)/C(C#N)=C/c3cccc([N+](=O)[O-])c3)c2)n1,5.7447274948966935
CHEMBL3425660,IC50,nM,1800.0,IC50,uM,1.8,COc1cc(N2CCN(C)CC2)ccc1Nc1ncc(Cl)c(Oc2cccc(NC(=O)/C(C#N)=C/c3ccc(C#N)cc3)c2)n1,5.7447274948966935
CHEMBL3425662,IC50,nM,1300.0,IC50,uM,1.3,COc1cc(N2CCN(C)CC2)ccc1Nc1ncc(Cl)c(Oc2cccc(NC(=O)/C(C#N)=C/c3ccco3)c2)n1,5.886056647693163
CHEMBL3425663,IC50,nM,350.0,IC50,uM,0.35,COc1cc(N2CCN(C)CC2)ccc1Nc1ncc(Cl)c(Oc2cccc(NC(=O)/C(C#N)=C/c3cnc[nH]3)c2)n1,6.455931955649724
CHEMBL3425665,IC50,nM,1200.0,IC50,uM,1.2,COc1cc(N2CCN(C)CC2)ccc1Nc1ncc(Cl)c(Oc2cccc(NC(=O)/C(C#N)=C/C(C)C)c2)n1,5.920818753952375
CHEMBL3425666,IC50,nM,1300.0,IC50,uM,1.3,COc1cc(N2CCN(C)CC2)ccc1Nc1ncc(Cl)c(Oc2cccc(NC(=O)/C(C#N)=C/C(C)(C)C)c2)n1,5.886056647693163
CHEMBL3425667,IC50,nM,2200.0,IC50,uM,2.2,COc1cc(N2CCN(C)CC2)ccc1Nc1ncc(Cl)c(Oc2cccc(NC(=O)/C(C#N)=C/C3CCCC3)c2)n1,5.657577319177793
CHEMBL3425669,IC50,nM,6300.0,IC50,uM,6.3,COc1cc(N2CCN(C)CC2)ccc1Nc1ncc(Cl)c(Oc2cccc(NC(=O)/C(=C/c3ccc(N(C)C)cc3)C(F)(F)F)c2)n1,5.200659450546418
CHEMBL3425671,IC50,nM,490.0,IC50,uM,0.49,COc1cc(N2CCN(C)CC2)ccc1Nc1ncc(Cl)c(Oc2cccc(NC(C)=O)c2)n1,6.309803919971486
CHEMBL3425673,IC50,nM,2000.0,IC50,uM,2.0,COc1cc(N2CCN(C)CC2)ccc1Nc1ncc(Cl)c(Oc2cccc(NC(=O)CCC3CC3)c2)n1,5.698970004336019
CHEMBL3425668,IC50,nM,6300.0,IC50,uM,6.3,COc1cc(N2CCN(C)CC2)ccc1Nc1ncc(Cl)c(Oc2cccc(NC(=O)/C(=C/c3ccc(F)cc3)C(F)(F)F)c2)n1,5.200659450546418
CHEMBL3425670,IC50,nM,8900.0,IC50,uM,8.9,COc1ccc(/C=C(/C(=O)Nc2cccc(Oc3nc(Nc4ccc(N5CCN(C)CC5)cc4OC)ncc3Cl)c2)C(F)(F)F)cc1,5.050609993355087
CHEMBL3586189,IC50,nM,13200.0,IC50,uM,13.2,O=C1N=C(N2CCC[C@H]2C(=O)Nc2ccc3ncnc(Nc4cccc(Cl)c4)c3c2)S/C1=C/c1ccc(-c2ccccc2)cc1,4.87942606879415
CHEMBL3586185,IC50,nM,7600.0,IC50,uM,7.6,O=C1N=C(N2CCC[C@H]2C(=O)Nc2ccc3ncnc(Nc4cccc(Cl)c4)c3c2)S/C1=C/c1ccc(Cl)cc1,5.119186407719209
CHEMBL3586179,IC50,nM,9800.0,IC50,uM,9.8,O=C1N=C(N2CCC[C@H]2C(=O)Nc2ccc3ncnc(Nc4cccc(Cl)c4)c3c2)S/C1=C/c1cccnc1,5.008773924307505
CHEMBL3586178,IC50,nM,7400.0,IC50,uM,7.4,O=C1N=C(N2CCC[C@H]2C(=O)Nc2ccc3ncnc(Nc4cccc(Cl)c4)c3c2)S/C1=C/c1cccnc1Cl,5.130768280269024
CHEMBL3586177,IC50,nM,3100.0,IC50,uM,3.1,O=C1N=C(N2CCC[C@H]2C(=O)Nc2ccc3ncnc(Nc4cccc(Cl)c4)c3c2)S/C1=C/c1cccc(Br)n1,5.508638306165727
CHEMBL3586176,IC50,nM,6500.0,IC50,uM,6.5,Cc1cccc(/C=C2/SC(N3CCC[C@H]3C(=O)Nc3ccc4ncnc(Nc5cccc(Cl)c5)c4c3)=NC2=O)n1,5.187086643357144
CHEMBL3586175,IC50,nM,31400.0,IC50,uM,31.4,O=C1N=C(N2CCC[C@H]2C(=O)Nc2ccc3ncnc(Nc4cccc(Cl)c4)c3c2)S/C1=C/c1ccc(Br)s1,4.503070351926785
CHEMBL3586174,IC50,nM,8100.0,IC50,uM,8.1,O=C1N=C(N2CCC[C@H]2C(=O)Nc2ccc3ncnc(Nc4cccc(Cl)c4)c3c2)S/C1=C/c1cccs1,5.0915149811213505
CHEMBL3601223,IC50,nM,409.0,IC50,nM,409.0,C=CC(=O)Nc1cccc(CNc2nc(Nc3ccc(N4CCN(C)CC4)cc3OC)ncc2Cl)c1,6.388276691992658
CHEMBL3604927,IC50,nM,3900.0,IC50,uM,3.9,Cc1cc(Nc2cc(N3CCN(C)CC3)nc(Oc3cccc([N+](=O)[O-])c3)n2)n[nH]1,5.4089353929735005
CHEMBL3604935,IC50,nM,1700.0,IC50,uM,1.7,Cc1cc(Nc2cc(N3CCN(C)CC3)nc(Oc3ccc(NC(=O)/C=C/CN(C)C)cc3)n2)n[nH]1,5.769551078621726
CHEMBL3604936,IC50,nM,2000.0,IC50,uM,2.0,Cc1cc(Nc2cc(N3CCN(C)CC3)nc(Oc3ccc(NC(=O)/C=C/C(F)(F)F)cc3)n2)n[nH]1,5.698970004336019
CHEMBL3604937,IC50,nM,1700.0,IC50,uM,1.7,C=CC(=O)Nc1cccc(Oc2nc(Nc3n[nH]c4ccccc34)cc(N3CCN(C)CC3)n2)c1,5.769551078621726
CHEMBL3604939,IC50,nM,6700.0,IC50,uM,6.7,CN(C)C/C=C/C(=O)Nc1cccc(Oc2nc(Nc3n[nH]c4ccccc34)cc(N3CCN(C)CC3)n2)c1,5.173925197299174
CHEMBL3604940,IC50,nM,2900.0,IC50,uM,2.9,C=CC(=O)Nc1cccc(Oc2nc(Nc3n[nH]c4ccc(Br)cc34)cc(N3CCN(C)CC3)n2)c1,5.5376020021010435
CHEMBL3604941,IC50,nM,3600.0,IC50,uM,3.6,C=CC(=O)Nc1cccc(Oc2nc(Nc3n[nH]c4ccccc34)cc(N3CCN(C(C)=O)CC3)n2)c1,5.443697499232712
CHEMBL3604943,IC50,nM,2.0,IC50,uM,0.002,C=CC(=O)Nc1cc(Nc2nccc(-c3cn(C)c4ccccc34)n2)c(OC)cc1N1CCN(C)CC1,8.698970004336019
CHEMBL3545308,IC50,nM,2.0,IC50,uM,0.002,C=CC(=O)Nc1cccc(Nc2nc(Nc3ccc(N4CCN(C(C)=O)CC4)cc3OC)ncc2C(F)(F)F)c1,8.698970004336019
CHEMBL3604917,IC50,nM,900.0,IC50,uM,0.9,C=CC(=O)Nc1cc(Nc2cc[nH]n2)nc(-c2ccccc2)n1,6.045757490560675
CHEMBL3604920,IC50,nM,900.0,IC50,uM,0.9,C=CC(=O)Nc1ccccc1Oc1nc(Nc2cc(C)[nH]n2)cc(N2CCN(C)CC2)n1,6.045757490560675
CHEMBL3604922,IC50,nM,3100.0,IC50,uM,3.1,C=CC(=O)Nc1ccc(Oc2nc(Nc3cc(C)[nH]n3)cc(N3CCN(C)CC3)n2)cc1,5.508638306165727
CHEMBL3604915,IC50,nM,3700.0,IC50,uM,3.7,CCC(=O)Nc1cccc(-c2nc(Nc3cc[nH]n3)c3ccccc3n2)c1,5.431798275933005
CHEMBL3604912,IC50,nM,1100.0,IC50,uM,1.1,C=CC(=O)Nc1cccc(-c2nc(Nc3cc[nH]n3)c3ccccc3n2)c1,5.958607314841775
CHEMBL3604919,IC50,nM,2800.0,IC50,uM,2.8,C=CC(=O)Nc1cccc(-c2nccc(Nc3cc(C)[nH]n3)n2)c1,5.552841968657781
CHEMBL3604942,IC50,nM,5000.0,IC50,uM,5.0,C=CC(=O)Nc1cccc(-c2nc(Nc3n[nH]c4ccccc34)cc(N3CCN(C)CC3)n2)c1,5.301029995663981
CHEMBL1232944,IC50,nM,1900.0,IC50,uM,1.9,C=CC(=O)Nc1ccc2c(Nc3cc[nH]n3)nc(-c3ccccc3)nc2c1,5.721246399047171
CHEMBL3604910,IC50,nM,2100.0,IC50,uM,2.1,CCC(=O)Nc1ccc2c(Nc3cc[nH]n3)nc(-c3ccccc3)nc2c1,5.6777807052660805
CHEMBL3604911,IC50,nM,2700.0,IC50,uM,2.7,C=CC(=O)Nc1ccccc1-c1nc(Nc2cc[nH]n2)c2ccccc2n1,5.568636235841013
CHEMBL3604918,IC50,nM,3400.0,IC50,uM,3.4,CCC(=O)Nc1cc(Nc2cc[nH]n2)nc(-c2ccccc2)n1,5.468521082957745
CHEMBL3604921,IC50,nM,30.0,IC50,uM,0.03,C=CC(=O)Nc1cccc(Oc2nc(Nc3cc(C)[nH]n3)cc(N3CCN(C)CC3)n2)c1,7.522878745280337
CHEMBL3604924,IC50,nM,1900.0,IC50,uM,1.9,CCC(=O)Nc1cccc(Oc2nc(Nc3cc(C)[nH]n3)cc(N3CCN(C)CC3)n2)c1,5.721246399047171
CHEMBL3604925,IC50,nM,1900.0,IC50,uM,1.9,CCC(=O)Nc1ccc(Oc2nc(Nc3cc(C)[nH]n3)cc(N3CCN(C)CC3)n2)cc1,5.721246399047171
CHEMBL3604926,IC50,nM,1900.0,IC50,uM,1.9,Cc1cc(Nc2cc(N3CCN(C)CC3)nc(Oc3ccccc3[N+](=O)[O-])n2)n[nH]1,5.721246399047171
CHEMBL3604928,IC50,nM,1800.0,IC50,uM,1.8,Cc1cc(Nc2cc(N3CCN(C)CC3)nc(Oc3ccc([N+](=O)[O-])cc3)n2)n[nH]1,5.7447274948966935
CHEMBL3604930,IC50,nM,2100.0,IC50,uM,2.1,Cc1cc(Nc2cc(N3CCN(C)CC3)nc(Oc3ccc(N)cc3)n2)n[nH]1,5.6777807052660805
CHEMBL3604931,IC50,nM,1800.0,IC50,uM,1.8,C=CC(=O)Nc1cccc(Oc2nccc(Nc3cc(C)[nH]n3)n2)c1,5.7447274948966935
CHEMBL3604933,IC50,nM,2000.0,IC50,uM,2.0,C=CC(=O)Nc1cccc(Oc2nc(Nc3cc[nH]n3)cc(N3CCN(C)CC3)n2)c1,5.698970004336019
CHEMBL3604929,IC50,nM,4900.0,IC50,uM,4.9,Cc1cc(Nc2cc(N3CCN(C)CC3)nc(Oc3cccc(N)c3)n2)n[nH]1,5.309803919971486
CHEMBL3604938,IC50,nM,8600.0,IC50,uM,8.6,CCC(=O)Nc1cccc(Oc2nc(Nc3n[nH]c4ccccc34)cc(N3CCN(C)CC3)n2)c1,5.0655015487564325
CHEMBL3608432,IC50,nM,6651.0,IC50,nM,6651.0,C=CC(=O)N[C@@H]1CN(c2nc(Nc3cn(C)nc3C)c3ncn(C(C)C)c3n2)C[C@H]1F,5.17711305216585
CHEMBL3608431,IC50,nM,31.0,IC50,nM,31.0,C=CC(=O)N[C@H]1CCN(c2nc(Nc3ccc(N4CCN(C)CC4)cc3)c3ncn(CCO)c3n2)C1,7.508638306165727
CHEMBL3608430,IC50,nM,8.0,IC50,nM,8.0,C=CC(=O)N1C[C@@H]2CN(c3nc(Nc4ccc(N5CCN(C)CC5)cc4)c4ncn(C(C)C)c4n3)C[C@@H]2C1,8.096910013008056
CHEMBL3608429,IC50,nM,9.0,IC50,nM,9.0,C=CC(=O)N[C@@H]1CN(c2nc(Nc3cnn(C)c3)c3ncn(C(C)C)c3n2)C[C@H]1F,8.045757490560675
CHEMBL3608434,IC50,nM,6.0,IC50,nM,6.0,C=CC(=O)N[C@@H]1CN(c2nc(Nc3cn(CC)nc3OC)c3ncn(C)c3n2)C[C@H]1F,8.221848749616356
CHEMBL3608433,IC50,nM,6.0,IC50,nM,6.0,C=CC(=O)N[C@@H]1CN(c2nc(Nc3cn(C4CCN(C)C4)nc3OC)c3ncn(C(C)C)c3n2)C[C@H]1F,8.221848749616356
CHEMBL3612585,IC50,nM,780.0,IC50,uM,0.78,CCOC(=O)CCCn1c(=O)oc2cc3ncnc(Nc4ccc(OCc5nccc(OCC(F)(F)F)c5C)cc4)c3cc21,6.107905397309519
CHEMBL3612587,IC50,nM,7.3,IC50,uM,0.0073,CCOC(=O)CCCn1c(=O)oc2cc3ncnc(Nc4cc(C(=O)OCC)ccc4O)c3cc21,8.136677139879543
CHEMBL3612590,IC50,nM,130.0,IC50,uM,0.13,CCOC(=O)CCCn1c(=O)oc2cc3ncnc(Nc4ccc5[nH]ncc5c4)c3cc21,6.886056647693163
CHEMBL3612591,IC50,nM,2300.0,IC50,uM,2.3,CCOC(=O)CCCn1c(=O)oc2cc3ncnc(Nc4ccc(OCc5ccccn5)cc4)c3cc21,5.638272163982407
CHEMBL3612592,IC50,nM,140.0,IC50,uM,0.14,CCOC(=O)CCCn1c(=O)oc2cc3ncnc(Nc4ccc(F)c(F)c4)c3cc21,6.853871964321762
CHEMBL3612593,IC50,nM,53.0,IC50,uM,0.053,CCOC(=O)CCCn1c(=O)oc2cc3ncnc(Nc4ccc(OCc5ccc(Cl)cc5)c(Cl)c4)c3cc21,7.275724130399211
CHEMBL3612594,IC50,nM,20.0,IC50,uM,0.02,CCOC(=O)CCCn1c(=O)oc2cc3ncnc(Nc4ccc(O)cc4)c3cc21,7.698970004336019
CHEMBL3612595,IC50,nM,8.7,IC50,uM,0.0087,CCOC(=O)CCCn1c(=O)oc2cc3ncnc(Nc4cccc(O)c4)c3cc21,8.060480747381382
CHEMBL3612596,IC50,nM,160.0,IC50,uM,0.16,CCOC(=O)CCCn1c(=O)oc2cc3ncnc(Nc4ccc(OC(C)C)cc4)c3cc21,6.795880017344075
CHEMBL3612598,IC50,nM,660.0,IC50,uM,0.66,CCOC(=O)CCCn1c(=O)oc2cc3ncnc(Nc4ccc(C(=O)OCc5ccc(Cl)cc5)cc4)c3cc21,6.180456064458132
CHEMBL3612599,IC50,nM,1500.0,IC50,uM,1.5,CCOC(=O)CCCn1c(=O)oc2cc3ncnc(Nc4cc(C)cc(C)c4)c3cc21,5.823908740944319
CHEMBL3613691,IC50,nM,5283.0,IC50,uM,5.283,CN(C)c1ccc(/C=C/C(=O)c2ccc3ncc(C(N)=O)c(Nc4ccc(Cl)cc4)c3c2)cc1,5.277119389313061
CHEMBL3613695,IC50,nM,4824.0,IC50,uM,4.824,NC(=O)c1cnc2ccc(C(=O)/C=C/c3ccc(Cl)cc3)cc2c1Nc1ccc(Br)cc1,5.316592700867905
CHEMBL3613702,IC50,nM,0.037,IC50,nM,0.037,C=CC(=O)Nc1ccc2ncnc(Nc3cc(F)c(Cl)c(Cl)c3)c2c1,10.431798275933005
CHEMBL441279,IC50,nM,330.0,IC50,uM,0.33,COCOCC#CC(=O)Nc1ccc2ncc(C#N)c(Nc3cccc(Br)c3)c2c1,6.481486060122113
CHEMBL3612561,IC50,nM,470.0,IC50,uM,0.47,COCCn1c(=O)oc2cc3ncnc(Nc4ccc(F)c(Cl)c4)c3cc21,6.327902142064283
CHEMBL3612562,IC50,nM,190.0,IC50,uM,0.19,C#Cc1cccc(Nc2ncnc3cc4oc(=O)n(CCOC)c4cc23)c1,6.721246399047171
CHEMBL3612563,IC50,nM,26.0,IC50,uM,0.026,COCCn1c(=O)oc2cc3ncnc(Nc4ccc(F)c(F)c4)c3cc21,7.585026652029182
CHEMBL3612564,IC50,nM,5100.0,IC50,uM,5.1,COCCn1c(=O)oc2cc3ncnc(Nc4ccc(OC)cc4)c3cc21,5.292429823902063
CHEMBL3612567,IC50,nM,340.0,IC50,uM,0.34,COCCn1c(=O)oc2cc3ncnc(Nc4ccc(OCc5nccc(OCC(F)(F)F)c5C)cc4)c3cc21,6.468521082957745
CHEMBL3612570,IC50,nM,560.0,IC50,uM,0.56,COCCn1c(=O)oc2cc3ncnc(Nc4cccc(C(C)=O)c4)c3cc21,6.251811972993799
CHEMBL3612571,IC50,nM,1300.0,IC50,uM,1.3,COCCn1c(=O)oc2cc3ncnc(Nc4ccc(OCc5ccc(Cl)cc5)c(Cl)c4)c3cc21,5.886056647693163
CHEMBL3612572,IC50,nM,5500.0,IC50,uM,5.5,COCCn1c(=O)oc2cc3ncnc(Nc4ccc(OC)c(OC)c4)c3cc21,5.259637310505756
CHEMBL3612573,IC50,nM,440.0,IC50,uM,0.44,CCOC(=O)c1ccc(O)c(Nc2ncnc3cc4oc(=O)n(CCOC)c4cc23)c1,6.356547323513812
CHEMBL3612574,IC50,nM,7800.0,IC50,uM,7.8,CCOC(=O)CCCn1c(=O)oc2cc3ncnc(Nc4ccc(F)c(Cl)c4)c3cc21,5.107905397309519
CHEMBL3612575,IC50,nM,5700.0,IC50,uM,5.7,C#Cc1cccc(Nc2ncnc3cc4oc(=O)n(CCCC(=O)OCC)c4cc23)c1,5.2441251443275085
CHEMBL3612578,IC50,nM,1200.0,IC50,uM,1.2,CCOC(=O)CCCn1c(=O)oc2cc3ncnc(Nc4ccc(Cl)cc4)c3cc21,5.920818753952375
CHEMBL3612580,IC50,nM,7500.0,IC50,uM,7.5,CCOC(=O)CCCn1c(=O)oc2cc3ncnc(Nc4ccc(OC)cc4)c3cc21,5.1249387366083
CHEMBL3621220,IC50,nM,102.2,IC50,nM,102.2,C=CC(=O)Nc1cc2c(Nc3ccc(OCc4cccc(F)c4)c(Cl)c3)ncnc2cc1OCCOC,6.990549104201306
CHEMBL3622617,IC50,nM,1.8,IC50,nM,1.8,C#Cc1cccc(Nc2ncnc3cc(OCCOC)c(NC(=O)C=C)cc23)c1,8.744727494896694
CHEMBL3622619,IC50,nM,115.1,IC50,nM,115.1,C=CC(=O)Nc1cc2c(Nc3ccc(NC(=O)C=C)c(C(F)(F)F)c3)ncnc2cc1OCCOC,6.938924676370208
CHEMBL3622620,IC50,nM,195.8,IC50,nM,195.8,C=CC(=O)Nc1cc2c(Nc3ccc(F)c(C#N)c3)ncnc2cc1OCCOC,6.708187312532881
CHEMBL3622621,IC50,nM,560.4,IC50,nM,560.4,C=CC(=O)Nc1cc2c(Nc3ccc(OCc4cccc(F)c4)c(Cl)c3)ncnc2cc1O[C@H]1CCOC1,6.251501873386263
CHEMBL3622622,IC50,nM,72.2,IC50,nM,72.2,C=CC(=O)Nc1cc2c(Nc3ccc(OCc4cccc(F)c4)cc3)ncnc2cc1O[C@H]1CCOC1,7.141462802430361
CHEMBL3622679,IC50,nM,6.4,IC50,nM,6.4,C#Cc1cccc(Nc2ncnc3cc(O[C@H]4CCOC4)c(NC(=O)/C=C/CNC(C)C)cc23)c1,8.193820026016112
CHEMBL3622678,IC50,nM,4.2,IC50,nM,4.2,C#Cc1cccc(Nc2ncnc3cc(OCC)c(NC(=O)/C=C/CNC4CC4)cc23)c1,8.3767507096021
CHEMBL3622677,IC50,nM,7.9,IC50,nM,7.9,C#Cc1cccc(Nc2ncnc3cc(OC)c(NC(=O)/C=C/CNC4CC4)cc23)c1,8.102372908709558
CHEMBL3622676,IC50,nM,5.6,IC50,nM,5.6,C#Cc1cccc(Nc2ncnc3cc(O[C@H]4CCOC4)c(NC(=O)/C=C/CNC4CC4)cc23)c1,8.2518119729938
CHEMBL3622675,IC50,nM,2.4,IC50,nM,2.4,C#Cc1cccc(Nc2ncnc3cc(OCC)c(NC(=O)/C=C/CN(C)C4CC4)cc23)c1,8.619788758288394
CHEMBL3622674,IC50,nM,3.3,IC50,nM,3.3,C#Cc1cccc(Nc2ncnc3cc(OC)c(NC(=O)/C=C/CN(C)C4CC4)cc23)c1,8.481486060122112
CHEMBL3622673,IC50,nM,6.1,IC50,nM,6.1,C#Cc1cccc(Nc2ncnc3cc(OCC)c(NC(=O)/C=C/CN4CCCCC4)cc23)c1,8.214670164989233
CHEMBL3622672,IC50,nM,2.7,IC50,nM,2.7,C#Cc1cccc(Nc2ncnc3cc(OC)c(NC(=O)/C=C/CN4CCCCC4)cc23)c1,8.568636235841012
CHEMBL3622671,IC50,nM,5.3,IC50,nM,5.3,C#Cc1cccc(Nc2ncnc3cc(O[C@H]4CCOC4)c(NC(=O)/C=C/CN4CCCCC4)cc23)c1,8.275724130399212
CHEMBL3622670,IC50,nM,7.0,IC50,nM,7.0,CC(C)NC/C=C/C(=O)Nc1cc2c(Nc3ccc(F)c(Cl)c3)ncnc2cc1O[C@H]1CCOC1,8.154901959985743
CHEMBL3622669,IC50,nM,141.0,IC50,nM,141.0,COc1cc2ncnc(Nc3ccc(F)c(Cl)c3)c2cc1NC(=O)/C=C/CNC1CC(F)(F)C1,6.85078088734462
CHEMBL3622668,IC50,nM,6.9,IC50,nM,6.9,O=C(/C=C/CNC1CC1)Nc1cc2c(Nc3ccc(F)c(Cl)c3)ncnc2cc1OCC(F)(F)F,8.161150909262744
CHEMBL3622667,IC50,nM,9.6,IC50,nM,9.6,O=C(/C=C/CNC1CC1)Nc1cc2c(Nc3ccc(F)c(Cl)c3)ncnc2cc1OC(F)F,8.017728766960431
CHEMBL3622666,IC50,nM,6.5,IC50,nM,6.5,O=C(/C=C/CNC1CC1)Nc1cc2c(Nc3ccc(F)c(Cl)c3)ncnc2cc1O[C@H]1CCOC1,8.187086643357144
CHEMBL3622665,IC50,nM,2.1,IC50,nM,2.1,COc1cc2ncnc(Nc3ccc(F)c(Cl)c3)c2cc1NC(=O)/C=C/CNC1CC1,8.67778070526608
CHEMBL3622664,IC50,nM,0.9,IC50,nM,0.9,CCOc1cc2ncnc(Nc3ccc(F)c(Cl)c3)c2cc1NC(=O)/C=C/CNC1CC1,9.045757490560675
CHEMBL3622659,IC50,nM,356.6,IC50,nM,356.6,COCCOc1cc2ncnc(Nc3ccc(F)c(Cl)c3)c2cc1NC(=O)/C=C/CN1CC[S+]([O-])CC1,6.447818661160664
CHEMBL3622658,IC50,nM,109.4,IC50,nM,109.4,O=C(/C=C/CN1CC[S+]([O-])CC1)Nc1cc2c(Nc3ccc(F)c(Cl)c3)ncnc2cc1O[C@H]1CCOC1,6.960982678002588
CHEMBL3622655,IC50,nM,5.5,IC50,nM,5.5,CCOc1cc2ncnc(Nc3ccc(F)c(Cl)c3)c2cc1NC(=O)/C=C/CN(C)C1CC1,8.259637310505756
CHEMBL3622654,IC50,nM,8.9,IC50,nM,8.9,COCCOc1cc2ncnc(Nc3ccc(F)c(Cl)c3)c2cc1NC(=O)/C=C/CN(C)C1CC1,8.050609993355087
CHEMBL3622653,IC50,nM,26.9,IC50,nM,26.9,COc1cc2ncnc(Nc3ccc(F)c(Cl)c3)c2cc1NC(=O)/C=C/CN(C)C1CC1,7.570247719997592
CHEMBL3622652,IC50,nM,520.2,IC50,nM,520.2,O=C1CCN(C/C=C/C(=O)Nc2cc3c(Nc4ccc(F)c(Cl)c4)ncnc3cc2O[C@H]2CCOC2)CC1,6.283829652140146
CHEMBL3622651,IC50,nM,2.1,IC50,nM,2.1,COCCOc1cc2ncnc(Nc3ccc(F)c(Cl)c3)c2cc1NC(=O)/C=C/CN1CCCCC1,8.67778070526608
CHEMBL3622650,IC50,nM,5.3,IC50,nM,5.3,O=C(/C=C/CN1CCCCC1)Nc1cc2c(Nc3ccc(F)c(Cl)c3)ncnc2cc1O[C@H]1CCOC1,8.275724130399212
CHEMBL3622649,IC50,nM,8.1,IC50,nM,8.1,C#Cc1cccc(Nc2ncnc3cc(OC4CCN(C)CC4)c(NC(=O)/C=C/CN(C)C)cc23)c1,8.09151498112135
CHEMBL3622648,IC50,nM,6.0,IC50,nM,6.0,C#Cc1cccc(Nc2ncnc3cc(OC4CCOCC4)c(NC(=O)/C=C/CN(C)C)cc23)c1,8.221848749616356
CHEMBL3622647,IC50,nM,147.4,IC50,nM,147.4,CN(C)C/C=C/C(=O)Nc1cc2c(Nc3ccc(F)c(C#N)c3)ncnc2cc1O[C@H]1CCOC1,6.831502516476967
CHEMBL3622645,IC50,nM,1.2,IC50,nM,1.2,C#Cc1cccc(Nc2ncnc3cc(O[C@H]4CCOC4)c(NC(=O)/C=C/CN(C)C)cc23)c1,8.920818753952375
CHEMBL3622644,IC50,nM,9.0,IC50,nM,9.0,CN(C)C/C=C/C(=O)Nc1cc2c(Nc3ccc(OCc4ccccn4)cc3)ncnc2cc1O[C@H]1CCOC1,8.045757490560675
CHEMBL3622643,IC50,nM,8.1,IC50,nM,8.1,CN(C)C/C=C/C(=O)Nc1cc2c(Nc3ccc(OCc4ccccn4)c(Cl)c3)ncnc2cc1O[C@H]1CCOC1,8.09151498112135
CHEMBL3622642,IC50,nM,133.9,IC50,nM,133.9,CN(C)C/C=C/C(=O)Nc1cc2c(Nc3ccc(OCc4cccc(F)c4)cc3)ncnc2cc1O[C@H]1CCOC1,6.873219422987991
CHEMBL3622641,IC50,nM,510.2,IC50,nM,510.2,CN(C)C/C=C/C(=O)Nc1cc2c(Nc3ccc(OCc4cccc(F)c4)c(Cl)c3)ncnc2cc1O[C@H]1CCOC1,6.292259545726229
CHEMBL3622640,IC50,nM,3.0,IC50,nM,3.0,COCCOc1cc2ncnc(Nc3ccc(Br)cc3F)c2cc1NC(=O)/C=C/CN(C)C,8.522878745280337
CHEMBL3622639,IC50,nM,1.2,IC50,nM,1.2,COCCOc1cc2ncnc(Nc3ccc(F)c(Cl)c3)c2cc1NC(=O)/C=C/CN(C)C,8.920818753952375
CHEMBL3622638,IC50,nM,10.0,IC50,nM,10.0,COCCOc1cc2ncnc(Nc3ccc(OCc4ccccn4)cc3)c2cc1NC(=O)/C=C/CN(C)C,8.0
CHEMBL3622637,IC50,nM,5.4,IC50,nM,5.4,COCCOc1cc2ncnc(Nc3ccc(OCc4ccccn4)c(Cl)c3)c2cc1NC(=O)/C=C/CN(C)C,8.267606240177031
CHEMBL3622636,IC50,nM,91.0,IC50,nM,91.0,COCCOc1cc2ncnc(Nc3ccc(OCc4cccc(F)c4)cc3)c2cc1NC(=O)/C=C/CN(C)C,7.040958607678906
CHEMBL3622634,IC50,nM,102.3,IC50,nM,102.3,COCCOc1cc2ncnc(Nc3ccc(NC(=O)/C=C/CN(C)C)c(C(F)(F)F)c3)c2cc1NC(=O)/C=C/CN(C)C,6.99012436628784
CHEMBL3622633,IC50,nM,573.6,IC50,nM,573.6,COCCOc1cc2ncnc(Nc3ccc(Cl)c(C(F)(F)F)c3)c2cc1NC(=O)/C=C/CN(C)C,6.241390857340257
CHEMBL3622632,IC50,nM,1.2,IC50,nM,1.2,C#Cc1cccc(Nc2ncnc3cc(OCCOC)c(NC(=O)/C=C/CN(C)C)cc23)c1,8.920818753952375
CHEMBL3622630,IC50,nM,121.1,IC50,nM,121.1,C=CC(=O)Nc1cc2c(Nc3ccc(Br)cc3F)ncnc2cc1O[C@H]1CCOC1,6.916855856856948
CHEMBL3622629,IC50,nM,5.8,IC50,nM,5.8,C=CC(=O)Nc1cc2c(Nc3ccc(F)c(Cl)c3)ncnc2cc1O[C@H]1CCOC1,8.236572006437063
CHEMBL3622628,IC50,nM,167.3,IC50,nM,167.3,C=CC(=O)Nc1cc2c(Nc3ccc(F)c(C#N)c3)ncnc2cc1O[C@H]1CCOC1,6.776504059037605
CHEMBL3622626,IC50,nM,104.7,IC50,nM,104.7,C=CC(=O)Nc1cc2c(Nc3ccc(Cl)c(C(F)(F)F)c3)ncnc2cc1O[C@H]1CCOC1,6.980053318321158
CHEMBL3622625,IC50,nM,32.2,IC50,nM,32.2,C#Cc1cccc(Nc2ncnc3cc(O[C@H]4CCOC4)c(NC(=O)C=C)cc23)c1,7.492144128304169
CHEMBL3622624,IC50,nM,100.1,IC50,nM,100.1,C=CC(=O)Nc1cc2c(Nc3ccc(OCc4ccccn4)cc3)ncnc2cc1O[C@H]1CCOC1,6.999565922520682
CHEMBL3622623,IC50,nM,134.9,IC50,nM,134.9,C=CC(=O)Nc1cc2c(Nc3ccc(OCc4ccccn4)c(Cl)c3)ncnc2cc1O[C@H]1CCOC1,6.869988050328096
CHEMBL3623278,IC50,nM,6.6,IC50,nM,6.6,COc1cc2ncnc(Nc3cccc(Cl)c3F)c2cc1CN1CCOCC1,8.18045606445813
CHEMBL3623279,IC50,nM,1.5,IC50,nM,1.5,COc1cc2ncnc(Nc3cccc(Cl)c3F)c2cc1N1CCOCC1,8.823908740944319
CHEMBL3623280,IC50,nM,166.0,IC50,nM,166.0,COc1cc2ncnc(Nc3cccc(Cl)c3F)c2cc1C(=O)N1CCOCC1,6.779891911959945
CHEMBL3623281,IC50,nM,4.1,IC50,nM,4.1,COc1cc2ncnc(Nc3cccc(Cl)c3F)c2cc1OC(=O)N1CCOCC1,8.387216143280265
CHEMBL3623282,IC50,nM,5.0,IC50,nM,5.0,COc1cc2ncnc(Nc3cccc(Cl)c3F)c2cc1OC(=O)N1CCN(C)CC1,8.301029995663981
CHEMBL3623283,IC50,nM,1.5,IC50,nM,1.5,COc1cc2ncnc(Nc3ccc(F)c(Cl)c3)c2cc1N1CCOCC1,8.823908740944319
CHEMBL3623284,IC50,nM,1.1,IC50,nM,1.1,COc1cc2ncnc(Nc3cccc(Cl)c3F)c2cc1OC(=O)N1CC[C@@H](N(C)C)C1,8.958607314841775
CHEMBL3623285,IC50,nM,2.7,IC50,nM,2.7,COc1cc2ncnc(Nc3cccc(Cl)c3F)c2cc1OC(=O)N1CC[C@H](N(C)C)C1,8.568636235841012
CHEMBL3623286,IC50,nM,2.3,IC50,nM,2.3,COc1cc2ncnc(Nc3cccc(Cl)c3F)c2cc1OC(=O)N1C[C@@H]2C[C@H]1CN2C,8.638272163982407
CHEMBL3623287,IC50,nM,4.4,IC50,nM,4.4,COc1cc2ncnc(Nc3cccc(Cl)c3F)c2cc1OC(=O)N1CCN(C)C2CC21,8.356547323513812
CHEMBL3623288,IC50,nM,16.9,IC50,nM,16.9,COc1cc2ncnc(Nc3cccc(Cl)c3F)c2cc1OC(=O)N1CCN(C)[C@@H](C)C1,7.772113295386326
CHEMBL3623289,IC50,nM,21.5,IC50,nM,21.5,COc1cc2ncnc(Nc3cccc(Cl)c3F)c2cc1OC(=O)N1CCN(C)[C@H](C)C1,7.667561540084395
CHEMBL3623290,IC50,nM,7.2,IC50,nM,7.2,COc1cc2ncnc(Nc3cccc(Cl)c3F)c2cc1OC(=O)N1CCN(C)C[C@H]1C,8.142667503568731
CHEMBL3623291,IC50,nM,6.9,IC50,nM,6.9,COc1cc2ncnc(Nc3cccc(Cl)c3F)c2cc1OC(=O)N1CCN(C)C[C@@H]1C,8.161150909262744
CHEMBL3628817,IC50,nM,21560.0,IC50,uM,21.56,COc1ccc(Nc2ncc3c(n2)-c2ccc(Cl)cc2SC3)cc1,4.666351243485299
CHEMBL481789,IC50,nM,4720.0,IC50,uM,4.72,COc1ccc2c(c1)SCc1cnc(-c3ccccc3)nc1-2,5.3260580013659125
CHEMBL3628818,IC50,nM,45700.0,IC50,uM,45.7,Clc1ccc(Nc2ncc3c(n2)-c2ccc(Cl)cc2SC3)cc1,4.34008379993015
CHEMBL3628816,IC50,nM,21180.0,IC50,uM,21.18,Clc1ccc2c(c1)SCc1cnc(Nc3ccccc3)nc1-2,4.674074044228534
CHEMBL1688539,IC50,nM,30.0,IC50,nM,30.0,Fc1ccc(Nc2ncnc3ccccc23)cc1Cl,7.522878745280337
CHEMBL3628791,IC50,nM,2980.0,IC50,nM,2980.0,Fc1ccc(Nc2ncnc3sccc23)cc1Cl,5.525783735923745
CHEMBL3628792,IC50,nM,1330.0,IC50,nM,1330.0,Fc1ccc(Nc2ncnc3sc4c(c23)CCCC4)cc1Cl,5.876148359032914
CHEMBL3628796,IC50,nM,7710.0,IC50,nM,7710.0,COc1cc2ncnc(Nc3ccc(NC(=O)Nc4cccc(Br)c4)cc3)c2cc1OC,5.112945621949043
CHEMBL3628799,IC50,nM,3950.0,IC50,nM,3950.0,O=C(Nc1ccc(Nc2ncnc3sc4c(c23)CCCC4)cc1)Nc1cccc(Br)c1,5.403402904373539
CHEMBL3628800,IC50,nM,590.0,IC50,nM,590.0,Fc1ccc(Oc2ncnc3ccccc23)cc1Cl,6.229147988357855
CHEMBL3628907,IC50,nM,1260.0,IC50,nM,1260.0,O=C(Nc1cccc(Br)c1)Nc1ccc(Oc2ncnc3sc4c(c23)CCCC4)cc1Cl,5.8996294548824375
CHEMBL3628906,IC50,nM,3290.0,IC50,nM,3290.0,Cc1cc(Oc2ncnc3sc4c(c23)CCCC4)ccc1NC(=O)Nc1cccc(Br)c1,5.482804102050026
CHEMBL3633141,IC50,nM,15.0,IC50,nM,15.0,C=CC(=O)Nc1cc(Nc2cncc(-c3cn(C)c4ccccc34)n2)c(OC)cc1N(C)CCN(C)C,7.823908740944319
CHEMBL3633142,IC50,nM,3.0,IC50,nM,3.0,C=CC(=O)Nc1cccc(-n2c(=O)ccc3cnc(Nc4ccc(N5CCN(C)CC5)cc4OC)nc32)c1,8.522878745280337
CHEMBL3633143,IC50,nM,4.0,IC50,nM,4.0,C=CC(=O)Nc1cccc(-n2c(=O)cc(C)c3cnc(Nc4ccc(N5CCN(C)CC5)cc4OC)nc32)c1,8.397940008672037
CHEMBL3633151,IC50,nM,6.0,IC50,nM,6.0,C=CC(=O)Nc1cccc(-n2c(=O)cc(C)c3cnc(Nc4ccc(N(C)CCN(C)C)cc4OC)nc32)c1,8.221848749616356
CHEMBL3633152,IC50,nM,4.0,IC50,nM,4.0,C=CC(=O)Nc1cccc(-n2c(=O)cc(C)c3cnc(Nc4ccc(OCCN(C)C)cc4OC)nc32)c1,8.397940008672037
CHEMBL3633942,IC50,nM,1460.0,IC50,uM,1.46,CCOC(=O)C(=CNC(=O)Nc1ccc(C(=O)Nc2ccc3ncnc(Nc4ccc(F)c(Cl)c4)c3c2)cc1)C(=O)OCC,5.835647144215563
CHEMBL3633941,IC50,nM,31.0,IC50,uM,0.031,CCNC(=O)Nc1ccc(C(=O)Nc2ccc3ncnc(Nc4ccc(F)c(Cl)c4)c3c2)cc1,7.508638306165727
CHEMBL3633940,IC50,nM,9.0,IC50,uM,0.009,NC(=O)Nc1ccc(C(=O)Nc2ccc3ncnc(Nc4ccc(F)c(Cl)c4)c3c2)cc1,8.045757490560675
CHEMBL3633939,IC50,nM,3050.0,IC50,uM,3.05,N#CC(C#N)=CNc1ccc2ncnc(Nc3ccc(OCc4ccccn4)c(Cl)c3)c2c1,5.515700160653214
CHEMBL3633938,IC50,nM,445.0,IC50,uM,0.445,N#CC(C#N)=CNc1ccc2ncnc(Nc3ccc(OCc4cccc(F)c4)c(Cl)c3)c2c1,6.351639989019068
CHEMBL3632637,IC50,nM,1020.0,IC50,uM,1.02,CCOC(=O)C(=CNc1ccc2ncnc(Nc3ccc(OCc4ccccn4)c(Cl)c3)c2c1)C(=O)OCC,5.991399828238082
CHEMBL3633936,IC50,nM,812.0,IC50,uM,0.812,CCOC(=O)C(=CNc1ccc2ncnc(Nc3ccc(OCc4cccc(F)c4)c(Cl)c3)c2c1)C(=O)OCC,6.090443970758825
CHEMBL3633934,IC50,nM,23.0,IC50,uM,0.023,CCOC(=O)C(=CNc1ccc2ncnc(Nc3ccc(Oc4cccc(C(F)(F)F)c4)c(Cl)c3)c2c1)C(=O)OCC,7.638272163982407
CHEMBL3633933,IC50,nM,227.0,IC50,uM,0.227,CCNC(=O)Nc1ccc2ncnc(Nc3ccc(OCc4ccccn4)c(Cl)c3)c2c1,6.6439741428068775
CHEMBL3633932,IC50,nM,35.0,IC50,uM,0.035,CCNC(=O)Nc1ccc2ncnc(Nc3ccc(OCc4cccc(F)c4)c(Cl)c3)c2c1,7.455931955649724
CHEMBL3633930,IC50,nM,29.0,IC50,uM,0.029,CCNC(=O)Nc1ccc2ncnc(Nc3ccc(Oc4cccc(C(F)(F)F)c4)c(Cl)c3)c2c1,7.5376020021010435
CHEMBL3633929,IC50,nM,3.0,IC50,uM,0.003,CC(=O)Nc1ccc2ncnc(Nc3ccc(OCc4ccccn4)c(Cl)c3)c2c1,8.522878745280337
CHEMBL3633928,IC50,nM,99.0,IC50,uM,0.099,NC(=O)Nc1ccc2ncnc(Nc3ccc(OCc4cccc(F)c4)c(Cl)c3)c2c1,7.00436480540245
CHEMBL3633775,IC50,nM,543.0,IC50,uM,0.543,NC(=O)Nc1ccc2ncnc(Nc3ccc(Oc4ccc(Cl)c(Cl)c4)c(Cl)c3)c2c1,6.265200170411153
CHEMBL3633774,IC50,nM,4.0,IC50,uM,0.004,NC(=O)Nc1ccc2ncnc(Nc3ccc(Oc4cccc(C(F)(F)F)c4)c(Cl)c3)c2c1,8.397940008672037
CHEMBL4113919,IC50,nM,3.0,IC50,nM,3.0,CC(C)n1c(Nc2ccccc2)nc2cnc(Nc3ccc(C(=O)N[N+]4=CCN(C)CC4)cc3)nc21,8.522878745280337
CHEMBL3699581,IC50,nM,5.5,IC50,nM,5.5,C=CC(=O)Nc1cccc(Oc2nc(Nc3ccc(N4CCOCC4)cc3OC)ncc2C(F)(F)F)c1,8.259637310505756
CHEMBL3699588,IC50,nM,5.5,IC50,nM,5.5,C=CC(=O)Nc1cccc(Oc2nc(Nc3ccc(N4CCN(C(C)=O)CC4)cc3OC)ncc2C(F)(F)F)c1,8.259637310505756
CHEMBL3699595,IC50,nM,5.5,IC50,nM,5.5,C=CC(=O)Nc1cccc(Nc2nc(Nc3ccc(N4CCCN(C(=O)C(F)(F)F)CC4)cc3OC)ncc2C(F)(F)F)c1,8.259637310505756
CHEMBL3699611,IC50,nM,5.5,IC50,nM,5.5,C=CC(=O)Nc1cccc(Oc2nc(Nc3ccc(N4CCCOCC4)cc3OC)ncc2Cl)c1,8.259637310505756
CHEMBL3699615,IC50,nM,5.5,IC50,nM,5.5,C=CC(=O)Nc1cccc(Nc2nc(Nc3ccc(N4CCN(S(C)(=O)=O)CC4)cc3OC)ncc2Cl)c1,8.259637310505756
CHEMBL3674151,IC50,nM,4.0,IC50,nM,4.0,CC(C)n1c(Nc2ccc(F)c(Cl)c2)nc2cnc(Nc3ccc(C(=O)NN4CCN(C)CC4)cc3F)nc21,8.397940008672037
CHEMBL3699609,IC50,nM,5.5,IC50,nM,5.5,C=CC(=O)Nc1cccc(Nc2nc(Nc3ccc(N4CCN(C(=O)CC)CC4)cc3OC)ncc2C(F)(F)F)c1,8.259637310505756
CHEMBL3699590,IC50,nM,20.0,IC50,nM,20.0,C=CC(=O)Nc1cccc(Nc2nc(Nc3ccc(N4CCN(C(=O)CO)CC4)cc3OC)ncc2Cl)c1,7.698970004336019
CHEMBL3680375,IC50,nM,11.35,IC50,nM,11.35,O=C(/C=C/CN1CCCCC1)Nc1cc2c(Nc3ccc(F)c(Cl)c3)ncnc2cc1OCCCN1CCOCC1,7.945004138470859
CHEMBL3699616,IC50,nM,650.0,IC50,nM,650.0,C=CC(=O)Nc1cccc(Oc2nc(Nc3ccc(N4CCN(C(=O)CC(C)(C)C)CC4)cc3OC)ncc2C(F)(F)F)c1,6.187086643357144
CHEMBL3678949,IC50,nM,4.0,IC50,nM,4.0,CC(C)n1c(Nc2ccc(F)c(Cl)c2)nc2cnc(Nc3ccc(N4CCN(C)CC4)cc3)nc21,8.397940008672037
CHEMBL3678960,IC50,nM,2.0,IC50,nM,2.0,C=CC(=O)Nc1cccc(Nc2ncc3nc(Nc4ccccc4)n(C(C)C)c3n2)c1,8.698970004336019
CHEMBL3699601,IC50,nM,20.0,IC50,nM,20.0,C=CC(=O)Nc1cccc(Oc2nc(Nc3ccc(N4CCN(S(C)(=O)=O)CC4)cc3OC)ncc2Cl)c1,7.698970004336019
CHEMBL1643971,IC50,nM,5.5,IC50,nM,5.5,C=CC(=O)Nc1cccc(Oc2nc(Nc3ccc(N4CCOCC4)cc3OC)ncc2Cl)c1,8.259637310505756
CHEMBL3680374,IC50,nM,9.87,IC50,nM,9.87,O=C(/C=C/CN1CCCCC1)Nc1cc2c(Nc3ccc(F)c(Cl)c3)ncnc2cc1OCC(F)F,8.005682847330363
CHEMBL3680377,IC50,nM,18.08,IC50,nM,18.08,COc1cc2ncnc(Nc3ccc(F)c(Cl)c3)c2cc1NC(=O)/C=C/CN1CCC(F)CC1,7.742801573860656
CHEMBL3678953,IC50,nM,30.0,IC50,nM,30.0,COc1ccc(Nc2nc3cnc(Nc4ccc(N5CCN(C)CC5)cc4)nc3n2C(C)C)cc1,7.522878745280337
CHEMBL3699619,IC50,nM,200.0,IC50,nM,200.0,C=CC(=O)Nc1cccc(Oc2nc(Nc3ccc(N4CCN(C(=O)OC(C)(C)C)CC4)cc3OC)ncc2Cl)c1,6.698970004336019
CHEMBL3699599,IC50,nM,200.0,IC50,nM,200.0,C=CC(=O)Nc1cccc(Oc2nc(Nc3ccc(N4CCN(C(=O)CC(C)(C)C)CC4)cc3OC)ncc2Cl)c1,6.698970004336019
CHEMBL3699608,IC50,nM,65.0,IC50,nM,65.0,C=CC(=O)Nc1cccc(Nc2nc(Nc3ccc(N4CCN(C(=O)C(C)(C)C)CC4)cc3OC)ncc2C(F)(F)F)c1,7.187086643357144
CHEMBL3699600,IC50,nM,65.0,IC50,nM,65.0,C=CC(=O)Nc1cccc(Oc2nc(Nc3ccc(N4CCN(C(=O)C(F)(F)F)CC4)cc3OC)ncc2Cl)c1,7.187086643357144
CHEMBL3699618,IC50,nM,65.0,IC50,nM,65.0,C=CC(=O)Nc1cccc(Nc2nc(Nc3ccc(N4CCN(C(=O)CC(C)(C)C)CC4)cc3OC)ncc2C(F)(F)F)c1,7.187086643357144
CHEMBL3699614,IC50,nM,20.0,IC50,nM,20.0,C=CC(=O)Nc1cccc(Nc2nc(Nc3ccc(N4CCN(C(C)=O)CC4)cc3OC)ncc2Br)c1,7.698970004336019
CHEMBL3699589,IC50,nM,20.0,IC50,nM,20.0,C=CC(=O)Nc1cccc(Oc2nc(Nc3ccc(N4CCN(C(=O)CO)CC4)cc3OC)ncc2C(F)(F)F)c1,7.698970004336019
CHEMBL3678957,IC50,nM,34.0,IC50,nM,34.0,CC(C)n1c(Nc2ccc(C(F)(F)F)cc2)nc2cnc(Nc3ccc(N4CCN(C)CC4)cc3)nc21,7.468521082957745
CHEMBL3699584,IC50,nM,5.5,IC50,nM,5.5,C=CC(=O)Nc1cccc(Nc2nc(Nc3ccc(N4CCN(C(=O)CO)CC4)cc3OC)ncc2C(F)(F)F)c1,8.259637310505756
CHEMBL3699607,IC50,nM,5.5,IC50,nM,5.5,C=CC(=O)Nc1cccc(Nc2nc(Nc3ccc(N4CCN(C(C)=O)CC4)cc3OC(F)(F)F)ncc2C(F)(F)F)c1,8.259637310505756
CHEMBL3680376,IC50,nM,45.34,IC50,nM,45.34,COc1cc2ncnc(Nc3ccc(F)c(Cl)c3)c2cc1NC(=O)/C=C/CN1CCCC(F)C1,7.343518484209501
CHEMBL3699617,IC50,nM,5.5,IC50,nM,5.5,C=CC(=O)Nc1cccc(Oc2nc(Nc3ccc(N4CCCN(C(=O)OC(C)(C)C)CC4)cc3OC)ncc2Cl)c1,8.259637310505756
CHEMBL3699593,IC50,nM,20.0,IC50,nM,20.0,C=CC(=O)Nc1cccc(Nc2nc(Nc3ccc(N4CCN(S(C)(=O)=O)CC4)cc3OC)ncc2C(F)(F)F)c1,7.698970004336019
CHEMBL3699582,IC50,nM,20.0,IC50,nM,20.0,C=CC(=O)Nc1cccc(Nc2nc(Nc3ccc(N4CCOCC4)cc3OC)ncc2C(F)(F)F)c1,7.698970004336019
CHEMBL3699596,IC50,nM,5.5,IC50,nM,5.5,C=CC(=O)Nc1cccc(Oc2nc(Nc3ccc(N4CCN(C(=O)OC)CC4)cc3OC)ncc2C(F)(F)F)c1,8.259637310505756
CHEMBL3674152,IC50,nM,7.0,IC50,nM,7.0,COc1cc(C(=O)NN2CCN(C)CC2)ccc1Nc1ncc2nc(Nc3ccccc3)n(C(C)C)c2n1,8.154901959985743
CHEMBL3680373,IC50,nM,6.44,IC50,nM,6.44,O=C(/C=C/CN1CCCCC1)Nc1cc2c(Nc3ccc(F)c(Cl)c3)ncnc2cc1OCCF,8.191114132640188
CHEMBL3699586,IC50,nM,5.5,IC50,nM,5.5,C=CC(=O)Nc1cccc(Nc2nc(Nc3ccc(N4CCN(C(C)=O)CC4)cc3OC)ncc2Cl)c1,8.259637310505756
CHEMBL3678950,IC50,nM,3.0,IC50,nM,3.0,CC(C)n1c(Nc2ccc(Br)cc2)nc2cnc(Nc3ccc(N4CCN(C)CC4)cc3)nc21,8.522878745280337
CHEMBL3699587,IC50,nM,5.5,IC50,nM,5.5,C=CC(=O)Nc1cccc(Oc2nc(Nc3ccc(N4CCN(C(C)=O)CC4)cc3OC)ncc2Cl)c1,8.259637310505756
CHEMBL3699602,IC50,nM,5.5,IC50,nM,5.5,C=CC(=O)Nc1cccc(Oc2nc(Nc3ccc(N4CCN(S(N)(=O)=O)CC4)cc3OC)ncc2C(F)(F)F)c1,8.259637310505756
CHEMBL3639984,IC50,nM,65.0,IC50,nM,65.0,C=CC(=O)Nc1cccc(Nc2nc(Nc3ccc(N4CCN(C(=O)CO)CC4)cc3OC(F)(F)F)ncc2C(F)(F)F)c1,7.187086643357144
CHEMBL3699591,IC50,nM,65.0,IC50,nM,65.0,C=CC(=O)Nc1cccc(Oc2nc(Nc3ccc(N4CCOCC4)cc3OC(F)F)ncc2C(F)(F)F)c1,7.187086643357144
CHEMBL3699610,IC50,nM,20.0,IC50,nM,20.0,C=CC(=O)Nc1cccc(Oc2nc(Nc3ccc(N4CCOCC4)cc3OC(F)F)ncc2Cl)c1,7.698970004336019
CHEMBL3699598,IC50,nM,65.0,IC50,nM,65.0,C=CC(=O)Nc1cccc(Oc2nc(Nc3ccc(N4CCN(S(C)(=O)=O)CC4)cc3OC)ncc2C(F)(F)F)c1,7.187086643357144
CHEMBL3699585,IC50,nM,20.0,IC50,nM,20.0,C=CC(=O)Nc1cccc(Nc2nc(Nc3ccc(N4CCCN(C(C)=O)CC4)cc3OC)ncc2C(F)(F)F)c1,7.698970004336019
CHEMBL3699613,IC50,nM,5.5,IC50,nM,5.5,C=CC(=O)Nc1cccc(Nc2nc(Nc3ccc(N4CCCN(C(=O)OC(C)(C)C)CC4)cc3OC)ncc2C(F)(F)F)c1,8.259637310505756
CHEMBL3678959,IC50,nM,15.0,IC50,nM,15.0,CC(C)n1c(NC2CCCCC2)nc2cnc(Nc3ccc(N4CCN(C)CC4)cc3)nc21,7.823908740944319
CHEMBL3699594,IC50,nM,20.0,IC50,nM,20.0,C=CC(=O)Nc1cccc(Oc2nc(Nc3ccc(N4CCN(C(=O)OC(C)(C)C)CC4)cc3OCC)ncc2Cl)c1,7.698970004336019
CHEMBL3699621,IC50,nM,20.0,IC50,nM,20.0,C=CC(=O)Nc1cccc(Nc2nc(Nc3ccc(N4CCN(C(C)=O)[C@H](C(=O)OC)C4)cc3OC)ncc2C(F)(F)F)c1,7.698970004336019
CHEMBL3674150,IC50,nM,1.0,IC50,nM,1.0,CC(C)n1c(Nc2ccccc2)nc2cnc(Nc3ccc(C(=O)NN4CCN(C)CC4)cc3F)nc21,9.0
CHEMBL2178351,IC50,nM,5.0,IC50,nM,5.0,CC(C)n1c(Nc2ccccc2)nc2cnc(Nc3ccc(N4CCN(C)CC4)cc3)nc21,8.301029995663981
CHEMBL3678958,IC50,nM,31.0,IC50,nM,31.0,CC(C)n1c(Nc2cccnc2)nc2cnc(Nc3ccc(N4CCN(C)CC4)cc3)nc21,7.508638306165727
CHEMBL3699620,IC50,nM,20.0,IC50,nM,20.0,C=CC(=O)Nc1cccc(Oc2nc(Nc3ccc(N4CCN(C(=O)OC(C)(C)C)CC4)cc3OC(F)(F)F)ncc2Cl)c1,7.698970004336019
CHEMBL3680378,IC50,nM,12.13,IC50,nM,12.13,COc1cc2ncnc(Nc3ccc(F)c(Cl)c3)c2cc1NC(=O)/C=C/CN1CCCCCC1,7.916139199133427
CHEMBL3678954,IC50,nM,5.0,IC50,nM,5.0,CC(C)n1c(Nc2ccc(OCc3cccc(F)c3)c(Cl)c2)nc2cnc(Nc3ccc(N4CCN(C)CC4)cc3)nc21,8.301029995663981
CHEMBL4111809,IC50,nM,25.0,IC50,nM,25.0,CC(=O)Nc1cccc(Nc2nc3cnc(Nc4ccc(C(=O)N[N+]5=CCN(C)CC5)cc4F)nc3n2C(C)C)c1,7.6020599913279625
CHEMBL3699612,IC50,nM,20.0,IC50,nM,20.0,C=CC(=O)Nc1cccc(Nc2nc(Nc3ccc(N4CCCOCC4)cc3OC)ncc2C(F)(F)F)c1,7.698970004336019
CHEMBL3678955,IC50,nM,11.0,IC50,nM,11.0,CC(C)n1c(Nc2ccc(NC(=O)Nc3ccc(F)c(Cl)c3)cc2)nc2cnc(Nc3ccc(N4CCN(C)CC4)cc3)nc21,7.958607314841775
CHEMBL3678952,IC50,nM,4.0,IC50,nM,4.0,COc1cccc(Nc2nc3cnc(Nc4ccc(N5CCN(C)CC5)cc4)nc3n2C(C)C)c1,8.397940008672037
CHEMBL3699622,IC50,nM,5.5,IC50,nM,5.5,C=CC(=O)Nc1cccc(Nc2nc(Nc3ccc(N4CCS(=O)(=O)CC4)cc3OC)ncc2C(F)(F)F)c1,8.259637310505756
CHEMBL3699592,IC50,nM,20.0,IC50,nM,20.0,C=CC(=O)Nc1cccc(Nc2nc(Nc3ccc(N4CCOCC4)cc3OC(F)F)ncc2C(F)(F)F)c1,7.698970004336019
CHEMBL3678951,IC50,nM,3.0,IC50,nM,3.0,CC(C)n1c(Nc2cccc(C(F)(F)F)c2)nc2cnc(Nc3ccc(N4CCN(C)CC4)cc3)nc21,8.522878745280337
CHEMBL3699597,IC50,nM,20.0,IC50,nM,20.0,C=CC(=O)Nc1cccc(Oc2nc(Nc3ccc(N4CCN(C(=O)NC)CC4)cc3OC)ncc2C(F)(F)F)c1,7.698970004336019
CHEMBL2178350,IC50,nM,7.0,IC50,nM,7.0,CN1CCN(c2ccc(Nc3ncc4nc(Nc5ccccc5)n(C5CC5)c4n3)cc2)CC1,8.154901959985743
CHEMBL3699603,IC50,nM,5.5,IC50,nM,5.5,C=CC(=O)Nc1cccc(Nc2nc(Nc3ccc(N4CCN(C(=O)NC)CC4)cc3OC)ncc2C(F)(F)F)c1,8.259637310505756
CHEMBL3678956,IC50,nM,117.0,IC50,nM,117.0,CC(C)n1c(Nc2ccc(C(=O)Nc3cccc(F)c3)cc2)nc2cnc(Nc3ccc(N4CCN(C)CC4)cc3)nc21,6.931814138253839
CHEMBL3678948,IC50,nM,4.0,IC50,nM,4.0,C#Cc1cccc(Nc2nc3cnc(Nc4ccc(N5CCN(C)CC5)cc4)nc3n2C(C)C)c1,8.397940008672037
CHEMBL2178349,IC50,nM,12.0,IC50,nM,12.0,CN1CCN(c2ccc(Nc3ncc4nc(Nc5ccccc5)n(C)c4n3)cc2)CC1,7.920818753952375
CHEMBL3674148,IC50,nM,2.0,IC50,nM,2.0,CC(C)n1c(Nc2ccc(F)c(Cl)c2)nc2cnc(Nc3ccc(C(=O)NN4CCN(C)CC4)cc3)nc21,8.698970004336019
CHEMBL3678946,IC50,nM,1.0,IC50,nM,1.0,CC(C)n1c(Nc2ccccc2)nc2cnc(Nc3ccc(C(=O)NC4CCN(C)CC4)cc3)nc21,9.0
CHEMBL3699604,IC50,nM,20.0,IC50,nM,20.0,C=CC(=O)Nc1cccc(Nc2nc(Nc3ccc(N4CCN(C(=O)OC)CC4)cc3OC)ncc2C(F)(F)F)c1,7.698970004336019
CHEMBL3699583,IC50,nM,5.5,IC50,nM,5.5,C=CC(=O)Nc1cccc(Oc2nc(Nc3ccc(N4CCN(C(=O)CO)CC4)cc3OC)ncc2Cl)c1,8.259637310505756
CHEMBL3678947,IC50,nM,7.0,IC50,nM,7.0,CC(C)n1c(Nc2cccc(Br)c2)nc2cnc(Nc3ccc(N4CCN(C)CC4)cc3)nc21,8.154901959985743
CHEMBL3735952,IC50,nM,880.0,IC50,uM,0.88,COC1CCN(c2nccc(Nc3cc4[nH]cnc4cn3)n2)CC1,6.055517327849832
CHEMBL3736508,IC50,nM,882.0,IC50,uM,0.882,COC1CCN(c2nccc(Nc3cc4c(cn3)nc(C)n4C(C)C)n2)CC1,6.054531414868181
CHEMBL3734877,IC50,nM,2360.0,IC50,uM,2.36,COC1CCN(c2nccc(Nc3cc4c(cn3)nc(CO)n4C(C)C)n2)CC1,5.627087997029894
CHEMBL3736183,IC50,nM,250.0,IC50,uM,0.25,CO[C@H]1CCN(c2nccc(Nc3cc4c(cn3)nc(C)n4C(C)C)n2)C[C@H]1F,6.6020599913279625
CHEMBL3734933,IC50,nM,290.0,IC50,uM,0.29,CO[C@H]1CCN(c2nccc(Nc3cc4c(cn3)nc(CO)n4C(C)C)n2)C[C@H]1F,6.5376020021010435
CHEMBL3735958,IC50,nM,1000.0,IC50,uM,1.0,Cc1nc2cnc(Nc3ccnc(N4CC[C@H](O)[C@H](F)C4)n3)cc2n1C(C)C,6.0
CHEMBL3734934,IC50,nM,2530.0,IC50,uM,2.53,CC(C)n1c(CO)nc2cnc(Nc3ccnc(N4CC[C@H](O)[C@H](F)C4)n3)cc21,5.5968794788241825
CHEMBL3735474,IC50,nM,1000.0,IC50,uM,1.0,CO[C@H]1CCN(c2nccc(Nc3cc4c(cn3)nc(CO)n4C(C)C)n2)CC1(F)F,6.0
CHEMBL3734786,IC50,nM,1040.0,IC50,uM,1.04,Cc1nc2cnc(Nc3ccnc(N4CC[C@H](O)C(F)(F)C4)n3)cc2n1C(C)C,5.982966660701219
CHEMBL3736121,IC50,nM,27.0,IC50,nM,27.0,CO[C@H]1CCN(c2nccc(Nc3cc4c(cn3)nc([C@@H](C)O)n4[C@H](C)C(F)(F)F)n2)C[C@H]1F,7.568636235841013
CHEMBL3734988,IC50,nM,81.0,IC50,nM,81.0,C[C@@H](O)c1nc2cnc(Nc3ccnc(N4CC[C@H](O)[C@H](F)C4)n3)cc2n1[C@H](C)C(F)(F)F,7.0915149811213505
CHEMBL3740144,IC50,nM,8.4,IC50,nM,8.4,CN1CCN(Cc2ccc(NC(=O)Nc3ccc4ncnc(Nc5ccc(OCc6cccc(F)c6)c(Cl)c5)c4c3)cc2)CC1,8.075720713938118
CHEMBL3741473,IC50,nM,5.0,IC50,nM,5.0,O=C(Nc1ccc(CN2CCCCC2)cc1)Nc1ccc2ncnc(Nc3cccc(C(F)(F)F)c3)c2c1,8.301029995663981
CHEMBL3740910,IC50,nM,4.1,IC50,nM,4.1,O=C(Nc1ccc(CN2CCCC2)cc1)Nc1ccc2ncnc(Nc3cccc(C(F)(F)F)c3)c2c1,8.387216143280265
CHEMBL3739750,IC50,nM,4670.0,IC50,uM,4.67,CC(=O)c1nn(-c2ccccc2)cc1C(=O)c1c(C)[nH]c(-c2ccccc2)c1-c1ccccc1,5.330683119433888
CHEMBL3740247,IC50,nM,9190.0,IC50,uM,9.19,CC(=O)c1nn(-c2ccc(C)cc2)cc1C(=O)c1c(C)[nH]c(-c2ccccc2)c1-c1ccccc1,5.036684488613889
CHEMBL3739587,IC50,nM,4480.0,IC50,uM,4.48,CC(=O)c1nn(-c2ccc(Cl)cc2)cc1C(=O)c1c(C)[nH]c(-c2ccccc2)c1-c1ccccc1,5.3487219860018556
CHEMBL3740131,IC50,nM,3220.0,IC50,uM,3.22,CCOC(=O)c1nn(-c2ccccc2)cc1C(=O)c1c(C)[nH]c(-c2ccccc2)c1-c1ccccc1,5.492144128304169
CHEMBL3742349,IC50,nM,7880.0,IC50,uM,7.88,CCOC(=O)c1nn(-c2ccc(C)cc2)cc1C(=O)c1c(C)[nH]c(-c2ccccc2)c1-c1ccccc1,5.103473782510445
CHEMBL3741526,IC50,nM,3200.0,IC50,uM,3.2,CCOC(=O)c1nn(-c2ccc(Cl)cc2)cc1C(=O)c1c(C)[nH]c(-c2ccccc2)c1-c1ccccc1,5.494850021680094
CHEMBL3740930,IC50,nM,3560.0,IC50,uM,3.56,Cc1[nH]c(-c2ccccc2)c(-c2ccccc2)c1C(=O)c1cn(-c2ccccc2)nc1C(=O)Nc1ccccc1,5.448550002027125
CHEMBL3740713,IC50,nM,4490.0,IC50,uM,4.49,Cc1ccc(-n2cc(C(=O)c3c(C)[nH]c(-c4ccccc4)c3-c3ccccc3)c(C(=O)Nc3ccccc3)n2)cc1,5.347753658996677
CHEMBL3740385,IC50,nM,3780.0,IC50,uM,3.78,Cc1[nH]c(-c2ccccc2)c(-c2ccccc2)c1C(=O)c1cn(-c2ccc(Cl)cc2)nc1C(=O)Nc1ccccc1,5.422508200162775
CHEMBL3741069,IC50,nM,2560.0,IC50,uM,2.56,Cc1[nH]c(-c2ccccc2)c(-c2ccccc2)c1C(=O)c1cn(-c2ccccc2)nc1-c1ccccc1,5.591760034688151
CHEMBL3740582,IC50,nM,3890.0,IC50,uM,3.89,Cc1[nH]c(-c2ccccc2)c(-c2ccccc2)c1-c1nnc(C)c2nn(-c3ccccc3)cc12,5.410050398674292
CHEMBL3742060,IC50,nM,5430.0,IC50,uM,5.43,Cc1ccc(-n2cc3c(-c4c(C)[nH]c(-c5ccccc5)c4-c4ccccc4)nnc(C)c3n2)cc1,5.265200170411153
CHEMBL3741655,IC50,nM,2550.0,IC50,uM,2.55,Cc1[nH]c(-c2ccccc2)c(-c2ccccc2)c1-c1nnc(C)c2nn(-c3ccc(Cl)cc3)cc12,5.5934598195660445
CHEMBL3740923,IC50,nM,3600.0,IC50,uM,3.6,Oc1nnc(-c2c[nH]c(-c3ccccc3)c2-c2ccccc2)c2cn(-c3ccccc3)nc12,5.443697499232712
CHEMBL3739586,IC50,nM,3450.0,IC50,uM,3.45,Cc1ccc(-n2cc3c(-c4c[nH]c(-c5ccccc5)c4-c4ccccc4)nnc(O)c3n2)cc1,5.462180904926726
CHEMBL3742200,IC50,nM,4390.0,IC50,uM,4.39,Oc1nnc(-c2c[nH]c(-c3ccccc3)c2-c2ccccc2)c2cn(-c3ccc(Cl)cc3)nc12,5.357535479757878
CHEMBL3740003,IC50,nM,2890.0,IC50,uM,2.89,Cc1[nH]c(-c2ccccc2)c(-c2ccccc2)c1-c1ccc(NC(=O)c2ccccc2)c(=O)o1,5.539102157243452
CHEMBL3741960,IC50,nM,3670.0,IC50,uM,3.67,Cc1c(C(=O)c2coc3ccc(O)cc23)[nH]c(-c2ccccc2)c1-c1ccccc1,5.43533393574791
CHEMBL3740492,IC50,nM,5100.0,IC50,uM,5.1,Cc1c(C(=O)c2coc3c2cc(O)c2ccccc23)[nH]c(-c2ccccc2)c1-c1ccccc1,5.292429823902063
CHEMBL3740577,IC50,nM,860.0,IC50,uM,0.86,C=CC(=O)Nc1cccc(Nc2nc(N/N=C/c3ccc(F)cc3)ncc2Cl)c1,6.0655015487564325
CHEMBL3739812,IC50,nM,1510.0,IC50,uM,1.51,C=CC(=O)Nc1cccc(Nc2nc(N/N=C/c3ccccc3F)ncc2Cl)c1,5.82102305270683
CHEMBL3740614,IC50,nM,11570.0,IC50,uM,11.57,C=CC(=O)Nc1cccc(Nc2nc(N/N=C/c3ccc(F)cc3F)ncc2Cl)c1,4.936666641048251
CHEMBL3741245,IC50,nM,1680.0,IC50,uM,1.68,C=CC(=O)Nc1cccc(Nc2nc(N/N=C(\C)c3ccc(F)cc3)ncc2Cl)c1,5.774690718274137
CHEMBL3740257,IC50,nM,2270.0,IC50,uM,2.27,C=CC(=O)Nc1cccc(Nc2nc(N/N=C(\C)c3ccc(F)cc3F)ncc2Cl)c1,5.6439741428068775
CHEMBL3741796,IC50,nM,5670.0,IC50,uM,5.67,C=CC(=O)Nc1cccc(Nc2nc(N/N=C(\C)c3ccc(C)cc3)ncc2Cl)c1,5.246416941107094
CHEMBL3741436,IC50,nM,790.0,IC50,uM,0.79,CN(C)C/C=C/C(=O)Nc1cccc(Nc2nc(N/N=C/c3ccccc3F)ncc2Cl)c1,6.102372908709558
CHEMBL3741762,IC50,nM,680.0,IC50,uM,0.68,CN(C)C/C=C/C(=O)Nc1cccc(Nc2nc(N/N=C/c3ccc(F)cc3)ncc2Cl)c1,6.167491087293763
CHEMBL3742128,IC50,nM,2520.0,IC50,uM,2.52,CN(C)C/C=C/C(=O)Nc1cccc(Nc2nc(N/N=C/c3ccc(F)cc3F)ncc2Cl)c1,5.598599459218456
CHEMBL3741219,IC50,nM,880.0,IC50,uM,0.88,CN(C)C/C=C/C(=O)Nc1cccc(Nc2nc(N/N=C/c3cn(Cc4ccccc4)c4ccccc34)ncc2Cl)c1,6.055517327849832
CHEMBL3740102,IC50,nM,2350.0,IC50,uM,2.35,C/C(=N\Nc1ncc(Cl)c(Nc2cccc(NC(=O)/C=C/CN(C)C)c2)n1)c1ccc(F)cc1,5.628932137728264
CHEMBL3740907,IC50,nM,720.0,IC50,uM,0.72,C/C(=N\Nc1ncc(Cl)c(Nc2cccc(NC(=O)/C=C/CN(C)C)c2)n1)c1ccc(F)cc1F,6.142667503568732
CHEMBL3741324,IC50,nM,2380.0,IC50,uM,2.38,C/C(=N\Nc1ncc(Cl)c(Nc2cccc(NC(=O)/C=C/CN(C)C)c2)n1)c1ccccn1,5.623423042943488
CHEMBL3742146,IC50,nM,4320.0,IC50,uM,4.32,C/C(=N\Nc1ncc(Cl)c(Nc2cccc(NC(=O)/C=C/CN(C)C)c2)n1)c1cccnc1,5.364516253185088
CHEMBL3741490,IC50,nM,1.0,IC50,uM,0.001,C#Cc1cccc(Nc2ncnc3cc(OCCO)c(OCCOC)cc23)c1,9.0
CHEMBL3740105,IC50,nM,880.0,IC50,uM,0.88,C#Cc1cccc(Nc2ncnc3cc(OCCOC(=O)c4ccc(C(=O)Nc5ccc6c(c5)C(C)(C)CCC6(C)C)cc4)c(OCCOC(=O)c4ccc(C(=O)Nc5ccc6c(c5)C(C)(C)CCC6(C)C)cc4)cc23)c1,6.055517327849832
CHEMBL3739771,IC50,nM,33.0,IC50,uM,0.033,C#Cc1cccc(Nc2ncnc3cc(OCCOC(=O)Cc4c(C)n(C(=O)c5ccc(Cl)cc5)c5ccc(OC)cc45)c(OCCOC(=O)Cc4c(C)n(C(=O)c5ccc(Cl)cc5)c5ccc(OC)cc45)cc23)c1,7.481486060122112
CHEMBL3741768,IC50,nM,390.0,IC50,uM,0.39,C#Cc1cccc(Nc2ncnc3cc(OCCOC(=O)C(C)c4ccc5cc(OC)ccc5c4)c(OCCOC(=O)C(C)c4ccc5cc(OC)ccc5c4)cc23)c1,6.4089353929735005
CHEMBL3739527,IC50,nM,27.0,IC50,uM,0.027,C#Cc1cccc(Nc2ncnc3cc(OCCOC(=O)CC4=C(C)/C(=C/c5ccc([S+](C)[O-])cc5)c5ccc(F)cc54)c(OCCOC(=O)CC4=C(C)/C(=C/c5ccc([S+](C)[O-])cc5)c5ccc(F)cc54)cc23)c1,7.568636235841013
CHEMBL3741399,IC50,nM,34.0,IC50,uM,0.034,C#Cc1cccc(Nc2ncnc3cc(OCCOC(=O)c4ccccc4OC(C)=O)c(OCCOC(=O)c4ccccc4OC(C)=O)cc23)c1,7.468521082957745
CHEMBL3741304,IC50,nM,32.0,IC50,uM,0.032,C#Cc1cccc(Nc2ncnc3cc(OCCOC(=O)c4ccc(C(=O)Nc5ccc6c(c5)C(C)(C)CCC6(C)C)cc4)c(OCCOC)cc23)c1,7.494850021680094
CHEMBL3740595,IC50,nM,27.0,IC50,uM,0.027,C#Cc1cccc(Nc2ncnc3cc(OCCOC(=O)Cc4c(C)n(C(=O)c5ccc(Cl)cc5)c5ccc(OC)cc45)c(OCCOC)cc23)c1,7.568636235841013
CHEMBL3740850,IC50,nM,72.0,IC50,uM,0.072,C#Cc1cccc(Nc2ncnc3cc(OCCOC(=O)C(C)c4ccc5cc(OC)ccc5c4)c(OCCOC)cc23)c1,7.142667503568732
CHEMBL3742059,IC50,nM,31.0,IC50,uM,0.031,C#Cc1cccc(Nc2ncnc3cc(OCCOC(=O)CC4=C(C)/C(=C\c5ccc([S+](C)[O-])cc5)c5ccc(F)cc54)c(OCCOC)cc23)c1,7.508638306165727
CHEMBL3741026,IC50,nM,9.0,IC50,uM,0.009,C#Cc1cccc(Nc2ncnc3cc(OCCOC(=O)C(C)c4ccc(CC(C)C)cc4)c(OCCOC)cc23)c1,8.045757490560675
CHEMBL3741424,IC50,nM,5.0,IC50,uM,0.005,C#Cc1cccc(Nc2ncnc3cc(OCCOC(=O)c4ccccc4OC(C)=O)c(OCCOC)cc23)c1,8.301029995663981
CHEMBL3746473,IC50,nM,600.0,IC50,uM,0.6,CC(=O)N1N=C(c2ccc([N+](=O)[O-])cc2)CC1c1ccc(C(=O)OCCn2c([N+](=O)[O-])cnc2C)cc1,6.221848749616356
CHEMBL3746557,IC50,nM,260.0,IC50,uM,0.26,CC(=O)N1N=C(c2ccc(C(F)(F)F)cc2)CC1c1ccc(C(=O)OCCn2c([N+](=O)[O-])cnc2C)cc1,6.585026652029182
CHEMBL3746642,IC50,nM,1450.0,IC50,uM,1.45,CC(=O)N1N=C(c2ccc([N+](=O)[O-])cc2)CC1c1ccc(C(=O)OC(C)Cn2c([N+](=O)[O-])cnc2C)cc1,5.838631997765025
CHEMBL3746421,IC50,nM,6670.0,IC50,uM,6.67,CC(=O)N1N=C(c2ccc(C(F)(F)F)cc2)CC1c1ccc(C(=O)OC(C)Cn2c([N+](=O)[O-])cnc2C)cc1,5.175874166083451
CHEMBL3746711,IC50,nM,1260.0,IC50,uM,1.26,CC(=O)N1N=C(c2ccc(I)cc2)CC1c1ccc(C(=O)OCCn2c([N+](=O)[O-])cnc2C)cc1,5.8996294548824375
CHEMBL3746212,IC50,nM,4130.0,IC50,uM,4.13,CC(=O)N1N=C(c2ccc(Br)cc2)CC1c1ccc(C(=O)OCCn2c([N+](=O)[O-])cnc2C)cc1,5.384049948343599
CHEMBL3747079,IC50,nM,9580.0,IC50,uM,9.58,CC(=O)N1N=C(c2ccccc2)CC1c1ccc(C(=O)OCCn2c([N+](=O)[O-])cnc2C)cc1,5.018634490921456
CHEMBL3747281,IC50,nM,5020.0,IC50,uM,5.02,CC(=O)N1N=C(c2ccc(F)cc2)CC1c1ccc(C(=O)OCCn2c([N+](=O)[O-])cnc2C)cc1,5.29929628285498
CHEMBL3746387,IC50,nM,21310.0,IC50,uM,21.31,COc1ccc(C2=NN(C(C)=O)C(c3ccc(C(=O)OC(C)Cn4c([N+](=O)[O-])cnc4C)cc3)C2)cc1,4.671416550285798
CHEMBL3747055,IC50,nM,8540.0,IC50,uM,8.54,COc1ccc(C2=NN(C(C)=O)C(c3ccc(C(=O)OCCn4c([N+](=O)[O-])cnc4C)cc3)C2)cc1,5.068542129310995
CHEMBL3747277,IC50,nM,7370.0,IC50,uM,7.37,CC(=O)N1N=C(c2ccc(Cl)cc2)CC1c1ccc(C(=O)OCCn2c([N+](=O)[O-])cnc2C)cc1,5.132532512140949
CHEMBL3746168,IC50,nM,9260.0,IC50,uM,9.26,CC(=O)N1N=C(c2ccc(Cl)cc2)CC1c1ccc(C(=O)OC(C)Cn2c([N+](=O)[O-])cnc2C)cc1,5.033389013318065
CHEMBL3747152,IC50,nM,6580.0,IC50,uM,6.58,CC(=O)N1N=C(c2ccc(F)cc2)CC1c1ccc(C(=O)OC(C)Cn2c([N+](=O)[O-])cnc2C)cc1,5.181774106386045
CHEMBL3747776,IC50,nM,5960.0,IC50,uM,5.96,CC(=O)N1N=C(c2ccc(Br)cc2)CC1c1ccc(C(=O)OC(C)Cn2c([N+](=O)[O-])cnc2C)cc1,5.2247537402597635
CHEMBL3746564,IC50,nM,10690.0,IC50,uM,10.69,CC(=O)N1N=C(c2ccc(I)cc2)CC1c1ccc(C(=O)OC(C)Cn2c([N+](=O)[O-])cnc2C)cc1,4.971022294791222
CHEMBL3746980,IC50,nM,25580.0,IC50,uM,25.58,CC(=O)N1N=C(c2ccc(C)cc2)CC1c1ccc(C(=O)OC(C)Cn2c([N+](=O)[O-])cnc2C)cc1,4.592099459857365
CHEMBL3746268,IC50,nM,10920.0,IC50,uM,10.92,CC(=O)N1N=C(c2ccc(C)cc2)CC1c1ccc(C(=O)OCCn2c([N+](=O)[O-])cnc2C)cc1,4.961777361631282
CHEMBL3747570,IC50,nM,12240.0,IC50,uM,12.24,CC(=O)N1N=C(c2ccccc2)CC1c1ccc(C(=O)OC(C)Cn2c([N+](=O)[O-])cnc2C)cc1,4.912218582190458
CHEMBL3745929,IC50,nM,26920.0,IC50,uM,26.92,CCOc1ccc(C2=NN(C(C)=O)C(c3ccc(C(=O)OC(C)Cn4c([N+](=O)[O-])cnc4C)cc3)C2)cc1,4.5699249444480605
CHEMBL3747407,IC50,nM,15160.0,IC50,uM,15.16,CCOc1ccc(C2=NN(C(C)=O)C(c3ccc(C(=O)OCCn4c([N+](=O)[O-])cnc4C)cc3)C2)cc1,4.819300798703965
CHEMBL3754722,IC50,nM,290.46,IC50,nM,290.46,COc1cc(NC(=O)Nc2ccncc2)cc(-c2cncnc2)c1OC,6.536913666975467
CHEMBL3752404,IC50,nM,189.49,IC50,nM,189.49,O=C(Nc1ccncc1)Nc1cc(-c2cccnc2)cc(C(F)(F)F)c1,6.722413704215237
CHEMBL3752008,IC50,nM,14.83,IC50,nM,14.83,O=C(Nc1ccncc1)Nc1cc(-c2cncnc2)cc(C(F)(F)F)c1,7.828858848971618
CHEMBL3753886,IC50,nM,97.22,IC50,nM,97.22,O=C(Nc1ccncc1)Nc1cc(-c2cccnc2)ccc1OC(F)(F)F,7.012244383261477
CHEMBL3753623,IC50,nM,102.93,IC50,nM,102.93,COc1ccc(-c2ccc(OC(F)(F)F)c(NC(=O)Nc3ccncc3)c2)cn1,6.987458027224164
CHEMBL3752370,IC50,nM,18.04,IC50,nM,18.04,O=C(Nc1ccncc1)Nc1cc(-c2cncnc2)ccc1OC(F)(F)F,7.743763466794077
CHEMBL3754709,IC50,nM,317.12,IC50,nM,317.12,COc1cc(NC(=O)Nc2nccs2)cc(-c2cccnc2)c1OC,6.498776367194819
CHEMBL3753142,IC50,nM,78.17,IC50,nM,78.17,O=C(Nc1cc(-c2cccnc2)cc(C(F)(F)F)c1)Nc1nccs1,7.106959888042882
CHEMBL3751967,IC50,nM,476.66,IC50,nM,476.66,COc1ccc(-c2cc(NC(=O)Nc3nccs3)cc(C(F)(F)F)c2)cn1,6.321791291345775
CHEMBL3754556,IC50,nM,71.82,IC50,nM,71.82,O=C(Nc1cc(-c2cncnc2)cc(C(F)(F)F)c1)Nc1nccs1,7.143754599209946
CHEMBL3753811,IC50,nM,121.09,IC50,nM,121.09,O=C(Nc1nccs1)Nc1cc(-c2cccnc2)ccc1OC(F)(F)F,6.916891720805265
CHEMBL3753157,IC50,nM,495.3,IC50,nM,495.3,COc1ccc(-c2ccc(OC(F)(F)F)c(NC(=O)Nc3nccs3)c2)cn1,6.305131672017544
CHEMBL3752248,IC50,nM,71.71,IC50,nM,71.71,O=C(Nc1nccs1)Nc1cc(-c2cncnc2)ccc1OC(F)(F)F,7.144420277498282
CHEMBL3753532,IC50,nM,24.81,IC50,nM,24.81,COc1cc(NC(=O)Nc2ccccn2)cc(-c2c[nH]cn2)c1OC,7.605373235727791
CHEMBL3754301,IC50,nM,165.6,IC50,nM,165.6,Cn1cnc(-c2cc(NC(=O)Nc3ccncc3)cc(C(F)(F)F)c2)c1,6.780939667551139
CHEMBL3752825,IC50,nM,94.82,IC50,nM,94.82,Cn1cnc(-c2ccc(OC(F)(F)F)c(NC(=O)Nc3ccncc3)c2)c1,7.023100049017062
CHEMBL3752129,IC50,nM,362.0,IC50,nM,362.0,COc1cc(NC(=O)Nc2nccs2)cc(-c2cn(C)cn2)c1OC,6.441291429466834
CHEMBL3752916,IC50,nM,310.76,IC50,nM,310.76,Cn1cnc(-c2cc(NC(=O)Nc3nccs3)cc(C(F)(F)F)c2)c1,6.507574887223914
CHEMBL1336,IC50,nM,2.96,IC50,nM,2.96,CNC(=O)c1cc(Oc2ccc(NC(=O)Nc3ccc(Cl)c(C(F)(F)F)c3)cc2)ccn1,8.528708288941061
CHEMBL3753444,IC50,nM,455.17,IC50,nM,455.17,COc1ccc(-c2cc(NC(=O)Nc3ccncc3)cc(OC)c2OC)cn1,6.341826369776011
CHEMBL3753836,IC50,nM,131.09,IC50,nM,131.09,COc1cc(NC(=O)Nc2ccncc2)cc(-c2cccnc2)c1OC,6.882430436536173
CHEMBL3754057,IC50,nM,26.56,IC50,nM,26.56,O=C(Nc1ccccn1)Nc1cc(-c2cncnc2)ccc1OC(F)(F)F,7.57577192930402
CHEMBL3753208,IC50,nM,90.57,IC50,nM,90.57,O=C(Nc1ccccn1)Nc1cc(-c2cccnc2)ccc1OC(F)(F)F,7.04301563225724
CHEMBL3754785,IC50,nM,66.59,IC50,nM,66.59,COc1ccc(-c2cc(NC(=O)Nc3ccccn3)cc(OC)c2OC)cn1,7.176590985107455
CHEMBL3752074,IC50,nM,48.81,IC50,nM,48.81,COc1cc(NC(=O)Nc2ccccn2)cc(-c2cccnc2)c1OC,7.311491192343479
CHEMBL3752365,IC50,nM,78.0,IC50,nM,78.0,C=CC(=O)Nc1cccc(-n2c(=O)cc(C)c3cnc(Nc4ccc(N5CCN(C)CC5)cc4OC(C)C)nc32)c1,7.107905397309519
CHEMBL3752204,IC50,nM,9.5,IC50,nM,9.5,CN(C)/C=C/C(=O)Nc1cc2c(Nc3ccc(F)c(Cl)c3)ncnc2cc1O[C@H]1CCOC1,8.022276394711152
CHEMBL3754213,IC50,nM,19.0,IC50,nM,19.0,C=CC(=O)Nc1cccc(-n2c(=O)cc(C)c3cnc(Nc4ccc(N5CCN(C)CC5)cc4OCCC)nc32)c1,7.721246399047171
CHEMBL3754564,IC50,nM,11.0,IC50,nM,11.0,C=CC(=O)Nc1cccc(-n2c(=O)cc(C)c3cnc(Nc4ccc(N5CCN(C)CC5)cc4OCC)nc32)c1,7.958607314841775
CHEMBL3754803,IC50,nM,23.5,IC50,nM,23.5,C=CC(=O)Nc1cccc(-n2c(=O)cc(C)c3cnc(Nc4ccc(N5CCN(C)CC5)cc4C)nc32)c1,7.628932137728263
CHEMBL3633146,IC50,nM,2.9,IC50,nM,2.9,C=CC(=O)Nc1cccc(-n2c(=O)cc(C)c3cnc(Nc4ccc(N5CCN(C)CC5)cc4)nc32)c1,8.537602002101044
CHEMBL3753461,IC50,nM,280.0,IC50,nM,280.0,C=CC(=O)Nc1cccc(-n2c(=O)cc(C)c3c(C)nc(Nc4ccc(N5CCN(C)CC5)cc4OC)nc32)c1,6.552841968657781
CHEMBL3753305,IC50,nM,21.0,IC50,nM,21.0,C=CC(=O)Nc1cccc(-n2c(=O)cc(-c3ccccc3)c3cnc(Nc4ccc(N5CCN(C)CC5)cc4OC)nc32)c1,7.6777807052660805
CHEMBL3752139,IC50,nM,95.0,IC50,nM,95.0,C=CC(=O)Nc1cccc(-n2c(=O)cc(N(C)C)c3cnc(Nc4ccc(N5CCN(C)CC5)cc4OC)nc32)c1,7.022276394711152
CHEMBL3753228,IC50,nM,39.0,IC50,nM,39.0,C=CC(=O)Nc1cccc(-n2c(=O)cc(C(F)(F)F)c3cnc(Nc4ccc(N5CCN(C)CC5)cc4OC)nc32)c1,7.4089353929735005
CHEMBL3754040,IC50,nM,94.0,IC50,nM,94.0,C=CC(=O)Nc1cccc(-n2c(=O)cc(C(C)C)c3cnc(Nc4ccc(N5CCN(C)CC5)cc4OC)nc32)c1,7.026872146400302
CHEMBL3752448,IC50,nM,10.0,IC50,nM,10.0,C=CC(=O)Nc1cccc(-n2c(=O)cc(C3CC3)c3cnc(Nc4ccc(N5CCN(C)CC5)cc4OC)nc32)c1,8.0
CHEMBL3753874,IC50,nM,17.8,IC50,nM,17.8,C=CC(=O)Nc1cccc(-n2c(=O)cc(CCC)c3cnc(Nc4ccc(N5CCN(C)CC5)cc4OC)nc32)c1,7.749579997691106
CHEMBL3751976,IC50,nM,6.7,IC50,nM,6.7,C=CC(=O)Nc1cccc(-n2c(=O)cc(CC)c3cnc(Nc4ccc(N5CCN(C)CC5)cc4OC)nc32)c1,8.173925197299173
CHEMBL3753011,IC50,nM,1.6,IC50,nM,1.6,C=CC(=O)Nc1cccc(-n2c(=O)c(-c3ccccc3)c(C)c3cnc(Nc4ccc(N5CCN(C)CC5)cc4OC)nc32)c1,8.795880017344075
CHEMBL3633145,IC50,nM,0.5,IC50,nM,0.5,C=CC(=O)Nc1cccc(-n2c(=O)c(Cc3ccccc3)cc3cnc(Nc4ccc(N5CCN(C)CC5)cc4OC)nc32)c1,9.301029995663981
CHEMBL3753235,IC50,nM,0.2,IC50,nM,0.2,C=CC(=O)Nc1cccc(-n2c(=O)c(-c3ccccc3)cc3cnc(Nc4ccc(N5CCN(C)CC5)cc4OC)nc32)c1,9.698970004336019
CHEMBL3752363,IC50,nM,1.3,IC50,nM,1.3,C=CC(=O)Nc1cccc(-n2c(=O)c(C)cc3cnc(Nc4ccc(N5CCN(C)CC5)cc4OC)nc32)c1,8.886056647693163
CHEMBL3758502,IC50,nM,600.0,IC50,uM,0.6,CC1(C)OCc2c(Nc3n[nH]c4ccccc34)nc(-c3cn[nH]c3)nc21,6.221848749616356
CHEMBL3759096,IC50,nM,3000.0,IC50,uM,3.0,Cn1nccc1-c1nc(Nc2n[nH]c3ccccc23)c2c(n1)C(C)(C)OC2,5.522878745280337
CHEMBL3758739,IC50,nM,370.0,IC50,uM,0.37,CC1(C)OCc2c(Nc3n[nH]c4c(Cl)cccc34)nc(-c3cn[nH]c3C(F)F)nc21,6.431798275933005
CHEMBL3759815,IC50,nM,13.0,IC50,nM,13.0,C[C@@H](Nc1ncnc2sc(-c3ccc(CO)cc3F)cc12)c1ccccc1,7.886056647693163
CHEMBL3759649,IC50,nM,59.0,IC50,nM,59.0,C[C@@H](Nc1ncnc2sc(-c3ccc(C=O)cc3F)cc12)c1ccccc1,7.229147988357855
CHEMBL3759356,IC50,nM,8.0,IC50,nM,8.0,C[C@@H](Nc1ncnc2sc(-c3cccc(C(=O)O)c3)cc12)c1ccccc1,8.096910013008056
CHEMBL3758939,IC50,nM,5.0,IC50,nM,5.0,C[C@@H](Nc1ncnc2sc(-c3cccc(C(N)=O)c3)cc12)c1ccccc1,8.301029995663981
CHEMBL3760023,IC50,nM,26.0,IC50,nM,26.0,C[C@@H](Nc1ncnc2sc(-c3cccc(S(C)(=O)=O)c3)cc12)c1ccccc1,7.585026652029182
CHEMBL3758471,IC50,nM,6.0,IC50,nM,6.0,C[C@@H](Nc1ncnc2sc(-c3cccc(C=O)c3)cc12)c1ccccc1,8.221848749616356
CHEMBL3758951,IC50,nM,8.0,IC50,nM,8.0,C[C@@H](Nc1ncnc2sc(-c3ccc(F)c(C=O)c3)cc12)c1ccccc1,8.096910013008056
CHEMBL3759085,IC50,nM,276.0,IC50,nM,276.0,C[C@@H](Nc1ncnc2sc(-c3ccccc3C(N)=O)cc12)c1ccccc1,6.559090917934782
CHEMBL3759963,IC50,nM,13.0,IC50,nM,13.0,COc1cccc(-c2cc3c(N[C@H](C)c4ccccc4)ncnc3s2)c1OC,7.886056647693163
CHEMBL3759780,IC50,nM,6.0,IC50,nM,6.0,COc1cc(F)ccc1-c1cc2c(N[C@H](C)c3ccccc3)ncnc2s1,8.221848749616356
CHEMBL3758868,IC50,nM,5.0,IC50,nM,5.0,COc1ccc(-c2cc3c(N[C@H](C)c4ccccc4)ncnc3s2)c(OC)c1,8.301029995663981
CHEMBL3759961,IC50,nM,2.0,IC50,nM,2.0,COc1cccc(OC)c1-c1cc2c(N[C@H](C)c3ccccc3)ncnc2s1,8.698970004336019
CHEMBL3759199,IC50,nM,0.9,IC50,nM,0.9,COc1cccc(OC)c1-c1cc2c(N[C@H](CO)c3ccccc3)ncnc2s1,9.045757490560675
CHEMBL3758800,IC50,nM,2.0,IC50,nM,2.0,C[C@@H](Nc1ncnc2sc(-c3ccc(C(=O)NCCN(C)C)cc3)cc12)c1ccccc1,8.698970004336019
CHEMBL3758376,IC50,nM,2.0,IC50,nM,2.0,CN(C)CCNC(=O)c1ccc(-c2cc3c(N[C@H](CO)c4ccccc4)ncnc3s2)cc1,8.698970004336019
CHEMBL3759369,IC50,nM,0.9,IC50,nM,0.9,C[C@@H](Nc1ncnc2sc(-c3cccc(C(=O)NCCN(C)C)c3)cc12)c1ccccc1,9.045757490560675
CHEMBL3758278,IC50,nM,2.0,IC50,nM,2.0,COc1cc(C(N)=O)ccc1-c1cc2c(N[C@H](C)c3ccccc3)ncnc2s1,8.698970004336019
CHEMBL3759480,IC50,nM,1.5,IC50,nM,1.5,COc1cc(C(N)=O)ccc1-c1cc2c(N[C@H](CO)c3ccccc3)ncnc2s1,8.823908740944319
CHEMBL3759478,IC50,nM,9.0,IC50,nM,9.0,OC[C@@H](Nc1ncnc2sc(-c3ccccc3)cc12)c1ccccc1,8.045757490560675
CHEMBL3758761,IC50,nM,21.0,IC50,nM,21.0,COc1c(C=O)cccc1-c1cc2c(N[C@H](C)c3ccccc3)ncnc2s1,7.6777807052660805
CHEMBL3759359,IC50,nM,1.5,IC50,nM,1.5,COc1c(CO)cccc1-c1cc2c(N[C@H](C)c3ccccc3)ncnc2s1,8.823908740944319
CHEMBL3758990,IC50,nM,9.0,IC50,nM,9.0,COC(=O)c1cccc(-c2cc3c(N[C@H](C)c4ccccc4)ncnc3s2)c1OC,8.045757490560675
CHEMBL3759725,IC50,nM,3.0,IC50,nM,3.0,COc1c(C(=O)NCCN(C)C)cccc1-c1cc2c(N[C@H](C)c3ccccc3)ncnc2s1,8.522878745280337
CHEMBL3758946,IC50,nM,48.0,IC50,nM,48.0,OCc1ccc(-c2cc3c(NCc4ccccc4)ncnc3s2)cc1,7.318758762624412
CHEMBL3759257,IC50,nM,21.0,IC50,nM,21.0,OCc1ccc(-c2cc3c(Nc4ccccc4)ncnc3s2)cc1,7.6777807052660805
CHEMBL3759459,IC50,nM,20.0,IC50,nM,20.0,COC(=O)c1ccc(-c2cc3c(N[C@H](C)c4ccccc4)ncnc3s2)c(OC)c1,7.698970004336019
CHEMBL3758770,IC50,nM,0.5,IC50,nM,0.5,COc1cc(C(=O)NCCN(C)C)ccc1-c1cc2c(N[C@H](C)c3ccccc3)ncnc2s1,9.301029995663981
CHEMBL3760082,IC50,nM,3.0,IC50,nM,3.0,COc1ccc(C=O)cc1-c1cc2c(N[C@H](C)c3ccccc3)ncnc2s1,8.522878745280337
CHEMBL3759929,IC50,nM,5.0,IC50,nM,5.0,COc1ccc(CO)cc1-c1cc2c(N[C@H](C)c3ccccc3)ncnc2s1,8.301029995663981
CHEMBL3758758,IC50,nM,7.0,IC50,nM,7.0,COC(=O)c1ccc(OC)c(-c2cc3c(N[C@H](C)c4ccccc4)ncnc3s2)c1,8.154901959985743
CHEMBL3758582,IC50,nM,0.5,IC50,nM,0.5,COc1ccc(C(=O)NCCN(C)C)cc1-c1cc2c(N[C@H](C)c3ccccc3)ncnc2s1,9.301029995663981
CHEMBL3760071,IC50,nM,4.0,IC50,nM,4.0,COC(=O)c1cc(OC)c(-c2cc3c(N[C@H](C)c4ccccc4)ncnc3s2)c(OC)c1,8.397940008672037
CHEMBL3759317,IC50,nM,0.4,IC50,nM,0.4,COc1cc(C(=O)NCCN(C)C)cc(OC)c1-c1cc2c(N[C@H](C)c3ccccc3)ncnc2s1,9.397940008672037
CHEMBL3759022,IC50,nM,5.0,IC50,nM,5.0,COc1cc(CO)ccc1-c1cc2c(NCc3ccccc3)ncnc2s1,8.301029995663981
CHEMBL3758768,IC50,nM,14.0,IC50,nM,14.0,COc1cc(CO)ccc1-c1cc2c(Nc3ccccc3)ncnc2s1,7.853871964321762
CHEMBL3758802,IC50,nM,5.0,IC50,nM,5.0,C#Cc1cccc(Nc2ncnc3sc(-c4ccc(CO)cc4OC)cc23)c1,8.301029995663981
CHEMBL3758351,IC50,nM,2.0,IC50,nM,2.0,COc1cc(CO)ccc1-c1cc2c(Nc3ccc(F)c(Cl)c3)ncnc2s1,8.698970004336019
CHEMBL3759900,IC50,nM,6.0,IC50,nM,6.0,COc1cc(C=O)ccc1-c1cc2c(NCc3ccccc3)ncnc2s1,8.221848749616356
CHEMBL3759733,IC50,nM,20.0,IC50,nM,20.0,COc1cc(C=O)ccc1-c1cc2c(Nc3ccccc3)ncnc2s1,7.698970004336019
CHEMBL3759280,IC50,nM,5.0,IC50,nM,5.0,COc1cc(C=O)ccc1-c1cc2c(Nc3ccc(F)c(Cl)c3)ncnc2s1,8.301029995663981
CHEMBL3759986,IC50,nM,3.0,IC50,nM,3.0,OCc1cccc(-c2cc3c(N[C@H](CO)c4ccccc4)ncnc3s2)c1,8.522878745280337
CHEMBL3759980,IC50,nM,19.0,IC50,nM,19.0,C[C@@H](Nc1ncnc2sc(-c3ccc(C(=O)O)cc3)cc12)c1ccccc1,7.721246399047171
CHEMBL3758762,IC50,nM,7.0,IC50,nM,7.0,C[C@@H](Nc1ncnc2sc(-c3ccc(C(N)=O)cc3)cc12)c1ccccc1,8.154901959985743
CHEMBL3758889,IC50,nM,41.0,IC50,nM,41.0,C[C@@H](Nc1ncnc2sc(-c3ccc(S(C)(=O)=O)cc3)cc12)c1ccccc1,7.3872161432802645
CHEMBL3759848,IC50,nM,300.0,IC50,uM,0.3,COc1cc2c(Nc3ccc(NC(=O)c4cccc(Cl)c4)cc3)ncnc2cc1OCCN1CCCCC1,6.522878745280337
CHEMBL3759015,IC50,nM,230.0,IC50,uM,0.23,COc1cc2c(Nc3ccc(NC(=O)c4cccc(Cl)c4)cc3)ncnc2cc1OCCCN1CCOCC1,6.638272163982407
CHEMBL3758875,IC50,nM,760.0,IC50,uM,0.76,COc1cc2c(Nc3ccc(NC(=O)c4ccc(C)cc4)cc3)ncnc2cc1OCCCN1CCOCC1,6.119186407719209
CHEMBL3759754,IC50,nM,1350.0,IC50,uM,1.35,COc1cc2c(Nc3ccc(NC(=O)c4ccc(Cl)cc4)cc3)ncnc2cc1OCCCN1CCOCC1,5.8696662315049934
CHEMBL3759155,IC50,nM,4610.0,IC50,uM,4.61,COc1cc2c(Nc3ccc(NC(=O)c4ccccc4)cc3)ncnc2cc1OCCN1CCCCC1,5.336299074610352
CHEMBL3759830,IC50,nM,1110.0,IC50,uM,1.11,COc1ccc(C(=O)Nc2ccc(Nc3ncnc4cc(OCCCN5CCN(C)CC5)c(OC)cc34)cc2)cc1,5.954677021213342
CHEMBL3758585,IC50,nM,690.0,IC50,uM,0.69,COc1cc2c(Nc3ccc(NC(=O)c4ccc(C)cc4)cc3)ncnc2cc1OCCCN1CCN(C)CC1,6.161150909262744
CHEMBL3760090,IC50,nM,1330.0,IC50,uM,1.33,COc1cc2c(Nc3ccc(NC(=O)c4ccc(Cl)cc4)cc3)ncnc2cc1OCCCN1CCN(C)CC1,5.876148359032914
CHEMBL3759190,IC50,nM,20.0,IC50,uM,0.02,COc1cc2c(Nc3ccc(NC(=O)c4ccccc4Cl)cc3)ncnc2cc1OCCCN1CCN(C)CC1,7.698970004336019
CHEMBL3758749,IC50,nM,150.0,IC50,uM,0.15,COc1cc2c(Nc3ccc(NC(=O)c4cccc(Cl)c4)cc3)ncnc2cc1OCCCN1CCN(C)CC1,6.823908740944319
CHEMBL3759127,IC50,nM,130.0,IC50,uM,0.13,COc1cc2c(Nc3ccc(NC(=O)c4ccccc4)cc3)ncnc2cc1OCCCN1CCN(C)CC1,6.886056647693163
CHEMBL3759203,IC50,nM,730.0,IC50,uM,0.73,COc1cc2c(Nc3ccc(NC(=O)c4ccccc4Cl)cc3)ncnc2cc1OCc1ccccc1,6.136677139879544
CHEMBL3763796,IC50,nM,10.4,IC50,nM,10.4,COCCOc1cc2ncnc(Nc3ccc(NC(=O)C45CC6CC(CC(C6)C4)C5)c(C#N)c3)c2cc1OCCOC,7.982966660701219
CHEMBL3763757,IC50,nM,10.8,IC50,nM,10.8,COCCOc1cc2ncnc(Nc3ccc(NC(=O)C45CC6CC(CC(C6)C4)C5)c(OC)c3)c2cc1OCCOC,7.966576244513051
CHEMBL3764589,IC50,nM,66.3,IC50,nM,66.3,COCCOc1cc2ncnc(Nc3ccc(NC(=O)C45CC6CC(CC(C6)C4)C5)c(C)c3)c2cc1OCCOC,7.178486471595227
CHEMBL3764312,IC50,nM,16.5,IC50,nM,16.5,COCCOc1cc2ncnc(Nc3ccc(NC(=O)C45CC6CC(CC(C6)C4)C5)cc3C)c2cc1OCCOC,7.782516055786093
CHEMBL3765789,IC50,nM,159.0,IC50,nM,159.0,COc1cc2ncnc(Nc3cccc(NC(=O)C45CC6CC(CC(C6)C4)C5)c3)c2cc1OCCCN1CCOCC1,6.798602875679548
CHEMBL3764603,IC50,nM,14.5,IC50,nM,14.5,COCCOc1cc2ncnc(Nc3cccc(NC(=O)C45CC6CC(CC(C6)C4)C5)c3)c2cc1OCCOC,7.838631997765025
CHEMBL3765815,IC50,nM,6.02,IC50,nM,6.02,COCCOc1cc2ncnc(Nc3ccc(C(=O)NC45CC6CC(CC(C6)C4)C5)cc3)c2cc1OCCOC,8.220403508742175
CHEMBL3765425,IC50,nM,5.71,IC50,nM,5.71,COc1cc2ncnc(Nc3ccc(C(=O)NC45CC6CC(CC(C6)C4)C5)c(C#N)c3)c2cc1OCCCN1CCOCC1,8.243363891754152
CHEMBL3763405,IC50,nM,4.62,IC50,nM,4.62,COc1cc2ncnc(Nc3ccc(C(=O)NC45CC6CC(CC(C6)C4)C5)c(Cl)c3)c2cc1OCCCN1CCOCC1,8.335358024443874
CHEMBL3763627,IC50,nM,5.4,IC50,nM,5.4,COc1cc2ncnc(Nc3ccc(C(=O)NC45CC6CC(CC(C6)C4)C5)cc3)c2cc1OCCCN1CCOCC1,8.267606240177031
CHEMBL3763701,IC50,nM,32.7,IC50,nM,32.7,COc1cc2ncnc(Nc3cc(C(=O)NC45CC6CC(CC(C6)C4)C5)ccc3C)c2cc1OCCCN1CCOCC1,7.485452247339714
CHEMBL3765263,IC50,nM,11.5,IC50,nM,11.5,COc1cc2ncnc(Nc3cccc(C(=O)NC45CC6CC(CC(C6)C4)C5)c3)c2cc1OCCCN1CCOCC1,7.939302159646388
CHEMBL3763360,IC50,nM,9.1,IC50,nM,9.1,COc1ccc(/C=C/C(=O)Nc2cc3c(Nc4ccc(F)c(Cl)c4)ncnc3cc2O[C@H]2CCOC2)cc1,8.040958607678906
CHEMBL3763790,IC50,nM,3.6,IC50,nM,3.6,COc1ccc(/C=C/C(=O)Nc2cc3c(Nc4ccc(F)c(Cl)c4)ncnc3cc2O[C@H]2CCOC2)c(OC)c1OC,8.443697499232712
CHEMBL3774451,IC50,nM,582.17,IC50,nM,582.17,O=C(Nc1ccc(Oc2ccnc3[nH]ccc23)c(F)c1)c1nnn(-c2ccc(F)cc2)c1C(F)(F)F,6.2349501780970495
CHEMBL3775664,IC50,nM,336.0,IC50,uM,0.336,O=C1COc2cc3ncnc(Nc4ccc(F)c(Cl)c4)c3cc2N1CCCN1CCOCC1,6.4736607226101555
CHEMBL3774926,IC50,nM,880.0,IC50,uM,0.88,C#Cc1cccc(Nc2ncnc3cc4c(cc23)N(CCCN2CCOCC2)C(=O)CO4)c1,6.055517327849832
CHEMBL3775046,IC50,nM,137.9,IC50,nM,137.9,O=C1COc2cc3ncnc(Nc4ccc(F)c(Cl)c4)c3cc2N1CCCN1CCCCC1,6.860435733824151
CHEMBL3774396,IC50,nM,211.4,IC50,nM,211.4,C#Cc1cccc(Nc2ncnc3cc4c(cc23)N(CCCN2CCCCC2)C(=O)CO4)c1,6.674895017028592
CHEMBL3775897,IC50,nM,456.2,IC50,nM,456.2,Cc1cccc(Nc2ncnc3cc4c(cc23)N(CCCN2CCCCC2)C(=O)CO4)c1,6.34084471905937
CHEMBL3775112,IC50,nM,99.0,IC50,nM,99.0,O=C1COc2cc3ncnc(Nc4cccc(Br)c4)c3cc2N1CCCN1CCCCC1,7.00436480540245
CHEMBL3775536,IC50,nM,115.9,IC50,nM,115.9,O=C1COc2cc3ncnc(Nc4cccc(Cl)c4)c3cc2N1CCCN1CCCCC1,6.935916564036404
CHEMBL3774808,IC50,nM,460.0,IC50,nM,460.0,O=C1COc2cc3ncnc(Nc4cccc(F)c4)c3cc2N1CCCN1CCCCC1,6.337242168318426
CHEMBL3774578,IC50,nM,162.7,IC50,nM,162.7,Cc1ccc(Nc2ncnc3cc4c(cc23)N(CCCN2CCOCC2)C(=O)CO4)cc1Cl,6.788612447063141
CHEMBL3775148,IC50,nM,518.6,IC50,nM,518.6,O=C1COc2cc3ncnc(Nc4ccccc4)c3cc2N1CCCN1CCOCC1,6.285167487566667
CHEMBL3774712,IC50,nM,594.5,IC50,nM,594.5,Cc1ccc(Nc2ncnc3cc4c(cc23)N(CCCN2CCOCC2)C(=O)CO4)cc1,6.225848141045289
CHEMBL3774609,IC50,nM,823.9,IC50,nM,823.9,O=C1COc2cc3ncnc(Nc4ccc(Br)cc4)c3cc2N1CCCN1CCOCC1,6.084125497142309
CHEMBL3775911,IC50,nM,353.7,IC50,nM,353.7,O=C1COc2cc3ncnc(Nc4ccc(Cl)cc4)c3cc2N1CCCN1CCOCC1,6.451364940185249
CHEMBL3774471,IC50,nM,434.1,IC50,nM,434.1,O=C1COc2cc3ncnc(Nc4ccc(F)cc4)c3cc2N1CCCN1CCOCC1,6.3624102141613
CHEMBL3774982,IC50,nM,829.2,IC50,nM,829.2,O=C1COc2cc3ncnc(Nc4cccc(C(F)(F)F)c4)c3cc2N1CCCN1CCOCC1,6.081340706578176
CHEMBL3775459,IC50,nM,186.9,IC50,nM,186.9,Cc1cccc(Nc2ncnc3cc4c(cc23)N(CCCN2CCOCC2)C(=O)CO4)c1,6.728390698621168
CHEMBL3774906,IC50,nM,89.6,IC50,nM,89.6,O=C1COc2cc3ncnc(Nc4cccc(Br)c4)c3cc2N1CCCN1CCOCC1,7.047691990337875
CHEMBL3774947,IC50,nM,63.1,IC50,nM,63.1,O=C1COc2cc3ncnc(Nc4cccc(Cl)c4)c3cc2N1CCCN1CCOCC1,7.199970640755866
CHEMBL3775285,IC50,nM,245.1,IC50,nM,245.1,O=C1COc2cc3ncnc(Nc4cccc(F)c4)c3cc2N1CCCN1CCOCC1,6.610656688747922
CHEMBL3787344,IC50,nM,25.0,IC50,nM,25.0,Cc1cc(C(=O)Nc2nc3cccc(Cl)c3n2[C@@H]2CCCCN(C(=O)/C=C/CN(C)C)C2)ccn1,7.6020599913279625
CHEMBL3663929,IC50,nM,8.0,IC50,nM,8.0,C=CC(=O)N1CC[C@@H](Oc2nc(Nc3ccc(N4CCC(N5CCN(C)CC5)CC4)cc3)c(C(N)=O)nc2CC)C1,8.096910013008056
CHEMBL3786343,IC50,nM,10.0,IC50,nM,10.0,C=CC(=O)Nc1cccc(Oc2nc(Nc3ccc(N4CCN(C)CC4)cc3)nc3ccsc23)c1,8.0
CHEMBL3787112,IC50,nM,2300.0,IC50,uM,2.3,Nc1ncnc2c1c(-c1cccc(O)c1)cn2[C@H]1C[C@@H](CN2CCC2)C1,5.638272163982407
CHEMBL3787662,IC50,nM,4.0,IC50,nM,4.0,C=CC(=O)Nc1cccc(Oc2nc(Nc3ccc(N4CCN(C)CC4)cc3)nc3[nH]ccc23)c1,8.397940008672037
CHEMBL3786453,IC50,nM,27.0,IC50,nM,27.0,C=CC(=O)Nc1cccc(Oc2nc(Nc3ccn(C)n3)nc3[nH]ccc23)c1,7.568636235841013
CHEMBL3786962,IC50,nM,13.0,IC50,nM,13.0,C=CC(=O)Nc1cccc(Oc2nc(Nc3cnn(C)c3)nc3[nH]ccc23)c1,7.886056647693163
CHEMBL3785393,IC50,nM,47.0,IC50,nM,47.0,C=CC(=O)N1C[C@H](COc2nc(Nc3cnn(C)c3)nc3[nH]ccc23)[C@@H](C(F)(F)F)C1,7.327902142064283
CHEMBL3786858,IC50,nM,45.0,IC50,nM,45.0,C=CC(=O)N1CC[C@@H](COc2nc(Nc3cnn(C)c3)nc3[nH]cc(Cl)c23)C1,7.346787486224656
CHEMBL3786802,IC50,nM,8.0,IC50,nM,8.0,C=CC(=O)N1C[C@H](COc2nc(Nc3cnn(C)c3)nc3[nH]cc(Cl)c23)[C@@H](C(F)(F)F)C1,8.096910013008056
CHEMBL3787220,IC50,nM,9.0,IC50,nM,9.0,C=CC(=O)N1C[C@H](COc2nc(Nc3cnn(C)c3)nc3[nH]cc(Cl)c23)[C@@H](F)C1,8.045757490560675
CHEMBL3786220,IC50,nM,210.0,IC50,nM,210.0,C=CC(=O)N1C[C@H](COc2nc(Nc3cnn(C)c3)nc3[nH]cc(Cl)c23)[C@@H](O)C1,6.6777807052660805
CHEMBL3786647,IC50,nM,710.0,IC50,nM,710.0,C=CC(=O)N1C[C@H](CO)[C@@H](COc2nc(Nc3cnn(C)c3)nc3[nH]cc(Cl)c23)C1,6.1487416512809245
CHEMBL3786523,IC50,nM,8.0,IC50,nM,8.0,C=CC(=O)N1C[C@H](COC)[C@@H](COc2nc(Nc3cnn(C)c3)nc3[nH]cc(Cl)c23)C1,8.096910013008056
CHEMBL3787132,IC50,nM,120.0,IC50,nM,120.0,C=CC(=O)N1C[C@@H](COc2nc(Nc3cnn(C)c3)nc3[nH]cc(Cl)c23)[C@H](OC)C1,6.920818753952375
CHEMBL3787386,IC50,nM,7.0,IC50,nM,7.0,C#CCOc1cc2ncnc(Nc3ccc(F)c(Cl)c3)c2cc1NC(=O)C=C,8.154901959985743
CHEMBL3786812,IC50,nM,16.0,IC50,nM,16.0,C#CCCn1cc(Nc2nc(OC[C@H]3CN(C(=O)C=C)C[C@@H]3OC)c3c(Cl)c[nH]c3n2)cn1,7.795880017344075
CHEMBL3786098,IC50,nM,13.0,IC50,nM,13.0,C=CC(=O)N1C[C@H](COc2nc(Nc3cnn(C)c3)nc3[nH]cc(Cl)c23)[C@@H](OC)C1,7.886056647693163
CHEMBL1614712,IC50,nM,5200.0,IC50,uM,5.2,Nc1ncnc2c1c(-c1cccc(OCc3ccccc3)c1)cn2[C@H]1C[C@@H](CN2CCC2)C1,5.2839966563652006
CHEMBL3799585,IC50,nM,8000.0,IC50,uM,8.0,CCCC(=O)Nc1ccc2c(c1)/C(=C1/Nc3ccccc3/C1=N\O)C(=O)N2,5.096910013008056
CHEMBL3800262,IC50,nM,57000.0,IC50,uM,57.0,CC(=O)c1cccc(NC(=O)c2cc3ccccc3[nH]2)c1,4.2441251443275085
CHEMBL3797839,IC50,nM,50000.0,IC50,uM,50.0,CC(=O)c1ccc(NC(=O)c2cc3ccccc3[nH]2)cc1,4.301029995663981
CHEMBL3799956,IC50,nM,45000.0,IC50,uM,45.0,O=C(c1ccccc1)c1cccc(NC(=O)c2cc3ccccc3[nH]2)c1,4.346787486224656
CHEMBL3799345,IC50,nM,49000.0,IC50,uM,49.0,O=C(c1ccccc1)c1ccc(NC(=O)c2cc3ccccc3[nH]2)cc1,4.309803919971486
CHEMBL3800448,IC50,nM,34000.0,IC50,uM,34.0,CC(O)c1cccc(NC(=O)c2cc3ccccc3[nH]2)c1,4.468521082957745
CHEMBL3798556,IC50,nM,35000.0,IC50,uM,35.0,CC(O)c1ccc(NC(=O)c2cc3ccccc3[nH]2)cc1,4.455931955649724
CHEMBL3798658,IC50,nM,15000.0,IC50,uM,15.0,O=C(Nc1cccc(C(O)c2ccccc2)c1)c1cc2ccccc2[nH]1,4.823908740944319
CHEMBL3799332,IC50,nM,38000.0,IC50,uM,38.0,O=C(Nc1ccc(C(O)c2ccccc2)cc1)c1cc2ccccc2[nH]1,4.42021640338319
CHEMBL3797606,IC50,nM,271.6,IC50,nM,271.6,C=CC(=O)Nc1cccc(Oc2nc(Nc3ccc(N4CCN(C)CC4)cc3OC)ncc2SC)c1,6.566070234391536
CHEMBL3798501,IC50,nM,87.5,IC50,nM,87.5,C=CC(=O)Nc1cccc(Oc2nc(Nc3ccc(N4CCN(C(C)=O)CC4)cc3OC)ncc2SC)c1,7.057991946977687
CHEMBL3797963,IC50,nM,730.5,IC50,nM,730.5,C=CC(=O)Nc1cccc(Oc2nc(Nc3ccc(N4CCN(S(C)(=O)=O)CC4)cc3OC)ncc2SC)c1,6.136379779729684
CHEMBL3799864,IC50,nM,389.4,IC50,nM,389.4,C=CC(=O)Nc1cccc(Oc2nc(Nc3ccc(N4CCCN(C(C)=O)CC4)cc3OC)ncc2SC)c1,6.409604052815987
CHEMBL3798887,IC50,nM,173.6,IC50,nM,173.6,C=CC(=O)Nc1cccc(Oc2nc(Nc3ccc(N4CCN(C(=O)C(C)C)CC4)cc3OC)ncc2SC)c1,6.760450279159527
CHEMBL3800597,IC50,nM,153.7,IC50,nM,153.7,C=CC(=O)Nc1cccc(Oc2nc(Nc3ccc(N4CCN(C(=O)CC)CC4)cc3OC)ncc2SC)c1,6.813326132500255
CHEMBL3799138,IC50,nM,409.7,IC50,nM,409.7,C=CC(=O)Nc1cccc(Oc2nc(Nc3ccc(N4CCN(C(=O)C(C)(C)C)CC4)cc3OC)ncc2SC)c1,6.3875340360468575
CHEMBL3799255,IC50,nM,247.8,IC50,nM,247.8,C=CC(=O)Nc1cccc(Oc2nc(Nc3ccc(N4CCN(C(=O)C(F)(F)F)CC4)cc3OC)ncc2SC)c1,6.605898697959955
CHEMBL3798128,IC50,nM,38.8,IC50,nM,38.8,C=CC(=O)Nc1cccc(Oc2nc(Nc3ccc(N4CCN(C(C)=O)CC4)cc3OC(F)F)ncc2SC)c1,7.411168274405793
CHEMBL3799428,IC50,nM,46.4,IC50,nM,46.4,C=CC(=O)Nc1cccc(Oc2nc(Nc3ccc(N4CCN(C(=O)CC)CC4)cc3OC(F)F)ncc2SC)c1,7.333482019445119
CHEMBL3805218,IC50,nM,25.86,IC50,nM,25.86,Fc1ccc(Nc2ncnc3cc(OCCCN4CCOCC4)c4c(c23)OCCO4)cc1Cl,7.587371479455625
CHEMBL3806145,IC50,nM,57.8,IC50,nM,57.8,C#Cc1cccc(Nc2ncnc3cc(OC4CCOCC4)c4c(c23)OCCO4)c1,7.2380721615794705
CHEMBL3806222,IC50,nM,58.8,IC50,nM,58.8,Fc1ccc(Nc2ncnc3cc(OC4CCOCC4)c4c(c23)OCCO4)cc1Cl,7.230622673923861
CHEMBL3806170,IC50,nM,16.7,IC50,nM,16.7,C#Cc1cccc(Nc2ncnc3cc(OC4CCOC4)c4c(c23)OCCO4)c1,7.777283528852417
CHEMBL3805782,IC50,nM,20.5,IC50,nM,20.5,Fc1ccc(Nc2ncnc3cc(OC4CCOC4)c4c(c23)OCCO4)cc1Cl,7.688246138944246
CHEMBL3805584,IC50,nM,473.6,IC50,nM,473.6,C#Cc1cccc(Nc2ncnc3cc(OC(C)COC)c4c(c23)OCCO4)c1,6.324588306285136
CHEMBL3805775,IC50,nM,247.2,IC50,nM,247.2,COCC(C)Oc1cc2ncnc(Nc3ccc(F)c(Cl)c3)c2c2c1OCCO2,6.606951533583222
CHEMBL3805654,IC50,nM,351.8,IC50,nM,351.8,CCOC(C)Oc1cc2ncnc(Nc3ccc(F)c(C#N)c3)c2c2c1OCCO2,6.453704164878557
CHEMBL3805260,IC50,nM,363.3,IC50,nM,363.3,CCOC(C)Oc1cc2ncnc(Nc3ccc(C)c([N+](=O)[O-])c3)c2c2c1OCCO2,6.439734602137285
CHEMBL3806172,IC50,nM,232.3,IC50,nM,232.3,CCOC(C)Oc1cc2ncnc(Nc3ccc(F)c([N+](=O)[O-])c3)c2c2c1OCCO2,6.633950790199765
CHEMBL3805509,IC50,nM,23.7,IC50,nM,23.7,C#Cc1cccc(Nc2ncnc3cc(OC(C)C)c4c(c23)OCCO4)c1,7.6252516539898965
CHEMBL3805283,IC50,nM,29.1,IC50,nM,29.1,CC(C)Oc1cc2ncnc(Nc3ccc(F)c(Cl)c3)c2c2c1OCCO2,7.536107011014093
CHEMBL3806321,IC50,nM,416.1,IC50,nM,416.1,Cc1ccc(Nc2ncnc3cc(OC(C)C)c4c(c23)OCCO4)cc1C#N,6.380802284207053
CHEMBL3805949,IC50,nM,313.6,IC50,nM,313.6,CC(C)Oc1cc2ncnc(Nc3ccc(F)c(C#N)c3)c2c2c1OCCO2,6.5036239459875995
CHEMBL3805177,IC50,nM,102.6,IC50,nM,102.6,CC(C)Oc1cc2ncnc(Nc3ccc(Cl)c([N+](=O)[O-])c3)c2c2c1OCCO2,6.988852639224202
CHEMBL3805089,IC50,nM,184.5,IC50,nM,184.5,Cc1ccc(Nc2ncnc3cc(OC(C)C)c4c(c23)OCCO4)cc1[N+](=O)[O-],6.734003629504921
CHEMBL3805383,IC50,nM,82.5,IC50,nM,82.5,CC(C)Oc1cc2ncnc(Nc3ccc(F)c([N+](=O)[O-])c3)c2c2c1OCCO2,7.0835460514500745
CHEMBL3805325,IC50,nM,27.3,IC50,nM,27.3,C#Cc1cccc(Nc2ncnc3cc(OCC4CCCO4)c4c(c23)OCCO4)c1,7.5638373529592435
CHEMBL3806213,IC50,nM,24.1,IC50,nM,24.1,Fc1ccc(Nc2ncnc3cc(OCC4CCCO4)c4c(c23)OCCO4)cc1Cl,7.617982957425132
CHEMBL3805280,IC50,nM,387.8,IC50,nM,387.8,COCCOc1cc2ncnc(Nc3ccc(F)c(C#N)c3)c2c2c1OCCO2,6.411392195257314
CHEMBL3806200,IC50,nM,36.2,IC50,nM,36.2,COCCOc1cc2ncnc(Nc3ccc(Cl)c([N+](=O)[O-])c3)c2c2c1OCCO2,7.441291429466834
CHEMBL3805299,IC50,nM,74.6,IC50,nM,74.6,COCCOc1cc2ncnc(Nc3ccc(C)c([N+](=O)[O-])c3)c2c2c1OCCO2,7.127261172527331
CHEMBL3805333,IC50,nM,43.8,IC50,nM,43.8,COCCOc1cc2ncnc(Nc3ccc(F)c([N+](=O)[O-])c3)c2c2c1OCCO2,7.3585258894959
CHEMBL3806066,IC50,nM,159.9,IC50,nM,159.9,COCCOc1cc2ncnc(Nc3cccc(OC)c3)c2c2c1OCCO2,6.796151536253765
CHEMBL3806005,IC50,nM,200.3,IC50,nM,200.3,COCCOc1cc2ncnc(Nc3ccc(F)cc3)c2c2c1OCCO2,6.698319050706424
CHEMBL3805461,IC50,nM,21.0,IC50,nM,21.0,C#Cc1cccc(Nc2ncnc3cc(OCCOC)c4c(c23)OCCO4)c1,7.6777807052660805
CHEMBL3806110,IC50,nM,13.1,IC50,nM,13.1,COCCOc1cc2ncnc(Nc3ccc(F)c(Cl)c3)c2c2c1OCCO2,7.882728704344236
CHEMBL3805859,IC50,nM,3.6,IC50,nM,3.6,CCOc1cc2ncnc(Nc3ccc(C)cc3)c2c2c1OCCO2,8.443697499232712
CHEMBL3805238,IC50,nM,9.7,IC50,nM,9.7,CCOc1cc2ncnc(Nc3cccc([N+](=O)[O-])c3)c2c2c1OCCO2,8.013228265733755
CHEMBL3804868,IC50,nM,6.7,IC50,nM,6.7,CCOc1cc2ncnc(Nc3ccc(C)c(Cl)c3)c2c2c1OCCO2,8.173925197299173
CHEMBL3805774,IC50,nM,4.4,IC50,nM,4.4,CCOc1cc2ncnc(Nc3cccc(OC)c3)c2c2c1OCCO2,8.356547323513812
CHEMBL3805039,IC50,nM,9.2,IC50,nM,9.2,C#Cc1cccc(Nc2ncnc3cc(OCC)c4c(c23)OCCO4)c1,8.036212172654444
CHEMBL3806248,IC50,nM,2.0,IC50,nM,2.0,CCOc1cc2ncnc(Nc3ccc(F)c(Cl)c3)c2c2c1OCCO2,8.698970004336019
CHEMBL3805236,IC50,nM,10.9,IC50,nM,10.9,C#Cc1cccc(Nc2ncnc3cc(OC)c4c(c23)OCCO4)c1,7.962573502059376
CHEMBL3806292,IC50,nM,22.5,IC50,nM,22.5,COc1cc2ncnc(Nc3ccc(F)c(Cl)c3)c2c2c1OCCO2,7.647817481888637
CHEMBL3806143,IC50,nM,18.48,IC50,nM,18.48,Brc1cccc(Nc2ncnc3cc(OCCCN4CCOCC4)c4c(c23)OCCO4)c1,7.733298033115912
CHEMBL3805681,IC50,nM,21.95,IC50,nM,21.95,Clc1cccc(Nc2ncnc3cc(OCCCN4CCOCC4)c4c(c23)OCCO4)c1,7.6585654754218595
CHEMBL3804886,IC50,nM,83.88,IC50,nM,83.88,Fc1cccc(Nc2ncnc3cc(OCCCN4CCOCC4)c4c(c23)OCCO4)c1,7.076341578206693
CHEMBL3805588,IC50,nM,97.18,IC50,nM,97.18,FC(F)(F)c1cccc(Nc2ncnc3cc(OCCCN4CCOCC4)c4c(c23)OCCO4)c1,7.012423105273013
CHEMBL3805508,IC50,nM,7920.0,IC50,uM,7.92,c1ccc(COc2cccc(C3CC(c4ccc5c(c4)OCCO5)=NN3c3ccccc3)c2)cc1,5.101274818410507
CHEMBL3805409,IC50,nM,81200.0,IC50,uM,81.2,Clc1cccc(C2CC(c3ccc4c(c3)OCCO4)=NN2c2ccccc2)c1,4.090443970758825
CHEMBL3805893,IC50,nM,9040.0,IC50,uM,9.04,c1ccc(COc2ccc(C3CC(c4ccc5c(c4)OCCO5)=NN3c3ccccc3)cc2)cc1,5.043831569524636
CHEMBL3805849,IC50,nM,192000.0,IC50,uM,192.0,Clc1ccc(C2CC(c3ccc4c(c3)OCCO4)=NN2c2ccccc2)cc1Cl,3.7166987712964503
CHEMBL3808884,IC50,nM,15.0,IC50,nM,15.0,COC(=O)c1cc2cc(NCc3cc(NC(=O)c4cc(-n5cnc(C)c5)cc(C(F)(F)F)c4)ccc3C)cnc2[nH]1,7.823908740944319
CHEMBL48802,IC50,nM,9000.0,IC50,uM,9.0,C[S+]([O-])CCCCN=C=S,5.045757490560675
CHEMBL3809045,IC50,nM,880.0,IC50,uM,0.88,S=C=Nc1ccc2ncnc(Nc3cccc(Br)c3)c2c1,6.055517327849832
CHEMBL3815045,IC50,nM,50.0,IC50,uM,0.05,CCn1c(-c2nc(-c3cnn(C4CCN(C)CC4)c3)cnc2N)nc2ccccc21,7.301029995663981
CHEMBL3813979,IC50,nM,290.0,IC50,uM,0.29,CN1CCC(n2cc(-c3cnc(N)c(-c4nc5ccccc5[nH]4)n3)cn2)CC1,6.5376020021010435
CHEMBL3814878,IC50,nM,200.0,IC50,uM,0.2,C=CC(=O)NCCCn1c(-c2nc(-c3cnn(C4CCN(C)CC4)c3)cnc2N)nc2ccccc21,6.698970004336019
CHEMBL3813746,IC50,nM,2200.0,IC50,uM,2.2,C=CC(=O)NCCn1c(-c2nc(-c3cnn(C4CCN(C)CC4)c3)cnc2N)nc2ccccc21,5.657577319177793
CHEMBL3814959,IC50,nM,0.803,IC50,nM,0.803,NC(=O)Nc1ccc2ncnc(Nc3ccc(Br)cc3)c2c1,9.09528445472132
CHEMBL2031296,IC50,nM,1.01,IC50,nM,1.01,CC(=O)Nc1ccc2ncnc(Nc3cccc(Br)c3)c2c1,8.995678626217357
CHEMBL3814447,IC50,nM,2.22,IC50,nM,2.22,C#Cc1cccc(Nc2ncnc3ccc(NC(N)=O)cc23)c1,8.653647025549361
CHEMBL3815074,IC50,nM,2.04,IC50,nM,2.04,C#Cc1cccc(Nc2ncnc3ccc(NC(C)=O)cc23)c1,8.6903698325741
CHEMBL3814211,IC50,nM,0.854,IC50,nM,0.854,NC(=O)Nc1ccc2ncnc(Nc3ccc(F)c(Cl)c3)c2c1,9.068542129310995
CHEMBL3814257,IC50,nM,0.662,IC50,nM,0.662,CC(=O)Nc1ccc2ncnc(Nc3ccc(F)c(Cl)c3)c2c1,9.1791420105603
CHEMBL3814846,IC50,nM,3.96,IC50,nM,3.96,CC(=O)Nc1ccc2ncnc(Nc3ccc(OCc4cccc(F)c4)c(Cl)c3)c2c1,8.402304814074487
CHEMBL3814320,IC50,nM,1.43,IC50,nM,1.43,O=C(NCCN1CCOCC1)Nc1ccc2ncnc(Nc3cccc(Br)c3)c2c1,8.844663962534938
CHEMBL3814882,IC50,nM,0.772,IC50,nM,0.772,O=C(NCCN1CCCCC1)Nc1ccc2ncnc(Nc3cccc(Br)c3)c2c1,9.112382699664265
CHEMBL3815161,IC50,nM,2.92,IC50,nM,2.92,O=C(NCCN1CCOCC1)Nc1ccc2ncnc(Nc3ccc(F)c(Cl)c3)c2c1,8.534617148551582
CHEMBL3814956,IC50,nM,1.06,IC50,nM,1.06,O=C(NCCN1CCCCC1)Nc1ccc2ncnc(Nc3ccc(F)c(Cl)c3)c2c1,8.97469413473523
CHEMBL3814445,IC50,nM,2.25,IC50,nM,2.25,Fc1ccc(Nc2ncnc3ccc(NC(=S)NCCN4CCOCC4)cc23)cc1Cl,8.647817481888637
CHEMBL3814694,IC50,nM,3.7,IC50,nM,3.7,Fc1ccc(Nc2ncnc3ccc(NC(=S)NCCN4CCCCC4)cc23)cc1Cl,8.431798275933005
CHEMBL3815163,IC50,nM,1.81,IC50,nM,1.81,S=C(NCCN1CCOCC1)Nc1ccc2ncnc(Nc3cccc(Br)c3)c2c1,8.742321425130816
CHEMBL3813728,IC50,nM,2.26,IC50,nM,2.26,Fc1cccc(COc2ccc(Nc3ncnc4ccc(NC(=S)NCCN5CCOCC5)cc34)cc2Cl)c1,8.645891560852599
CHEMBL3814182,IC50,nM,9.05,IC50,nM,9.05,S=C(NCCN1CCOCC1)Nc1ccc2ncnc(Nc3ccc(Cl)c(Cl)c3)c2c1,8.043351420794796
CHEMBL3814816,IC50,nM,5.06,IC50,nM,5.06,S=C(NCCN1CCOCC1)Nc1ccc2ncnc(Nc3ccc(Cl)cc3)c2c1,8.2958494831602
CHEMBL3814812,IC50,nM,1.5,IC50,nM,1.5,Fc1cccc(COc2ccc(Nc3ncnc4ccc(NC(=S)NCCCN5CCOCC5)cc34)cc2Cl)c1,8.823908740944319
CHEMBL3814460,IC50,nM,259.0,IC50,uM,0.259,O=C(NCCN1CCOCC1)Nc1ccc2ncnc(Nc3ccc(OCc4cccc(F)c4)c(Cl)c3)c2c1,6.586700235918748
CHEMBL3814940,IC50,nM,296.0,IC50,uM,0.296,Fc1cccc(COc2ccc(Nc3ncnc4ccc(NC(=S)NCCN5CCCCC5)cc34)cc2Cl)c1,6.528708288941061
CHEMBL3815115,IC50,nM,247.0,IC50,uM,0.247,S=C(NCCCN1CCOCC1)Nc1ccc2ncnc(Nc3cccc(Br)c3)c2c1,6.607303046740334
CHEMBL3813876,IC50,nM,390.0,IC50,uM,0.39,Fc1ccc(Nc2ncnc3ccc(NC(=S)NCCCN4CCOCC4)cc23)cc1Cl,6.4089353929735005
CHEMBL3814021,IC50,nM,2030.0,IC50,uM,2.03,O=C(NCCN1CCCCC1)Nc1ccc2ncnc(Nc3ccc(OCc4cccc(F)c4)c(Cl)c3)c2c1,5.692503962086787
CHEMBL3818364,IC50,nM,110.6,IC50,nM,110.6,CCOc1cc2ncnc(Nc3ccc(OCc4cccc(F)c4)c(Cl)c3)c2cc1NC(=O)[C@H]1COC(=O)N1,6.956244873031321
CHEMBL3818062,IC50,nM,40.16,IC50,nM,40.16,COc1cc2ncnc(Nc3ccc(F)c(Cl)c3)c2cc1NC(=O)[C@H]1NC(=O)O[C@@H]1C,7.3962062958630375
CHEMBL3819553,IC50,nM,294.6,IC50,nM,294.6,CCOc1cc2ncnc(Nc3ccc(OCc4cccc(F)c4)c(Cl)c3)c2cc1NC(=O)[C@H]1NC(=O)O[C@@H]1C,6.5307672574933875
CHEMBL3818547,IC50,nM,1.06,IC50,nM,1.06,COc1cc2ncnc(Nc3ccc(F)c(Cl)c3)c2cc1NC(=O)[C@@H]1COC(=O)N1,8.97469413473523
CHEMBL3818115,IC50,nM,1.34,IC50,nM,1.34,CCOc1cc2ncnc(Nc3ccc(OCc4cccc(F)c4)c(Cl)c3)c2cc1NC(=O)[C@@H]1COC(=O)N1,8.872895201635192
CHEMBL3818015,IC50,nM,0.47,IC50,nM,0.47,COc1cc2ncnc(Nc3cccc(Br)c3)c2cc1NC(=O)[C@@H]1COC(=O)N1,9.327902142064282
CHEMBL3818563,IC50,nM,5.52,IC50,nM,5.52,CCOc1cc2ncnc(N[C@@H](C)c3ccccc3)c2cc1NC(=O)[C@@H]1COC(=O)N1,8.2580609222708
CHEMBL3818970,IC50,nM,37.81,IC50,nM,37.81,CCOc1cc2ncnc(Nc3ccc(OCC4CC4)c(Cl)c3)c2cc1NC(=O)[C@@H]1COC(=O)N1,7.422393322637465
CHEMBL3819120,IC50,nM,25.53,IC50,nM,25.53,O=C1N[C@H](C(=O)Nc2cc3c(Nc4ccc(F)c(Cl)c4)ncnc3cc2OCCN2CCCCC2)CO1,7.592949185195749
CHEMBL3818289,IC50,nM,4.54,IC50,nM,4.54,O=C1N[C@H](C(=O)Nc2cc3c(Nc4ccc(F)c(Cl)c4)ncnc3cc2OCCCN2CCOCC2)CO1,8.342944147142896
CHEMBL3823520,IC50,nM,529.4,IC50,nM,529.4,COc1cc2c(Oc3ccc(NC(=O)c4cn(-c5ccccc5Cl)nn4)cc3F)ccnc2cc1OCCCN1CCCCC1,6.276216063034671
CHEMBL3735648,IC50,nM,350.0,IC50,nM,350.0,CC1(C)c2cc(C3CCN(CC4CCOCC4)CC3)ccc2C(=O)c2c1[nH]c1cc(C#N)ccc21,6.455931955649724
CHEMBL3828269,IC50,nM,2.97,IC50,nM,2.97,Cn1cc(-c2ccc3ncnc(Nc4ccc(F)c(Cl)c4)c3c2)cn1,8.527243550682787
CHEMBL3828079,IC50,nM,44.1,IC50,nM,44.1,Cn1cc(-c2ccc3ncnc(Nc4ccc5ncccc5c4)c3c2)cn1,7.355561410532162
CHEMBL3828021,IC50,nM,3.58,IC50,nM,3.58,C#Cc1cccc(Nc2ncnc3ccc(-c4cnn(C)c4)cc23)c1,8.446116973356126
CHEMBL3828092,IC50,nM,31.9,IC50,nM,31.9,Fc1ccc(Nc2ncnc3ccc(-c4cnn(C5CCNCC5)c4)cc23)cc1Cl,7.496209316942819
CHEMBL3827349,IC50,nM,28.2,IC50,nM,28.2,c1cnc2ccc(Nc3ncnc4ccc(-c5cnn(C6CCNCC6)c5)cc34)cc2c1,7.549750891680639
CHEMBL3912361,IC50,nM,240.0,IC50,uM,0.24,O=C(CCl)OCCn1c(=O)oc2cc3ncnc(Nc4ccc(N5CCCCC5)c(Cl)c4)c3cc21,6.619788758288394
CHEMBL3982289,IC50,nM,19.0,IC50,uM,0.019,O=C(CCl)OCCn1c(=O)oc2cc3ncnc(Nc4ccc(N5CCOCC5)c(Cl)c4)c3cc21,7.721246399047171
CHEMBL3921302,IC50,nM,20.0,IC50,uM,0.02,CN1CCN(c2ccc(Nc3ncnc4cc5oc(=O)n(CCOC(=O)CCl)c5cc34)cc2Cl)CC1,7.698970004336019
CHEMBL3930270,IC50,nM,510.0,IC50,uM,0.51,O=C(CCl)OCCn1c(=O)oc2cc3ncnc(Nc4ccc(Oc5cccc(C(F)(F)F)c5)c(Cl)c4)c3cc21,6.292429823902063
CHEMBL3902295,IC50,nM,4700.0,IC50,uM,4.7,O=C(CCl)OCCn1c(=O)oc2cc3ncnc(Nc4ccc(F)c(F)c4)c3cc21,5.327902142064283
CHEMBL3908711,IC50,nM,460.0,IC50,uM,0.46,O=C(CBr)OCCn1c(=O)oc2cc3ncnc(Nc4ccc(F)c(Cl)c4)c3cc21,6.337242168318426
CHEMBL3936642,IC50,nM,77.0,IC50,uM,0.077,O=C(CBr)OCCn1c(=O)oc2cc3ncnc(Nc4ccc(OCc5cccc(F)c5)c(Cl)c4)c3cc21,7.113509274827518
CHEMBL3917657,IC50,nM,870.0,IC50,uM,0.87,CC(C)(C)c1ccc(Nc2ncnc3cc4oc(=O)n(CCOC(=O)CBr)c4cc23)cc1,6.060480747381382
CHEMBL3945555,IC50,nM,160.0,IC50,uM,0.16,O=C(CBr)OCCn1c(=O)oc2cc3ncnc(Nc4ccc(Oc5cccc(C(F)(F)F)c5)c(Cl)c4)c3cc21,6.795880017344075
CHEMBL3960786,IC50,nM,9300.0,IC50,uM,9.3,O=C(CBr)OCCn1c(=O)oc2cc3ncnc(Nc4ccc(NC(=O)N5CCCCC5)cc4)c3cc21,5.031517051446065
CHEMBL3891774,IC50,nM,8500.0,IC50,uM,8.5,O=C(Nc1ccc(Nc2ncnc3cc4oc(=O)n(CCOC(=O)CBr)c4cc23)cc1)NC1CCCCC1,5.070581074285707
CHEMBL3906330,IC50,nM,300.0,IC50,uM,0.3,O=C(CBr)OCCn1c(=O)oc2cc3ncnc(Nc4ccc(F)c(F)c4)c3cc21,6.522878745280337
CHEMBL3915306,IC50,nM,6400.0,IC50,uM,6.4,O=C(CBr)OCCn1c(=O)oc2cc3ncnc(Nc4ccc(OCc5ccc(Cl)cc5)cc4)c3cc21,5.1938200260161125
CHEMBL3910361,IC50,nM,5200.0,IC50,uM,5.2,C#Cc1cccc(Nc2ncnc3cc4oc(=O)n(CCOC(=O)CBr)c4cc23)c1,5.2839966563652006
CHEMBL3897363,IC50,nM,8.0,IC50,uM,0.008,CN1CCN(c2ccc(Nc3ncnc4cc5oc(=O)n(CCOC(=O)CBr)c5cc34)cc2Cl)CC1,8.096910013008056
CHEMBL3965948,IC50,nM,10.0,IC50,uM,0.01,O=C(CBr)OCCn1c(=O)oc2cc3ncnc(Nc4ccc(N5CCOCC5)c(Cl)c4)c3cc21,8.0
CHEMBL3969628,IC50,nM,184.0,IC50,uM,0.184,O=C(CBr)OCCn1c(=O)oc2cc3ncnc(Nc4ccc(N5CCCCC5)c(Cl)c4)c3cc21,6.735182176990463
CHEMBL3940060,IC50,nM,330.0,IC50,uM,0.33,O=C(CCl)OCCn1c(=O)oc2cc3ncnc(Nc4ccc(F)c(Cl)c4)c3cc21,6.481486060122113
CHEMBL3948084,IC50,nM,17.0,IC50,uM,0.017,CCC(=O)Nc1cc2c(Nc3ccc4c(cnn4Cc4ccccc4)c3)ncnc2cc1OC,7.769551078621726
CHEMBL3977326,IC50,nM,21.0,IC50,uM,0.021,CCC(=O)Nc1cc2c(Nc3ccc4c(ccn4Cc4ccccc4)c3)ncnc2cc1OC,7.6777807052660805
CHEMBL3921347,IC50,nM,79.0,IC50,uM,0.079,CCC(=O)Nc1cc2c(Nc3ccc4[nH]ncc4c3)ncnc2cc1OC,7.102372908709558
CHEMBL3963723,IC50,nM,6.0,IC50,uM,0.006,CCC(=O)Nc1cc2c(Nc3ccc4[nH]ccc4c3)ncnc2cc1OC,8.221848749616356
CHEMBL3930316,IC50,nM,2.0,IC50,uM,0.002,CCC(=O)Nc1cc2c(Nc3ccc(F)c(Cl)c3)ncnc2cc1OC,8.698970004336019
CHEMBL3957801,IC50,nM,9.0,IC50,uM,0.009,CCC(=O)Nc1cc2c(Nc3ccc(F)c(Cl)c3)ncnc2cc1OCCCN1CCOCC1,8.045757490560675
CHEMBL3946232,IC50,nM,7.0,IC50,uM,0.007,O=C(Nc1cc2c(Nc3ccc(F)c(Cl)c3)ncnc2cc1OCCCN1CCOCC1)C1=CCCC1,8.154901959985743
CHEMBL3918330,IC50,nM,22.0,IC50,uM,0.022,C/C=C/C(=O)Nc1cc2c(Nc3ccc(F)c(Cl)c3)ncnc2cc1OCCCN1CCOCC1,7.657577319177793
CHEMBL3974571,IC50,nM,21.0,IC50,uM,0.021,C=C(C)C(=O)Nc1cc2c(Nc3ccc(F)c(Cl)c3)ncnc2cc1OCCCN1CCOCC1,7.6777807052660805
CHEMBL3968839,IC50,nM,61.0,IC50,uM,0.061,CCC(=O)Nc1cc2c(Nc3ccc4c(ccn4Cc4ccccn4)c3)ncnc2cc1OC,7.214670164989233
CHEMBL3939300,IC50,nM,714.0,IC50,uM,0.714,CCC(=O)Nc1cc2c(Nc3ccc4c(ccn4Cc4cccnc4)c3)ncnc2cc1OC,6.146301788223826
CHEMBL3919183,IC50,nM,94.0,IC50,uM,0.094,CCC(=O)Nc1cc2c(Nc3ccc4c(cnn4Cc4ccccn4)c3)ncnc2cc1OC,7.026872146400302
CHEMBL3981041,IC50,nM,127.0,IC50,uM,0.127,CCC(=O)Nc1cc2c(Nc3ccc4c(ccn4S(=O)(=O)c4ccccc4)c3)ncnc2cc1OC,6.896196279044043
CHEMBL3964380,IC50,nM,86.0,IC50,uM,0.086,CCC(=O)Nc1cc2c(Nc3ccc4c(ccn4Cc4ccco4)c3)ncnc2cc1OC,7.0655015487564325
CHEMBL3904205,IC50,nM,175.0,IC50,uM,0.175,CCC(=O)Nc1cc2c(Nc3ccc4c(c3)CCN4Cc3ccccc3)ncnc2cc1OC,6.756961951313706
CHEMBL3960911,IC50,nM,519.0,IC50,uM,0.519,CCC(=O)Nc1cc2c(Nc3ccc4c(c3)CCN4Cc3ccccn3)ncnc2cc1OC,6.284832642151542
CHEMBL3962032,IC50,nM,421.0,IC50,uM,0.421,CCC(=O)Nc1cc2c(Nc3ccc4c(ccn4CC(C)C)c3)ncnc2cc1OC,6.375717904164332
CHEMBL3934539,IC50,nM,136.0,IC50,uM,0.136,CCC(=O)Nc1cc2c(NCc3ccccc3)ncnc2cc1OC,6.866461091629782
CHEMBL3973028,IC50,nM,86.0,IC50,uM,0.086,CCC(=O)Nc1cc2c(N[C@H](C)c3ccccc3)ncnc2cc1OC,7.0655015487564325
CHEMBL3943512,IC50,nM,65.0,IC50,uM,0.065,CCC(=O)Nc1cc2c(Nc3ccc(Oc4ccccc4)cc3)ncnc2cc1OC,7.187086643357144
CHEMBL3944572,IC50,nM,881.0,IC50,uM,0.881,CCC(=O)Nc1cc2c(Nc3ccc(Oc4cccc(F)c4)cc3)ncnc2cc1OC,6.055024091587952
CHEMBL3916644,IC50,nM,509.0,IC50,uM,0.509,CCC(=O)Nc1cc2c(Nc3ccc(Oc4ccc5c(c4)OCO5)cc3)ncnc2cc1OC,6.293282217663241
CHEMBL3951754,IC50,nM,531.0,IC50,uM,0.531,CCC(=O)Nc1cc2c(Nc3ccc(Oc4cccnc4)cc3)ncnc2cc1OC,6.274905478918531
CHEMBL3980622,IC50,nM,205.0,IC50,uM,0.205,CCC(=O)Nc1cc2c(Nc3ccc(Cc4ccccn4)cc3)ncnc2cc1OC,6.688246138944246
CHEMBL3942999,IC50,nM,388.0,IC50,uM,0.388,CCC(=O)Nc1cc2c(Nc3ccc(Cc4ccncc4)cc3)ncnc2cc1OC,6.411168274405792
CHEMBL3972605,IC50,nM,343.0,IC50,uM,0.343,CCC(=O)Nc1cc2c(Nc3ccc(C(O)c4ccccc4)cc3)ncnc2cc1OC,6.464705879957229
CHEMBL3934034,IC50,nM,36.0,IC50,uM,0.036,CCC(=O)Nc1cc2c(Nc3ccc(OCc4ccccc4)cc3)ncnc2cc1OC,7.443697499232712
CHEMBL3961532,IC50,nM,67.0,IC50,uM,0.067,CCC(=O)Nc1cc2c(Nc3ccc(OCc4cccc(F)c4)c(Cl)c3)ncnc2cc1OC,7.173925197299173
CHEMBL3925158,IC50,nM,116.0,IC50,uM,0.116,CCC(=O)Nc1cc2c(Nc3ccc(OCc4ccccn4)cc3)ncnc2cc1OC,6.935542010773082
CHEMBL3916141,IC50,nM,747.0,IC50,uM,0.747,CCC(=O)Nc1cc2c(Nc3ccc(CCc4ccccc4)cc3)ncnc2cc1OC,6.126679398184601
CHEMBL3944095,IC50,nM,383.0,IC50,uM,0.383,CCC(=O)Nc1cc2c(Nc3ccc(NCc4ccccc4)cc3)ncnc2cc1OC,6.416801226031377
CHEMBL3970738,IC50,nM,65.0,IC50,uM,0.065,CCC(=O)Nc1cc2c(Nc3ccc(NS(=O)(=O)c4ccccc4)cc3)ncnc2cc1OC,7.187086643357144
CHEMBL3941175,IC50,nM,593.0,IC50,uM,0.593,CCC(=O)Nc1cc2c(Nc3ccc(NS(=O)(=O)c4ccccc4)c(F)c3)ncnc2cc1OC,6.226945306635737
CHEMBL3923650,IC50,nM,522.0,IC50,uM,0.522,CCC(=O)Nc1cc2c(Nc3ccc(NS(=O)(=O)c4ccccc4)nc3)ncnc2cc1OC,6.282329496997738
CHEMBL3932176,IC50,nM,6.0,IC50,uM,0.006,CCOc1cc2ncnc(Nc3ccc4c(cnn4Cc4ccccc4)c3)c2cc1NC(=O)/C=C/CN(C)C,8.221848749616356
CHEMBL3950966,IC50,nM,15.0,IC50,uM,0.015,CCOc1cc2ncnc(Nc3ccc4c(cnn4Cc4ccccc4)c3)c2cc1NC(=O)/C=C/CN(C(C)C)C(C)C,7.823908740944319
CHEMBL3923228,IC50,nM,7.0,IC50,uM,0.007,CCOc1cc2ncnc(Nc3ccc4c(cnn4Cc4ccccc4)c3)c2cc1NC(=O)/C=C/CN1CCCC1,8.154901959985743
CHEMBL3942228,IC50,nM,8.0,IC50,uM,0.008,CCOc1cc2ncnc(Nc3ccc4c(cnn4Cc4ccccc4)c3)c2cc1NC(=O)/C=C/CN1CCCCC1,8.096910013008056
CHEMBL3914227,IC50,nM,79.0,IC50,uM,0.079,CCOc1cc2ncnc(Nc3ccc4c(cnn4Cc4ccccc4)c3)c2cc1NC(=O)/C=C/CN1[C@H](C)CCC[C@@H]1C,7.102372908709558
CHEMBL3907533,IC50,nM,26.0,IC50,uM,0.026,CCOc1cc2ncnc(Nc3ccc4c(cnn4Cc4ccccc4)c3)c2cc1NC(=O)/C=C/CN1CCOCC1,7.585026652029182
CHEMBL3921129,IC50,nM,23.0,IC50,uM,0.023,CCOc1cc2ncnc(Nc3ccc4c(cnn4Cc4ccccc4)c3)c2cc1NC(=O)/C=C/CN1CCN(C)CC1,7.638272163982407
CHEMBL3941823,IC50,nM,17.0,IC50,uM,0.017,CCOc1cc2ncnc(Nc3ccc4c(cnn4Cc4ccccc4)c3)c2cc1NC(=O)/C=C/CN1C[C@@H](C)N[C@@H](C)C1,7.769551078621726
CHEMBL3971413,IC50,nM,72.0,IC50,uM,0.072,CCOc1cc2ncnc(Nc3ccc4c(cnn4Cc4ccccc4)c3)c2cc1NC(=O)/C=C/CN1[C@H](C)CNC[C@@H]1C,7.142667503568732
CHEMBL3950549,IC50,nM,2.0,IC50,uM,0.002,COc1cc2ncnc(Nc3ccc(F)c(Cl)c3)c2cc1NC(=O)/C=C/CN(C(C)C)C(C)C,8.698970004336019
CHEMBL3959248,IC50,nM,7.0,IC50,uM,0.007,COCCOc1cc2ncnc(Nc3ccc4c(cnn4Cc4ccccc4)c3)c2cc1NC(=O)/C=C/CN(C)C,8.154901959985743
CHEMBL3890186,IC50,nM,10.0,IC50,uM,0.01,COCCOc1cc2ncnc(Nc3ccc4c(cnn4Cc4ccccc4)c3)c2cc1NC(=O)/C=C/CN1CCCC1,8.0
CHEMBL3970330,IC50,nM,16.0,IC50,uM,0.016,COCCOc1cc2ncnc(Nc3ccc4c(cnn4Cc4ccccc4)c3)c2cc1NC(=O)/C=C/CN1CCN(C)CC1,7.795880017344075
CHEMBL3899132,IC50,nM,38.0,IC50,uM,0.038,CCOc1cc2ncnc(Nc3ccc4c(ccn4S(=O)(=O)c4ccccc4)c3)c2cc1NC(=O)/C=C/CN(C)C,7.42021640338319
CHEMBL3890751,IC50,nM,36.0,IC50,uM,0.036,CCOc1cc2ncnc(Nc3ccc4c(ccn4S(=O)(=O)c4ccccc4)c3)c2cc1NC(=O)/C=C/CN1CCCC1,7.443697499232712
CHEMBL3933895,IC50,nM,122.0,IC50,uM,0.122,CCOc1cc2ncnc(Nc3ccc4c(ccn4S(=O)(=O)c4ccccc4)c3)c2cc1NC(=O)/C=C/CN1CCOCC1,6.913640169325252
CHEMBL3958482,IC50,nM,132.0,IC50,uM,0.132,COc1cc2ncnc(Nc3ccc(Oc4ccccc4)cc3)c2cc1NC(=O)/C=C/CN1CCCCC1,6.87942606879415
CHEMBL3930965,IC50,nM,148.0,IC50,uM,0.148,COc1cc2ncnc(Nc3ccc(Cc4ccccn4)cc3)c2cc1NC(=O)/C=C/CN1CCCC1,6.8297382846050425
CHEMBL3962365,IC50,nM,60.0,IC50,uM,0.06,CCOc1cc2ncnc(Nc3ccc(OCc4cccc(F)c4)c(Cl)c3)c2cc1NC(=O)/C=C/CN1CCCC1,7.221848749616356
CHEMBL3939985,IC50,nM,23.0,IC50,uM,0.023,CCOc1cc2ncnc(Nc3ccc(OCc4cccc(F)c4)c(Cl)c3)c2cc1NC(=O)/C=C/CN1CCN(C)CC1,7.638272163982407
CHEMBL3977926,IC50,nM,98.0,IC50,uM,0.098,CCOc1cc2ncnc(Nc3ccc(OCc4ccccn4)cc3)c2cc1NC(=O)/C=C/CN1CCCC1,7.008773924307505
CHEMBL3922922,IC50,nM,164.0,IC50,uM,0.164,CCOc1cc2ncnc(Nc3ccc(OCc4ccccn4)cc3)c2cc1NC(=O)/C=C/CN1CCN(C)CC1,6.785156151952302
CHEMBL3986103,IC50,nM,21.0,IC50,uM,0.021,CCOc1cc2ncnc(Nc3ccc(NS(=O)(=O)c4ccccc4)cc3)c2cc1NC(=O)/C=C/CN1CCCC1,7.6777807052660805
CHEMBL3957416,IC50,nM,69.0,IC50,uM,0.069,CCOc1cc2ncnc(Nc3ccc(NS(=O)(=O)c4ccccc4)cc3)c2cc1NC(=O)/C=C/CN1CCOCC1,7.161150909262744
CHEMBL3936505,IC50,nM,82.0,IC50,uM,0.082,CCOc1cc2ncnc(Nc3ccc(NS(=O)(=O)c4ccccc4)cc3)c2cc1NC(=O)/C=C/CN1CCN(C)CC1,7.086186147616283
CHEMBL3968417,IC50,nM,2.0,IC50,uM,0.002,CN(C)C/C=C/C(=O)Nc1cc2c(Nc3ccc(F)c(Cl)c3)ncnc2cn1,8.698970004336019
CHEMBL3930506,IC50,nM,14.0,IC50,uM,0.014,O=C(/C=C/CN1CCCCC1)Nc1cc2c(Nc3ccc(F)c(Cl)c3)ncnc2cn1,7.853871964321762
CHEMBL3958006,IC50,nM,12.0,IC50,uM,0.012,O=C(/C=C/CN1CCOCC1)Nc1cc2c(Nc3ccc(F)c(Cl)c3)ncnc2cn1,7.920818753952375
CHEMBL3921555,IC50,nM,19.0,IC50,uM,0.019,CN1CCN(C/C=C/C(=O)Nc2cc3c(Nc4ccc(F)c(Cl)c4)ncnc3cn2)CC1,7.721246399047171
CHEMBL3949347,IC50,nM,41.0,IC50,uM,0.041,CN(C)C/C=C/C(=O)Nc1cc2c(Nc3ccc4c(cnn4Cc4ccccc4)c3)ncnc2cn1,7.3872161432802645
CHEMBL3948267,IC50,nM,57.0,IC50,uM,0.057,O=C(/C=C/CN1CCCC1)Nc1cc2c(Nc3ccc4c(cnn4Cc4ccccc4)c3)ncnc2cn1,7.2441251443275085
CHEMBL3977504,IC50,nM,201.0,IC50,uM,0.201,CN(C)C/C=C/C(=O)Nc1cc2c(Nc3ccc(Oc4ccccc4)cc3)ncnc2cn1,6.696803942579511
CHEMBL3896779,IC50,nM,180.0,IC50,uM,0.18,O=C(/C=C/CN1CCCC1)Nc1cc2c(Nc3ccc(Oc4ccccc4)cc3)ncnc2cn1,6.7447274948966935
CHEMBL3969056,IC50,nM,304.0,IC50,uM,0.304,CN(C)C/C=C/C(=O)Nc1cc2c(Nc3ccc(Cc4ccccn4)cc3)ncnc2cn1,6.517126416391246
CHEMBL3967962,IC50,nM,405.0,IC50,uM,0.405,O=C(/C=C/CN1CCCC1)Nc1cc2c(Nc3ccc(Cc4ccccn4)cc3)ncnc2cn1,6.392544976785332
CHEMBL3921446,IC50,nM,857.0,IC50,uM,0.857,CN1CCN(C/C=C/C(=O)Nc2cc3c(Nc4ccc(Cc5ccccn5)cc4)ncnc3cn2)CC1,6.0670191780768015
CHEMBL3981551,IC50,nM,25.0,IC50,uM,0.025,CN(C)C/C=C/C(=O)Nc1cc2c(Nc3ccc(OCc4cccc(F)c4)c(Cl)c3)ncnc2cn1,7.6020599913279625
CHEMBL3904257,IC50,nM,37.0,IC50,uM,0.037,O=C(/C=C/CN1CCCC1)Nc1cc2c(Nc3ccc(OCc4cccc(F)c4)c(Cl)c3)ncnc2cn1,7.431798275933005
CHEMBL3952877,IC50,nM,28.0,IC50,nM,28.0,COC[C@@H](Nc1ncnc2oc(-c3ccccc3)cc12)c1ccccc1,7.552841968657781
CHEMBL3981621,IC50,nM,93.0,IC50,nM,93.0,c1ccc(CNc2ncnc3oc(-c4ccccc4)cc23)cc1,7.031517051446065
CHEMBL3961553,IC50,nM,2.0,IC50,nM,2.0,OC[C@@H](Nc1ncnc2oc(-c3ccc(O)cc3)cc12)c1ccccc1,8.698970004336019
CHEMBL3892567,IC50,nM,3.9,IC50,nM,3.9,OC[C@@H](Nc1ncnc2oc(-c3ccccc3)cc12)c1ccccc1,8.4089353929735
CHEMBL3973601,IC50,nM,27.0,IC50,nM,27.0,COc1ccc(-c2cc3c(N[C@H](C)c4ccc(F)cc4)ncnc3o2)cc1,7.568636235841013
CHEMBL3953210,IC50,nM,24.0,IC50,nM,24.0,COc1ccc(-c2cc3c(N[C@H](C)c4cccc(F)c4)ncnc3o2)cc1,7.619788758288394
CHEMBL3925584,IC50,nM,24.0,IC50,nM,24.0,COc1ccc(-c2cc3c(N[C@H](C)c4ccccc4F)ncnc3o2)cc1,7.619788758288394
CHEMBL3961961,IC50,nM,4.0,IC50,nM,4.0,COc1ccc(-c2cc3c(N[C@H](CCO)c4ccccc4)ncnc3o2)cc1,8.397940008672037
CHEMBL3934461,IC50,nM,22.0,IC50,nM,22.0,COc1ccc(-c2cc3c(NC(CC(N)=O)c4ccccc4)ncnc3o2)cc1,7.657577319177793
CHEMBL3972981,IC50,nM,22.0,IC50,nM,22.0,CC[C@@H](Nc1ncnc2oc(-c3ccc(OC)cc3)cc12)c1ccccc1,7.657577319177793
CHEMBL3943438,IC50,nM,14.0,IC50,nM,14.0,COC[C@@H](Nc1ncnc2oc(-c3ccc(OC)cc3)cc12)c1ccccc1,7.853871964321762
CHEMBL3939429,IC50,nM,74.0,IC50,nM,74.0,COc1ccc(-c2cc3c(NCc4ccccc4)ncnc3o2)cc1,7.130768280269024
CHEMBL3952157,IC50,nM,2.7,IC50,nM,2.7,COc1ccc(-c2cc3c(N[C@H](CO)c4ccccc4)ncnc3o2)cc1,8.568636235841012
CHEMBL3891846,IC50,nM,0.6,IC50,nM,0.6,C[C@@H](Nc1ncnc2oc(-c3ccc(NCCN4CCCCC4)cc3)cc12)c1ccccc1,9.221848749616356
CHEMBL3960853,IC50,nM,1.1,IC50,nM,1.1,C[C@@H](Nc1ncnc2oc(-c3ccc(NCCN4CCOCC4)cc3)cc12)c1ccccc1,8.958607314841775
CHEMBL3901622,IC50,nM,0.4,IC50,nM,0.4,C[C@@H](Nc1ncnc2oc(-c3ccc(NCCN(C)C)cc3)cc12)c1ccccc1,9.397940008672037
CHEMBL3929584,IC50,nM,29.0,IC50,nM,29.0,C=Cc1ccc(-c2cc3c(N[C@H](C)c4ccccc4)ncnc3o2)cc1,7.5376020021010435
CHEMBL3928512,IC50,nM,2.0,IC50,nM,2.0,C[C@@H](Nc1ncnc2oc(-c3ccccc3O)cc12)c1ccccc1,8.698970004336019
CHEMBL3956112,IC50,nM,4.6,IC50,nM,4.6,C[C@@H](Nc1ncnc2oc(-c3cccc(O)c3)cc12)c1ccccc1,8.337242168318426
CHEMBL3919609,IC50,nM,1.5,IC50,nM,1.5,C[C@@H](Nc1ncnc2oc(-c3ccc(O)cc3)cc12)c1ccccc1,8.823908740944319
CHEMBL3947406,IC50,nM,4.0,IC50,nM,4.0,COc1ccccc1-c1cc2c(N[C@H](C)c3ccccc3)ncnc2o1,8.397940008672037
CHEMBL3946396,IC50,nM,7.0,IC50,nM,7.0,COc1cccc(-c2cc3c(N[C@H](C)c4ccccc4)ncnc3o2)c1,8.154901959985743
CHEMBL3975699,IC50,nM,44.0,IC50,nM,44.0,C[C@@H](Nc1ncnc2oc(-c3ccc(C#N)cc3)cc12)c1ccccc1,7.356547323513812
CHEMBL3937527,IC50,nM,56.0,IC50,nM,56.0,C[C@@H](Nc1ncnc2oc(-c3ccc(Br)cc3)cc12)c1ccccc1,7.251811972993799
CHEMBL3967219,IC50,nM,13.0,IC50,nM,13.0,C[C@@H](Nc1ncnc2oc(-c3ccc(F)cc3)cc12)c1ccccc1,7.886056647693163
CHEMBL3908303,IC50,nM,11.0,IC50,nM,11.0,C[C@@H](Nc1ncnc2oc(-c3ccccc3)cc12)c1ccccc1,7.958607314841775
CHEMBL3933539,IC50,nM,5.3,IC50,nM,5.3,COc1ccc(-c2cc3c(N[C@H](C)c4ccccc4)ncnc3o2)cc1,8.275724130399212
CHEMBL3965075,IC50,nM,470.0,IC50,uM,0.47,CCOCc1ccc2c(c1)nc(NC(=O)c1cccc(C(F)(F)F)c1)n2[C@H]1CC[C@H](O)CC1,6.327902142064283
CHEMBL3954370,IC50,nM,260.0,IC50,uM,0.26,O=C(Nc1nc2ccccc2n1[C@H]1CC[C@H](O)CC1)c1cccc(C(F)(F)F)c1,6.585026652029182
CHEMBL3918367,IC50,nM,1370.0,IC50,uM,1.37,Cc1cccc2c1nc(NC(=O)c1cccc(C(F)(F)F)c1)n2[C@H]1CC[C@H](O)CC1,5.863279432843593
CHEMBL3946259,IC50,nM,140.0,IC50,uM,0.14,Cc1ccc2c(c1)nc(NC(=O)c1cccc(C(F)(F)F)c1)n2[C@H]1CC[C@H](O)CC1,6.853871964321762
CHEMBL3909438,IC50,nM,280.0,IC50,uM,0.28,Cc1ccc2nc(NC(=O)c3cccc(C(F)(F)F)c3)n([C@H]3CC[C@H](O)CC3)c2c1,6.552841968657781
CHEMBL3937373,IC50,nM,90.0,IC50,uM,0.09,Cc1cccc2nc(NC(=O)c3cccc(C(F)(F)F)c3)n([C@H]3CC[C@H](O)CC3)c12,7.045757490560675
CHEMBL3972316,IC50,nM,1.39,IC50,nM,1.39,C=CC(=O)N1CCCC[C@@H](n2c(NC(=O)c3cccc(C(F)(F)F)c3)nc3cccc(C)c32)C1,8.856985199745905
CHEMBL3951434,IC50,nM,2.18,IC50,nM,2.18,Cc1cccc2nc(NC(=O)c3cccc(C(F)(F)F)c3)n([C@@H]3CCCCN(C(=O)/C=C/CN(C)C)C3)c12,8.661543506395395
CHEMBL3939913,IC50,nM,1.51,IC50,nM,1.51,Cc1cccc2nc(NC(=O)c3ccnc(C(F)(F)F)c3)n([C@@H]3CCCCN(C(=O)/C=C/CN(C)C)C3)c12,8.821023052706831
CHEMBL3960167,IC50,nM,2.11,IC50,nM,2.11,Cc1cc(C(=O)Nc2nc3cccc(C)c3n2[C@@H]2CCCCN(C(=O)/C=C/CN(C)C)C2)ccn1,8.675717544702307
CHEMBL3966111,IC50,nM,50.0,IC50,uM,0.05,C=CC(=O)NCCCn1c(NC(=O)c2cccc(C(F)(F)F)c2)nc2cc(C)ccc21,7.301029995663981
CHEMBL3953921,IC50,nM,20.0,IC50,uM,0.02,C=CC(=O)N1CCCC(n2c(NC(=O)c3cccc(C(F)(F)F)c3)nc3cc(C)ccc32)C1,7.698970004336019
CHEMBL3982602,IC50,nM,16460.0,IC50,uM,16.46,C=CC(=O)N1CCC(n2c(NC(=O)c3cccc(C(F)(F)F)c3)nc3cc(C)ccc32)CC1,4.783570169123749
CHEMBL3901943,IC50,nM,830.0,IC50,uM,0.83,C=CC(=O)N1CCCCC(n2c(NC(=O)c3cccc(C(F)(F)F)c3)nc3cc(C)ccc32)C1,6.080921907623926
CHEMBL3892960,IC50,nM,6810.0,IC50,uM,6.81,C=CC(=O)NC1CCC(n2c(NC(=O)c3cccc(C(F)(F)F)c3)nc3cc(C)ccc32)C1,5.166852888087215
CHEMBL3953221,IC50,nM,4.0,IC50,uM,0.004,C=CC(=O)N[C@H]1CCC[C@@H](n2c(NC(=O)c3cccc(C(F)(F)F)c3)nc3cc(C)ccc32)C1,8.397940008672037
CHEMBL3973973,IC50,nM,60.0,IC50,uM,0.06,C=CC(=O)N[C@@H]1CCC[C@@H](n2c(NC(=O)c3cccc(C(F)(F)F)c3)nc3cc(C)ccc32)C1,7.221848749616356
CHEMBL3959632,IC50,nM,4.0,IC50,uM,0.004,C=CC(=O)Nc1cccc(-n2c(NC(=O)c3cccc(C(F)(F)F)c3)nc3cc(C)ccc32)c1,8.397940008672037
CHEMBL3961202,IC50,nM,22310.0,IC50,uM,22.31,C=CC(=O)N(C)c1cccc(-n2c(NC(=O)c3cccc(C(F)(F)F)c3)nc3cc(C)ccc32)c1,4.651500429716163
CHEMBL3947759,IC50,nM,106.0,IC50,nM,106.0,C=CC(=O)Nc1cccc(Nc2nc(Nc3ccc(OCCn4ccnc4)cc3)ncc2Cl)c1,6.97469413473523
CHEMBL3977022,IC50,nM,103.4,IC50,nM,103.4,C=CC(=O)Nc1cccc(Nc2nc(Nc3ccc(OCCn4cncn4)cc3)ncc2Cl)c1,6.985479461242076
CHEMBL3956430,IC50,nM,9.1,IC50,nM,9.1,C=CC(=O)Nc1cccc(Nc2nc(Nc3ccc(OCCn4ccnc4)cc3)ncc2F)c1,8.040958607678906
CHEMBL3985086,IC50,nM,109.0,IC50,nM,109.0,C=CC(=O)Nc1cccc(Nc2nc(Nc3ccc(Cn4ccnc4)cc3OC)ncc2Cl)c1,6.962573502059376
CHEMBL3967512,IC50,nM,3.3,IC50,nM,3.3,C=CC(=O)Nc1cccc(Nc2nc(Nc3ccc(Cn4ccnc4)cc3)ncc2Cl)c1,8.481486060122112
CHEMBL3930539,IC50,nM,9.0,IC50,nM,9.0,C=CC(=O)Nc1cccc(Nc2nc(Nc3ccc(Cn4ccnc4)cc3)ncc2F)c1,8.045757490560675
CHEMBL3903063,IC50,nM,118.7,IC50,nM,118.7,C=CC(=O)Nc1cccc(Nc2nc(Nc3ccc(NC(=O)Cn4ccnc4)cc3)ncc2[N+](=O)[O-])c1,6.9255492810454085
CHEMBL3931038,IC50,nM,98.2,IC50,nM,98.2,C=CC(=O)Nc1cccc(Nc2nc(Nc3ccc(-n4ccnc4)cc3)ncc2[N+](=O)[O-])c1,7.00788851221305
CHEMBL3953593,IC50,nM,40.6,IC50,nM,40.6,C=CC(=O)Nc1cccc(Nc2nc(Nc3ccc(OCCCn4ccnc4)cc3)ncc2[N+](=O)[O-])c1,7.391473966422806
CHEMBL3925959,IC50,nM,100.6,IC50,nM,100.6,C=CC(=O)Nc1cccc(Nc2nc(Nc3ccc(OCCCn4cnnn4)cc3)ncc2[N+](=O)[O-])c1,6.997402019280091
CHEMBL3921664,IC50,nM,570.0,IC50,nmol/L,570.0,CC(C)S(=O)(=O)c1ccccc1Nc1nc(N/N=C/c2ccc(F)cc2)ncc1Cl,6.2441251443275085
CHEMBL3893810,IC50,nM,593.0,IC50,nmol/L,593.0,CC(C)S(=O)(=O)c1ccccc1Nc1nc(N/N=C/c2ccc(C(F)(F)F)cc2)ncc1Cl,6.226945306635737
CHEMBL3894726,IC50,nM,587.0,IC50,nmol/L,587.0,COc1ccc(/C=N/Nc2ncc(Cl)c(Nc3ccccc3S(=O)(=O)C(C)C)n2)cc1,6.231361898752385
CHEMBL3913728,IC50,nM,898.0,IC50,nmol/L,898.0,CC(C)S(=O)(=O)c1ccccc1Nc1nc(N/N=C/c2ccc(OC(F)(F)F)cc2)ncc1Cl,6.0467236633326955
CHEMBL3905284,IC50,nM,601.0,IC50,nmol/L,601.0,COc1cccc(/C=N/Nc2ncc(Cl)c(Nc3ccccc3S(=O)(=O)C(C)C)n2)c1,6.221125527997261
CHEMBL3934594,IC50,nM,460.0,IC50,nmol/L,460.0,CC(C)S(=O)(=O)c1ccccc1Nc1nc(N/N=C/c2cccc(C(F)(F)F)c2)ncc1Cl,6.337242168318426
CHEMBL3924500,IC50,nM,65.0,IC50,nM,65.0,S=C(NNc1nncc2ccccc12)Nc1ccccc1,7.187086643357144
CHEMBL3905411,IC50,nM,52.0,IC50,nM,52.0,CCCCNC(=S)NNc1nncc2ccccc12,7.2839966563652006
CHEMBL1380839,IC50,nM,76.0,IC50,nM,76.0,CCN=C(S)NNc1nncc2ccccc12,7.119186407719209
CHEMBL3977192,IC50,nM,77.0,IC50,nM,77.0,NC(=S)NNc1nncc2ccccc12,7.113509274827518
CHEMBL3906533,IC50,nM,4.4,IC50,nM,4.4,CCOC(=O)c1ccc(Nc2nncc3ccccc23)cc1,8.356547323513812
CHEMBL3937949,IC50,nM,6.2,IC50,nM,6.2,O=C(O)c1ccc(Nc2nncc3ccccc23)cc1,8.207608310501746
CHEMBL3915508,IC50,nM,4.1,IC50,nM,4.1,N#Cc1ccc(Nc2nncc3ccccc23)cc1,8.387216143280265
CHEMBL3979610,IC50,nM,6.0,IC50,nM,6.0,Fc1ccc(Nc2nncc3ccccc23)cc1,8.221848749616356
CHEMBL3950630,IC50,nM,6.7,IC50,nM,6.7,Cc1cc(C)nc(NS(=O)(=O)c2ccc(Nc3nncc4ccccc34)cc2)n1,8.173925197299173
CHEMBL3908272,IC50,nM,86.0,IC50,nM,86.0,O=S(=O)(Nc1ncccn1)c1ccc(Nc2nncc3ccccc23)cc1,7.0655015487564325
CHEMBL3978686,IC50,nM,84.0,IC50,nM,84.0,O=S(=O)(Nc1ccccn1)c1ccc(Nc2nncc3ccccc23)cc1,7.075720713938118
CHEMBL3899216,IC50,nM,130.0,IC50,nM,130.0,Cc1cc(NS(=O)(=O)c2ccc(Nc3nncc4ccccc34)cc2)no1,6.886056647693163
CHEMBL3970399,IC50,nM,88.0,IC50,nM,88.0,O=S(=O)(Nc1nccs1)c1ccc(Nc2nncc3ccccc23)cc1,7.055517327849832
CHEMBL3926223,IC50,nM,140.0,IC50,nM,140.0,NS(=O)(=O)c1ccc(Nc2nncc3ccccc23)cc1,6.853871964321762
CHEMBL3896476,IC50,nM,64.0,IC50,nM,64.0,S=C(NNc1nncc2ccccc12)Nc1ccc(Cl)cc1,7.1938200260161125
CHEMBL3927914,IC50,nM,53.0,IC50,nM,53.0,COc1ccc(NC(=S)NNc2nncc3ccccc23)cc1,7.275724130399211
CHEMBL3938794,IC50,nM,51.0,IC50,nM,51.0,O=C1CS/C(=N/Nc2nncc3ccccc23)N1,7.292429823902063
CHEMBL3893698,IC50,nM,47.0,IC50,nM,47.0,CCN1C(=O)CS/C1=N/Nc1nncc2ccccc12,7.327902142064283
CHEMBL3921710,IC50,nM,23.0,IC50,nM,23.0,CCCCN1C(=O)CS/C1=N/Nc1nncc2ccccc12,7.638272163982407
CHEMBL3982619,IC50,nM,45.0,IC50,nM,45.0,O=C1CS/C(=N/Nc2nncc3ccccc23)N1c1ccccc1,7.346787486224656
CHEMBL3912723,IC50,nM,42.0,IC50,nM,42.0,O=C1CS/C(=N/Nc2nncc3ccccc23)N1c1ccc(Cl)cc1,7.376750709602099
CHEMBL3974626,IC50,nM,36.0,IC50,nM,36.0,COc1ccc(N2C(=O)CS/C2=N/Nc2nncc3ccccc23)cc1,7.443697499232712
CHEMBL3903713,IC50,nM,5.6,IC50,nM,5.6,C(=C/c1ccccc1)\C(=N\Nc1nncc2ccccc12)c1ccccc1,8.2518119729938
CHEMBL3966129,IC50,nM,6.3,IC50,nM,6.3,Clc1ccc(C(/C=C/c2ccccc2)=N\Nc2nncc3ccccc23)cc1,8.200659450546418
CHEMBL3963403,IC50,nM,6.9,IC50,nM,6.9,Fc1ccc(/C=C/C(=N/Nc2nncc3ccccc23)c2ccccc2)cc1,8.161150909262744
CHEMBL3900264,IC50,nM,4.6,IC50,nM,4.6,Clc1ccc(/C=C/C(=N/Nc2nncc3ccccc23)c2ccccc2)cc1,8.337242168318426
CHEMBL3983586,IC50,nM,6.5,IC50,nM,6.5,Cc1ccc(C(/C=C/c2ccc(F)cc2)=N\Nc2nncc3ccccc23)cc1,8.187086643357144
CHEMBL3897723,IC50,nM,5.4,IC50,nM,5.4,COc1ccc(/C=C/C(=N/Nc2nncc3ccccc23)c2ccc(Cl)cc2)cc1,8.267606240177031
CHEMBL590878,IC50,nM,6.27,IC50,nM,6.27,Oc1cc(O)c2cc(O)c(-c3cc(O)c(O)c(O)c3)[o+]c2c1.[Cl-],8.202732459169283
CHEMBL3890526,IC50,nM,670.0,IC50,nM,670.0,COc1cc(Nc2ncnc3ccc(-c4ccc(CN5C[C@@H]6[C@@H](CO)[C@@H]6C5)cc4)cc23)ccc1Oc1ccccc1,6.173925197299173
CHEMBL483321,IC50,nM,6400.0,IC50,nM,6400.0,COCC(=O)NC/C=C/c1ccc2ncnc(Nc3ccc(Oc4ccc(C)nc4)c(C)c3)c2c1,5.1938200260161125
CHEMBL2103842,IC50,nM,7.0,IC50,nM,7.0,C[C@@H]1COC(Nc2ccc3ncnc(Nc4ccc(OCc5nccs5)c(Cl)c4)c3c2)=N1,8.154901959985743
CHEMBL3982710,IC50,nM,11.6,IC50,nM,11.6,COc1cc(Nc2ncnc3ccc(-c4cn(CCCCCCC(=O)NO)nn4)cc23)ccc1Oc1ccccc1,7.935542010773082
CHEMBL3921816,IC50,nM,5.8,IC50,nM,5.8,COc1cc(Nc2ncnc3ccc(-c4cn(CCCCCC(=O)NO)nn4)cc23)ccc1Oc1ccccc1,8.236572006437063
CHEMBL3893822,IC50,nM,10.0,IC50,nM,10.0,Cc1ccc(Oc2ccc(Nc3ncnc4ccc(-c5cn(CCCCCCC(=O)NO)nn5)cc34)cc2C)cn1,8.0
CHEMBL3930762,IC50,nM,6.4,IC50,nM,6.4,Cc1ccc(Oc2ccc(Nc3ncnc4ccc(-c5cn(CCCCCC(=O)NO)nn5)cc34)cc2C)cn1,8.193820026016112
CHEMBL3902778,IC50,nM,3.6,IC50,nM,3.6,O=C(CCCCCCn1cc(-c2ccc3ncnc(Nc4ccc(OCc5nccs5)c(Cl)c4)c3c2)nn1)NO,8.443697499232712
CHEMBL3939771,IC50,nM,6.9,IC50,nM,6.9,O=C(CCCCCn1cc(-c2ccc3ncnc(Nc4ccc(OCc5nccs5)c(Cl)c4)c3c2)nn1)NO,8.161150909262744
CHEMBL3911796,IC50,nM,4.2,IC50,nM,4.2,O=C(CCCCCCn1cc(-c2ccc3ncnc(Nc4ccc(OCc5cccc(F)c5)c(Cl)c4)c3c2)nn1)NO,8.3767507096021
CHEMBL3964033,IC50,nM,1.9,IC50,nM,1.9,O=C(CCCCCn1cc(-c2ccc3ncnc(Nc4ccc(OCc5cccc(F)c5)c(Cl)c4)c3c2)nn1)NO,8.721246399047171
CHEMBL3930620,IC50,nM,0.12,IC50,nM,0.12,O=C(CCCCCCn1cc(-c2ccc3ncnc(Nc4cccc(Cl)c4F)c3c2)nn1)NO,9.920818753952375
CHEMBL3929484,IC50,nM,0.27,IC50,nM,0.27,O=C(CCCCCn1cc(-c2ccc3ncnc(Nc4cccc(Cl)c4F)c3c2)nn1)NO,9.568636235841012
CHEMBL3957055,IC50,nM,0.69,IC50,nM,0.69,O=C(CCCCCCn1cc(-c2ccc3ncnc(Nc4ccc(F)c(Cl)c4)c3c2)nn1)NO,9.161150909262744
CHEMBL3920583,IC50,nM,0.65,IC50,nM,0.65,O=C(CCCCCn1cc(-c2ccc3ncnc(Nc4ccc(F)c(Cl)c4)c3c2)nn1)NO,9.187086643357144
CHEMBL3931223,IC50,nM,690.0,IC50,nM,690.0,COc1cc2c(Oc3ccc(NC(=O)c4cn(-c5ccccc5OC)cn4)cc3F)ccnc2cc1OCCCN1CCN(C)CC1,6.161150909262744
CHEMBL3883652,IC50,nM,11000.0,IC50,uM,11.0,Cc1cccc(Nc2ccnc(Nc3ccc(N4CCN(C)CC4)cc3)n2)c1,4.958607314841775
CHEMBL3884319,IC50,nM,10000.0,IC50,nM,10000.0,CC1(C)C(=O)N([C@H]2CCc3c(O)cccc32)c2nc(Nc3ccccc3)ncc21,5.0
CHEMBL3917723,IC50,nM,9941.0,IC50,nM,9941.0,COC(=O)CNC(=O)c1ccc(Nc2ncnc3cc(OCCN4CCCCC4)c(OC)cc23)cc1,5.002569926202529
CHEMBL3904787,IC50,nM,763.0,IC50,nM,763.0,COC(=O)CNC(=O)c1ccc(Nc2ncnc3cc(OCCCN4CCOCC4)c(OC)cc23)cc1,6.117475462045119
CHEMBL3975598,IC50,nM,611.0,IC50,nM,611.0,COC(=O)CNC(=O)c1ccc(Nc2ncnc3cc(OCCCN4CCN(C)CC4)c(OC)cc23)cc1,6.213958789757446
CHEMBL3939588,IC50,nM,817.0,IC50,nM,817.0,COc1cc2c(Nc3ccc(NC(=O)Nc4ccc(C)c(C)c4)c(Cl)c3)ncnc2cc1OCCN1CCCCC1,6.087777943467584
CHEMBL3948354,IC50,nM,212.0,IC50,nM,212.0,COc1cc2c(Nc3ccc(NC(=O)Nc4ccccc4)c(Cl)c3)ncnc2cc1OCCN1CCCCC1,6.673664139071248
CHEMBL3920551,IC50,nM,51.0,IC50,nM,51.0,COc1cc2c(Nc3ccc(NC(=O)Nc4ccc(C)c(C)c4)c(Cl)c3)ncnc2cc1OCCCN1CCOCC1,7.292429823902063
CHEMBL3957025,IC50,nM,17.0,IC50,nM,17.0,COc1cc2c(Nc3ccc(NC(=O)Nc4ccc(Cl)cc4)c(Cl)c3)ncnc2cc1OCCCN1CCOCC1,7.769551078621726
CHEMBL3929448,IC50,nM,78.0,IC50,nM,78.0,COc1cc2c(Nc3ccc(NC(=O)Nc4ccc(F)c(Cl)c4)c(Cl)c3)ncnc2cc1OCCCN1CCN(C)CC1,7.107905397309519
CHEMBL3968039,IC50,nM,1.0,IC50,nM,1.0,COc1cc2c(Nc3ccc(NC(=O)Nc4ccc(C)c(C)c4)c(Cl)c3)ncnc2cc1OCCCN1CCN(C)CC1,9.0
CHEMBL3938494,IC50,nM,15.0,IC50,nM,15.0,COc1cc2c(Nc3ccc(NC(=O)Nc4ccccc4C)c(Cl)c3)ncnc2cc1OCCCN1CCN(C)CC1,7.823908740944319
CHEMBL3962233,IC50,nM,1.0,IC50,nM,1.0,COc1cc2c(Nc3ccc(NC(=O)Nc4ccc(Cl)cc4)c(Cl)c3)ncnc2cc1OCCCN1CCN(C)CC1,9.0
CHEMBL3979264,IC50,nM,14.0,IC50,nM,14.0,COc1cc2c(Nc3ccc(NC(=O)Nc4ccccc4)c(Cl)c3)ncnc2cc1OCCCN1CCN(C)CC1,7.853871964321762
CHEMBL3905552,IC50,nM,668.0,IC50,nM,668.0,COc1cc2c(Nc3ccc(NC(=O)Nc4ccc(C)c(C)c4)cc3)ncnc2cc1OCCCN1CCN(C)CC1,6.175223537524454
CHEMBL3933568,IC50,nM,502.0,IC50,nM,502.0,COc1cc2c(Nc3ccc(NC(=O)Nc4ccccc4C)cc3)ncnc2cc1OCCCN1CCN(C)CC1,6.29929628285498
CHEMBL3896615,IC50,nM,500.0,IC50,nM,500.0,COc1cc2c(Nc3ccc(NC(=O)Nc4cccc(Cl)c4)cc3)ncnc2cc1OCCCN1CCN(C)CC1,6.301029995663981
CHEMBL3905242,IC50,nM,235.0,IC50,nM,235.0,COc1cc2c(Nc3ccc(NC(=O)Nc4ccc(Cl)cc4)cc3)ncnc2cc1OCCCN1CCN(C)CC1,6.628932137728263
CHEMBL3923551,IC50,nM,194.0,IC50,nM,194.0,COc1cc2c(Nc3ccc(NC(=O)Nc4ccccc4)cc3)ncnc2cc1OCCCN1CCN(C)CC1,6.7121982700697735
CHEMBL3894623,IC50,nM,4649.0,IC50,nM,4649.0,COc1cc2c(Nc3ccc(NC(=O)Nc4cccc(Cl)c4)cc3)ncnc2cc1OCc1ccccc1,5.3326404538169125
CHEMBL3983460,IC50,nM,2933.0,IC50,nM,2933.0,COc1cc2c(Nc3ccc(NC(=O)Nc4ccccc4)cc3)ncnc2cc1OCc1ccccc1,5.532687937019448
CHEMBL3909214,IC50,nM,100.0,IC50,uM,0.1,O=C(CCCOc1ccc2ncnc(Nc3ccc(F)c(Cl)c3)c2c1)NO,7.0
CHEMBL3979482,IC50,nM,100.0,IC50,uM,0.1,C#Cc1cccc(Nc2ncnc3ccc(OCCCC(=O)NO)cc23)c1,7.0
CHEMBL3912598,IC50,nM,100.0,IC50,uM,0.1,C#Cc1cccc(Nc2ncnc3ccc(OCCCCCC(=O)NO)cc23)c1,7.0
CHEMBL3975990,IC50,nM,100.0,IC50,uM,0.1,C#Cc1cccc(Nc2ncnc3ccc(OCCCCCCC(=O)NO)cc23)c1,7.0
CHEMBL3922068,IC50,nM,100.0,IC50,uM,0.1,Nc1cc(Br)ccc1NC(=O)COc1ccc2ncnc(Nc3ccc(F)c(Cl)c3)c2c1,7.0
CHEMBL3924787,IC50,nM,100.0,IC50,uM,0.1,C[C@@H](Nc1ncnc2ccc(OCCCCCC(=O)NO)cc12)c1ccccc1,7.0
CHEMBL3975710,IC50,nM,1000.0,IC50,uM,1.0,O=C(/C=C/c1ccc(OCCOc2ccc3ncnc(Nc4ccc(F)c(Cl)c4)c3c2)cc1)NO,6.0
CHEMBL3984008,IC50,nM,100.0,IC50,uM,0.1,C[C@@H](Nc1ncnc2ccc(OCCCCCCC(=O)NO)cc12)c1ccccc1,7.0
CHEMBL2309506,IC50,nM,100.0,IC50,uM,0.1,COc1cc2ncnc(N[C@H](C)c3ccc(F)cc3)c2cc1OCCCCCCC(=O)NO,7.0
CHEMBL2309507,IC50,nM,100.0,IC50,uM,0.1,COc1cc2ncnc(N[C@H](C)c3ccc(Cl)cc3)c2cc1OCCCCCCC(=O)NO,7.0
CHEMBL3917951,IC50,nM,100.0,IC50,uM,0.1,COc1cc2ncnc(NCCc3ccccc3)c2cc1OCCCCCCC(=O)NO,7.0
CHEMBL3914607,IC50,nM,100.0,IC50,uM,0.1,COc1cc2ncnc(NCc3ccc(F)c(F)c3)c2cc1OCCCCCCC(=O)NO,7.0
CHEMBL3906200,IC50,nM,100.0,IC50,uM,0.1,COc1cc2ncnc(NCc3cccc(Br)c3)c2cc1OCCCCCCC(=O)NO,7.0
CHEMBL3910297,IC50,nM,1000.0,IC50,uM,1.0,C[C@@H](Nc1ncnc2[nH]c(-c3ccc(CNCC(=O)NO)cc3)cc12)c1ccccc1,6.0
CHEMBL3950023,IC50,nM,100.0,IC50,uM,0.1,C[C@@H](Nc1ncnc2[nH]c(-c3ccc(NC(=O)CCNCC(=O)NO)cc3)cc12)c1ccccc1,7.0
CHEMBL3898480,IC50,nM,100.0,IC50,uM,0.1,C[C@@H](Nc1ncnc2[nH]c(-c3ccc(CNCCCCCCCC(=O)NO)cc3)cc12)c1ccccc1,7.0
CHEMBL3917105,IC50,nM,100.0,IC50,uM,0.1,O=C(CCCCCN1CCN(Cc2ccc(-c3cc4c(NCc5ccccc5)ncnc4[nH]3)cc2)CC1)NO,7.0
CHEMBL3914322,IC50,nM,100.0,IC50,uM,0.1,C[C@@H](Nc1ncnc2[nH]c(-c3ccc(OCCCCCCC(=O)NO)cc3)cc12)c1ccc(F)cc1,7.0
CHEMBL3985004,IC50,nM,100.0,IC50,uM,0.1,O=C(CCCCCCOc1ccc(-c2cc3c(NCc4ccccc4)ncnc3[nH]2)cc1)NO,7.0
CHEMBL3965391,IC50,nM,3.0,IC50,nM,3.0,C=CC(=O)N1CC[C@H](Oc2cc3c(Nc4ccc(F)c(Cl)c4F)ncnc3cc2OC)C1,8.522878745280337
CHEMBL3904966,IC50,nM,10.0,IC50,nM,10.0,C=CC(=O)N1CC[C@H](Oc2cc3c(Nc4ccc(Br)c(Cl)c4F)ncnc3cc2OC)C1,8.0
CHEMBL3968784,IC50,nM,7.0,IC50,nM,7.0,C=CC(=O)N1CC[C@H](Oc2cc3c(Nc4ccc(Cl)c(Cl)c4F)ncnc3cc2OC)C1,8.154901959985743
CHEMBL3922182,IC50,nM,5.0,IC50,nM,5.0,C=CC(=O)N1CC[C@H](Oc2cc3c(Nc4ccc(OCc5ccccn5)c(Cl)c4)ncnc3cc2OC)C1,8.301029995663981
CHEMBL3919447,IC50,nM,12.0,IC50,nM,12.0,C=CC(=O)N1CC[C@H](Oc2cc3c(N[C@H](C)c4ccccc4)ncnc3cc2OC)C1,7.920818753952375
CHEMBL3940909,IC50,nM,9.0,IC50,nM,9.0,C=CC(=O)N1CC[C@H](Oc2ccc3ncnc(Nc4ccc(F)c(Cl)c4F)c3c2)C1,8.045757490560675
CHEMBL3965087,IC50,nM,8.0,IC50,nM,8.0,C=CC(=O)N1CC[C@H](Oc2ccc3ncnc(Nc4ccc(OCc5cccc(F)c5)c(Cl)c4)c3c2)C1,8.096910013008056
CHEMBL3909201,IC50,nM,0.7,IC50,nM,0.7,C=CC(=O)N1CC(Oc2cc3c(Nc4ccc(F)c(Cl)c4F)ncnc3cc2OC)C1,9.154901959985743
CHEMBL3970231,IC50,nM,1.1,IC50,nM,1.1,C=CC(=O)N1CCC(Oc2cc3c(Nc4ccc(F)c(Cl)c4F)ncnc3cc2OC)CC1,8.958607314841775
CHEMBL3926558,IC50,nM,6.0,IC50,nM,6.0,C=CC(=O)N1CC(Oc2cc3c(N[C@H](C)c4ccccc4)ncnc3cc2OC)C1,8.221848749616356
CHEMBL3954587,IC50,nM,6.0,IC50,nM,6.0,C=CC(=O)N1CC(Oc2cc3c(Nc4cccc(Cl)c4F)ncnc3cc2OC)C1,8.221848749616356
CHEMBL3914159,IC50,nM,6.0,IC50,nM,6.0,C=CC(=O)N1CC(Oc2cc3c(Nc4ccc(Cl)c(Cl)c4F)ncnc3cc2OC)C1,8.221848749616356
CHEMBL3898690,IC50,nM,1.6,IC50,nM,1.6,C=CC(=O)N1CC(Oc2cc3c(Nc4cccc(Cl)c4)ncnc3cc2OC)C1,8.795880017344075
CHEMBL3898447,IC50,nM,6.0,IC50,nM,6.0,C=CC(=O)N1CCC(Oc2cc3c(Nc4cccc(Cl)c4F)ncnc3cc2OC)CC1,8.221848749616356
CHEMBL3545154,IC50,nM,1.3,IC50,nM,1.3,C=CC(=O)N1CCC(Oc2cc3c(Nc4ccc(Cl)c(Cl)c4F)ncnc3cc2OC)CC1,8.886056647693163
CHEMBL3932286,IC50,nM,4.2,IC50,nM,4.2,C=CC(=O)N1CCC(Oc2cc3c(Nc4cccc(Cl)c4)ncnc3cc2OC)CC1,8.3767507096021
CHEMBL3940089,IC50,nM,0.7,IC50,nM,0.7,C=CC(=O)N1CCC(Oc2cc3c(Nc4ccc(F)c(Cl)c4F)ncnc3cc2OCCC)CC1,9.154901959985743
CHEMBL3929060,IC50,nM,1.4,IC50,nM,1.4,C=CC(=O)N1CC[C@H](Oc2cc3c(Nc4ccc(F)c(Cl)c4F)ncnc3cc2OC)C[C@H]1C(N)=O,8.853871964321762
CHEMBL3972168,IC50,nM,4.4,IC50,nM,4.4,C=CC(=O)N1CC[C@@H](Oc2cc3c(Nc4ccc(F)c(Cl)c4F)ncnc3cc2OC)C[C@@H]1C(=O)OC,8.356547323513812
CHEMBL3958624,IC50,nM,4.1,IC50,nM,4.1,C=CC(=O)N1CC[C@@H](Oc2cc3c(Nc4ccc(F)c(Cl)c4F)ncnc3cc2OC)C[C@@H]1C(N)=O,8.387216143280265
CHEMBL3900054,IC50,nM,204.0,IC50,nM,204.0,COc1cc2ncnc(Nc3cccc(Cl)c3F)c2cc1OC1CCN(C(=O)CO)CC1,6.690369832574102
CHEMBL3916927,IC50,nM,1.3,IC50,nM,1.3,C=CC(=O)N1CC(Oc2cc3c(Nc4ccc(F)c(Cl)c4)ncnc3cc2OC)C1,8.886056647693163
CHEMBL3910915,IC50,nM,7.6,IC50,nM,7.6,C=CC(=O)N1CCC(Oc2cc3c(Nc4ccc(Br)c(C)c4)ncnc3cc2OC)CC1,8.119186407719209
CHEMBL3971939,IC50,nM,9.3,IC50,nM,9.3,C=CC(=O)N1CCC(Oc2cc3c(Nc4cccc(C)c4)ncnc3cc2OC)CC1,8.031517051446064
CHEMBL3935007,IC50,nM,7.1,IC50,nM,7.1,C=CC(=O)N1CCC(Oc2cc3c(Nc4cccc(Br)c4)ncnc3cc2OC)CC1,8.148741651280925
CHEMBL3978740,IC50,nM,16.2,IC50,nM,16.2,C=CC(=O)N1CCC(Oc2cc3c(Nc4cccc(C(F)(F)F)c4)ncnc3cc2OC)CC1,7.790484985457369
CHEMBL3961848,IC50,nM,3.0,IC50,nM,3.0,C=CC(=O)N1CCC(Oc2cc3c(Nc4cccc(C=C)c4)ncnc3cc2OC)CC1,8.522878745280337
CHEMBL3898077,IC50,nM,2.0,IC50,nM,2.0,C=C(CN(C)C)C(=O)N1CC(Oc2cc3c(Nc4ccc(F)c(Cl)c4F)ncnc3cc2OC)C1,8.698970004336019
CHEMBL3895411,IC50,nM,4.0,IC50,nM,4.0,C=C(CN1CCOCC1)C(=O)N1CC(Oc2cc3c(Nc4ccc(F)c(Cl)c4F)ncnc3cc2OC)C1,8.397940008672037
CHEMBL3985465,IC50,nM,1.8,IC50,nM,1.8,C=CC(=O)N1CC[C@H](Oc2cc3c(Nc4ccc(F)c(Cl)c4F)ncnc3cc2OC)C[C@H]1C(=O)NCCO,8.744727494896694
CHEMBL3980793,IC50,nM,3.8,IC50,nM,3.8,C=CC(=O)N1CC[C@H](Oc2cc3c(Nc4ccc(F)c(Cl)c4F)ncnc3cc2OC)C[C@H]1C(=O)NCCOC,8.42021640338319
CHEMBL3932784,IC50,nM,1.4,IC50,nM,1.4,C=CC(=O)N1CC[C@H](Oc2cc3c(Nc4ccc(F)c(Cl)c4F)ncnc3cc2OC)C[C@H]1C(=O)NCCSC,8.853871964321762
CHEMBL3935492,IC50,nM,3.0,IC50,nM,3.0,C=CC(=O)N1CC[C@H](Oc2cc3c(Nc4ccc(F)c(Cl)c4F)ncnc3cc2OC)C[C@H]1C(=O)NCCS(C)(=O)=O,8.522878745280337
CHEMBL3979366,IC50,nM,6.6,IC50,nM,6.6,C=CC(=O)N1CC[C@H](Oc2cc3c(Nc4ccc(F)c(Cl)c4F)ncnc3cc2OC)C[C@H]1C(=O)NCCN(C)C,8.18045606445813
CHEMBL3946096,IC50,nM,0.9,IC50,nM,0.9,C=CC(=O)N1CC[C@@H](Oc2cc3c(Nc4ccc(F)c(Cl)c4F)ncnc3cc2OC)C[C@@H]1C(=O)NC,9.045757490560675
CHEMBL3983201,IC50,nM,50.0,IC50,nM,50.0,COc1cc2c(Nc3ccc(Cl)c(Cl)c3)ncnc2cc1OCc1csc(-c2ccc(C(F)(F)F)cc2)n1,7.301029995663981
CHEMBL3963620,IC50,nM,50.0,IC50,nM,50.0,COc1cc2c(Nc3ccc(Cl)c(Cl)c3)ncnc2cc1OCc1csc(-c2ccc(Cl)cc2)n1,7.301029995663981
CHEMBL3929002,IC50,nM,50.0,IC50,nM,50.0,COc1cc2c(Nc3ccc(Cl)c(Cl)c3)ncnc2cc1OCc1csc2ccc(Cl)cc12,7.301029995663981
CHEMBL3951099,IC50,nM,50.0,IC50,nM,50.0,COc1cc2c(Nc3ccc(Cl)c(Cl)c3)ncnc2cc1OCc1nc(-c2ccc(C(C)(C)C)cc2)no1,7.301029995663981
CHEMBL3893128,IC50,nM,50.0,IC50,nM,50.0,COc1cc2c(Nc3ccc(Cl)c(Cl)c3)ncnc2cc1OCc1c(-c2c(Cl)cccc2Cl)noc1C,7.301029995663981
CHEMBL3961982,IC50,nM,50.0,IC50,nM,50.0,COc1cc2c(Nc3ccc(Cl)c(Cl)c3)ncnc2cc1OCc1cc(Br)cc(Br)c1,7.301029995663981
CHEMBL3948661,IC50,nM,50.0,IC50,nM,50.0,COc1cc2c(Nc3ccc(Cl)c(Cl)c3)ncnc2cc1OCc1ccc2nc(C(F)(F)F)cc(Cl)c2c1,7.301029995663981
CHEMBL3914599,IC50,nM,50.0,IC50,nM,50.0,CCCN1CCCOC(COc2cc3ncnc(Nc4ccc(Cl)c(Cl)c4)c3cc2OC)C1,7.301029995663981
CHEMBL3944702,IC50,nM,50.0,IC50,nM,50.0,COc1cc(Nc2ncnc3cc(OCC4CN(C)CCO4)c(OC)cc23)c(OC)cc1Cl,7.301029995663981
CHEMBL3676392,IC50,nM,956.0,IC50,nM,956.0,C=CC(=O)Nc1cc2c(Nc3ccc(Br)cc3F)ncnc2cc1OCCOCCOC(=O)CC(=O)O,6.0195421077238995
CHEMBL3676391,IC50,nM,246.0,IC50,nM,246.0,C=CC(=O)Nc1cc2c(Nc3ccc(Br)cc3F)ncnc2cc1OCCOCCOC(=O)CC(=O)OCC,6.609064892896621
CHEMBL3676393,IC50,nM,172.0,IC50,nM,172.0,C=CC(=O)Nc1cc2c(Nc3ccc(Br)cc3F)ncnc2cc1OCC(C)NC(=O)CN(C)C,6.764471553092451
CHEMBL3676394,IC50,nM,149.0,IC50,nM,149.0,C=CC(=O)Nc1cc2c(Nc3ccc(Br)cc3F)ncnc2cc1OCC(NC(=O)CN(C)C)C(C)C,6.826813731587726
CHEMBL3655336,IC50,nM,1.0,IC50,nM,1.0,O=C(/C=C/CN1CCCOCC1)N1CCc2c(sc3ncnc(Nc4ccc(F)c(Cl)c4)c23)C1,9.0
CHEMBL3655337,IC50,nM,1.1,IC50,nM,1.1,O=C(/C=C/CN1C2CCC1CC2)N1CCc2c(sc3ncnc(Nc4ccc(F)c(Cl)c4)c23)C1,8.958607314841775
CHEMBL3655338,IC50,nM,1.0,IC50,nM,1.0,CC(C)(CN1CCOCC1)NC/C=C/C(=O)N1CCc2c(sc3ncnc(Nc4ccc(F)c(Cl)c4)c23)C1,9.0
CHEMBL3655339,IC50,nM,2.0,IC50,nM,2.0,O=C(/C=C/[C@@H]1CCCN1)N1CCc2c(sc3ncnc(Nc4ccc(F)c(Cl)c4)c23)C1,8.698970004336019
CHEMBL3655340,IC50,nM,1.0,IC50,nM,1.0,CN1CCC[C@H]1/C=C/C(=O)N1CCc2c(sc3ncnc(Nc4ccc(F)c(Cl)c4)c23)C1,9.0
CHEMBL3655341,IC50,nM,1.0,IC50,nM,1.0,COCCN(C/C=C/C(=O)N1CCc2c(sc3ncnc(Nc4ccc(F)c(Cl)c4)c23)C1)CCOC,9.0
CHEMBL3655342,IC50,nM,1.0,IC50,nM,1.0,CN(C)C(=O)N1CCN(C/C=C/C(=O)N2CCc3c(sc4ncnc(Nc5ccc(F)c(Cl)c5)c34)C2)CC1,9.0
CHEMBL3655343,IC50,nM,12.0,IC50,nM,12.0,CN(C)C/C=C/C(=O)N1Cc2sc3ncnc(Nc4ccc(F)c(Cl)c4)c3c2C1,7.920818753952375
CHEMBL3655344,IC50,nM,1.4,IC50,nM,1.4,CC(C)N(C)C/C=C/C(=O)N1Cc2sc3ncnc(Nc4ccc(Cl)c(Cl)c4)c3c2C1,8.853871964321762
CHEMBL3655345,IC50,nM,5.0,IC50,nM,5.0,CN(C)C/C=C/C(=O)N1Cc2sc3ncnc(Nc4ccc(OCc5cccc(F)c5)c(Cl)c4)c3c2C1,8.301029995663981
CHEMBL3655346,IC50,nM,19.0,IC50,nM,19.0,CN(C)C/C=C/C(=O)N1Cc2sc3ncnc(Nc4ccc(OCc5ccccn5)c(Cl)c4)c3c2C1,7.721246399047171
CHEMBL3655347,IC50,nM,1.0,IC50,nM,1.0,CC(C)N(C)C/C=C/C(=O)N1CCc2c(oc3ncnc(Nc4ccc(F)c(Cl)c4)c23)C1,9.0
CHEMBL3655348,IC50,nM,10.0,IC50,nM,10.0,CN(C)C/C=C/C(=O)N1CCc2c(sc3ncc(C#N)c(Nc4ccc(F)c(Cl)c4)c23)C1,8.0
CHEMBL3655349,IC50,nM,1.0,IC50,nM,1.0,O=C(/C=C/CNC12CC3CC(CC(C3)C1)C2)N1CCc2c(sc3ncnc(Nc4ccc(Cl)c(Cl)c4)c23)C1,9.0
CHEMBL3655350,IC50,nM,1.0,IC50,nM,1.0,CC(C)C(C)C/C=C/C(=O)N1CCc2c(sc3ncnc(Nc4cc(O)cc(Cl)c4)c23)C1,9.0
CHEMBL3655351,IC50,nM,1.0,IC50,nM,1.0,CN(C/C=C/C(=O)N1CCc2c(sc3ncnc(Nc4cc(O)c(Cl)c(Cl)c4)c23)C1)C(C)(C)C,9.0
CHEMBL3639542,IC50,nM,9.2,IC50,nM,9.2,CC(C)N(C)C/C=C/C(=O)N1CCc2sc3ncnc(Nc4ccc(Cl)c(Cl)c4)c3c2C1,8.036212172654444
CHEMBL3655352,IC50,nM,1.0,IC50,nM,1.0,O=C(/C=C/CN1CCCOCC1)N1CCCc2c(sc3ncnc(Nc4ccc(Cl)c(Cl)c4)c23)C1,9.0
CHEMBL3655353,IC50,nM,4.3,IC50,nM,4.3,N#Cc1cnc2sc3c(c2c1Nc1ccc(Cl)c(Cl)c1)CCN(C(=O)/C=C/CN1CCCOCC1)C3,8.366531544420413
CHEMBL3655354,IC50,nM,6.4,IC50,nM,6.4,CC(C)N(C)C/C=C/C(=O)N1CCc2c(sc3ncc(C#N)c(Nc4ccc5c(cnn5Cc5cccc(F)c5)c4)c23)C1,8.193820026016112
CHEMBL3671475,IC50,nM,3.0,IC50,nM,3.0,C=CC(=O)Nc1cc2c(Nc3ccc(Br)cc3F)ncnc2cc1OCC1CCN(C(C)=O)CC1,8.522878745280337
CHEMBL3671476,IC50,nM,47.0,IC50,nM,47.0,C=CC(=O)Nc1cc2c(Nc3ccc(Br)cc3F)ncnc2cc1OCC1CCN(C(=O)C(F)(F)F)CC1,7.327902142064283
CHEMBL3671477,IC50,nM,26.0,IC50,nM,26.0,C=CC(=O)Nc1cc2c(Nc3ccc(Br)cc3F)ncnc2cc1OCC1CCN(C(=O)CS(C)(=O)=O)CC1,7.585026652029182
CHEMBL3671478,IC50,nM,15.0,IC50,nM,15.0,C=CC(=O)Nc1cc2c(Nc3ccc(Br)cc3F)ncnc2cc1OCC1CCN(C(N)=O)CC1,7.823908740944319
CHEMBL3671479,IC50,nM,3.0,IC50,nM,3.0,C=CC(=O)Nc1cc2c(Nc3ccc(Br)cc3F)ncnc2cc1OCC1CCN(C(=O)C=C)CC1,8.522878745280337
CHEMBL3671480,IC50,nM,56.0,IC50,nM,56.0,C=CC(=O)Nc1cc2c(Nc3ccc(Br)cc3F)ncnc2cc1OCc1ccncc1,7.251811972993799
CHEMBL3671481,IC50,nM,26.0,IC50,nM,26.0,C=CC(=O)Nc1cc2c(Nc3ccc(F)c(F)c3F)ncnc2cc1OCC1CCN(C(C)=O)CC1,7.585026652029182
CHEMBL3671482,IC50,nM,13.0,IC50,nM,13.0,C=CC(=O)Nc1cc2c(Nc3c(F)cc(Br)cc3F)ncnc2cc1OCC1CCN(C(C)=O)CC1,7.886056647693163
CHEMBL3671483,IC50,nM,36.0,IC50,nM,36.0,C=CC(=O)Nc1cc2c(Nc3ccc(Br)cc3F)ncnc2cc1OCC1CCN(C(=O)NCCC)CC1,7.443697499232712
CHEMBL3671484,IC50,nM,6.0,IC50,nM,6.0,C=CC(=O)Nc1cc2c(Nc3ccc(Br)cc3F)ncnc2cc1OCC1CCN(C(=O)CN(C)C)CC1,8.221848749616356
CHEMBL3671485,IC50,nM,14.0,IC50,nM,14.0,C=CC(=O)Nc1cc2c(Nc3ccc(Br)cc3F)ncnc2cc1OCC1CCN(C(=O)NC(C)(C)C)CC1,7.853871964321762
CHEMBL3671486,IC50,nM,2.0,IC50,nM,2.0,C=CC(=O)Nc1cc2c(Nc3ccc(Br)cc3F)ncnc2cc1OCCCNC(=O)CN(C)C,8.698970004336019
CHEMBL3671487,IC50,nM,4.0,IC50,nM,4.0,C=CC(=O)Nc1cc2c(Nc3ccc(Br)cc3F)ncnc2cc1OCCCNC(C)=O,8.397940008672037
CHEMBL3671488,IC50,nM,59.0,IC50,nM,59.0,C=CC(=O)Nc1cc2c(Nc3ccc(Br)cc3F)ncnc2cc1OCCCNC(=O)C(F)(F)F,7.229147988357855
CHEMBL3639703,IC50,nM,68.0,IC50,nM,68.0,C=CC(=O)Nc1cc2c(Nc3ccc(Br)cc3F)ncnc2cc1OCCCNC(=O)CS(C)(=O)=O,7.167491087293763
CHEMBL3671489,IC50,nM,11.0,IC50,nM,11.0,C=CC(=O)Nc1cc2c(Nc3ccc(Br)cc3F)ncnc2cc1OCCCNC(=O)NCC,7.958607314841775
CHEMBL3671490,IC50,nM,3.0,IC50,nM,3.0,C=CC(=O)Nc1cc2c(Nc3ccc(Br)cc3F)ncnc2cc1OCCCNC,8.522878745280337
CHEMBL3671491,IC50,nM,2.0,IC50,nM,2.0,C=CC(=O)Nc1cc2c(Nc3ccc(Br)cc3F)ncnc2cc1OCCNC(C)=O,8.698970004336019
CHEMBL3671492,IC50,nM,9.0,IC50,nM,9.0,C=CC(=O)Nc1cc2c(Nc3ccc(Br)cc3F)ncnc2cc1OCCN(C)C,8.045757490560675
CHEMBL3671493,IC50,nM,10.0,IC50,nM,10.0,C=CC(=O)Nc1cc2c(Nc3ccc(Br)cc3F)ncnc2cc1OCCCCNC(C)=O,8.0
CHEMBL3671494,IC50,nM,8.0,IC50,nM,8.0,C=CC(=O)Nc1cc2c(Nc3ccc(Br)cc3F)ncnc2cc1OCCNC(=O)C1CC1,8.096910013008056
CHEMBL3671495,IC50,nM,5.0,IC50,nM,5.0,C=CC(=O)Nc1cc2c(Nc3ccc(Br)cc3F)ncnc2cc1OCCNC(=O)C(F)F,8.301029995663981
CHEMBL3671496,IC50,nM,2.0,IC50,nM,2.0,C=CC(=O)Nc1cc2c(Nc3ccc(Br)cc3F)ncnc2cc1OCCNC(=O)NCC,8.698970004336019
CHEMBL3671497,IC50,nM,4.0,IC50,nM,4.0,C=CC(=O)Nc1cc2c(Nc3ccc(Br)cc3F)ncnc2cc1OCCNC(N)=O,8.397940008672037
CHEMBL3671498,IC50,nM,2.0,IC50,nM,2.0,C=CC(=O)Nc1cc2c(Nc3ccc(Br)cc3F)ncnc2cc1OCCNC(=O)CN(C)C,8.698970004336019
CHEMBL3671499,IC50,nM,5.0,IC50,nM,5.0,C=CC(=O)NCCOc1cc2ncnc(Nc3ccc(Br)cc3F)c2cc1NC(=O)C=C,8.301029995663981
CHEMBL3671500,IC50,nM,3.0,IC50,nM,3.0,C=CC(=O)Nc1cc2c(Nc3ccc(Br)cc3F)ncnc2cc1OCCNCC(C)=O,8.522878745280337
CHEMBL3671501,IC50,nM,23.0,IC50,nM,23.0,C=CC(=O)Nc1cc2c(Nc3ccc(Br)cc3F)ncnc2cc1OCCNC(=O)C(F)(F)F,7.638272163982407
CHEMBL3671502,IC50,nM,4.0,IC50,nM,4.0,C=CC(=O)Nc1cc2c(Nc3ccc(Br)cc3F)ncnc2cc1OCCN,8.397940008672037
CHEMBL3671503,IC50,nM,96.0,IC50,nM,96.0,C=CC(=O)Nc1cc2c(Nc3ccc(Br)cc3F)ncnc2cc1OCCNC,7.017728766960431
CHEMBL3671504,IC50,nM,90.0,IC50,nM,90.0,C=CCCOc1cc2ncnc(Nc3ccc(Br)cc3F)c2cc1NC(=O)C=C,7.045757490560675
CHEMBL3671505,IC50,nM,25.0,IC50,nM,25.0,C=CC(=O)Nc1cc2c(Nc3ccc(Br)cc3F)ncnc2cc1OCCOC,7.6020599913279625
CHEMBL3671506,IC50,nM,25.0,IC50,nM,25.0,C=CC(=O)Nc1cc2c(Nc3ccc(Br)cc3F)ncnc2cc1OCCNS(C)(=O)=O,7.6020599913279625
CHEMBL3671507,IC50,nM,26.0,IC50,nM,26.0,C=CC(=O)Nc1cc2c(Nc3ccc(Br)cc3F)ncnc2cc1OCCNC(=O)NCCC,7.585026652029182
CHEMBL3671508,IC50,nM,98.0,IC50,nM,98.0,C=CC(=O)Nc1cc2c(Nc3ccc(Br)cc3F)ncnc2cc1OCCNC(=S)NC,7.008773924307505
CHEMBL3671509,IC50,nM,91.0,IC50,nM,91.0,C=CC(=O)Nc1cc2c(Nc3ccc(Br)cc3F)ncnc2cc1OCCNC(=S)NCC,7.040958607678906
CHEMBL3671510,IC50,nM,36.0,IC50,nM,36.0,C=CC(=O)Nc1cc2c(Nc3ccc(Br)cc3F)ncnc2cc1OCCNC(=O)NC(C)C,7.443697499232712
CHEMBL3671511,IC50,nM,20.0,IC50,nM,20.0,C=CC(=O)Nc1cc2c(Nc3ccc(Br)cc3F)ncnc2cc1OCCNC(=O)NC(C)CC,7.698970004336019
CHEMBL3671512,IC50,nM,29.0,IC50,nM,29.0,C=CNC(=O)NCCOc1cc2ncnc(Nc3ccc(Br)cc3F)c2cc1NC(=O)C=C,7.5376020021010435
CHEMBL3671513,IC50,nM,19.0,IC50,nM,19.0,C=CCNC(=O)NCCOc1cc2ncnc(Nc3ccc(Br)cc3F)c2cc1NC(=O)C=C,7.721246399047171
CHEMBL3671514,IC50,nM,35.0,IC50,nM,35.0,C=CC(=O)Nc1cc2c(Nc3ccc(Br)c(Cl)c3F)ncnc2cc1OCCNC(=O)N1CCOCC1,7.455931955649724
CHEMBL3671515,IC50,nM,59.0,IC50,nM,59.0,C=CC(=O)Nc1cc2c(Nc3ccc(Br)cc3F)ncnc2cc1OCCN(C)C(C)=O,7.229147988357855
CHEMBL3671516,IC50,nM,109.0,IC50,nM,109.0,C=CC(=O)Nc1cc2c(Nc3ccc(Br)cc3F)ncnc2cc1SCCNC(C)=O,6.962573502059376
CHEMBL3671517,IC50,nM,14.0,IC50,nM,14.0,C=CC(=O)Nc1cc2c(Nc3ccc(Br)cc3F)ncnc2cc1OCCNC(=O)COC,7.853871964321762
CHEMBL3671518,IC50,nM,32.0,IC50,nM,32.0,C=CC(=O)Nc1cc2c(Nc3ccc(Br)cc3F)ncnc2cc1OCCNC(=O)CO,7.494850021680094
CHEMBL3671519,IC50,nM,39.0,IC50,nM,39.0,C=CC(=O)Nc1cc2c(Nc3ccc(Br)cc3F)ncnc2cc1OCCNC(=O)CSC,7.4089353929735005
CHEMBL3671520,IC50,nM,24.0,IC50,nM,24.0,C=CC(=O)Nc1cc2c(Nc3ccc(Br)cc3F)ncnc2cc1OCCNC(=O)CS(C)(=O)=O,7.619788758288394
CHEMBL3671521,IC50,nM,128.0,IC50,nM,128.0,C=CC(=O)Nc1cc2c(Nc3ccc(Br)cc3F)ncnc2cc1OCCNC(=O)C(C)C,6.892790030352131
CHEMBL3671522,IC50,nM,69.0,IC50,nM,69.0,C=CC(=O)Nc1cc2c(Nc3ccc(Br)cc3F)ncnc2cc1OCCNC(=O)C(=C)C,7.161150909262744
CHEMBL3671523,IC50,nM,19.0,IC50,nM,19.0,C=CC(=O)Nc1cc2c(Nc3ccc(Br)cc3F)ncnc2cc1OCCNC(=O)/C=C/C,7.721246399047171
CHEMBL3671524,IC50,nM,32.0,IC50,nM,32.0,C=CC(=O)Nc1cc2c(Nc3ccc(Br)cc3F)ncnc2cc1OCCNC(=O)CCC,7.494850021680094
CHEMBL3671525,IC50,nM,36.0,IC50,nM,36.0,C=CC(=O)Nc1cc2c(Nc3ccc(Br)cc3F)ncnc2cc1OCCNC(=O)/C=C/CC,7.443697499232712
CHEMBL3671526,IC50,nM,16.0,IC50,nM,16.0,C=CC(=O)Nc1cc2c(Nc3ccc(Br)cc3F)ncnc2cc1OCCNC(=O)/C=C/CN(C)C,7.795880017344075
CHEMBL3671527,IC50,nM,45.0,IC50,nM,45.0,C=CC(=O)Nc1cc2c(Nc3ccc(Br)c(Cl)c3F)ncnc2cc1OCCNC(=O)NC(C)(C)C,7.346787486224656
CHEMBL3676390,IC50,nM,589.0,IC50,nM,589.0,C=CC(=O)Nc1cc2c(Nc3ccc(Br)cc3F)ncnc2cc1OCCNC(=O)CC,6.229884705212898
CHEMBL3671528,IC50,nM,198.0,IC50,nM,198.0,C=CC(=O)Nc1cc2c(Nc3ccc(Br)cc3F)ncnc2cc1OCCNC(=O)CN(C)CC,6.703334809738469
CHEMBL3671529,IC50,nM,89.0,IC50,nM,89.0,C=CC(=O)Nc1cc2c(Nc3ccc(Br)cc3F)ncnc2cc1OCCNC(=O)CN,7.050609993355087
CHEMBL3671530,IC50,nM,125.0,IC50,nM,125.0,C=CC(=O)Nc1cc2c(Nc3ccc(Br)cc3F)ncnc2cc1OCCNC(=O)C(C)N(C)C,6.903089986991944
CHEMBL3671531,IC50,nM,44.0,IC50,nM,44.0,C=CC(=O)Nc1cc2c(Nc3ccc(Br)cc3F)ncnc2cc1OCCNC(=O)CCN(CC)CC,7.356547323513812
CHEMBL3671532,IC50,nM,136.0,IC50,nM,136.0,C=CC(=O)Nc1cc2c(Nc3ccc(Br)cc3F)ncnc2cc1OCCNC(=O)CNC,6.866461091629782
CHEMBL3671533,IC50,nM,9.0,IC50,nM,9.0,C=CC(=O)Nc1cc2c(Nc3ccc(Br)cc3F)ncnc2cc1OCCNC(=O)CCN(C)C,8.045757490560675
CHEMBL3671534,IC50,nM,258.0,IC50,nM,258.0,C=CC(=O)Nc1cc2c(Nc3ccc(Br)cc3F)ncnc2cc1OCCNC(=O)CCN,6.58838029403677
CHEMBL3671535,IC50,nM,158.0,IC50,nM,158.0,C=CC(=O)Nc1cc2c(Nc3ccc(Br)cc3F)ncnc2cc1OCCNC(=O)OC,6.801342913045577
CHEMBL3671536,IC50,nM,70.0,IC50,nM,70.0,C=CC(=O)Nc1cc2c(Nc3ccc(Br)cc3F)ncnc2cc1OCCNC(=O)CCOC,7.154901959985743
CHEMBL3671537,IC50,nM,652.0,IC50,nM,652.0,C=CC(=O)Nc1cc2c(Nc3ccc(Br)cc3F)ncnc2cc1OCC(=O)NCCN(CC)CC,6.185752404268079
CHEMBL3671538,IC50,nM,21.0,IC50,nM,21.0,C=CC(=O)Nc1cc2c(Nc3ccc(Br)cc3F)ncnc2cc1OCCNC(=O)CCCN(C)C,7.6777807052660805
CHEMBL3671539,IC50,nM,89.0,IC50,nM,89.0,C=CC(=O)Nc1cc2c(Nc3ccc(Br)cc3F)ncnc2cc1OCCNC(=O)CCO,7.050609993355087
CHEMBL3671540,IC50,nM,156.0,IC50,nM,156.0,C=CC(=O)Nc1cc2c(Nc3ccc(F)cc3F)ncnc2cc1OCCNC(=O)CN(C)C,6.806875401645538
CHEMBL3671541,IC50,nM,98.0,IC50,nM,98.0,C=CC(=O)Nc1cc2c(Nc3ccc(Br)cc3F)ncnc2cc1OCCNC(=O)C(=O)OCC,7.008773924307505
CHEMBL3671542,IC50,nM,102.0,IC50,nM,102.0,C=CC(=O)Nc1cc2c(Nc3ccc(Br)cc3F)ncnc2cc1OCCNC(=O)C(=O)O,6.991399828238082
CHEMBL3671543,IC50,nM,256.0,IC50,nM,256.0,C=CC(=O)Nc1cc2c(Nc3ccc(Br)cc3F)ncnc2cc1OCCNC(=O)/C=N/OC,6.59176003468815
CHEMBL3671544,IC50,nM,251.0,IC50,nM,251.0,C=CC(=O)Nc1cc2c(Nc3ccc(Br)cc3F)ncnc2cc1OCCNC(=O)C(C)CN(C)C,6.600326278518962
CHEMBL3671545,IC50,nM,325.0,IC50,nM,325.0,C=CC(=O)Nc1cc2c(Nc3ccc(Br)cc3F)ncnc2cc1OCCNC(=O)CC(C)N(C)C,6.488116639021126
CHEMBL3671546,IC50,nM,1020.0,IC50,nM,1020.0,C=C(C)C(=O)Nc1cc2c(Nc3ccc(Br)cc3F)ncnc2cc1OCCNC(C)=O,5.991399828238082
CHEMBL3671547,IC50,nM,866.0,IC50,nM,866.0,CCC(=O)Nc1cc2c(Nc3ccc(Br)cc3F)ncnc2cc1OCCNC(C)=O,6.062482107982653
CHEMBL3671548,IC50,nM,389.0,IC50,nM,389.0,C=CC(=O)N(C)c1cc2c(Nc3ccc(Br)cc3F)ncnc2cc1OCCNC(C)=O,6.410050398674292
CHEMBL3671549,IC50,nM,78.0,IC50,nM,78.0,C=CC(=O)Nc1cc2c(Nc3ccc(Br)c(F)c3)ncnc2cc1OCCNC(=O)CN(C)C,7.107905397309519
CHEMBL3671550,IC50,nM,36.0,IC50,nM,36.0,C=CC(=O)Nc1cc2c(Nc3ccc(Br)cc3F)ncnc2cc1OC(C)CNC(C)=O,7.443697499232712
CHEMBL3671551,IC50,nM,154.0,IC50,nM,154.0,C=CC(=O)Nc1cc2c(Nc3ccc(Br)cc3F)ncnc2cc1OCC(C)NC(C)=O,6.812479279163537
CHEMBL3671552,IC50,nM,29.0,IC50,nM,29.0,C=CC(=O)Nc1cc2c(Nc3ccc(Br)cc3F)ncnc2cc1OC[C@@H](C)NC(C)=O,7.5376020021010435
CHEMBL3671553,IC50,nM,98.0,IC50,nM,98.0,C=CC(=O)Nc1cc2c(Nc3ccc(Br)cc3F)ncnc2cc1OC[C@H](C)NC(C)=O,7.008773924307505
CHEMBL3671554,IC50,nM,26.0,IC50,nM,26.0,C=CC(=O)Nc1cc2c(Nc3ccc(Br)cc3F)ncnc2cc1OCCCNCC(C)=O,7.585026652029182
CHEMBL3671555,IC50,nM,29.0,IC50,nM,29.0,C=CC(=O)Nc1cc2c(Nc3ccc(Br)cc3F)ncnc2cc1OCC(C)NC(=O)NCCC,7.5376020021010435
CHEMBL3671556,IC50,nM,69.0,IC50,nM,69.0,C=CC(=O)Nc1cc2c(Nc3ccc(Br)cc3F)ncnc2cc1OCC(CC)NC(C)=O,7.161150909262744
CHEMBL3671557,IC50,nM,40.0,IC50,nM,40.0,C=CC(=O)Nc1cc2c(Nc3ccc(Br)cc3F)ncnc2cc1OCCCNCCC=O,7.3979400086720375
CHEMBL3671558,IC50,nM,94.0,IC50,nM,94.0,C=CC(=O)Nc1cc2c(Nc3ccc(Br)cc3F)ncnc2cc1OC1CCN(C(C)=O)C1,7.026872146400302
CHEMBL3671559,IC50,nM,128.0,IC50,nM,128.0,C=CC(=O)Nc1cc2c(Nc3ccc(Br)cc3F)ncnc2cc1OC1CCCN(C(C)=O)C1,6.892790030352131
CHEMBL3671560,IC50,nM,295.0,IC50,nM,295.0,C=CC(=O)Nc1cc2c(Nc3ccc(Br)cc3F)ncnc2cc1OCCNc1nccs1,6.530177984021837
CHEMBL3671561,IC50,nM,17.0,IC50,nM,17.0,C=CC(=O)Nc1cc2c(Nc3ccc(Br)cc3F)ncnc2cc1OCC1CNC(=O)O1,7.769551078621726
CHEMBL3671562,IC50,nM,47.0,IC50,nM,47.0,C=CC(=O)Nc1cc2c(Nc3ccc(Br)cc3F)ncnc2cc1OCCNC(=O)c1cccs1,7.327902142064283
CHEMBL3671563,IC50,nM,36.0,IC50,nM,36.0,C=CC(=O)Nc1cc2c(Nc3ccc(Br)cc3F)ncnc2cc1OCCNC(=O)N1CCOCC1,7.443697499232712
CHEMBL3671564,IC50,nM,698.0,IC50,nM,698.0,C=CC(=O)Nc1cc2c(Nc3ccc(Br)cc3F)ncnc2cc1OCCNC(=O)N1CCNCC1,6.156144577376839
CHEMBL3671565,IC50,nM,76.0,IC50,nM,76.0,C=CC(=O)Nc1cc2c(Nc3ccc(Br)cc3F)ncnc2cc1OCCNC(=O)N1CCN(C(C)=O)CC1,7.119186407719209
CHEMBL3671566,IC50,nM,13.0,IC50,nM,13.0,C=CC(=O)Nc1cc2c(Nc3ccc(Br)cc3F)ncnc2cc1OCCNC(=O)N1CCN(C)CC1,7.886056647693163
CHEMBL3671567,IC50,nM,1954.0,IC50,nM,1954.0,C=CC(=O)Nc1cc2c(Nc3ccc(Br)cc3F)ncnc2cc1OCCNC(=O)C1CCCN1,5.709075440617245
CHEMBL3671568,IC50,nM,69.0,IC50,nM,69.0,C=CC(=O)Nc1cc2c(Nc3ccc(Br)cc3F)ncnc2cc1OCCNC(=O)C1CCCN1C,7.161150909262744
CHEMBL3671569,IC50,nM,368.0,IC50,nM,368.0,C=CC(=O)Nc1cc2c(Nc3ccc(Br)cc3F)ncnc2cc1OCCNC(=O)c1ccc[nH]1,6.434152181326482
CHEMBL3671570,IC50,nM,7.0,IC50,nM,7.0,C=CC(=O)Nc1cc2c(Nc3ccc(Br)cc3F)ncnc2cc1OCCNC(=O)CN1CCCCC1,8.154901959985743
CHEMBL3671571,IC50,nM,12.0,IC50,nM,12.0,C=CC(=O)Nc1cc2c(Nc3ccc(Br)cc3F)ncnc2cc1OCCNC(=O)CN1CCN(C)CC1,7.920818753952375
CHEMBL3671572,IC50,nM,32.0,IC50,nM,32.0,C=CC(=O)Nc1cc2c(Nc3ccc(Br)cc3F)ncnc2cc1OCCNC(=O)CN1CCOCC1,7.494850021680094
CHEMBL3671573,IC50,nM,14.0,IC50,nM,14.0,C=CC(=O)Nc1cc2c(Nc3ccc(Br)cc3F)ncnc2cc1OCCNC(=O)CCN1CCCCC1,7.853871964321762
CHEMBL3671574,IC50,nM,25.0,IC50,nM,25.0,C=CC(=O)Nc1cc2c(Nc3ccc(Br)cc3F)ncnc2cc1OCCNC(=O)C1CCCN1C(C)=O,7.6020599913279625
CHEMBL3671575,IC50,nM,196.0,IC50,nM,196.0,C=CC(=O)Nc1cc2c(Nc3ccc(Br)cc3F)ncnc2cc1OCCNC(=O)C1CCCN1C(=O)CC,6.707743928643524
CHEMBL3671576,IC50,nM,45.0,IC50,nM,45.0,C=CC(=O)Nc1cc2c(Nc3ccc(Br)cc3F)ncnc2cc1OCCNC(=O)CN1CCCC1,7.346787486224656
CHEMBL3671577,IC50,nM,32.0,IC50,nM,32.0,C=CC(=O)Nc1cc2c(Nc3ccc(Br)cc3F)ncnc2cc1OCCNC(=O)CN1CC=CC1,7.494850021680094
CHEMBL3671578,IC50,nM,125.0,IC50,nM,125.0,C=CC(=O)Nc1cc2c(Nc3ccc(Br)cc3F)ncnc2cc1OCC1=NCCO1,6.903089986991944
CHEMBL3671579,IC50,nM,987.0,IC50,nM,987.0,C=CC(=O)Nc1cc2c(Nc3ccc(Br)cc3F)ncnc2cc1OCCNC(=O)CN1CCC1,6.005682847330363
CHEMBL3671580,IC50,nM,12.0,IC50,nM,12.0,C=CC(=O)Nc1cc2c(Nc3ccc(F)c(Cl)c3)ncnc2cc1OCCNC(C)=O,7.920818753952375
CHEMBL3671581,IC50,nM,18.0,IC50,nM,18.0,C=CC(=O)Nc1cc2c(Nc3ccc(Cl)cc3F)ncnc2cc1OCCNC(C)=O,7.7447274948966935
CHEMBL3671582,IC50,nM,49.0,IC50,nM,49.0,C=CC(=O)Nc1cc2c(Nc3ccc(Cl)cc3Cl)ncnc2cc1OCCNC(C)=O,7.309803919971486
CHEMBL3671583,IC50,nM,456.0,IC50,nM,456.0,C=CC(=O)Nc1cc2c(Nc3ccc(Br)cc3C(F)(F)F)ncnc2cc1OCCNC(C)=O,6.341035157335565
CHEMBL3671584,IC50,nM,42.0,IC50,nM,42.0,C=CC(=O)Nc1cc2c(Nc3ccc(Br)cc3Cl)ncnc2cc1OCCNC(C)=O,7.376750709602099
CHEMBL3671585,IC50,nM,419.0,IC50,nM,419.0,C=CC(=O)Nc1cc2c(Nc3ccc(Cl)cc3F)ncnc2cc1OCCNC(=O)CN(C)C,6.377785977033705
CHEMBL3676338,IC50,nM,924.0,IC50,nM,924.0,C=CC(=O)Nc1cc2c(Nc3cccc(Cl)c3F)ncnc2cc1OCCNC(=O)CN(C)C,6.0343280287798935
CHEMBL3676339,IC50,nM,14.0,IC50,nM,14.0,C=CC(=O)Nc1cc2c(Nc3ccc(F)c(F)c3F)ncnc2cc1OCCNC(C)=O,7.853871964321762
CHEMBL3639752,IC50,nM,12.0,IC50,nM,12.0,C=CC(=O)Nc1cc2c(Nc3cc(F)c(Br)cc3F)ncnc2cc1OCCNC(C)=O,7.920818753952375
CHEMBL3676340,IC50,nM,22.0,IC50,nM,22.0,C=CC(=O)Nc1cc2c(Nc3c(F)cc(Br)cc3F)ncnc2cc1OCCNC(C)=O,7.657577319177793
CHEMBL3676341,IC50,nM,5.0,IC50,nM,5.0,C=CC(=O)Nc1cc2c(Nc3cc(Cl)c(Cl)cc3F)ncnc2cc1OCCNC(C)=O,8.301029995663981
CHEMBL3676342,IC50,nM,876.0,IC50,nM,876.0,C=CC(=O)Nc1cc2c(Nc3cc(Cl)c(Cl)cc3Cl)ncnc2cc1OCCNC(C)=O,6.057495893831919
CHEMBL3676343,IC50,nM,175.0,IC50,nM,175.0,C=CC(=O)Nc1cc2c(Nc3c(F)cc(Br)cc3F)ncnc2cc1OCCNC(=O)CN(C)C,6.756961951313706
CHEMBL3676344,IC50,nM,18.0,IC50,nM,18.0,C=CC(=O)Nc1cc2c(Nc3ccc(Br)c(F)c3F)ncnc2cc1OCCNC(=O)CN(C)C,7.7447274948966935
CHEMBL3676345,IC50,nM,19.0,IC50,nM,19.0,C=CC(=O)Nc1cc2c(Nc3ccc(Br)c(F)c3F)ncnc2cc1OCCNC(=O)CCN(CC)CC,7.721246399047171
CHEMBL3676346,IC50,nM,894.0,IC50,nM,894.0,C=CC(=O)Nc1cc2c(Nc3ccc(Br)c(F)c3F)ncnc2cc1OCCNC(=O)CCN1CCCCC1,6.048662481204082
CHEMBL3676347,IC50,nM,568.0,IC50,nM,568.0,C=CC(=O)Nc1cc2c(Nc3ccc(Br)c(F)c3F)ncnc2cc1OCCNC(=O)CCCN(C)C,6.245651664288981
CHEMBL3676348,IC50,nM,65.0,IC50,nM,65.0,C=CC(=O)Nc1cc2c(Nc3ccc(Cl)nc3)ncnc2cc1OCCNC(C)=O,7.187086643357144
CHEMBL3676349,IC50,nM,80.0,IC50,nM,80.0,C=CC(=O)Nc1cc2c(Nc3cc(OC)c(Cl)cc3F)ncnc2cc1OCCNC(C)=O,7.096910013008056
CHEMBL3676350,IC50,nM,796.0,IC50,nM,796.0,C=CC(=O)Nc1cc2c(Nc3ccc(OCc4cccnc4)c(Cl)c3)ncnc2cc1OCCNC(C)=O,6.099086932262331
CHEMBL3676351,IC50,nM,10000.0,IC50,nM,10000.0,C=CC(=O)Nc1cc2c(Nc3cc(C(=O)NOC)c(Br)cc3F)ncnc2cc1OCCNC(C)=O,5.0
CHEMBL3676352,IC50,nM,42.0,IC50,nM,42.0,C=CC(=O)Nc1cc2c(Nc3cc(OC)c(Cl)cc3Cl)ncnc2cc1OCCNC(C)=O,7.376750709602099
CHEMBL3676353,IC50,nM,15.0,IC50,nM,15.0,C=CC(=O)Nc1cc2c(Nc3cc(Cl)c(Br)cc3F)ncnc2cc1OCCNC(C)=O,7.823908740944319
CHEMBL3676354,IC50,nM,13.0,IC50,nM,13.0,C=CC(=O)Nc1cc2c(Nc3cc(Cl)c(Br)cc3F)ncnc2cc1OCCNCC(C)=O,7.886056647693163
CHEMBL3676355,IC50,nM,9.0,IC50,nM,9.0,C=CC(=O)Nc1cc2c(Nc3cc(Cl)c(Br)cc3F)ncnc2cc1OCCNC(=O)CN(C)C,8.045757490560675
CHEMBL3676356,IC50,nM,321.0,IC50,nM,321.0,C=CC(=O)Nc1cc2c(Nc3cc(Cl)c(Cl)cc3F)ncnc2cc1OCCN(C)C,6.493494967595128
CHEMBL3676357,IC50,nM,4.0,IC50,nM,4.0,C=CC(=O)Nc1cc2c(Nc3cc(Cl)c(Cl)cc3F)ncnc2cc1OCCNCC(C)=O,8.397940008672037
CHEMBL3676358,IC50,nM,20.0,IC50,nM,20.0,C=CC(=O)Nc1cc2c(Nc3cc(Cl)c(Cl)cc3F)ncnc2cc1OCCNC(=O)COC,7.698970004336019
CHEMBL3676359,IC50,nM,40.0,IC50,nM,40.0,C=CC(=O)Nc1cc2c(Nc3cc(Cl)c(Cl)cc3F)ncnc2cc1OCCNC(=O)CS(C)(=O)=O,7.3979400086720375
CHEMBL3676360,IC50,nM,9.0,IC50,nM,9.0,C=CC(=O)Nc1cc2c(Nc3cc(Cl)c(Cl)cc3F)ncnc2cc1OCCNC(=O)CN(C)C,8.045757490560675
CHEMBL3676361,IC50,nM,13.0,IC50,nM,13.0,C=CC(=O)Nc1cc2c(Nc3ccc(Br)c(Cl)c3F)ncnc2cc1OCCNC(C)=O,7.886056647693163
CHEMBL3676362,IC50,nM,14.0,IC50,nM,14.0,C=CC(=O)Nc1cc2c(Nc3ccc(Br)c(Cl)c3F)ncnc2cc1OCCNCC(C)=O,7.853871964321762
CHEMBL3676363,IC50,nM,19.0,IC50,nM,19.0,C=CC(=O)Nc1cc2c(Nc3ccc(Br)c(Cl)c3F)ncnc2cc1OCCNC(=O)CN(C)C,7.721246399047171
CHEMBL3676364,IC50,nM,7.0,IC50,nM,7.0,C=CC(=O)Nc1cc2c(Nc3ccc(Br)c(Cl)c3F)ncnc2cc1OCCNC(=O)CCN(CC)CC,8.154901959985743
CHEMBL3676365,IC50,nM,41.0,IC50,nM,41.0,C=CC(=O)Nc1cc2c(Nc3ccc(Br)c(Cl)c3F)ncnc2cc1OCCNC(=O)CCO,7.3872161432802645
CHEMBL3676366,IC50,nM,213.0,IC50,nM,213.0,C=CC(=O)Nc1cc2c(Nc3ccc(Br)c(Cl)c3F)ncnc2cc1OCCNC(=O)COC,6.671620396561262
CHEMBL3676367,IC50,nM,12.0,IC50,nM,12.0,C=CC(=O)Nc1cc2c(Nc3ccc(Br)c(Cl)c3F)ncnc2cc1OCCNC(=O)CCN1CCCCC1,7.920818753952375
CHEMBL3676368,IC50,nM,28.0,IC50,nM,28.0,C=CC(=O)Nc1cc2c(Nc3ccc(Br)c(Cl)c3F)ncnc2cc1OCCNC(=O)CCCN(C)C,7.552841968657781
CHEMBL3676369,IC50,nM,16.0,IC50,nM,16.0,C=CC(=O)Nc1cc2c(Nc3ccc(Br)c(Cl)c3F)ncnc2cc1OCCNC(=O)CO,7.795880017344075
CHEMBL3676370,IC50,nM,21.0,IC50,nM,21.0,C=CC(=O)Nc1cc2c(Nc3ccc(Br)c(Cl)c3F)ncnc2cc1OCCNC(=O)CCOC,7.6777807052660805
CHEMBL3676371,IC50,nM,58.0,IC50,nM,58.0,C=CC(=O)Nc1cc2c(Nc3ccc(Br)c(Cl)c3F)ncnc2cc1OCCNC(=O)CN(CC)CC,7.236572006437063
CHEMBL3676372,IC50,nM,75.0,IC50,nM,75.0,C=CC(=O)Nc1cc2c(Nc3ccc(Br)c(Cl)c3)ncnc2cc1OCCNC(=O)CN(C)C,7.1249387366083
CHEMBL3676373,IC50,nM,222.0,IC50,nM,222.0,C=CC(=O)Nc1cc2c(Nc3ccc(Br)cc3F)ncnc2cc1OCC(C)(C)NC(=O)CN(C)C,6.653647025549361
CHEMBL3676374,IC50,nM,24.0,IC50,nM,24.0,C=CC(=O)Nc1cc2c(Nc3ccc(Br)cc3F)ncnc2cc1OCC(C)NC(=O)CCN(CC)CC,7.619788758288394
CHEMBL3676375,IC50,nM,88.0,IC50,nM,88.0,C=CC(=O)Nc1cc2c(Nc3ccc(Br)c(Cl)c3F)ncnc2cc1OCC(C)NC(=O)CN(C)C,7.055517327849832
CHEMBL3676376,IC50,nM,23.1,IC50,nM,23.1,C=CC(=O)Nc1cc2c(Nc3ccc(Br)c(Cl)c3F)ncnc2cc1OC[C@H](C)NC(=O)CN(C)C,7.636388020107856
CHEMBL3676377,IC50,nM,286.0,IC50,nM,286.0,C=CC(=O)Nc1cc2c(Nc3ccc(Br)c(Cl)c3F)ncnc2cc1OC[C@@H](C)NC(=O)CN(C)C,6.543633966870957
CHEMBL3676378,IC50,nM,23.0,IC50,nM,23.0,C=CC(=O)Nc1cc2c(Nc3ccc(Br)cc3F)ncnc2cc1OCC(CC)NC(=O)CN(C)C,7.638272163982407
CHEMBL3676379,IC50,nM,57.0,IC50,nM,57.0,C=CC(=O)Nc1cc2c(Nc3ccc(Br)cc3F)ncnc2cc1OCCNC(=O)C(COC)N(C)C,7.2441251443275085
CHEMBL3676380,IC50,nM,126.0,IC50,nM,126.0,C=CC(=O)Nc1cc2c(Nc3ccc(Br)cc3F)ncnc2cc1OCCNC(=O)C(CO)N(C)C,6.899629454882437
CHEMBL3676381,IC50,nM,98.0,IC50,nM,98.0,C=CC(=O)Nc1cc2c(Nc3ccc(Br)c(Cl)c3F)ncnc2cc1OCCNC(=O)OC,7.008773924307505
CHEMBL3676382,IC50,nM,14.0,IC50,nM,14.0,C=CC(=O)Nc1cc2c(Nc3cc(OC)c(Cl)cc3OC)ncnc2cc1OCCNC(=O)CN(C)C,7.853871964321762
CHEMBL3676383,IC50,nM,26.0,IC50,nM,26.0,C=CC(=O)Nc1cc2c(Nc3ccc(Br)cc3F)ncnc2cc1OCCNC(=O)CN(CC)CC,7.585026652029182
CHEMBL3676384,IC50,nM,8.0,IC50,nM,8.0,C=CC(=O)Nc1cc2c(Nc3ccc(Br)c(Cl)c3F)ncnc2cc1OCCNC(=O)NCC,8.096910013008056
CHEMBL3676385,IC50,nM,26.0,IC50,nM,26.0,C=CC(=O)Nc1cc2c(Nc3ccc(Br)c(Cl)c3F)ncnc2cc1OCCNC(=O)NCCC,7.585026652029182
CHEMBL3676386,IC50,nM,68.0,IC50,nM,68.0,C=CC(=O)Nc1cc2c(Nc3ccc(Br)c(Cl)c3F)ncnc2cc1OCCNC(=S)NCC,7.167491087293763
CHEMBL3676387,IC50,nM,20.0,IC50,nM,20.0,C=CC(=O)Nc1cc2c(Nc3ccc(Br)cc3F)ncnc2cc1OCC1CCN(C(=O)NCC)CC1,7.698970004336019
CHEMBL3676388,IC50,nM,87.0,IC50,nM,87.0,C=CC(=O)Nc1cc2c(Nc3cc(OC)c(Cl)cc3OC)ncnc2cc1OCCNC(C)=O,7.060480747381382
CHEMBL3676389,IC50,nM,18.0,IC50,nM,18.0,C=CC(=O)Nc1cc2c(Nc3ccc(Br)cc3F)ncnc2cc1OCCNC(=O)C(C)N,7.7447274948966935
CHEMBL3647417,IC50,nM,48.0,IC50,nM,48.0,CCOc1cc2ncc(C#N)c(Nc3ccc(OCc4ccccn4)c(Cl)c3)c2cc1NC(=O)/C=C/[C@@H]1CCCN1C,7.318758762624412
CHEMBL3647418,IC50,nM,6.0,IC50,nM,6.0,CCOc1cc2ncc(C#N)c(Nc3ccc(OCc4ccccn4)c(Cl)c3)c2cc1NC(=O)/C=C/[C@@H]1CCCN1,8.221848749616356
CHEMBL3941626,IC50,nM,59.0,IC50,nM,59.0,CCOc1cc2[nH]cc(C#N)c(=Nc3ccc(OCc4ccccn4)c(Cl)c3)c2cc1NC(=O)/C=C/[C@H]1C[C@H](O)CN1C,7.229147988357855
CHEMBL3647421,IC50,nM,4.0,IC50,nM,4.0,CCOc1cc2ncnc(Nc3ccc(F)c(Cl)c3)c2cc1NC(=O)/C=C/[C@@H]1CCCN1C,8.397940008672037
CHEMBL3952953,IC50,nM,2.0,IC50,nM,2.0,COCCOc1cc2ncnc(Nc3ccc(F)c(Cl)c3)c2cc1NC(=O)/C=C/[C@@H]1CCCN1C,8.698970004336019
CHEMBL3040566,IC50,nM,2.71,IC50,nM,2.71,NS(=O)(=O)CCNCc1ccc(-c2ccc3ncnc(Nc4ccc(OCc5cccc(F)c5)c(Cl)c4)c3c2)o1,8.567030709125595
CHEMBL3040548,IC50,nM,52.67,IC50,nM,52.67,C[S+]([O-])CCNCc1ccc(-c2ccc3ncnc(Nc4ccc(OCc5cccc(F)c5)c(Cl)c4)c3c2)o1,7.2784366816425194
CHEMBL3040455,IC50,nM,56.24,IC50,nM,56.24,CSCCNCc1ccc(-c2ccc3ncnc(Nc4ccc(OCc5cccc(F)c5)c(Cl)c4)c3c2)o1,7.249954687988232
CHEMBL3040597,IC50,nM,15.54,IC50,nM,15.54,CS(=O)(=O)NCCNCc1ccc(-c2ccc3ncnc(Nc4ccc(OCc5cccc(F)c5)c(Cl)c4)c3c2)o1,7.808548985535104
CHEMBL3040543,IC50,nM,14.61,IC50,nM,14.61,O=S(=O)(CCNCc1ccc(-c2ccc3ncnc(Nc4ccc(OCc5cccc(F)c5)c(Cl)c4)c3c2)o1)CC(F)(F)F,7.835349784065703
CHEMBL3666714,IC50,nM,32.4,IC50,nM,32.4,O=S(=O)(NCc1ccc(-c2ccc3ncnc(Nc4ccc(OCc5cccc(F)c5)c(Cl)c4)c3c2)o1)C(F)(F)F,7.489454989793388
CHEMBL3663921,IC50,nM,1.3,IC50,nM,1.3,C=CC(=O)Nc1cccc(Oc2nc(Nc3ccc(N4CCN(C)CC4)cc3)c(C(N)=O)nc2CC)c1,8.886056647693163
CHEMBL3663922,IC50,nM,1.4,IC50,nM,1.4,CCc1nc(C(N)=O)c(Nc2ccc(N3CCN(C)CC3)cc2)nc1Oc1cccc(NC(=O)/C=C/CN(C)C)c1,8.853871964321762
CHEMBL3663923,IC50,nM,1.2,IC50,nM,1.2,C=CC(=O)Nc1cccc(Oc2nc(Nc3ccc(N4CCN(C)CC4)cc3)c(C(N)=O)nc2CC)c1C,8.920818753952375
CHEMBL3663924,IC50,nM,1.5,IC50,nM,1.5,C=CC(=O)Nc1cccc(Oc2nc(Nc3ccc(N4CCN(C)CC4)cc3)c(C(N)=O)nc2C(C)C)c1,8.823908740944319
CHEMBL3663925,IC50,nM,1.1,IC50,nM,1.1,C=CC(=O)N1CCC(c2nc(Nc3ccc(N4CCC(N5CCN(C)CC5)CC4)c(C)c3)c(C(N)=O)nc2CC)CC1,8.958607314841775
CHEMBL3663926,IC50,nM,1.1,IC50,nM,1.1,C=CC(=O)Nc1cccc(Oc2cnc(C(N)=O)c(Nc3ccc(N4CCN(C)CC4)cc3)n2)c1,8.958607314841775
CHEMBL3663927,IC50,nM,1.2,IC50,nM,1.2,C=CC(=O)Nc1cccc(Oc2nc(Nc3ccc(OC)c(N4CCN(C)CC4)c3)c(C(N)=O)nc2CC)c1,8.920818753952375
CHEMBL3663928,IC50,nM,1.4,IC50,nM,1.4,C=CC(=O)Nc1cccc(Oc2nc(Nc3ccc(N4CCN(CC)CC4)cc3)c(C(N)=O)nc2CC)c1,8.853871964321762
CHEMBL3663930,IC50,nM,1.3,IC50,nM,1.3,C=CC(=O)Nc1cccc(Oc2nc(Nc3cnn(C4CCN(C)CC4)c3)c(C(N)=O)nc2C(C)C)c1,8.886056647693163
CHEMBL3663931,IC50,nM,1.8,IC50,nM,1.8,C=CC(=O)Nc1cccc(Oc2nc(Nc3ccc(N4CCN(C)[C@@H](C)C4)cc3)c(C(N)=O)nc2CC)c1,8.744727494896694
CHEMBL3663932,IC50,nM,1.7,IC50,nM,1.7,C=CC(=O)Nc1cccc(Oc2nc(Nc3ccc(N4CCN(C)[C@H](C)C4)cc3)c(C(N)=O)nc2CC)c1,8.769551078621726
CHEMBL3663933,IC50,nM,1.3,IC50,nM,1.3,C=CC(=O)N1CCC(c2nc(Nc3ccc(N4CCC(N5CCN(C)CC5)CC4)cc3)c(C(N)=O)nc2CC)CC1,8.886056647693163
CHEMBL3663934,IC50,nM,1.2,IC50,nM,1.2,CCC(=O)N1CC[C@@H](Oc2nc(Nc3ccc(N4CCN(C)CC4)cc3)c(C(N)=O)nc2CC)C1,8.920818753952375
CHEMBL3663935,IC50,nM,1.3,IC50,nM,1.3,C=CC(=O)N1CCC[C@@H](Oc2nc(Nc3ccc(N4CCC(N5CCN(C)CC5)CC4)cc3)c(C(N)=O)nc2CC)C1,8.886056647693163
CHEMBL3663936,IC50,nM,1.2,IC50,nM,1.2,C=CC(=O)N1CCC[C@@H](Oc2nc(Nc3ccc(N4CCC(N5CCN(C)CC5)CC4)c(C)c3)c(C(N)=O)nc2CC)C1,8.920818753952375
CHEMBL3663937,IC50,nM,1.5,IC50,nM,1.5,C=CC(=O)Nc1ccc(F)c(Oc2nc(Nc3ccc(N4CCN(C)CC4)cc3)c(C(N)=O)nc2CC)c1,8.823908740944319
CHEMBL3647967,IC50,nM,20.6,IC50,nM,20.6,C=CC(=O)N[C@H]1CC[C@@H](n2nc(-c3ccc(Oc4ccccc4)cc3)c3c(N)ncnc32)CC1,7.686132779630847
CHEMBL3647970,IC50,nM,48.8,IC50,nM,48.8,CN(C)C/C=C/C(=O)N1CCC[C@@H](n2nc(-c3ccc(Oc4ccccc4)cc3)c3c(N)ncnc32)C1,7.311580177997289
CHEMBL3931858,IC50,nM,74.5,IC50,nM,74.5,CN(C/C=C/C(=O)N1CCCC(n2nc(-c3ccc(Oc4ccccc4)cc3)c3c(N)ncnc32)C1)CCO,7.127843727251707
CHEMBL3926657,IC50,nM,487.6,IC50,nM,487.6,Nc1ncnc2c1c(-c1ccc(Oc3ccccc3)cc1)nn2C1CCCN(C(=O)/C=C/c2c[nH]cn2)C1,6.311936303053655
CHEMBL3902180,IC50,nM,326.0,IC50,nM,326.0,Nc1ncnc2c1c(-c1ccc(Oc3ccccc3)cc1)nn2C1CCCN(C(=O)/C=C/CN2CCOCC2)C1,6.486782399932061
CHEMBL3647973,IC50,nM,60.9,IC50,nM,60.9,C=CC(=O)N1CCC(n2nc(-c3ccc(Oc4ccccc4)cc3)c3c(N)ncnc32)CC1,7.215382707367125
CHEMBL3917698,IC50,nM,268.7,IC50,nM,268.7,CN(C)C/C=C/C(=O)N1CCC(n2nc(-c3ccc(Oc4ccccc4)cc3)c3c(N)ncnc32)CC1,6.5707323335668315
CHEMBL3889694,IC50,nM,83.4,IC50,nM,83.4,CN(C)C/C=C/C(=O)N[C@H]1CC[C@@H](n2nc(-c3ccc(Oc4ccccc4)cc3)c3c(N)ncnc32)CC1,7.078833949362261
CHEMBL3912266,IC50,nM,44.5,IC50,nM,44.5,C=CC(=O)N[C@H]1CC[C@H](n2nc(-c3ccc(Oc4ccccc4)cc3)c3c(N)ncnc32)CC1,7.351639989019068
CHEMBL3903870,IC50,nM,18.85,IC50,nM,18.85,CN(C)C/C=C/C(=O)N1CCCC1Cn1nc(-c2ccc(Oc3ccccc3)cc2)c2c(N)ncnc21,7.724688645458189
CHEMBL3903249,IC50,nM,698.3,IC50,nM,698.3,CN(C)C/C=C/C(=O)N1CCC[C@H]1Cn1nc(-c2ccc(Oc3ccccc3)cc2)c2c(N)ncnc21,6.155957957958983
CHEMBL4109796,IC50,nM,18.75,IC50,nM,18.75,C=CC(=O)N1CCC[C@@H]1Cn1nc(-c2ccc(Oc3ccccc3)cc2)c2c(N)ncnc21,7.726998727936262
CHEMBL3910496,IC50,nM,2.298,IC50,nM,2.298,C=CC(=O)N1CCC[C@H]1Cn1nc(-c2ccc(Oc3ccccc3)cc2)c2c(N)ncnc21,8.638649975647734
CHEMBL4107879,IC50,nM,289.4,IC50,nM,289.4,CC#CC(=O)N1CCC[C@@H]1Cn1nc(-c2ccc(Oc3ccccc3)cc2)c2c(N)ncnc21,6.538501473216981
CHEMBL3905432,IC50,nM,2807.0,IC50,nM,2807.0,CC#CC(=O)N1CCC[C@H]1Cn1nc(-c2ccc(Oc3ccccc3)cc2)c2c(N)ncnc21,5.551757587365561
CHEMBL4106607,IC50,nM,435.3,IC50,nM,435.3,CC#CC(=O)N1CCC[C@@H](n2nc(-c3ccc(Oc4ccccc4)cc3)c3c(N)ncnc32)C1,6.361211332842601
CHEMBL3893004,IC50,nM,22.53,IC50,nM,22.53,CN(C)C/C=C/C(=O)N[C@H]1CC[C@H](n2nc(-c3ccc(Oc4ccccc4)cc3)c3c(N)ncnc32)CC1,7.647238808276169
CHEMBL3921017,IC50,nM,28.22,IC50,nM,28.22,C=CC(=O)N(C)CCn1nc(-c2ccc(Oc3ccccc3)cc2)c2c(N)ncnc21,7.549442990581671
CHEMBL3982014,IC50,nM,303.6,IC50,nM,303.6,Nc1ncnc2c1c(-c1ccc(Oc3ccccc3)cc1)nn2C1CCN(C(=O)/C=C/CN2CCOCC2)CC1,6.517698232776557
CHEMBL3915538,IC50,nM,6238.0,IC50,nM,6238.0,Nc1ncnc2c1c(-c1ccc(Oc3ccccc3)cc1)nn2C[C@@H]1CCCN1C(=O)/C=C/CN1CCOCC1,5.204954629578875
CHEMBL3921655,IC50,nM,156.3,IC50,nM,156.3,CC#CC(=O)N[C@H]1CC[C@@H](n2nc(-c3ccc(Oc4ccccc4)cc3)c3c(N)ncnc32)CC1,6.806041021980813
CHEMBL3894938,IC50,nM,70.49,IC50,nM,70.49,C=CC(=O)NCCn1nc(-c2ccc(Oc3ccccc3)cc2)c2c(N)ncnc21,7.151872489432125
CHEMBL4110614,IC50,nM,383.7,IC50,nM,383.7,Nc1ncnc2c1c(-c1ccc(Oc3ccccc3)cc1)nn2[C@@H]1CCCN(C(=O)/C=C/CN2CCOCC2)C1,6.416008200801683
CHEMBL3894102,IC50,nM,272.9,IC50,nM,272.9,Nc1ncnc2c1c(-c1ccc(Oc3ccccc3)cc1)nn2[C@H]1CC[C@@H](NC(=O)/C=C/CN2CCOCC2)CC1,6.563996464330104
CHEMBL4112924,IC50,nM,0.4,IC50,nM,0.4,CO[C@@H]1COC2C1OC[C@H]2Oc1cc2ncnc(Nc3ccc(F)c(Cl)c3)c2cc1NC(=O)/C=C/CN(C)C,9.397940008672037
CHEMBL3892310,IC50,nM,0.13,IC50,nM,0.13,CN(C)C/C=C/C(=O)Nc1cc2c(Nc3ccc(F)c(Cl)c3)ncnc2cc1OCC1C2COCC21,9.886056647693163
CHEMBL4110258,IC50,nM,0.54,IC50,nM,0.54,CN(C)CC/C=C/C(=O)Nc1cc2c(Nc3ccc(F)c(Cl)c3)ncnc2cc1OC[C@]12COC[C@H]1C2,9.267606240177031
CHEMBL3901296,IC50,nM,0.51,IC50,nM,0.51,CN(C)C/C=C/C(=O)Nc1cc2c(Nc3ccc(F)c(Cl)c3)ncnc2cc1OC[C@@]12COC[C@@H]1C2,9.292429823902063
CHEMBL3895468,IC50,nM,0.37,IC50,nM,0.37,CN(C)C/C=C/C(=O)Nc1cc2c(Nc3ccc(F)c(Cl)c3)ncnc2cc1OCC12COCC1C2,9.431798275933005
CHEMBL3903641,IC50,nM,200.0,IC50,nM,200.0,C=CC(=O)Nc1cccc(Nc2nc(Nc3ccccc3OC)ncc2C(F)(F)F)c1,6.698970004336019
CHEMBL3978161,IC50,nM,200.0,IC50,nM,200.0,C=CC(=O)Nc1cccc(Oc2nc(Nc3ccccc3OC)ncc2C(F)(F)F)c1,6.698970004336019
CHEMBL3954684,IC50,nM,20.0,IC50,nM,20.0,C=CC(=O)Nc1cccc(Nc2nc(Nc3ccc(OC)cc3OC)ncc2C(F)(F)F)c1,7.698970004336019
CHEMBL3986363,IC50,nM,65.0,IC50,nM,65.0,C=CC(=O)Nc1cccc(Nc2nc(Nc3ccc(OC)c(OC)c3OC)ncc2Cl)c1,7.187086643357144
CHEMBL3954273,IC50,nM,65.0,IC50,nM,65.0,C=CC(=O)Nc1cccc(Nc2nc(Nc3ccc(OC)c(OC)c3OC)ncc2Br)c1,7.187086643357144
CHEMBL3894076,IC50,nM,650.0,IC50,nM,650.0,C=CC(=O)Nc1cccc(Oc2nc(Nc3cccc(OC)c3OC)ncc2Br)c1,6.187086643357144
CHEMBL3944027,IC50,nM,20.0,IC50,nM,20.0,C=CC(=O)Nc1cccc(Oc2nc(Nc3ccc(OC)c(OC)c3OC)ncc2Cl)c1,7.698970004336019
CHEMBL3973862,IC50,nM,65.0,IC50,nM,65.0,C=CC(=O)Nc1cccc(Oc2nc(Nc3ccc(OC)c(OC)c3OC)ncc2Br)c1,7.187086643357144
CHEMBL3947802,IC50,nM,200.0,IC50,nM,200.0,C=CC(=O)Nc1cccc(Oc2nc(Nc3ccc(OC)cc3OC)ncc2C(F)(F)F)c1,6.698970004336019
CHEMBL3985134,IC50,nM,65.0,IC50,nM,65.0,C=CC(=O)Nc1cccc(Oc2nc(Nc3ccc(OC)c(OC)c3OC)ncc2C(F)(F)F)c1,7.187086643357144
CHEMBL3956465,IC50,nM,20.0,IC50,nM,20.0,C=CC(=O)Nc1cccc(Nc2nc(Nc3ccc(OC)c(OC)c3OC)ncc2C(F)(F)F)c1,7.698970004336019
CHEMBL3975588,IC50,nM,650.0,IC50,nM,650.0,C=CC(=O)Nc1cccc(Oc2nc(Nc3ccccc3OC)ncc2Cl)c1,6.187086643357144
CHEMBL3904778,IC50,nM,65.0,IC50,nM,65.0,C=CC(=O)Nc1cccc(Oc2nc(Nc3ccc(OC)cc3OC)ncc2Br)c1,7.187086643357144
CHEMBL3913778,IC50,nM,200.0,IC50,nM,200.0,C=CC(=O)Nc1cccc(Oc2nc(Nc3ccc(OC)cc3OC)ncc2Cl)c1,6.698970004336019
CHEMBL3891187,IC50,nM,200.0,IC50,nM,200.0,C=CC(=O)Nc1cccc(Nc2nc(Nc3cccc(OC)c3OC)ncc2C(F)(F)F)c1,6.698970004336019
CHEMBL3919271,IC50,nM,650.0,IC50,nM,650.0,C=CC(=O)Nc1cccc(Nc2nc(Nc3cccc(OC)c3OC)ncc2Cl)c1,6.187086643357144
CHEMBL3903707,IC50,nM,650.0,IC50,nM,650.0,C=CC(=O)Nc1cccc(Nc2nc(Nc3ccccc3OC)ncc2Cl)c1,6.187086643357144
CHEMBL3928176,IC50,nM,200.0,IC50,nM,200.0,C=CC(=O)Nc1cccc(Oc2nc(Nc3ccccc3OC)ncc2F)c1,6.698970004336019
CHEMBL3910422,IC50,nM,65.0,IC50,nM,65.0,C=CC(=O)Nc1cccc(Nc2nc(Nc3ccc(OC)cc3OC)ncc2Br)c1,7.187086643357144
CHEMBL3938358,IC50,nM,200.0,IC50,nM,200.0,C=CC(=O)Nc1cccc(Nc2nc(Nc3ccc(OC)cc3OC)ncc2Cl)c1,6.698970004336019
CHEMBL3954906,IC50,nM,200.0,IC50,nM,200.0,C=CC(=O)Nc1cccc(Nc2nc(Nc3ccccc3OC)ncc2Br)c1,6.698970004336019
CHEMBL3930810,IC50,nM,20.0,IC50,nM,20.0,C=CC(=O)Nc1cccc(Oc2nc(Nc3cccc(OC)c3OC)ncc2C(F)(F)F)c1,7.698970004336019
CHEMBL4107818,IC50,nM,18.85,IC50,nM,18.85,Cc1ncnc2c1c(-c1ccc(Oc3ccccc3)cc1)nn2C[C@H]1CCCN1C(=O)/C=C/CN(C)C,7.724688645458189
CHEMBL3929922,IC50,nM,435.3,IC50,nM,435.3,CC#CC(=O)N1CCC[C@H](n2nc(-c3ccc(Oc4ccccc4)cc3)c3c(N)ncnc32)C1,6.361211332842601
CHEMBL3980550,IC50,nM,22.53,IC50,nM,22.53,CN(C)C/C=C/C(=O)NC1CCC(n2nc(-c3ccc(Oc4ccccc4)cc3)c3c(N)ncnc32)CC1,7.647238808276169
CHEMBL3968716,IC50,nM,383.7,IC50,nM,383.7,Nc1ncnc2c1c(-c1ccc(Oc3ccccc3)cc1)nn2[C@H]1CCCN(C(=O)/C=C/CN2CCOCC2)C1,6.416008200801683
CHEMBL3647419,IC50,nM,36.0,IC50,nM,36.0,CCOc1cc2ncc(C#N)c(Nc3ccc(OCc4ccccn4)c(Cl)c3)c2cc1NC(=O)/C=C/[C@@H]1C[C@@H](O)CN1C,7.443697499232712
CHEMBL3647420,IC50,nM,45.0,IC50,nM,45.0,CCOc1cc2ncc(C#N)c(Nc3ccc(OCc4ccccn4)c(Cl)c3)c2cc1NC(=O)/C=C/[C@H]1CCCN1C,7.346787486224656
CHEMBL3647423,IC50,nM,8.0,IC50,nM,8.0,CCOc1cc2ncnc(Nc3ccc(F)c(Cl)c3)c2cc1NC(=O)/C=C/[C@H]1CCCN1C,8.096910013008056
CHEMBL3647422,IC50,nM,2.0,IC50,nM,2.0,COCCOc1cc2ncnc(Nc3ccc(F)c(Cl)c3)c2cc1NC(=O)/C=C/[C@H]1CCCN1C,8.698970004336019
CHEMBL3960332,IC50,nM,1791.0,IC50,nM,1791.0,C#Cc1cccc(Nc2ncnc3cc(O[C@H]4CCOC4)c(NC(=O)/C=C/CN(CC)CC)cc23)c1,5.746904414150968
CHEMBL3967836,IC50,nM,5.0,IC50,nM,5.0,C=CC(=O)Nc1cccc(Nc2nc(Nc3ccc(NC4CN(C(=O)OC(C)(C)C)C4)cc3OC)ncc2C(F)(F)F)c1,8.301029995663981
CHEMBL3962343,IC50,nM,5.0,IC50,nM,5.0,C=CC(=O)Nc1cccc(Nc2nc(Nc3ccc(NC(C)C)cc3OC)ncc2Cl)c1,8.301029995663981
CHEMBL3982407,IC50,nM,18670.0,IC50,nM,18670.0,COc1cc(/C=C2\CCCCC2=O)cc(OC)c1,4.728855682050922
CHEMBL140,IC50,nM,8650.0,IC50,nM,8650.0,COc1cc(/C=C/C(=O)CC(=O)/C=C/c2ccc(O)c(OC)c2)ccc1O,5.062983892535186
CHEMBL3970063,IC50,nM,45100.0,IC50,nM,45100.0,Nc1nc(Nc2cccc(Cl)c2)c2c(n1)-c1ccccc1C2,4.345823458122039
CHEMBL3902576,IC50,nM,98800.0,IC50,nM,98800.0,Nc1nc(Nc2cccc(Br)c2)c2c(n1)-c1ccccc1C2,4.005243055412372
CHEMBL3948546,IC50,nM,23000.0,IC50,nM,23000.0,CC(C)c1ccccc1Nc1nc(N)nc2c1Cc1ccccc1-2,4.638272163982407
CHEMBL3985894,IC50,nM,232700.0,IC50,nM,232700.0,Nc1nc(Nc2ccccc2)c2c(n1)-c1ccccc1C2,3.63320361671327
CHEMBL253969,IC50,nM,5853.4,IC50,nM,5853.4,NC(=O)c1c(OCc2c(F)cc(Br)cc2F)nsc1NC(=O)NCCCCN1CCCC1,5.232591796771347
CHEMBL4077956,IC50,nM,9.2,IC50,nM,9.2,NP(=O)(Oc1ccc2ncnc(Nc3cccc(Br)c3)c2c1)N(CCCl)CCCl,8.036212172654444
CHEMBL4084847,IC50,nM,4.3,IC50,nM,4.3,NP(=O)(OCCOc1ccc2ncnc(Nc3cccc(Br)c3)c2c1)N(CCCl)CCCl,8.366531544420413
CHEMBL4069003,IC50,nM,3.0,IC50,nM,3.0,NP(=O)(OCCCOc1ccc2ncnc(Nc3cccc(Br)c3)c2c1)N(CCCl)CCCl,8.522878745280337
CHEMBL4090083,IC50,nM,7.4,IC50,nM,7.4,NP(=O)(OCCCCOc1ccc2ncnc(Nc3cccc(Br)c3)c2c1)N(CCCl)CCCl,8.130768280269024
CHEMBL4060320,IC50,nM,2.3,IC50,nM,2.3,NP(=O)(OCCCCCOc1ccc2ncnc(Nc3cccc(Br)c3)c2c1)N(CCCl)CCCl,8.638272163982407
CHEMBL4091626,IC50,nM,11.0,IC50,nM,11.0,C#Cc1cccc(Nc2ncnc3ccc(OCCCCOP(N)(=O)N(CCCl)CCCl)cc23)c1,7.958607314841775
CHEMBL4087646,IC50,nM,6.0,IC50,nM,6.0,NP(=O)(OCCCCOc1ccc2ncnc(Nc3ccc(F)c(Cl)c3)c2c1)N(CCCl)CCCl,8.221848749616356
CHEMBL4105530,IC50,nM,27.0,IC50,nM,27.0,NP(=O)(OCCCCOc1ccc2ncnc(Nc3ccc(OCc4cccc(F)c4)c(Cl)c3)c2c1)N(CCCl)CCCl,7.568636235841013
CHEMBL4079768,IC50,nM,7.2,IC50,nM,7.2,C#Cc1cccc(Nc2ncnc3ccc(OCCCOP(N)(=O)N(CCCl)CCCl)cc23)c1,8.142667503568731
CHEMBL4097795,IC50,nM,5.7,IC50,nM,5.7,NP(=O)(OCCCOc1ccc2ncnc(Nc3ccc(F)c(Cl)c3)c2c1)N(CCCl)CCCl,8.244125144327509
CHEMBL4097216,IC50,nM,75.0,IC50,nM,75.0,NP(=O)(OCCCOc1ccc2ncnc(Nc3ccc(OCc4cccc(F)c4)c(Cl)c3)c2c1)N(CCCl)CCCl,7.1249387366083
CHEMBL4078431,IC50,nM,0.3,IC50,nM,0.3,COc1cc2ncnc(Nc3cccc(Br)c3)c2cc1OCCCOP(N)(=O)N(CCCl)CCCl,9.522878745280337
CHEMBL4080720,IC50,nM,0.5,IC50,nM,0.5,COc1cc2ncnc(Nc3ccc(F)c(Cl)c3)c2cc1OCCCOP(N)(=O)N(CCCl)CCCl,9.301029995663981
CHEMBL4104950,IC50,nM,22.0,IC50,nM,22.0,COc1cc2ncnc(Nc3ccc(OCc4cccc(F)c4)c(Cl)c3)c2cc1OCCCOP(N)(=O)N(CCCl)CCCl,7.657577319177793
CHEMBL4070053,IC50,nM,3.3,IC50,nM,3.3,NP(=O)(OCCCC(=O)Oc1ccc2ncnc(Nc3cccc(Br)c3)c2c1)N(CCCl)CCCl,8.481486060122112
CHEMBL4097245,IC50,nM,8.7,IC50,nM,8.7,NP(=O)(OCCCC(=O)Oc1ccc2ncnc(Nc3ccc(F)c(Cl)c3)c2c1)N(CCCl)CCCl,8.060480747381382
CHEMBL4061382,IC50,nM,26.0,IC50,nM,26.0,NP(=O)(OCCCC(=O)Oc1ccc2ncnc(Nc3ccc(OCc4cccc(F)c4)c(Cl)c3)c2c1)N(CCCl)CCCl,7.585026652029182
CHEMBL4103370,IC50,nM,81.0,IC50,uM,0.081,Clc1ccc(-c2nnc(Cc3nc4ccccc4[nH]3)o2)cc1,7.0915149811213505
CHEMBL4079125,IC50,nM,3700.0,IC50,uM,3.7,Clc1ccc(-c2nnc(Cc3nc4ccccc4[nH]3)o2)c(Cl)c1,5.431798275933005
CHEMBL4095623,IC50,nM,25000.0,IC50,uM,25.0,c1ccc(Cc2nnc(Cc3nc4ccccc4[nH]3)o2)cc1,4.6020599913279625
CHEMBL4068254,IC50,nM,31800.0,IC50,uM,31.8,c1ccc(-c2nnc(Cc3nc4ccccc4[nH]3)o2)cc1,4.497572880015567
CHEMBL4087921,IC50,nM,46300.0,IC50,uM,46.3,c1ccc(OCc2nnc(Cc3nc4ccccc4[nH]3)o2)cc1,4.334419008982047
CHEMBL4094471,IC50,nM,4500.0,IC50,uM,4.5,Clc1ccccc1-c1nnc(Cc2nc3ccccc3[nH]2)o1,5.346787486224656
CHEMBL4074782,IC50,nM,39700.0,IC50,uM,39.7,Cc1ccccc1-c1nnc(Cc2nc3ccccc3[nH]2)o1,4.401209493236885
CHEMBL4065301,IC50,nM,61000.0,IC50,uM,61.0,COc1cccc(-c2nnc(Cc3nc4ccccc4[nH]3)o2)c1OC,4.214670164989233
CHEMBL4102214,IC50,nM,45000.0,IC50,uM,45.0,c1ccc(C(c2ccccc2)c2nnc(Cc3nc4ccccc4[nH]3)o2)cc1,4.346787486224656
CHEMBL4084249,IC50,nM,98.0,IC50,uM,0.098,COc1ccc(-c2nnc(Cc3nc4ccccc4[nH]3)o2)cc1,7.008773924307505
CHEMBL4068814,IC50,nM,65400.0,IC50,uM,65.4,CC(=O)c1ccccc1-c1nnc(Cc2nc3ccccc3[nH]2)o1,4.184422251675732
CHEMBL4094647,IC50,nM,70000.0,IC50,uM,70.0,Nc1ccc(O)c(-c2nnc(Cc3nc4ccccc4[nH]3)o2)c1,4.154901959985743
CHEMBL4066118,IC50,nM,5700.0,IC50,uM,5.7,c1ccc2c(Cc3nnc(Cc4nc5ccccc5[nH]4)o3)cccc2c1,5.2441251443275085
CHEMBL4087489,IC50,nM,86200.0,IC50,uM,86.2,C1=CC2=C(Cc3nnc(Cc4nc5ccccc5[nH]4)o3)CNC2C=C1,4.064492734175287
CHEMBL4074726,IC50,nM,73500.0,IC50,uM,73.5,c1ccc(-c2nnc(Cc3nc4ccccc4[nH]3)o2)nc1,4.133712660915805
CHEMBL4095195,IC50,nM,50000.0,IC50,uM,50.0,Cc1ccccc1Cc1nnc(Cc2nc3ccccc3[nH]2)o1,4.301029995663981
CHEMBL4084996,IC50,nM,980.0,IC50,uM,0.98,Clc1ccc(-c2nnc(Cc3nc4ccc(Cl)cc4[nH]3)o2)cc1,6.008773924307505
CHEMBL4102942,IC50,nM,45100.0,IC50,uM,45.1,Clc1ccc(-c2nnc(Cc3nc4ccc(Cl)cc4[nH]3)o2)c(Cl)c1,4.345823458122039
CHEMBL4083493,IC50,nM,33200.0,IC50,uM,33.2,Clc1ccc2nc(Cc3nnc(-c4ccccc4Cl)o3)[nH]c2c1,4.478861916295964
CHEMBL4098409,IC50,nM,167.1,IC50,nM,167.1,COc1ccc2c(c1)CCN2c1nc(C)nc2c(Cc3ccccc3)c[nH]c12.Cl,6.777023550106609
CHEMBL4069672,IC50,nM,33.6,IC50,nM,33.6,COc1ccc2c(c1)CCCN2c1nc(C)nc2c(Cc3ccccc3)c[nH]c12.Cl,7.473660722610156
CHEMBL4099682,IC50,nM,2.6,IC50,nM,2.6,COc1ccc(Nc2nc(C)nc3c(Cc4ccccc4)cn(C)c23)cc1.Cl,8.585026652029182
CHEMBL4060996,IC50,nM,2.3,IC50,nM,2.3,COc1ccc(N(C)c2nc(C)nc3c(Cc4ccccc4)cn(C)c23)cc1.Cl,8.638272163982407
CHEMBL4104515,IC50,nM,4.9,IC50,nM,4.9,COc1ccc2c(c1)CCCN2c1nc(C)nc2c(Cc3ccccc3)cn(C)c12.Cl,8.309803919971486
CHEMBL4099329,IC50,nM,1.1,IC50,nM,1.1,COc1ccc(N(C)c2nc(N)nc3c(Cc4ccccc4)c[nH]c23)cc1,8.958607314841775
CHEMBL4072383,IC50,nM,47.1,IC50,nM,47.1,COc1ccc2c(c1)CCCN2c1nc(N)nc2c(Cc3ccccc3)c[nH]c12,7.326979092871103
CHEMBL4092990,IC50,nM,16.8,IC50,nM,16.8,C=CC(=O)Nc1ccc(CN(C(=O)Nc2c(Cl)c(OC)cc(OC)c2Cl)c2cc(Nc3ccc(N4CCN(C)CC4)cc3)ncn2)cc1,7.774690718274137
CHEMBL4100647,IC50,nM,11.42,IC50,nM,11.42,CC1(C)OOC2(CCC(C(=O)Nc3ccc4ncnc(Nc5cccc(Cl)c5)c4c3)CC2)OO1,7.942333896090171
CHEMBL4094174,IC50,nM,83.82,IC50,nM,83.82,O=C(Nc1ccc2ncnc(Nc3cccc(Cl)c3)c2c1)C1CCC2(CC1)OOC1(CCCCC1)OO2,7.076652343502174
CHEMBL4067373,IC50,nM,379.7,IC50,nM,379.7,O=C(Nc1ccc2ncnc(Nc3cccc(Cl)c3)c2c1)C1CCC2(CC1)OOC1(OO2)C2CC3CC(C2)CC1C3,6.420559402860203
CHEMBL4094823,IC50,nM,32.35,IC50,nM,32.35,O=C(Nc1ccc2ncnc(Nc3cccc(Cl)c3)c2c1)C1CCC2(CC1)OOC1(O2)C2CC3CC(C2)CC1C3,7.490125714995281
CHEMBL4082840,IC50,nM,94.72,IC50,nM,94.72,O=C(Nc1ccc2ncnc(Nc3cccc(Cl)c3)c2c1)C1CCC2(CC1)OCC1(OO2)C2CC3CC(C2)CC1C3,7.023558310621155
CHEMBL4088200,IC50,nM,177.8,IC50,nM,177.8,O=C(Nc1ccc2nccc(Nc3cccc(Cl)c3)c2c1)C1CCC2(CC1)OOC1(O2)C2CC3CC(C2)CC1C3,6.7500682433658055
CHEMBL4091166,IC50,nM,169.4,IC50,nM,169.4,O=C(Nc1ccc2nccc(Nc3cccc(Cl)c3)c2c1)C1CCC2(CC1)OCC1(OO2)C2CC3CC(C2)CC1C3,6.771086594005312
CHEMBL4063301,IC50,nM,6.13,IC50,nM,6.13,O=C(Nc1ccc2ncnc(Nc3cccc(Cl)c3)c2c1)C1CCCCC1,8.212539525481585
CHEMBL4082515,IC50,nM,4.2,IC50,nM,4.2,C=CC(=O)Nc1cccc(-n2c(=O)cc(C)c3cnc(Nc4cnn(CCN(C)C)c4)nc32)c1,8.3767507096021
CHEMBL4064475,IC50,nM,1.8,IC50,nM,1.8,C=CC(=O)Nc1cccc(-n2c(=O)cc(C)c3cnc(Nc4cnn(C5CCN(C)CC5)c4)nc32)c1,8.744727494896694
CHEMBL4086000,IC50,nM,1.4,IC50,nM,1.4,C=CC(=O)Nc1cccc(-n2c(=O)cc(C)c3cnc(Nc4ccc(N5CCN(C)CC5)nc4)nc32)c1,8.853871964321762
CHEMBL4063421,IC50,nM,2.5,IC50,nM,2.5,C=CC(=O)Nc1cccc(-n2c(=O)cc(C)c3cnc(Nc4nc5c(s4)CN(C)CC5)nc32)c1,8.602059991327963
CHEMBL4091276,IC50,nM,1.2,IC50,nM,1.2,C=CC(=O)Nc1cccc(-n2c(=O)cc(C)c3cnc(Nc4ccc(N5CCN(C)C(C)C5)cc4OC)nc32)c1,8.920818753952375
CHEMBL4072048,IC50,nM,3.3,IC50,nM,3.3,C=CC(=O)Nc1cccc(-n2c(=O)cc(C)c3cnc(Nc4ccc(N5CC(C)N(C)C(C)C5)cc4OC)nc32)c1,8.481486060122112
CHEMBL4099008,IC50,nM,63.8,IC50,nM,63.8,C=CC(=O)N1CCC(Cn2c(=O)cc(C)c3cnc(Nc4ccc(N5CCN(C)CC5)cc4OC)nc32)C1,7.195179321278838
CHEMBL4093766,IC50,nM,91.8,IC50,nM,91.8,C=CC(=O)N1CC[C@H](n2c(=O)cc(C)c3cnc(Nc4ccc(N5CCN(C)CC5)cc4OC)nc32)C1,7.037157318798758
CHEMBL4073062,IC50,nM,436.3,IC50,nM,436.3,C=CC(=O)N1CC[C@@H](n2c(=O)cc(C)c3cnc(Nc4ccc(N5CCN(C)CC5)cc4OC)nc32)C1,6.36021478701318
CHEMBL4083486,IC50,nM,2.3,IC50,nM,2.3,C=CC(=O)Nc1cc(-n2c(=O)cc(C)c3cnc(Nc4ccc(N5CCN(C)CC5)cc4OC)nc32)ccc1C,8.638272163982407
CHEMBL4078120,IC50,nM,1.8,IC50,nM,1.8,C=CC(=O)Nc1cc(C)cc(-n2c(=O)cc(C)c3cnc(Nc4ccc(N5CCN(C)CC5)cc4OC)nc32)c1,8.744727494896694
CHEMBL4102389,IC50,nM,3.4,IC50,nM,3.4,C=CC(=O)Nc1cc(CC)cc(-n2c(=O)cc(C)c3cnc(Nc4ccc(N5CCN(C)CC5)cc4OC)nc32)c1,8.468521082957745
CHEMBL4079861,IC50,nM,2.4,IC50,nM,2.4,C=CC(=O)Nc1cc(C(C)C)cc(-n2c(=O)cc(C)c3cnc(Nc4ccc(N5CCN(C)CC5)cc4OC)nc32)c1,8.619788758288394
CHEMBL4097883,IC50,nM,17.7,IC50,nM,17.7,C=CC(=O)Nc1cc(-n2c(=O)cc(C)c3cnc(Nc4ccc(N5CCN(C)CC5)cc4OC)nc32)cc(C(C)(C)C)c1,7.752026733638194
CHEMBL4087740,IC50,nM,0.8,IC50,nM,0.8,C=CC(=O)Nc1cc(F)cc(-n2c(=O)cc(C)c3cnc(Nc4ccc(N5CCN(C)CC5)cc4OC)nc32)c1,9.096910013008056
CHEMBL4105621,IC50,nM,0.6,IC50,nM,0.6,C=CC(=O)Nc1cc(Cl)cc(-n2c(=O)cc(C)c3cnc(Nc4ccc(N5CCN(C)CC5)cc4OC)nc32)c1,9.221848749616356
CHEMBL4095439,IC50,nM,1.8,IC50,nM,1.8,C=CC(=O)Nc1cc(Br)cc(-n2c(=O)cc(C)c3cnc(Nc4ccc(N5CCN(C)CC5)cc4OC)nc32)c1,8.744727494896694
CHEMBL4068047,IC50,nM,2.0,IC50,nM,2.0,C=CC(=O)Nc1cc(-n2c(=O)cc(C)c3cnc(Nc4ccc(N5CCN(C)CC5)cc4OC)nc32)cc(C(F)(F)F)c1,8.698970004336019
CHEMBL4103194,IC50,nM,1.6,IC50,nM,1.6,C=CC(=O)Nc1cc(-n2c(=O)cc(C)c3cnc(Nc4ccc(N5CCN(C)C(C)C5)cc4OC)nc32)cc(C(F)(F)F)c1,8.795880017344075
CHEMBL4078914,IC50,nM,3.3,IC50,nM,3.3,C=CC(=O)Nc1cc(-n2c(=O)cc(C)c3cnc(Nc4ccc(N5CC(C)N(C)C(C)C5)cc4OC)nc32)cc(C(F)(F)F)c1,8.481486060122112
CHEMBL4105434,IC50,nM,23700.0,IC50,uM,23.7,CCCCOC(=O)c1c(-c2ccccc2)nn2ccccc12,4.6252516539898965
CHEMBL4066845,IC50,nM,23.99,IC50,nM,23.99,CS(=O)(=O)CCNCc1ccc(-c2ccc3ncnc(Nc4ccc(F)c(Cl)c4)c3c2)o1,7.619969752032169
CHEMBL4088135,IC50,nM,34.16,IC50,nM,34.16,C#Cc1cccc(Nc2ncnc3ccc(-c4ccc(CNCCS(C)(=O)=O)o4)cc23)c1,7.466482137983032
CHEMBL3542268,IC50,nM,5.06,IC50,nM,5.06,OCc1ccc(-c2ccc3ncnc(Nc4ccc(OCc5cccc(F)c5)c(Cl)c4)c3c2)o1,8.2958494831602
CHEMBL4089347,IC50,nM,15.69,IC50,nM,15.69,C#Cc1cccc(Nc2ncnc3ccc(-c4ccc(CO)o4)cc23)c1,7.804377056413063
CHEMBL4060383,IC50,nM,20000.0,IC50,uM,20.0,Nc1nc(N)c2c(n1)[nH]c1cccc(Sc3ccc4ccccc4c3)c12,4.698970004336019
CHEMBL4088617,IC50,nM,167300.0,IC50,uM,167.3,Nc1nc(N)c2c(n1)[nH]c1cccc(Sc3cccc4ccccc34)c12,3.7765040590376056
CHEMBL4069070,IC50,nM,4300.0,IC50,uM,4.3,COc1ccc(OC)c(Sc2cccc3[nH]c4nc(N)nc(N)c4c23)c1,5.366531544420414
CHEMBL4096329,IC50,nM,20800.0,IC50,uM,20.8,COc1ccc(Sc2cccc3[nH]c4nc(N)nc(N)c4c23)cc1,4.681936665037238
CHEMBL4079829,IC50,nM,8300.0,IC50,uM,8.3,Nc1nc(N)c2c(n1)[nH]c1cccc(Sc3ccc(Cl)cc3)c12,5.080921907623926
CHEMBL4087709,IC50,nM,200.0,IC50,uM,0.2,COc1cc2cnnc(Nc3ccc(Cl)cc3F)c2cc1OC,6.698970004336019
CHEMBL4079566,IC50,nM,2.7,IC50,nM,2.7,C=CC(=O)Nc1cc(Nc2n[nH]c3ccc(-c4cccc5ccccc45)cc23)c(OC)cc1N(C)CCN(C)C,8.568636235841012
CHEMBL4089863,IC50,nM,1.1,IC50,nM,1.1,C=CC(=O)Nc1cc(Nc2n[nH]c3ccc(-c4ccc5ccccc5c4)cc23)c(OC)cc1N(C)CCN(C)C,8.958607314841775
CHEMBL4082000,IC50,nM,38.0,IC50,nM,38.0,C=CC(=O)Nc1cc(Nc2n[nH]c3cc(-c4cccc(C(F)(F)F)c4)ccc23)c(OC)cc1N(C)CCN(C)C,7.42021640338319
CHEMBL4060103,IC50,nM,10.0,IC50,nM,10.0,C=CC(=O)Nc1cc(Nc2n[nH]c3cc(-c4ccc(F)cc4)ccc23)c(OC)cc1N(C)CCN(C)C,8.0
CHEMBL4071463,IC50,nM,5.0,IC50,nM,5.0,C=CC(=O)Nc1cc(Nc2n[nH]c3cc(-c4cccc(F)c4)ccc23)c(OC)cc1N(C)CCN(C)C,8.301029995663981
CHEMBL4098500,IC50,nM,72.0,IC50,nM,72.0,C=CC(=O)Nc1cc(Nc2n[nH]c3cc(-c4ccc(N(C)C)cc4)ccc23)c(OC)cc1N(C)CCN(C)C,7.142667503568732
CHEMBL4103757,IC50,nM,22.0,IC50,nM,22.0,C=CC(=O)Nc1cc(Nc2n[nH]c3cc(-c4cccc(N(C)C)c4)ccc23)c(OC)cc1N(C)CCN(C)C,7.657577319177793
CHEMBL4079501,IC50,nM,5.0,IC50,nM,5.0,C=CC(=O)Nc1cc(Nc2n[nH]c3cc(-c4ccncc4)ccc23)c(OC)cc1N(C)CCN(C)C,8.301029995663981
CHEMBL4080424,IC50,nM,15.0,IC50,nM,15.0,C=CC(=O)Nc1cc(Nc2n[nH]c3cc(-c4cccnc4)ccc23)c(OC)cc1N(C)CCN(C)C,7.823908740944319
CHEMBL4098444,IC50,nM,4.8,IC50,nM,4.8,C=CC(=O)Nc1cc(Nc2n[nH]c3cc(-c4cn(C)c5ccccc45)ccc23)c(OC)cc1N(C)CCN(C)C,8.318758762624412
CHEMBL4088277,IC50,nM,6.0,IC50,nM,6.0,C=CC(=O)Nc1cc(Nc2n[nH]c3cc(-c4cncc5ccccc45)ccc23)c(OC)cc1N(C)CCN(C)C,8.221848749616356
CHEMBL4060039,IC50,nM,4.3,IC50,nM,4.3,C=CC(=O)Nc1cc(Nc2n[nH]c3cc(-c4cccc5ccccc45)ccc23)c(OC)cc1N(C)CCN(C)C,8.366531544420413
CHEMBL4061043,IC50,nM,85.0,IC50,nM,85.0,C=CC(=O)Nc1cc(Nc2n[nH]c3cc(-c4ccc5ccccc5c4)ccc23)c(OC)cc1N(C)CCN(C)C,7.070581074285707
CHEMBL4074766,IC50,nM,462.0,IC50,nM,462.0,C=CC(=O)Nc1cc(Nc2n[nH]c3ccccc23)c(OC)cc1N(C)CCN(C)C,6.335358024443875
CHEMBL4069284,IC50,nM,9726.0,IC50,nM,9726.0,CCC(=O)Nc1cc(Nc2n[nH]c3ccccc23)ccc1N(C)CCN(C)C,5.012065734767841
CHEMBL4090330,IC50,nM,2626.0,IC50,nM,2626.0,C=CC(=O)Nc1cc(Nc2n[nH]c3ccccc23)ccc1N(C)CCN(C)C,5.58070527824654
CHEMBL4097594,IC50,nM,2.0,IC50,nM,2.0,C=CC(=O)Nc1cc(Nc2n[nH]c3ccc(-c4ccc(F)cc4)cc23)c(OC)cc1N(C)CCN(C)C,8.698970004336019
CHEMBL4088718,IC50,nM,17.2,IC50,nM,17.2,S=C(NCc1ccccc1)Nc1ccc2ncnc(Nc3cccc(Br)c3)c2c1,7.764471553092451
CHEMBL4097369,IC50,nM,8.4,IC50,nM,8.4,O=C(Nc1ccc2ncnc(Nc3cccc(Br)c3)c2c1)c1ccco1,8.075720713938118
CHEMBL4091921,IC50,nM,11.4,IC50,nM,11.4,S=C(NCc1ccccc1)Nc1ccc2ncnc(Nc3cccc(Cl)c3)c2c1,7.943095148663527
CHEMBL4072769,IC50,nM,36.8,IC50,nM,36.8,Cc1cccc(Nc2ncnc3ccc(NC(=S)NCc4ccccc4)cc23)c1,7.434152181326482
CHEMBL4080711,IC50,nM,63.6,IC50,nM,63.6,Oc1cccc(Nc2ncnc3ccc(NC(=S)NCc4ccccc4)cc23)c1,7.196542884351586
CHEMBL4076434,IC50,nM,15.8,IC50,nM,15.8,S=C(Nc1ccccc1)Nc1ccc2ncnc(Nc3cccc(Br)c3)c2c1,7.801342913045577
CHEMBL4102455,IC50,nM,15.8,IC50,nM,15.8,S=C(Nc1ccc2ncnc(Nc3cccc(Br)c3)c2c1)Nc1ccccc1Cl,7.801342913045577
CHEMBL4078182,IC50,nM,20.6,IC50,nM,20.6,S=C(Nc1cccc(Cl)c1)Nc1ccc2ncnc(Nc3cccc(Br)c3)c2c1,7.686132779630847
CHEMBL4097862,IC50,nM,19.5,IC50,nM,19.5,S=C(Nc1ccc(Cl)cc1)Nc1ccc2ncnc(Nc3cccc(Br)c3)c2c1,7.709965388637482
CHEMBL4075530,IC50,nM,8.9,IC50,nM,8.9,Oc1ccc(NC(=S)Nc2ccc3ncnc(Nc4cccc(Br)c4)c3c2)cc1,8.050609993355087
CHEMBL4075103,IC50,nM,9.5,IC50,nM,9.5,NS(=O)(=O)c1ccc(NC(=S)Nc2ccc3ncnc(Nc4cccc(Br)c4)c3c2)cc1,8.022276394711152
CHEMBL4101774,IC50,nM,22.0,IC50,nM,22.0,O=S(=O)(Nc1nccs1)c1ccc(NC(=S)Nc2ccc3ncnc(Nc4cccc(Br)c4)c3c2)cc1,7.657577319177793
CHEMBL4066504,IC50,nM,25.3,IC50,nM,25.3,Fc1ccc(NC(=S)Nc2ccc3ncnc(Nc4cccc(Br)c4)c3c2)cc1Cl,7.5968794788241825
CHEMBL4093114,IC50,nM,112.4,IC50,nM,112.4,Fc1c(NC(=S)Nc2ccc3ncnc(Nc4cccc(Br)c4)c3c2)cccc1C(F)(F)F,6.949233688766958
CHEMBL4085352,IC50,nM,60.7,IC50,nM,60.7,FC(F)(F)c1cccc(NC(=S)Nc2ccc3ncnc(Nc4cccc(Br)c4)c3c2)c1,7.2168113089247425
CHEMBL4088760,IC50,nM,35.4,IC50,nM,35.4,S=C(Nc1ccc(Br)cc1)Nc1ccc2ncnc(Nc3cccc(Br)c3)c2c1,7.450996737974212
CHEMBL4067514,IC50,nM,48.9,IC50,nM,48.9,S=C(Nc1ccc2ncnc(Nc3cccc(Br)c3)c2c1)Nc1ccc(Cl)cc1Cl,7.31069114087638
CHEMBL4072928,IC50,nM,133.1,IC50,nM,133.1,S=C(Nc1ccc(Cl)c(Cl)c1)Nc1ccc2ncnc(Nc3cccc(Br)c3)c2c1,6.875821944525325
CHEMBL4077419,IC50,nM,146.3,IC50,nM,146.3,S=C(Nc1cc(Cl)cc(Cl)c1)Nc1ccc2ncnc(Nc3cccc(Br)c3)c2c1,6.834755673874689
CHEMBL4092951,IC50,nM,9.1,IC50,nM,9.1,CNC(=S)Nc1ccc2ncnc(Nc3cccc(Br)c3)c2c1,8.040958607678906
CHEMBL4065288,IC50,nM,10.2,IC50,nM,10.2,S=C(Nc1cccnc1)Nc1ccc2ncnc(Nc3cccc(Br)c3)c2c1,7.991399828238082
CHEMBL4071170,IC50,nM,28.3,IC50,nM,28.3,S=C(NCc1ccc(Cl)cc1)Nc1ccc2ncnc(Nc3cccc(Br)c3)c2c1,7.548213564475709
CHEMBL4062528,IC50,nM,26.9,IC50,nM,26.9,S=C(Nc1ccc2ncnc(Nc3cccc(Br)c3)c2c1)N1CCOCC1,7.570247719997592
CHEMBL4103464,IC50,nM,8.9,IC50,nM,8.9,O=C(NCc1ccccc1)Nc1ccc2ncnc(Nc3cccc(Br)c3)c2c1,8.050609993355087
CHEMBL4089588,IC50,nM,19.3,IC50,nM,19.3,O=C(Nc1ccc(Cl)cc1)Nc1ccc2ncnc(Nc3cccc(Br)c3)c2c1,7.714442690992226
CHEMBL4065300,IC50,nM,60.1,IC50,nM,60.1,Fc1cc(F)cc(NC(=S)Nc2ccc3ncnc(Nc4cccc(Cl)c4)c3c2)c1,7.221125527997261
CHEMBL4092966,IC50,nM,55.5,IC50,nM,55.5,S=C(Nc1cncc(Cl)c1)Nc1ccc2ncnc(Nc3cccc(Cl)c3)c2c1,7.255707016877324
CHEMBL4073912,IC50,nM,137.0,IC50,nM,137.0,FC(F)(F)c1csc(NC(=S)Nc2ccc3ncnc(Nc4cccc(Cl)c4)c3c2)n1,6.863279432843593
CHEMBL4072986,IC50,nM,120.0,IC50,nM,120.0,S=C(Nc1ccc2ncnc(Nc3cccc(Cl)c3)c2c1)Nc1ncc(Cl)s1,6.920818753952375
CHEMBL4065503,IC50,nM,120.0,IC50,nM,120.0,Cc1nnc(NC(=S)Nc2ccc3ncnc(Nc4cccc(Cl)c4)c3c2)s1,6.920818753952375
CHEMBL4077608,IC50,nM,130.0,IC50,nM,130.0,FC(F)(F)c1nnc(NC(=S)Nc2ccc3ncnc(Nc4cccc(Cl)c4)c3c2)s1,6.886056647693163
CHEMBL4071058,IC50,nM,3.2,IC50,uM,0.0032,CC(C)(C)OC(=O)NCC(=O)Nc1ccc2ncnc(Nc3cccc(Br)c3)c2c1,8.494850021680094
CHEMBL4091010,IC50,nM,145.0,IC50,uM,0.145,CC(C)C[C@@H](NC(=O)OC(C)(C)C)C(=O)Nc1ccc2ncnc(Nc3cccc(Br)c3)c2c1,6.838631997765025
CHEMBL4061283,IC50,nM,55.5,IC50,uM,0.0555,CC[C@H](C)[C@@H](NC(=O)OC(C)(C)C)C(=O)Nc1ccc2ncnc(Nc3cccc(Br)c3)c2c1,7.255707016877324
CHEMBL202721,IC50,nM,110.0,IC50,uM,0.11,COc1cc2c(Nc3ccc(NC(=O)c4ccccc4)cc3)ncnc2cc1OCCCN1CCOCC1,6.958607314841775
CHEMBL4098587,IC50,nM,17.0,IC50,uM,0.017,CC(C)(C)OC(=O)NCC(=O)Nc1ccc2ncnc(Nc3ccc(F)c(Cl)c3)c2c1,7.769551078621726
CHEMBL4087241,IC50,nM,140.0,IC50,uM,0.14,CC(C)C[C@@H](NC(=O)OC(C)(C)C)C(=O)Nc1ccc2ncnc(Nc3ccc(F)c(Cl)c3)c2c1,6.853871964321762
CHEMBL4092491,IC50,nM,1021.0,IC50,uM,1.021,CC(C)[C@@H](NC(=O)OC(C)(C)C)C(=O)Nc1ccc2ncnc(Nc3cccc(C(F)(F)F)c3)c2c1,5.99097425791309
CHEMBL4102577,IC50,nM,6.8,IC50,nM,6.8,CCC(=O)Nc1cccc(Nc2cc(-c3[nH]c(SC)nc3-c3ccc(F)cc3)ccn2)c1,8.167491087293763
CHEMBL4089279,IC50,nM,4.9,IC50,nM,4.9,C=CC(=O)NCc1cccc(Nc2cc(-c3[nH]c(SC)nc3-c3ccc(F)cc3)ccn2)c1,8.309803919971486
CHEMBL4068092,IC50,nM,46.0,IC50,nM,46.0,C=CC(=O)NCc1cn(Cc2cccc(Nc3cc(-c4[nH]c(SC)nc4-c4ccc(F)cc4)ccn3)c2)nn1,7.337242168318426
CHEMBL4076854,IC50,nM,5.6,IC50,nM,5.6,C=CC(=O)Nc1ccc(OC)c(Nc2cc(-c3cnc(SC)[nH]3)ccn2)c1,8.2518119729938
CHEMBL4101193,IC50,nM,360.0,IC50,nM,360.0,CCC(=O)Nc1ccc(OC)c(Nc2cc(-c3cnc(SC)[nH]3)ccn2)c1,6.443697499232712
CHEMBL4086878,IC50,nM,10.0,IC50,nM,10.0,C=CC(=O)Nc1ccc(OC)c(Nc2cc(-c3[nH]c(SC)nc3C)ccn2)c1,8.0
CHEMBL4082884,IC50,nM,16.0,IC50,nM,16.0,C=CC(=O)Nc1ccc(OC)c(Nc2cc(-c3[nH]c(SC)nc3C(C)(C)C)ccn2)c1,7.795880017344075
CHEMBL4062722,IC50,nM,55.0,IC50,nM,55.0,CSc1nc(-c2ccc(F)cc2)c(-c2ccnc(Nc3cc(F)cc([N+](=O)[O-])c3)c2)[nH]1,7.259637310505756
CHEMBL321494,IC50,nM,130.0,IC50,nM,130.0,CSc1nc(-c2ccc(F)cc2)c(-c2ccnc(Nc3ccccc3)c2)[nH]1,6.886056647693163
CHEMBL4064942,IC50,nM,81.0,IC50,nM,81.0,CN(C)C(=O)CSc1nc(-c2ccc(F)cc2)c(-c2ccnc(Nc3ccccc3)c2)[nH]1,7.0915149811213505
CHEMBL4091569,IC50,nM,83.0,IC50,nM,83.0,OCCSc1nc(-c2ccc(F)cc2)c(-c2ccnc(Nc3ccccc3)c2)[nH]1,7.080921907623926
CHEMBL4067255,IC50,nM,1246.0,IC50,nM,1246.0,Fc1ccc(-c2nc(SCCN3CCOCC3)[nH]c2-c2ccnc(Nc3ccccc3)c2)cc1,5.9044819576768495
CHEMBL4081860,IC50,nM,29.0,IC50,nM,29.0,NCCSc1nc(-c2ccc(F)cc2)c(-c2ccnc(Nc3ccccc3)c2)[nH]1,7.5376020021010435
CHEMBL4071012,IC50,nM,38.0,IC50,nM,38.0,C=CC(=O)NCCSc1nc(-c2ccc(F)cc2)c(-c2ccnc(Nc3ccccc3)c2)[nH]1,7.42021640338319
CHEMBL4102224,IC50,nM,52.0,IC50,nM,52.0,CCC(=O)NCCSc1nc(-c2ccc(F)cc2)c(-c2ccnc(Nc3ccccc3)c2)[nH]1,7.2839966563652006
CHEMBL4062543,IC50,nM,29.0,IC50,nM,29.0,C=CC(=O)NCCSc1nc(-c2ccccc2)c(-c2ccnc(Nc3ccccc3)c2)[nH]1,7.5376020021010435
CHEMBL4084248,IC50,nM,646.0,IC50,nM,646.0,C=CC(=O)NCCSc1nc(-c2ccc(F)c(C(F)(F)F)c2)c(-c2ccnc(Nc3ccccc3)c2)[nH]1,6.189767482004916
CHEMBL4071180,IC50,nM,18.0,IC50,nM,18.0,CN(C)C/C=C/C(=O)NCCSc1nc(-c2ccc(F)cc2)c(-c2ccnc(Nc3ccccc3)c2)[nH]1,7.7447274948966935
CHEMBL4092003,IC50,nM,1328.0,IC50,nM,1328.0,CC(=O)CCCSc1nc(-c2ccc(F)cc2)c(-c2ccnc(Nc3ccccc3)c2)[nH]1,5.876801924968001
CHEMBL4086078,IC50,nM,417.0,IC50,nM,417.0,C=CC(=O)N1CCC(Sc2nc(-c3ccc(F)cc3)c(-c3ccnc(Nc4ccccc4)c3)[nH]2)C1,6.379863945026242
CHEMBL4100777,IC50,nM,3.1,IC50,nM,3.1,C=CC(=O)Nc1cccc(Nc2cc(-c3[nH]c(SC)nc3-c3ccc(F)cc3)ccn2)n1,8.508638306165727
CHEMBL4061473,IC50,nM,76.0,IC50,nM,76.0,C=CC(=O)N1CCC[C@@H]1CSc1nc(-c2ccc(F)cc2)c(-c2ccnc(Nc3ccccc3)c2)[nH]1,7.119186407719209
CHEMBL4076363,IC50,nM,12.0,IC50,nM,12.0,NCCCSc1nc(-c2ccc(F)cc2)c(-c2ccnc(Nc3ccccc3)c2)[nH]1,7.920818753952375
CHEMBL4105526,IC50,nM,7.4,IC50,nM,7.4,C=CC(=O)Nc1ccc(OC)c(Nc2cc(-c3[nH]c(SC)nc3C3CC3)ccn2)c1,8.130768280269024
CHEMBL4096980,IC50,nM,1.1,IC50,nM,1.1,C=CC(=O)Nc1ccc(OC)c(Nc2cc(-c3[nH]c(SC)nc3-c3ccc4ccccc4c3)ccn2)c1,8.958607314841775
CHEMBL4087268,IC50,nM,3.3,IC50,nM,3.3,C=CC(=O)Nc1cccc(Nc2cc(-c3[nH]c(SC)nc3-c3ccc(F)cc3)ccn2)c1,8.481486060122112
CHEMBL4070707,IC50,nM,66.0,IC50,nM,66.0,C=CC(=O)N1CCC[C@H]1CSc1nc(-c2ccc(F)cc2)c(-c2ccnc(Nc3ccccc3)c2)[nH]1,7.180456064458132
CHEMBL4089601,IC50,nM,22.0,IC50,nM,22.0,C=CC(=O)NCCCSc1nc(-c2ccc(F)cc2)c(-c2ccnc(Nc3ccccc3)c2)[nH]1,7.657577319177793
CHEMBL4098412,IC50,nM,12.0,IC50,nM,12.0,CSc1nc(-c2ccc(F)cc2)c(-c2ccnc(Nc3cc(N4CCN(C)CC4)cc([N+](=O)[O-])c3)c2)[nH]1,7.920818753952375
CHEMBL4082362,IC50,nM,4.5,IC50,nM,4.5,C=CC(=O)Nc1ccc(OC)c(Nc2cc(-c3[nH]c(SC)nc3C3CCCC3)ccn2)c1,8.346787486224656
CHEMBL4094927,IC50,nM,5.0,IC50,nM,5.0,CCC(=O)Nc1ccc(OC)c(Nc2cc(-c3[nH]c(SC)nc3-c3ccc(F)cc3)ccn2)c1,8.301029995663981
CHEMBL4081732,IC50,nM,40.0,IC50,nM,40.0,N#CCCSc1nc(-c2ccc(F)cc2)c(-c2ccnc(Nc3ccccc3)c2)[nH]1,7.3979400086720375
CHEMBL4100377,IC50,nM,6.8,IC50,nM,6.8,C=CC(=O)Nc1ccc(OC)c(Nc2cc(-c3[nH]c(SC)nc3C3CCC3)ccn2)c1,8.167491087293763
CHEMBL4079393,IC50,nM,2.5,IC50,nM,2.5,C=CC(=O)Nc1cccc(Nc2cc(-c3[nH]c(SCCNC(=O)CC)nc3-c3ccccc3)ccn2)c1,8.602059991327963
CHEMBL4098072,IC50,nM,90.0,IC50,nM,90.0,C=CC(=O)Nc1ccc(OC)c(Nc2cc(-c3[nH]c(SC)nc3-c3ccc(F)cc3)ccn2)c1,7.045757490560675
CHEMBL4100860,IC50,nM,8.0,IC50,nM,8.0,C=CC(=O)Nc1ccc(OC)c(Nc2cc(-c3[nH]c(CCCO)nc3-c3ccc(F)cc3)ccn2)c1,8.096910013008056
CHEMBL4090686,IC50,nM,7.0,IC50,nM,7.0,CCC(=O)Nc1ccc(OC)c(Nc2cc(-c3[nH]c(CCCO)nc3-c3ccc(F)cc3)ccn2)c1,8.154901959985743
CHEMBL4071368,IC50,nM,11.0,IC50,nM,11.0,C=CC(=O)Nc1cc(Nc2cc(-c3[nH]c(SC)nc3-c3ccc(F)cc3)ccn2)cc(N2CCN(C)CC2)c1,7.958607314841775
CHEMBL4060003,IC50,nM,53.0,IC50,nM,53.0,C=CC(=O)Nc1cc(Nc2cc(-c3[nH]c(SC)nc3-c3ccc(F)cc3)ccn2)cc(N2CCOCC2)c1,7.275724130399211
CHEMBL4105329,IC50,nM,3.1,IC50,nM,3.1,Cc1n[nH]c2ccc(-c3cc(N[C@@H](CO)c4ccccc4)cnc3-c3cc(Cl)ccc3O)cc12,8.508638306165727
CHEMBL4067871,IC50,nM,4.2,IC50,nM,4.2,OC[C@H](Nc1cnc(-c2cc(Cl)ccc2O)c(-c2ccc3cnccc3c2)c1)c1ccccc1,8.3767507096021
CHEMBL4062877,IC50,nM,4.7,IC50,nM,4.7,Cc1n[nH]c2ccc(-c3cc(N[C@@H](CO)c4ccccc4)cnc3-c3cc(F)ccc3O)cc12,8.327902142064282
CHEMBL4075917,IC50,nM,8.1,IC50,nM,8.1,Cc1n[nH]c2ccc(-c3cc(N[C@@H](CO)c4ccccc4)cnc3-c3ccc(F)cc3O)cc12,8.09151498112135
CHEMBL2105717,IC50,nM,225.0,IC50,nM,225.0,COc1cc2nccc(Oc3ccc(NC(=O)C4(C(=O)Nc5ccc(F)cc5)CC4)cc3)c2cc1OC,6.647817481888637
CHEMBL2216827,IC50,nM,737.0,IC50,nM,737.0,C=CC(=O)Nc1cccc(Nc2nc(Nc3ccc(Oc4ccnc(C(=O)NC)c4)cc3)ncc2F)c1,6.132532512140949
CHEMBL3301625,IC50,nM,442.0,IC50,nM,442.0,C=CC(=O)Nc1cccc(Nc2nc(Nc3ccc(OCCOC)cc3)ncc2F)c1,6.354577730650908
CHEMBL4077064,IC50,nM,874.0,IC50,nM,874.0,C=CC(=O)N1CCc2ccc(-n3c(=O)ccc4cnc5ccc(-c6cnn(C)c6)cc5c43)cc21,6.058488567365597
CHEMBL4096207,IC50,nM,6863.0,IC50,nM,6863.0,C=CC(=O)Nc1cc(Nc2cc(-c3cccc(NC(=O)c4cc5c(s4)CCCC5)c3C)cn(C)c2=O)ccc1C(=O)N1CCOCC1,5.163486001109328
CHEMBL4085868,IC50,nM,5882.0,IC50,nM,5882.0,C=CC(=O)Nc1cc(Nc2cc(-c3cccc(NC(=O)c4ccc(N(C)C)cc4)c3C)cn(C)c2=O)ccc1C(=O)N1CCOCC1,5.23047497982895
CHEMBL4083815,IC50,nM,7230.0,IC50,uM,7.23,O=c1c2ccccc2nc(-c2ccccc2)n1-c1nnc(-c2ccccc2Cl)s1,5.140861702705469
CHEMBL4077349,IC50,nM,780.0,IC50,uM,0.78,O=C(Nn1c(-c2ccccc2)nc2ccccc2c1=O)c1ccc(Br)cc1,6.107905397309519
CHEMBL4072392,IC50,nM,720.0,IC50,uM,0.72,CC(=O)c1ccccc1-n1c(-c2ccccc2)nc2cc(Cl)ccc2c1=O,6.142667503568732
CHEMBL4083467,IC50,nM,12120.0,IC50,uM,12.12,Cc1nnc(-n2c(-c3ccccc3)nc3cc(Cl)ccc3c2=O)s1,4.916497380169733
CHEMBL4060821,IC50,nM,1120.0,IC50,uM,1.12,O=c1c2ccc(Cl)cc2nc(-c2ccccc2)n1-c1nnc(-c2ccccc2)s1,5.950781977329818
CHEMBL4079183,IC50,nM,102.0,IC50,uM,0.102,O=c1c2ccc(Cl)cc2nc(-c2ccccc2)n1-c1nnc(C2CC2)s1,6.991399828238082
CHEMBL4103440,IC50,nM,21.0,IC50,uM,0.021,COc1ccc(-c2nnc(-n3c(-c4ccccc4)nc4cc(Cl)ccc4c3=O)s2)cc1,7.6777807052660805
CHEMBL4074248,IC50,nM,287.0,IC50,uM,0.287,NCCn1c(-c2ccccc2)nc2cc(Cl)ccc2c1=O,6.542118103266008
CHEMBL4081703,IC50,nM,22.4,IC50,nM,22.4,C=CC(=O)Nc1cccc(Oc2nc(Nc3ccc(/C=C/c4cc(C)cc(C)c4)cc3)ncc2Cl)c1,7.649751981665837
CHEMBL4059772,IC50,nM,14.2,IC50,nM,14.2,C=CC(=O)Nc1cccc(Nc2nc(Nc3ccc(/C=C/c4cc(Cl)cc(Cl)c4)cc3)ncc2F)c1,7.847711655616943
CHEMBL4093954,IC50,nM,15.7,IC50,nM,15.7,C=CC(=O)Nc1cccc(Nc2nc(Nc3ccc(/C=C/c4cc(OC)cc(OC)c4)cc3)ncc2Cl)c1,7.804100347590766
CHEMBL4073278,IC50,nM,26.5,IC50,nM,26.5,C=CC(=O)Nc1cccc(Nc2nc(Nc3ccc(/C=C/c4cc(C)cc(C)c4)cc3)ncc2Cl)c1,7.576754126063192
CHEMBL4087570,IC50,nM,11.0,IC50,nM,11.0,C=CC(=O)Nc1cccc(Nc2nc(Nc3ccc(/C=C/c4cc(C)cc(C)c4)cc3)ncc2F)c1,7.958607314841775
CHEMBL4105442,IC50,nM,6.8,IC50,nM,6.8,C=CC(=O)Nc1cccc(Nc2nc(Nc3ccc(/C=C/c4ccc(C)cc4C)cc3)ncc2Cl)c1,8.167491087293763
CHEMBL4095271,IC50,nM,8.1,IC50,nM,8.1,C=CC(=O)Nc1cccc(Nc2nc(Nc3ccc(/C=C/c4ccc(C)cc4C)cc3)ncc2F)c1,8.09151498112135
CHEMBL4067855,IC50,nM,11.3,IC50,nM,11.3,C=CC(=O)Nc1cccc(Nc2nc(Nc3ccc(/C=C/c4cc(Cl)cc(Cl)c4)cc3)ncc2Cl)c1,7.94692155651658
CHEMBL4066684,IC50,nM,725.3,IC50,nM,725.3,Cc1cc(=O)n(-c2ccc(F)cc2)nc1C(=O)Nc1ccc(Oc2ccnc3[nH]ccc23)c(F)c1,6.139482322538254
CHEMBL4064776,IC50,nM,56.0,IC50,nM,56.0,O=C(N/N=C/c1ccc(O)cc1)Nc1cc2c(Nc3ccc(F)c(Cl)c3)ncnc2cc1O[C@H]1CCOC1,7.251811972993799
CHEMBL4100075,IC50,nM,1100.0,IC50,uM,1.1,Cc1nc(C)c(/C=C2\CC(C)C/C(=C\c3nc(C)c(C)nc3C)C2=O)nc1C,5.958607314841775
CHEMBL4083642,IC50,nM,40.0,IC50,uM,0.04,Cc1nc(C)c(/C=C2\CN(C)C/C(=C\c3nc(C)c(C)nc3C)C2=O)nc1C,7.3979400086720375
CHEMBL4104427,IC50,nM,2500.0,IC50,uM,2.5,Cc1nc(C)c(/C=C2\CN(C(C)C)C/C(=C\c3nc(C)c(C)nc3C)C2=O)nc1C,5.6020599913279625
CHEMBL4081727,IC50,nM,1900.0,IC50,uM,1.9,COc1cc(Br)c(/C=C2\CC(C)C/C(=C\c3nc(C)c(C)nc3C)C2=O)cc1OC,5.721246399047171
CHEMBL4063890,IC50,nM,60.0,IC50,uM,0.06,COc1cc(Br)c(/C=C2\CN(C)C/C(=C\c3nc(C)c(C)nc3C)C2=O)cc1OC,7.221848749616356
CHEMBL4075241,IC50,nM,3100.0,IC50,uM,3.1,COc1cc(Cl)c(/C=C2\CN(C(C)C)C/C(=C\c3nc(C)c(C)nc3C)C2=O)cc1OC,5.508638306165727
CHEMBL4094546,IC50,nM,2400.0,IC50,uM,2.4,Cc1nc(C)c(/C=C2\CC(C)C/C(=C\c3nc(C)c(C)nc3C)C2=NO)nc1C,5.619788758288394
CHEMBL4078023,IC50,nM,20.0,IC50,uM,0.02,Cc1nc(C)c(/C=C2\CN(C)C/C(=C\c3nc(C)c(C)nc3C)C2=NO)nc1C,7.698970004336019
CHEMBL4102284,IC50,nM,3900.0,IC50,uM,3.9,Cc1nc(C)c(/C=C2\CN(C(C)C)C/C(=C\c3nc(C)c(C)nc3C)C2=NO)nc1C,5.4089353929735005
CHEMBL4085902,IC50,nM,2900.0,IC50,uM,2.9,COc1cc(Br)c(/C=C2\CC(C)CC(=C\c3nc(C)c(C)nc3C)/C2=N/O)cc1OC,5.5376020021010435
CHEMBL4064361,IC50,nM,20.0,IC50,uM,0.02,COc1cc(Br)c(/C=C2\CN(C)CC(=C\c3nc(C)c(C)nc3C)/C2=N\O)cc1OC,7.698970004336019
CHEMBL4093642,IC50,nM,4900.0,IC50,uM,4.9,COc1cc(Br)c(/C=C2\CN(C(C)C)CC(=C\c3nc(C)c(C)nc3C)/C2=N/O)cc1OC,5.309803919971486
CHEMBL4071474,IC50,nM,0.5,IC50,nM,0.5,C=CC(=O)N1CC[C@H](N2C(=O)N(c3ccccc3Cl)Cc3cnc(Nc4ccc(N5CCN(C)CC5)c(C)c4)nc32)C1,9.301029995663981
CHEMBL4098507,IC50,nM,15.7,IC50,nM,15.7,CCC(=O)N1CC[C@H](N2C(=O)N(c3ccccc3Cl)Cc3cnc(Nc4ccc(N5CCN(C)CC5)c(C)c4)nc32)C1,7.804100347590766
CHEMBL4074601,IC50,nM,12.1,IC50,nM,12.1,CC(=O)N1CC[C@H](N2C(=O)N(c3ccccc3Cl)Cc3cnc(Nc4ccc(N5CCN(C)CC5)c(C)c4)nc32)C1,7.91721462968355
CHEMBL4095063,IC50,nM,8.5,IC50,nM,8.5,Cc1cc(Nc2ncc3c(n2)N([C@H]2CCN(C(=O)C(C)C)C2)C(=O)N(c2ccccc2Cl)C3)ccc1N1CCN(C)CC1,8.070581074285707
CHEMBL4065970,IC50,nM,28.9,IC50,nM,28.9,CCCC(=O)N1CC[C@H](N2C(=O)N(c3ccccc3Cl)Cc3cnc(Nc4ccc(N5CCN(C)CC5)c(C)c4)nc32)C1,7.539102157243452
CHEMBL4087375,IC50,nM,22.2,IC50,nM,22.2,Cc1cc(Nc2ncc3c(n2)N([C@H]2CCN(C(=O)CC(C)C)C2)C(=O)N(c2ccccc2Cl)C3)ccc1N1CCN(C)CC1,7.653647025549361
CHEMBL4092632,IC50,nM,29.4,IC50,nM,29.4,Cc1cc(Nc2ncc3c(n2)N([C@H]2CCN(C(=O)C(C)(C)C)C2)C(=O)N(c2ccccc2Cl)C3)ccc1N1CCN(C)CC1,7.531652669587842
CHEMBL4064937,IC50,nM,28.7,IC50,nM,28.7,Cc1cc(Nc2ncc3c(n2)N([C@H]2CCN(C(=O)C4CC4)C2)C(=O)N(c2ccccc2Cl)C3)ccc1N1CCN(C)CC1,7.542118103266008
CHEMBL4084868,IC50,nM,25.5,IC50,nM,25.5,Cc1cc(Nc2ncc3c(n2)N([C@H]2CCN(C(=O)C4CCCC4)C2)C(=O)N(c2ccccc2Cl)C3)ccc1N1CCN(C)CC1,7.5934598195660445
CHEMBL4102822,IC50,nM,24.9,IC50,nM,24.9,Cc1cc(Nc2ncc3c(n2)N([C@H]2CCN(C(=O)C4CCCCC4)C2)C(=O)N(c2ccccc2Cl)C3)ccc1N1CCN(C)CC1,7.603800652904264
CHEMBL4062178,IC50,nM,7.0,IC50,nM,7.0,Cc1cc(Nc2ncc3c(n2)N([C@H]2CCN(C(=O)CO)C2)C(=O)N(c2ccccc2Cl)C3)ccc1N1CCN(C)CC1,8.154901959985743
CHEMBL4083904,IC50,nM,26.6,IC50,nM,26.6,Cc1cc(Nc2ncc3c(n2)N([C@H]2CCN(C(=O)CN(C)C)C2)C(=O)N(c2ccccc2Cl)C3)ccc1N1CCN(C)CC1,7.575118363368933
CHEMBL4062830,IC50,nM,52.8,IC50,nM,52.8,CCCN1CC[C@H](N2C(=O)N(c3ccccc3Cl)Cc3cnc(Nc4ccc(N5CCN(C)CC5)c(C)c4)nc32)C1,7.277366077466188
CHEMBL4098591,IC50,nM,23.4,IC50,nM,23.4,CCC(=O)N1CC[C@@H](N2C(=O)N(c3ccccc3Cl)Cc3cnc(Nc4ccc(N5CCN(C)CC5)c(C)c4)nc32)C1,7.6307841425898575
CHEMBL4060198,IC50,nM,17.6,IC50,nM,17.6,CCC(=O)N1CC[C@H](N2C(=O)N(c3ccccc3F)Cc3cnc(Nc4ccc(N5CCN(C)CC5)c(C)c4)nc32)C1,7.7544873321858505
CHEMBL4089951,IC50,nM,7.6,IC50,nM,7.6,CCC(=O)N1CC[C@H](N2C(=O)N(c3ccccc3C)Cc3cnc(Nc4ccc(N5CCN(C)CC5)c(C)c4)nc32)C1,8.119186407719209
CHEMBL4070404,IC50,nM,35.8,IC50,nM,35.8,CCC(=O)N1CC[C@H](N2C(=O)N(c3cccc(F)c3)Cc3cnc(Nc4ccc(N5CCN(C)CC5)c(C)c4)nc32)C1,7.446116973356125
CHEMBL4097682,IC50,nM,71.6,IC50,nM,71.6,CCC(=O)N1CC[C@H](N2C(=O)N(c3ccc(F)cc3)Cc3cnc(Nc4ccc(N5CCN(C)CC5)c(C)c4)nc32)C1,7.145086977692144
CHEMBL4079649,IC50,nM,144.0,IC50,nM,144.0,CCC(=O)N1CC[C@H](N2C(=O)N(c3cccc(Cl)c3)Cc3cnc(Nc4ccc(N5CCN(C)CC5)c(C)c4)nc32)C1,6.841637507904751
CHEMBL4105392,IC50,nM,383.0,IC50,nM,383.0,CCC(=O)N1CC[C@H](N2C(=O)N(c3ccc(Cl)cc3)Cc3cnc(Nc4ccc(N5CCN(C)CC5)c(C)c4)nc32)C1,6.416801226031377
CHEMBL4087525,IC50,nM,365.0,IC50,nM,365.0,CCC(=O)N1CC[C@H](N2C(=O)N(c3cccc(C)c3)Cc3cnc(Nc4ccc(N5CCN(C)CC5)c(C)c4)nc32)C1,6.437707135543525
CHEMBL4097770,IC50,nM,377.0,IC50,nM,377.0,CCC(=O)N1CC[C@H](N2C(=O)N(c3ccc(C)cc3)Cc3cnc(Nc4ccc(N5CCN(C)CC5)c(C)c4)nc32)C1,6.423658649794207
CHEMBL4070640,IC50,nM,27.4,IC50,nM,27.4,CCC(=O)N1CC[C@H](N2C(=O)N(c3ccccc3OC)Cc3cnc(Nc4ccc(N5CCN(C)CC5)c(C)c4)nc32)C1,7.562249437179612
CHEMBL4105503,IC50,nM,417.0,IC50,nM,417.0,CCC(=O)N1CC[C@H](N2C(=O)N(c3cccc(OC)c3)Cc3cnc(Nc4ccc(N5CCN(C)CC5)c(C)c4)nc32)C1,6.379863945026242
CHEMBL4081252,IC50,nM,153.0,IC50,nM,153.0,CCC(=O)N1CC[C@H](N2C(=O)N(c3ccc(OC)cc3)Cc3cnc(Nc4ccc(N5CCN(C)CC5)c(C)c4)nc32)C1,6.815308569182402
CHEMBL4067916,IC50,nM,257.0,IC50,nM,257.0,CCC(=O)N1CC[C@H](N2C(=O)N(c3cccc(OC(F)F)c3)Cc3cnc(Nc4ccc(N5CCN(C)CC5)c(C)c4)nc32)C1,6.590066876668706
CHEMBL4089120,IC50,nM,889.0,IC50,nM,889.0,CCC(=O)N1CC[C@H](N2C(=O)N(c3cccc(OC(F)(F)F)c3)Cc3cnc(Nc4ccc(N5CCN(C)CC5)c(C)c4)nc32)C1,6.051098239029786
CHEMBL4078801,IC50,nM,421.0,IC50,nM,421.0,CCC(=O)N1CC[C@H](N2C(=O)N(c3cccc(OC)c3F)Cc3cnc(Nc4ccc(N5CCN(C)CC5)c(C)c4)nc32)C1,6.375717904164332
CHEMBL4096822,IC50,nM,362.0,IC50,nM,362.0,CCC(=O)N1CC[C@H](N2C(=O)N(c3cc(OC)ccc3F)Cc3cnc(Nc4ccc(N5CCN(C)CC5)c(C)c4)nc32)C1,6.441291429466834
CHEMBL4063067,IC50,nM,413.0,IC50,nM,413.0,CCC(=O)N1CC[C@H](N2C(=O)N(c3cccc(OC)c3Cl)Cc3cnc(Nc4ccc(N5CCN(C)CC5)c(C)c4)nc32)C1,6.384049948343599
CHEMBL4084726,IC50,nM,373.0,IC50,nM,373.0,CCC(=O)N1CC[C@H](N2C(=O)N(c3cc(OC)ccc3Cl)Cc3cnc(Nc4ccc(N5CCN(C)CC5)c(C)c4)nc32)C1,6.428291168191312
CHEMBL4095071,IC50,nM,1100.0,IC50,nM,1100.0,CCC(=O)N1CC[C@H](N2C(=O)N(c3cc(OC)ccc3F)Cc3cnc(Nc4ccc(N5CCN(C)CC5)cc4)nc32)C1,5.958607314841775
CHEMBL4074615,IC50,nM,2500.0,IC50,nM,2500.0,CCC(=O)N1CC[C@H](N2C(=O)N(c3cc(OC)ccc3F)Cc3cnc(Nc4ccc(N5CCN(C)CC5)cc4C)nc32)C1,5.6020599913279625
CHEMBL4087383,IC50,nM,1600.0,IC50,nM,1600.0,CCC(=O)N1CC[C@H](N2C(=O)N(c3cc(OC)ccc3F)Cc3cnc(Nc4ccc(N5CCN(C)CC5)cc4OC)nc32)C1,5.795880017344075
CHEMBL4065984,IC50,nM,600.0,IC50,nM,600.0,CCC(=O)N1CC[C@H](N2C(=O)N(c3cc(OC)ccc3F)Cc3cnc(Nc4ccc(N5CCN(C)CC5)c(OC)c4)nc32)C1,6.221848749616356
CHEMBL4079506,IC50,nM,1300.0,IC50,nM,1300.0,CCC(=O)N1CC[C@H](N2C(=O)N(c3cc(OC)ccc3F)Cc3cnc(Nc4ccc(N5CCN(C)CC5)c(F)c4)nc32)C1,5.886056647693163
CHEMBL4103761,IC50,nM,1200.0,IC50,nM,1200.0,CCC(=O)N1CC[C@H](N2C(=O)N(c3cc(OC)ccc3F)Cc3cnc(Nc4ccc(N5CCN(C)CC5)c(Cl)c4)nc32)C1,5.920818753952375
CHEMBL4068695,IC50,nM,3400.0,IC50,nM,3400.0,CCC(=O)N1CC[C@H](N2C(=O)N(c3cc(OC)ccc3F)Cc3cnc(Nc4ccc(N5CCN(C)CC5)c(C(F)(F)F)c4)nc32)C1,5.468521082957745
CHEMBL4096014,IC50,nM,518.0,IC50,nM,518.0,CCC(=O)N1CC[C@H](N2C(=O)N(c3cc(OC)ccc3F)Cc3cnc(Nc4ccc(N5CCN(C)CC5)c(CC)c4)nc32)C1,6.285670240254767
CHEMBL4083916,IC50,nM,365.0,IC50,nM,365.0,CCC(=O)N1CC[C@H](N2C(=O)N(c3cc(OC)ccc3F)Cc3cnc(Nc4ccc(N5CCN(C)CC5)c(C(C)C)c4)nc32)C1,6.437707135543525
CHEMBL4062192,IC50,nM,467.0,IC50,nM,467.0,CCC(=O)N1CC[C@H](N2C(=O)N(c3cc(OC)ccc3F)Cc3cnc(Nc4ccc(N5CCCCC5)c(C)c4)nc32)C1,6.330683119433888
CHEMBL4102288,IC50,nM,626.0,IC50,nM,626.0,CCC(=O)N1CC[C@H](N2C(=O)N(c3cc(OC)ccc3F)Cc3cnc(Nc4ccc(N5CCOCC5)c(C)c4)nc32)C1,6.20342566678957
CHEMBL4078026,IC50,nM,148.0,IC50,nM,148.0,CCC(=O)N1CC[C@H](N2C(=O)N(c3cc(OC)ccc3F)Cc3cnc(Nc4ccc(N5CCN(C(C)=O)CC5)c(C)c4)nc32)C1,6.8297382846050425
CHEMBL4083224,IC50,nM,209.0,IC50,nM,209.0,CCC(=O)N1CC[C@H](N2C(=O)N(c3cc(OC)ccc3F)Cc3cnc(Nc4ccc(N5CCCN(C)CC5)c(C)c4)nc32)C1,6.679853713888946
CHEMBL4076405,IC50,nM,286.0,IC50,nM,286.0,CCC(=O)N1CC[C@H](N2C(=O)N(c3cc(OC)ccc3F)Cc3cnc(Nc4ccc(N5CCC(N(C)C)CC5)c(C)c4)nc32)C1,6.543633966870957
CHEMBL4086821,IC50,nM,295.7,IC50,nM,295.7,CCC(=O)N1CC[C@H](N2C(=O)N(c3cc(OC)ccc3F)Cc3cnc(Nc4ccc(N5CCC6(CCN(C)C6)C5)c(C)c4)nc32)C1,6.529148675473882
CHEMBL4104717,IC50,nM,224.5,IC50,nM,224.5,CCC(=O)N1CC[C@H](N2C(=O)N(c3cc(OC)ccc3F)Cc3cnc(Nc4ccc(N5CCC6(CCN(C)CC6)CC5)c(C)c4)nc32)C1,6.648783654660658
CHEMBL4078973,IC50,nM,218.0,IC50,nM,218.0,CCC(=O)N1CC[C@H](N2C(=O)N(c3cc(OC)ccc3F)Cc3cnc(Nc4ccc(N5CC6(CCN(C)CC6)C5)c(C)c4)nc32)C1,6.661543506395395
CHEMBL4096988,IC50,nM,216.0,IC50,nM,216.0,CCC(=O)N1CC[C@H](N2C(=O)N(c3cc(OC)ccc3F)Cc3cnc(Nc4ccc(N5C[C@H]6CN(C)C[C@H]6C5)c(C)c4)nc32)C1,6.665546248849069
CHEMBL4076515,IC50,nM,1300.0,IC50,nM,1300.0,CCC(=O)N1CC[C@H](N2C(=O)N(c3cc(OC)ccc3F)Cc3cnc(Nc4ccc(N(C)CCN(C)C)c(C)c4)nc32)C1,5.886056647693163
CHEMBL4093535,IC50,nM,715.0,IC50,nM,715.0,CCC(=O)N1CC[C@H](N2C(=O)N(c3cc(OC)ccc3F)Cc3cnc(Nc4ccc(N5CCN(C)C(C)C5)c(C)c4)nc32)C1,6.145693958198919
CHEMBL4103893,IC50,nM,888.2,IC50,nM,888.2,CCC(=O)N1CC[C@H](N2C(=O)N(c3cc(OC)ccc3F)Cc3cnc(Nc4ccc(N5C[C@@H](C)N(C)[C@@H](C)C5)c(C)c4)nc32)C1,6.051489231162343
CHEMBL4072688,IC50,nM,302.0,IC50,nM,302.0,CCC(=O)N1CC[C@H](N2C(=O)N(c3cc(OC)ccc3F)Cc3cnc(Nc4ccc(N5CCN(C6COC6)CC5)c(C)c4)nc32)C1,6.519993057042849
CHEMBL4066141,IC50,nM,360.0,IC50,nM,360.0,CCC(=O)N1CC[C@H](N2C(=O)N(c3cc(OC)ccc3Cl)Cc3cnc(Nc4ccc(N5CCN(C6COC6)CC5)c(C)c4)nc32)C1,6.443697499232712
CHEMBL4094527,IC50,nM,2500.0,IC50,uM,2.5,C=CC(=O)N1CCC[C@@H](n2ncc3c(N)ncnc32)C1,5.6020599913279625
CHEMBL4091966,IC50,nM,20.0,IC50,uM,0.02,C=CC(=O)N1CCC[C@@H](n2nc(I)c3c(N)ncnc32)C1,7.698970004336019
CHEMBL4071151,IC50,nM,960.0,IC50,uM,0.96,C#Cc1nn([C@@H]2CCCN(C(=O)C=C)C2)c2ncnc(N)c12,6.017728766960431
CHEMBL4099713,IC50,nM,10.0,IC50,uM,0.01,C=CC(=O)N1CCC[C@@H](n2nc(-c3ccccc3)c3c(N)ncnc32)C1,8.0
CHEMBL4081698,IC50,nM,4700.0,IC50,uM,4.7,CCC(=O)N1CCC[C@@H](n2nc(-c3ccccc3)c3c(N)ncnc32)C1,5.327902142064283
CHEMBL4073874,IC50,nM,220.0,IC50,uM,0.22,CN(C)C/C=C/C(=O)N1CCC[C@@H](n2nc(-c3ccccc3)c3c(N)ncnc32)C1,6.657577319177793
CHEMBL4100655,IC50,nM,10.0,IC50,uM,0.01,C=CC(=O)N1CCC[C@@H](n2nc(-c3cccc(F)c3)c3c(N)ncnc32)C1,8.0
CHEMBL4084214,IC50,nM,3400.0,IC50,uM,3.4,CCC(=O)N1CCC[C@@H](n2nc(-c3cccc(F)c3)c3c(N)ncnc32)C1,5.468521082957745
CHEMBL4062509,IC50,nM,30.0,IC50,uM,0.03,C=CC(=O)N1CCC[C@@H](n2nc(-c3ccc(F)cc3)c3c(N)ncnc32)C1,7.522878745280337
CHEMBL4103121,IC50,nM,5000.0,IC50,uM,5.0,CCC(=O)N1CCC[C@@H](n2nc(-c3ccc(F)cc3)c3c(N)ncnc32)C1,5.301029995663981
CHEMBL2180204,IC50,nM,30.0,IC50,uM,0.03,C=CC(=O)N1CCC[C@@H](n2nc(-c3cccc(C(F)(F)F)c3)c3c(N)ncnc32)C1,7.522878745280337
CHEMBL4101735,IC50,nM,1000.0,IC50,uM,1.0,CN(C)C/C=C/C(=O)N1CCC[C@@H](n2nc(-c3cccc(C(F)(F)F)c3)c3c(N)ncnc32)C1,6.0
CHEMBL2180203,IC50,nM,60.0,IC50,uM,0.06,C=CC(=O)N1CCC[C@@H](n2nc(-c3ccc(C(F)(F)F)cc3)c3c(N)ncnc32)C1,7.221848749616356
CHEMBL4063701,IC50,nM,5900.0,IC50,uM,5.9,CCC(=O)N1CCC[C@@H](n2nc(-c3ccc(C(F)(F)F)cc3)c3c(N)ncnc32)C1,5.229147988357856
CHEMBL4099254,IC50,nM,110.0,IC50,uM,0.11,C=CC(=O)N1CCC[C@@H](n2nc(C3CC3)c3c(N)ncnc32)C1,6.958607314841775
CHEMBL4072299,IC50,nM,3.0,IC50,uM,0.003,C=CC(=O)N1CCC[C@@H](n2nc(-c3ccc(O)cc3)c3c(N)ncnc32)C1,8.522878745280337
CHEMBL4060919,IC50,nM,3.0,IC50,uM,0.003,C=CC(=O)N1CCC[C@@H](n2nc(Cc3ccccc3)c3c(N)ncnc32)C1,8.522878745280337
CHEMBL4082783,IC50,nM,60.0,IC50,uM,0.06,C=CC(=O)N1CCC[C@@H](n2nc(C#CC3CCCC3)c3c(N)ncnc32)C1,7.221848749616356
CHEMBL4069586,IC50,nM,120.0,IC50,uM,0.12,C=CC(=O)N1CCC[C@@H](n2nc(C#CCC3CCCC3)c3c(N)ncnc32)C1,6.920818753952375
CHEMBL4090601,IC50,nM,1.0,IC50,uM,0.001,C=CC(=O)N1CCC[C@@H](n2nc(-c3ccc4ccccc4c3)c3c(N)ncnc32)C1,9.0
CHEMBL4095447,IC50,nM,1.0,IC50,uM,0.001,C=CC(=O)N1CCC[C@@H](n2nc(-c3cccc4ccccc34)c3c(N)ncnc32)C1,9.0
CHEMBL4103201,IC50,nM,2.0,IC50,uM,0.002,C=CC(=O)N1CCC[C@@H](n2nc(-c3cnc4[nH]ccc4c3)c3c(N)ncnc32)C1,8.698970004336019
CHEMBL4094959,IC50,nM,2.0,IC50,uM,0.002,C=CC(=O)N1CCC[C@@H](n2nc(-c3cn(C)c4ccccc34)c3c(N)ncnc32)C1,8.698970004336019
CHEMBL4075015,IC50,nM,270.0,IC50,uM,0.27,C=CC(=O)N1CCC[C@@H](n2nc(-c3ccc(N(C)C)c4ccccc34)c3c(N)ncnc32)C1,6.568636235841013
CHEMBL4073960,IC50,nM,20.0,IC50,uM,0.02,C=CC(=O)N1CCC[C@@H](n2nc(-c3ccc(F)c4ccccc34)c3c(N)ncnc32)C1,7.698970004336019
CHEMBL4079658,IC50,nM,6.4,IC50,nM,6.4,C=CC(=O)Nc1cc(Nc2nccc(-c3cn(C)c4ccccc34)n2)c(OC)cc1N(C)CC[N+](C)(C)[O-],8.193820026016112
CHEMBL4103912,IC50,nM,4.9,IC50,nM,4.9,C=CC(=O)Nc1cc(Nc2nccc(-c3cn(C)c4ccc(F)cc34)n2)c(OC)cc1N(C)CCN(C)C,8.309803919971486
CHEMBL4087538,IC50,nM,6.0,IC50,nM,6.0,C=CC(=O)Nc1cc(Nc2nccc(-c3cn(C)c4c(F)cccc34)n2)c(OC)cc1N(C)CCN(C)C,8.221848749616356
CHEMBL4066170,IC50,nM,10.2,IC50,nM,10.2,C=CC(=O)Nc1cc(Nc2nccc(-c3cn(C)c4ccc(F)cc34)n2)c(OC)cc1N(C)CC[N+](C)(C)[O-],7.991399828238082
CHEMBL4072620,IC50,nM,17.8,IC50,nM,17.8,C=CC(=O)Nc1cc(Nc2nccc(-c3cn(C)c4c(F)cccc34)n2)c(OC)cc1N(C)CC[N+](C)(C)[O-],7.749579997691106
CHEMBL4073595,IC50,nM,4.53,IC50,nM,4.53,COc1cc2c(Nc3ccc(OCc4cccc(F)c4)c(Cl)c3)ncnc2cc1OCCCN1C[C@H](O)[C@@H](O)[C@H](O)[C@H]1CO,8.343901797987169
CHEMBL4102886,IC50,nM,4.87,IC50,nM,4.87,C#Cc1cccc(Nc2ncnc3cc(OCCCN4C[C@H](O)[C@@H](O)[C@H](O)[C@H]4CO)c(OC)cc23)c1,8.312471038785366
CHEMBL4079553,IC50,nM,10.71,IC50,nM,10.71,COc1cc2ncnc(Nc3ccc(F)c(Cl)c3)c2cc1OCCCN1C[C@H](O)[C@@H](O)[C@H](O)[C@H]1CO,7.970210529168145
CHEMBL4086056,IC50,nM,1.79,IC50,nM,1.79,COc1cc2c(Nc3ccc(F)c(Cl)c3)ncnc2cc1OCCCN1C[C@H](O)[C@@H](O)[C@H](O)[C@H]1CO,8.747146969020108
CHEMBL4068839,IC50,nM,5.3,IC50,nM,5.3,C=CC(=O)N1CCC[C@@H](n2nc(-c3ccc(OCc4ccccn4)c(Cl)c3)c3c(N)ncnc32)C1,8.275724130399212
CHEMBL4071494,IC50,nM,1300.0,IC50,nM,1300.0,Oc1ccc(-c2nc(-c3ccco3)c(-c3ccnc4[nH]c(-c5ccccc5)cc34)[nH]2)cc1,5.886056647693163
CHEMBL4070454,IC50,nM,11.2,IC50,nM,11.2,Oc1ccc(-c2nc(-c3ccccc3)c(-c3ccnc4[nH]c(-c5ccccc5)cc34)[nH]2)cc1,7.950781977329818
CHEMBL4097627,IC50,nM,23.6,IC50,nM,23.6,Oc1cccc(-c2nc(-c3ccc(F)cc3)c(-c3ccnc4[nH]c(-c5ccccc5)cc34)[nH]2)c1,7.627087997029894
CHEMBL4088971,IC50,nM,24.4,IC50,nM,24.4,OCCCc1nc(-c2ccc(F)cc2)c(-c2ccnc3[nH]ccc23)[nH]1,7.61261017366127
CHEMBL2179119,IC50,nM,24.1,IC50,nM,24.1,Oc1ccc(-c2nc(-c3ccc(F)cc3)c(-c3ccnc4[nH]c(-c5ccccc5)cc34)[nH]2)cc1,7.617982957425132
CHEMBL2179128,IC50,nM,102.0,IC50,nM,102.0,Fc1ccc(-c2nc(-c3ccccc3)[nH]c2-c2ccnc3[nH]c(-c4ccccc4)cc23)cc1,6.991399828238082
CHEMBL2179124,IC50,nM,631.0,IC50,nM,631.0,Fc1ccc(-c2nc(-c3ccccc3)[nH]c2-c2ccnc3[nH]ccc23)cc1,6.199970640755866
CHEMBL4100759,IC50,nM,13.0,IC50,nM,13.0,C=CC(=O)NCc1cccc(-c2nc(-c3ccc(F)cc3)c(-c3ccnc4[nH]c(-c5ccccc5)cc34)[nH]2)c1,7.886056647693163
CHEMBL4090582,IC50,nM,7.41,IC50,nM,7.41,CN(C)C/C=C/C(=O)NCc1cccc(-c2nc(-c3ccc(F)cc3)c(-c3ccnc4[nH]c(-c5ccccc5)cc34)[nH]2)c1,8.130181792020672
CHEMBL4062617,IC50,nM,3920.0,IC50,nM,3920.0,C=CC(=O)NCc1cccc(-c2nc(C3CC3)c(-c3ccnc4[nH]c(-c5ccccc5)cc34)[nH]2)c1,5.406713932979542
CHEMBL4066951,IC50,nM,15.4,IC50,nM,15.4,Nc1cccc(-c2cc3c(-c4[nH]c(-c5ccccc5)nc4-c4ccc(F)cc4)ccnc3[nH]2)c1,7.8124792791635365
CHEMBL4094438,IC50,nM,32.1,IC50,nM,32.1,C=CC(=O)Nc1cccc(-c2cc3c(-c4[nH]c(-c5ccccc5)nc4-c4ccc(F)cc4)ccnc3[nH]2)c1,7.493494967595128
CHEMBL4077917,IC50,nM,18.7,IC50,nM,18.7,CCC(=O)Nc1cccc(-c2cc3c(-c4[nH]c(-c5ccccc5)nc4-c4ccc(F)cc4)ccnc3[nH]2)c1,7.728158393463501
CHEMBL4102179,IC50,nM,34.2,IC50,nM,34.2,C=CC(=O)NCc1cccc(-c2cc3c(-c4[nH]c(-c5ccccc5)nc4-c4ccc(F)cc4)ccnc3[nH]2)c1,7.465973893943865
CHEMBL4064224,IC50,nM,459.0,IC50,nM,459.0,C=CC(=O)Nc1cccc(-c2c[nH]c3nccc(Cl)c23)c1,6.338187314462739
CHEMBL4077228,IC50,nM,279.0,IC50,nM,279.0,CCC(=O)Nc1cccc(-c2c[nH]c3nccc(-c4[nH]c(CCCO)nc4-c4ccc(F)cc4)c23)c1,6.554395796726403
CHEMBL4078920,IC50,nM,258.0,IC50,nM,258.0,C=CC(=O)Nc1cccc(-c2c[nH]c3nccc(-c4[nH]c(CCCO)nc4C4CC4)c23)c1,6.58838029403677
CHEMBL4069229,IC50,nM,297.0,IC50,nM,297.0,C=CC(=O)Nc1cccc(-c2c[nH]c3nccc(-c4[nH]c(CCCO)nc4C(F)(F)F)c23)c1,6.527243550682788
CHEMBL4072874,IC50,nM,7.8,IC50,nM,7.8,C=CC(=O)Nc1cccc(-c2c[nH]c3nccc(-c4[nH]c(-c5ccccc5)nc4-c4ccc(F)cc4)c23)c1,8.10790539730952
CHEMBL4061829,IC50,nM,12.5,IC50,nM,12.5,OCCc1nc(-c2ccc(F)cc2)c(-c2ccnc3[nH]c(-c4ccccc4)cc23)[nH]1,7.903089986991944
CHEMBL4089892,IC50,nM,8.39,IC50,nM,8.39,OCCCCc1nc(-c2ccc(F)cc2)c(-c2ccnc3[nH]c(-c4ccccc4)cc23)[nH]1,8.0762380391713
CHEMBL4071827,IC50,nM,1.52,IC50,nM,1.52,C=CC(=O)Nc1cccc(-c2c[nH]c3nccc(-c4[nH]c(CCCO)nc4-c4ccc(F)cc4)c23)c1,8.818156412055227
CHEMBL4082764,IC50,nM,336.0,IC50,nM,336.0,NCc1cccc(-c2nc(-c3ccc(F)cc3)c(-c3ccnc4[nH]c(-c5ccccc5)cc34)[nH]2)c1,6.4736607226101555
CHEMBL4101719,IC50,nM,6.47,IC50,nM,6.47,OCCCc1nc(-c2ccc(F)cc2)c(-c2ccnc3[nH]c(-c4ccccc4)cc23)[nH]1,8.1890957193313
CHEMBL4069277,IC50,nM,188.2,IC50,nM,188.2,C=CC(=O)Nc1cc(Nc2nccc(-c3cn4c5c(cccc35)CCC4)n2)c(OC)cc1N(C)CCN(C)C(C)=O,6.725380380908762
CHEMBL4092788,IC50,nM,278.2,IC50,nM,278.2,C=CC(=O)Nc1cc(Nc2nccc(-c3cn4c5c(cccc35)CCC4)n2)c(OC)cc1N(C)CC(=O)N(C)C,6.555642874343972
CHEMBL4087243,IC50,nM,34.8,IC50,nM,34.8,C=CC(=O)Nc1cc(Nc2nccc(-c3cn4c5c(cccc35)CCC4)n2)c(OC)cc1N(C)CCO,7.458420756053419
CHEMBL4082763,IC50,nM,10.9,IC50,nM,10.9,C=CC(=O)Nc1cc(Nc2cc(-c3cn(C)c4ccccc34)nc(OC)n2)c(OC)cc1N(C)CCN(C)C,7.962573502059376
CHEMBL4066569,IC50,nM,60.6,IC50,nM,60.6,C=CC(=O)Nc1cc(Nc2cc(-c3cn(C)c4ccccc34)nc(C)n2)c(OC)cc1N(C)CCN(C)C,7.217527375833714
CHEMBL4086559,IC50,nM,212.5,IC50,nM,212.5,C=CC(=O)Nc1cc(Nc2ncnc(-c3cn(C)c4ccccc34)c2OC)c(OC)cc1N(C)CCN(C)C,6.67264106561367
CHEMBL4099377,IC50,nM,94.8,IC50,nM,94.8,C=CC(=O)Nc1cc(Nc2ncnc(-c3cn(C)c4ccccc34)c2F)c(OC)cc1N(C)CCN(C)C,7.023191662661934
CHEMBL4077973,IC50,nM,22.0,IC50,nM,22.0,C=CC(=O)Nc1cc(Nc2cc(-c3cn4c5c(cccc35)CCC4)nc(OC)n2)c(OC)cc1N(C)CCN(C)C,7.657577319177793
CHEMBL4096021,IC50,nM,2.6,IC50,nM,2.6,C=CC(=O)Nc1cc(Nc2cc(-c3cn4c5c(cccc35)CCC4)ncn2)c(OC)cc1N(C)CCN(C)C,8.585026652029182
CHEMBL4085842,IC50,nM,1.6,IC50,nM,1.6,C=CC(=O)Nc1cc(Nc2cc(-c3cn(C)c4ccccc34)ncn2)c(OC)cc1N(C)CCN(C)C,8.795880017344075
CHEMBL4094086,IC50,nM,13.0,IC50,nM,13.0,C=CC(=O)Nc1cc(Nc2nc(OC)cc(-c3cn(C)c4ccccc34)n2)c(OC)cc1N(C)CCN(C)C,7.886056647693163
CHEMBL4104658,IC50,nM,2.6,IC50,nM,2.6,C=CC(=O)Nc1cc(Nc2nccc(-c3cn4c5c(cccc35)CCC4)n2)c(OC)cc1N(C)CCN(C)C,8.585026652029182
CHEMBL4067014,IC50,nM,287.4,IC50,nM,287.4,C=CC(=O)Nc1cc(Nc2nccc(-n3cc(C)c4ccccc43)n2)c(OC)cc1N(C)CCN(C)C,6.541513236201793
CHEMBL4081429,IC50,nM,427.7,IC50,nM,427.7,C=CC(=O)Nc1cc(Nc2nccc(-c3cn4c5c(cccc35)CCC4)n2)c(OC)cc1N1CCNC(=O)C1,6.368860749743189
CHEMBL4099445,IC50,nM,64.3,IC50,nM,64.3,C=CC(=O)Nc1cc(Nc2nccc(-c3cn4c5c(cccc35)CCC4)n2)c(OC)cc1N1CCN(C)CC1,7.191789027075778
CHEMBL4098967,IC50,nM,4.0,IC50,nM,4.0,C=CC(=O)Nc1cc(Nc2nccc(-c3cn4c5c(cccc35)CCC4)n2)c(OC)cc1N1CCC(CN(C)C)C1,8.397940008672037
CHEMBL4080934,IC50,nM,14.5,IC50,nM,14.5,C=CC(=O)Nc1cc(Nc2nccc(-c3cn4c5c(cccc35)CCC4)n2)c(OC)cc1N1CC(CCN(C)C)C1,7.838631997765025
CHEMBL4080008,IC50,nM,11.6,IC50,nM,11.6,C=CC(=O)Nc1cc(Nc2nccc(-c3cn4c5c(cccc35)CCC4)n2)c(OC)cc1N1CC(CN(C)C)C1,7.935542010773082
CHEMBL4097141,IC50,nM,13.6,IC50,nM,13.6,C=CC(=O)Nc1cc(Nc2nccc(-c3cn4c5c(cccc35)CCC4)n2)c(OC)cc1N1CC(N(C)C)C1,7.866461091629782
CHEMBL4082724,IC50,nM,980.83,IC50,nM,980.83,COc1cc2c(Oc3ccc(NC(=O)c4nc5ccccc5n(-c5ccc(F)cc5)c4=O)cc3F)ccnc2cc1OCCCN1CCN(C)CC1,6.008406259143765
CHEMBL4095253,IC50,nM,642.7,IC50,nM,642.7,C=CS(=O)(=O)N1CCC[C@@H]1Cn1cc(-c2ccc3c(c2)OCO3)c2c(N)ncnc21,6.1919917000896
CHEMBL4125764,IC50,nM,4.7,IC50,nM,4.7,C=CC(=O)N[C@@H]1CCN(c2nc(Nc3ccccc3)nc3cnc(Nc4ccc(N5CCN(C)CC5)cn4)cc23)C1,8.327902142064282
CHEMBL4127809,IC50,nM,3.2,IC50,nM,3.2,C=CC(=O)N[C@H]1CCN(c2nc(Nc3ccccc3)nc3cnc(Nc4ccc(N5CCN(C)CC5)cn4)cc23)C1,8.494850021680094
CHEMBL4129209,IC50,nM,6.5,IC50,nM,6.5,C=CC(=O)N[C@@H]1CCCN(c2nc(Nc3ccccc3)nc3cnc(Nc4ccc(N5CCN(C)CC5)cn4)cc23)C1,8.187086643357144
CHEMBL4129287,IC50,nM,14.2,IC50,nM,14.2,C=CC(=O)N[C@H]1CCCN(c2nc(Nc3ccccc3)nc3cnc(Nc4ccc(N5CCN(C)CC5)cn4)cc23)C1,7.847711655616943
CHEMBL4127897,IC50,nM,4.6,IC50,nM,4.6,C=CC(=O)N1CC[C@@H](Nc2nc(Nc3ccccc3)nc3cnc(Nc4ccc(N5CCN(C)CC5)cn4)cc23)C1,8.337242168318426
CHEMBL4125840,IC50,nM,10.8,IC50,nM,10.8,C=CC(=O)N1CC[C@H](Nc2nc(Nc3ccccc3)nc3cnc(Nc4ccc(N5CCN(C)CC5)cn4)cc23)C1,7.966576244513051
CHEMBL4129138,IC50,nM,4.5,IC50,nM,4.5,CN1CCN(c2ccc(Nc3cc4c(N[C@@H]5CCCN(C)C5)nc(Nc5ccccc5)nc4cn3)nc2)CC1,8.346787486224656
CHEMBL4126810,IC50,nM,1.7,IC50,nM,1.7,CN1CCN(c2ccc(Nc3cc4c(N[C@H]5CCCN(C)C5)nc(Nc5ccccc5)nc4cn3)nc2)CC1,8.769551078621726
CHEMBL4126797,IC50,nM,46.0,IC50,nM,46.0,C=CC(=O)Nc1cccc(-n2c(=O)n(C)c(=O)c3cnc(Nc4ccc(N5CCN(C(C)=O)CC5)cc4OC)nc32)c1,7.337242168318426
CHEMBL4126654,IC50,nM,70.0,IC50,nM,70.0,C=CC(=O)Nc1cccc(-n2c(=O)n(C)c(=O)c3cnc(Nc4ccc(N5CCOCC5)cc4OC)nc32)c1,7.154901959985743
CHEMBL4125772,IC50,nM,91.0,IC50,nM,91.0,C=CC(=O)Nc1cccc(-n2c(=O)n(C)c(=O)c3cnc(Nc4ccc(N5CCSCC5)cc4OC)nc32)c1,7.040958607678906
CHEMBL4129387,IC50,nM,30.0,IC50,nM,30.0,C=CC(=O)Nc1cccc(-n2c(=O)n(C)c(=O)c3cnc(Nc4ccc(N5CCC(N(C)C)CC5)cc4OC)nc32)c1,7.522878745280337
CHEMBL4128726,IC50,nM,68.0,IC50,nM,68.0,C=CC(=O)Nc1cccc(-n2c(=O)n(C)c(=O)c3cnc(Nc4ccccc4)nc32)c1,7.167491087293763
CHEMBL4126358,IC50,nM,2.5,IC50,nM,2.5,C=CC(=O)Nc1cccc(-n2c(=O)n(CC)c(=O)c3cnc(Nc4ccc(N5CCC(N(C)C)CC5)cc4OC)nc32)c1,8.602059991327963
CHEMBL4129646,IC50,nM,0.4,IC50,nM,0.4,C=CC(=O)Nc1cccc(-n2c(=O)n(CCC)c(=O)c3cnc(Nc4ccc(N5CCC(N(C)C)CC5)cc4OC)nc32)c1,9.397940008672037
CHEMBL4129781,IC50,nM,0.8,IC50,nM,0.8,C=CC(=O)Nc1cccc(-n2c(=O)n(C(C)C)c(=O)c3cnc(Nc4ccc(N5CCC(N(C)C)CC5)cc4OC)nc32)c1,9.096910013008056
CHEMBL4128415,IC50,nM,1.9,IC50,nM,1.9,C=CC(=O)Nc1cccc(-n2c(=O)n(Cc3ccccc3)c(=O)c3cnc(Nc4ccc(N5CCC(N(C)C)CC5)cc4OC)nc32)c1,8.721246399047171
CHEMBL4128567,IC50,nM,1.0,IC50,nM,1.0,C=CC(=O)Nc1cccc(-n2c(=O)n(CCc3ccccc3)c(=O)c3cnc(Nc4ccc(N5CCC(N(C)C)CC5)cc4OC)nc32)c1,9.0
CHEMBL4130016,IC50,nM,1.4,IC50,nM,1.4,C=CC(=O)Nc1cccc(-n2c(=O)n(CCCc3ccccc3)c(=O)c3cnc(Nc4ccc(N5CCC(N(C)C)CC5)cc4OC)nc32)c1,8.853871964321762
CHEMBL4127317,IC50,nM,0.3,IC50,nM,0.3,C=CC(=O)Nc1cccc(-n2c(=O)n(C(C)C)c(=O)c3cnc(Nc4ccc(N5CCN(C)CC5)cc4OC)nc32)c1,9.522878745280337
CHEMBL4125940,IC50,nM,6.8,IC50,nM,6.8,C=CC(=O)Nc1cccc(-n2c(=O)n(C(C)C)c(=O)c3cnc(Nc4ccc(N5CCN(C)CC5)c(OC)c4)nc32)c1,8.167491087293763
CHEMBL4126630,IC50,nM,1.0,IC50,nM,1.0,C=CC(=O)Nc1cccc(-n2c(=O)n(C(C)C)c(=O)c3cnc(Nc4ccc(N5CCN(C)CC5)c(C)c4)nc32)c1,9.0
CHEMBL4129902,IC50,nM,16.0,IC50,nM,16.0,C=CC(=O)Nc1cccc(-n2c(=O)n(C(C)C)c(=O)c3cnc(Nc4ccc(N(C)CCN(C)C)cc4OC)nc32)c1,7.795880017344075
CHEMBL4126986,IC50,nM,115.0,IC50,nM,115.0,C=CC(=O)Nc1cccc(-n2c(=O)n(C(C)C)c(=O)c3cnc(Nc4ccc(OCCN(C)C)cc4OC)nc32)c1,6.939302159646388
CHEMBL4129607,IC50,nM,14.0,IC50,nM,14.0,C=CC(=O)Nc1cccc(-n2c(=O)n(C(C)C)c(=O)c3cnc(Nc4ccc(N5CCC(N6CCN(C)CC6)CC5)cc4OC)nc32)c1,7.853871964321762
CHEMBL4168235,IC50,nM,3.62,IC50,nM,3.62,COc1cc2c(Nc3ccc(C#N)cc3)ncnc2cc1OCCCN1CCC(c2ccccc2)CC1,8.441291429466835
CHEMBL4171764,IC50,nM,2.61,IC50,nM,2.61,Brc1cccc(Nc2ncnc3sc4c(c23)CCCC4)c1,8.58335949266172
CHEMBL4166412,IC50,nM,110.0,IC50,uM,0.11,NS(=O)(=O)c1ccc(-n2c(SCC(=O)Nc3cnc4ccccc4c3)nc3cc4ccccc4cc3c2=O)cc1,6.958607314841775
CHEMBL4176629,IC50,nM,60.0,IC50,uM,0.06,NS(=O)(=O)c1ccc(-n2c(SCC(=O)Nc3ccc([N+](=O)[O-])cc3[N+](=O)[O-])nc3cc4ccccc4cc3c2=O)cc1,7.221848749616356
CHEMBL4164936,IC50,nM,240.0,IC50,uM,0.24,NS(=O)(=O)c1ccc(-n2c(SCC(=O)Nc3cc(Cl)c(Cl)cc3Cl)nc3cc4ccccc4cc3c2=O)cc1,6.619788758288394
CHEMBL4171543,IC50,nM,8.7,IC50,nM,8.7,C=CC(=O)Nc1ccc(-c2ccc(NC(=O)Nc3cccc(Cl)c3)cc2)cn1,8.060480747381382
CHEMBL4166436,IC50,nM,865.0,IC50,nM,865.0,COc1cc(-n2cc(CN3C[C@@H](C)N[C@@H](C)C3)nn2)ccc1Nc1ncc(Cl)c(Nc2ccccc2S(=O)(=O)C(C)C)n1,6.062983892535185
CHEMBL4166038,IC50,nM,890.0,IC50,nM,890.0,COc1cc(-n2cc(CN3CCNCC3)nn2)ccc1Nc1ncc(Cl)c(Nc2ccccc2S(=O)(=O)C(C)C)n1,6.050609993355087
CHEMBL4163321,IC50,nM,320.0,IC50,uM,0.32,CN(CCN(C)Cc1ccc(C(=O)Nc2ccc3ncnc(Nc4cccc(Cl)c4)c3c2)cc1)CCn1nc(-c2ccc(Cl)cc2)c2c(N)ncnc21,6.494850021680094
CHEMBL4160854,IC50,nM,5400.0,IC50,uM,5.4,Nc1n[nH]c2cccc(-c3ccc(NC(=S)Nc4cc(Br)ccc4OC(F)(F)F)cc3)c12,5.267606240177032
CHEMBL4159909,IC50,nM,3.6,IC50,nM,3.6,C=CC(=O)Nc1cc(Nc2ncc(Cl)c(Nc3ccccc3S(=O)(=O)C(C)C)n2)c(OC)cc1N1CCCN(C)CC1,8.443697499232712
CHEMBL4171115,IC50,nM,812.0,IC50,umol/L,0.812,COc1cc2c(Oc3ccc(NC(=O)NN4C(=O)CSC4c4c(F)cccc4F)c(F)c3)ccnc2cc1OCCCN1CCCC1,6.090443970758825
CHEMBL4173696,IC50,nM,20.7,IC50,nM,20.7,C/C=C/c1ccc(Nc2ncnc3cc(OCCCN4CCOCC4)c(OCCCN4CCOCC4)cc23)cc1,7.684029654543083
CHEMBL4161938,IC50,nM,7.0,IC50,nM,7.0,Fc1cccc(COc2ccc(Nc3ncnc4cc(OCCCN5CCOCC5)c(OCCCN5CCOCC5)cc34)cc2Cl)c1,8.154901959985743
CHEMBL4162767,IC50,nM,33.1,IC50,nM,33.1,C=CC(=O)Nc1cc(Nc2nccc(Nc3ccccc3-n3nccn3)n2)c(OC)cc1N(C)CCN(C)C,7.480172006224281
CHEMBL4173470,IC50,nM,202.3,IC50,nM,202.3,C=CC(=O)Nc1cc(Nc2nccc(Nc3ccccc3-n3nccn3)n2)c(OC)cc1N1CCC(N(C)C)CC1,6.694004117229195
CHEMBL4173032,IC50,nM,174.5,IC50,nM,174.5,C=CC(=O)Nc1cc(Nc2nccc(Nc3ccccc3-n3nccn3)n2)c(OC)cc1N1CCN(C)CC1,6.758204568704802
CHEMBL4165126,IC50,nM,838.5,IC50,nM,838.5,C=CC(=O)Nc1cc(Nc2nccc(Nc3ccccc3-n3nccn3)n2)c(OC)cc1N1CCOCC1,6.0764969330578955
CHEMBL4175782,IC50,nM,7.7,IC50,nM,7.7,C=CC(=O)Nc1cc(Nc2nccc(Nc3ccccc3-c3ncn(C)n3)n2)c(OC)cc1N(C)CCN(C)C,8.113509274827518
CHEMBL4166210,IC50,nM,142.7,IC50,nM,142.7,C=CC(=O)Nc1cc(Nc2nccc(Nc3ccccc3-n3cccn3)n2)c(OC)cc1N1CCN(C)CC1,6.845576026885353
CHEMBL4166609,IC50,nM,4.1,IC50,nM,4.1,C=CC(=O)Nc1cc(Nc2nccc(Nc3ccccc3-n3cccn3)n2)c(OC)cc1N(C)CCN(C)C,8.387216143280265
CHEMBL4159404,IC50,nM,38.5,IC50,nM,38.5,C=CC(=O)Nc1cc(Nc2nccc(Nc3ccccc3-c3ccn(C)n3)n2)c(OC)cc1N1CCC(N(C)C)CC1,7.414539270491499
CHEMBL4164396,IC50,nM,16.4,IC50,nM,16.4,C=CC(=O)Nc1cc(Nc2nccc(Nc3ccccc3-c3ccn(C)n3)n2)c(OC)cc1OCCN(C)C,7.785156151952302
CHEMBL4175045,IC50,nM,4.1,IC50,nM,4.1,C=CC(=O)Nc1cc(Nc2nccc(Nc3ccccc3-c3ccn(C)n3)n2)c(OC)cc1N(C)CCN(C)C,8.387216143280265
CHEMBL2347958,IC50,nM,0.5,IC50,nM,0.5,CN(C)C/C=C/C(=O)Nc1cc2c(Nc3ccc(F)c(Cl)c3)ncnc2cc1O[C@@H]1CCOC1,9.301029995663981
CHEMBL4162882,IC50,nM,17.0,IC50,nM,17.0,CC/C=C/C(=O)Nc1cc2c(N3CCc4ccccc43)ncnc2cc1OC,7.769551078621726
CHEMBL4165267,IC50,nM,29.0,IC50,nM,29.0,C/C=C/C(=O)Nc1cc2c(N3CCc4ccccc43)ncnc2cc1O[C@@H]1CCOC1,7.5376020021010435
CHEMBL4162530,IC50,nM,33.0,IC50,nM,33.0,CCC/C=C/C(=O)Nc1cc2c(N3CCCc4ccccc43)ncnc2cc1OC,7.481486060122112
CHEMBL4165894,IC50,nM,3.0,IC50,nM,3.0,COc1cc2ncnc(N3CCc4ccccc43)c2cc1NC(=O)/C=C/CN1CCCC1,8.522878745280337
CHEMBL4161396,IC50,nM,45.4,IC50,nM,45.4,COc1cc2ncnc(N3CCc4ccccc43)c2cc1NC(=O)/C=C/CN1CCCCC1,7.342944147142896
CHEMBL4172718,IC50,nM,4.0,IC50,nM,4.0,COc1cc2ncnc(N3CCc4ccccc43)c2cc1NC(=O)/C=C/CN1CCC(CO)CC1,8.397940008672037
CHEMBL4168254,IC50,nM,5.0,IC50,nM,5.0,CN(C)C/C=C/C(=O)Nc1cc2c(N3CCc4ccccc43)ncnc2cc1O[C@@H]1CCOC1,8.301029995663981
CHEMBL4176787,IC50,nM,72.0,IC50,nM,72.0,COc1cc2ncnc(N3CCCc4ccccc43)c2cc1NC(=O)/C=C/CN(C)C,7.142667503568732
CHEMBL4167162,IC50,nM,32.0,IC50,nM,32.0,O=C(CN1CCCC1)Nc1ccc2ncnc(Nc3ccc(Cl)cc3)c2c1,7.494850021680094
CHEMBL4166069,IC50,nM,37.0,IC50,nM,37.0,O=C(CN1CCCCC1)Nc1ccc2ncnc(Nc3cccc(Br)c3)c2c1,7.431798275933005
CHEMBL4177348,IC50,nM,98.0,IC50,nM,98.0,O=C(CN1CCOCC1)Nc1ccc2ncnc(Nc3cccc(Br)c3)c2c1,7.008773924307505
CHEMBL4169489,IC50,nM,32.0,IC50,nM,32.0,CN1CCN(CC(=O)Nc2ccc3ncnc(Nc4cccc(Br)c4)c3c2)CC1,7.494850021680094
CHEMBL4170916,IC50,nM,71.0,IC50,nM,71.0,O=C(CN1CCCC1)Nc1ccc2ncnc(Nc3ccc(OCc4cccc(F)c4)cc3)c2c1,7.1487416512809245
CHEMBL4213400,IC50,nM,78.0,IC50,nM,78.0,CC(C)C(CO)Nc1nc(Nc2ccc(N3CCNCC3)cc2)c2ncn(C(C)C)c2n1,7.107905397309519
CHEMBL4206312,IC50,nM,29.0,IC50,nM,29.0,C=CC(=O)N1CC[C@@H](Nc2nc(Nc3ccc(N4CCN(C)CC4)cc3)c3ncn(C(C)C)c3n2)C1,7.5376020021010435
CHEMBL4213741,IC50,nM,280.0,IC50,nM,280.0,C=CC(=O)N1CC[C@H](Nc2nc(Nc3ccc(N4CCN(C)CC4)cc3)c3ncn(C(C)C)c3n2)C1,6.552841968657781
CHEMBL4208811,IC50,nM,19.0,IC50,nM,19.0,C=CC(=O)N[C@H]1CCN(c2nc(Nc3ccc(N4CCN(C)CC4)cc3)c3ncn(C(C)C)c3n2)C1,7.721246399047171
CHEMBL4212326,IC50,nM,52.0,IC50,nM,52.0,C=CC(=O)N[C@H]1CCN(c2nc(Nc3cnn(C)c3)c3ncn(C(C)C)c3n2)C1,7.2839966563652006
CHEMBL4207951,IC50,nM,49.0,IC50,nM,49.0,C=CC(=O)N1C[C@@H]2CN(c3nc(Nc4cnn(C)c4)c4ncn(C(C)C)c4n3)C[C@@H]2C1,7.309803919971486
CHEMBL4204566,IC50,nM,713.0,IC50,nM,713.0,C=CC(=O)N[C@H]1CN(c2nc(Nc3cnn(C)c3)c3ncn(C(C)C)c3n2)C[C@@H]1F,6.146910470148135
CHEMBL4216679,IC50,nM,5.0,IC50,nM,5.0,C=CC(=O)N[C@@H]1CN(c2nc(Nc3cn(C)nc3OC)c3ncn(C(C)C)c3n2)C[C@H]1F,8.301029995663981
CHEMBL4218154,IC50,nM,7.0,IC50,nM,7.0,C=CC(=O)N[C@@H]1CN(c2nc(Nc3cn(C)nc3CC)c3ncn(C(C)C)c3n2)C[C@H]1F,8.154901959985743
CHEMBL4208829,IC50,nM,17.0,IC50,nM,17.0,C=CC(=O)N[C@@H]1CN(c2nc(Nc3cn(C)nc3OC)c3ncn(C(C)(C)C)c3n2)C[C@H]1F,7.769551078621726
CHEMBL4205392,IC50,nM,8.0,IC50,nM,8.0,C=CC(=O)N[C@@H]1CN(c2nc(Nc3cn(C)nc3OC)c3ncn(CC)c3n2)C[C@H]1F,8.096910013008056
CHEMBL3989970,IC50,nM,12.0,IC50,nM,12.0,C=CC(=O)N[C@@H]1CN(c2nc(Nc3cn(C)nc3OC)c3ncn(C)c3n2)C[C@H]1F,7.920818753952375
CHEMBL4213609,IC50,nM,675.0,IC50,nM,675.0,C=CC(=O)N[C@@H]1CN(c2nc(Nc3cn(C)nc3OC)c3nc[nH]c3n2)C[C@H]1F,6.170696227168975
CHEMBL4206501,IC50,nM,15.0,IC50,nM,15.0,C=CC(=O)Nc1cc(Nc2ccnc(-c3cn(C)c4ccccc34)n2)c(OC)cc1N(C)CCN(C)C,7.823908740944319
CHEMBL3883534,IC50,nM,7.0,IC50,nM,7.0,C=CC(=O)Nc1cc2c(Nc3ccc(F)c(Cl)c3)ncnc2cc1OC,8.154901959985743
CHEMBL4210237,IC50,nM,8420.0,IC50,uM,8.42,C=CC(=O)Nc1ccccc1Oc1nc(Nc2ccc(N3CCN(C)CC3)cc2OC)ncc1Cl,5.0746879085003505
CHEMBL4211322,IC50,nM,7590.0,IC50,uM,7.59,COc1cc(N2CCN(C)CC2)ccc1Nc1ncc(Cl)c(Oc2ccccc2[N+](=O)[O-])n1,5.11975822410452
CHEMBL4216784,IC50,nM,1800.0,IC50,uM,1.8,COc1cc(N2CCN(C)CC2)ccc1Nc1ncc(Cl)c(Oc2ccccc2N)n1,5.7447274948966935
CHEMBL4216265,IC50,nM,4210.0,IC50,uM,4.21,COc1cc(N2CCN(C)CC2)ccc1Nc1ncc(Cl)c(Oc2ccccc2NC(C)=O)n1,5.375717904164332
CHEMBL4204596,IC50,nM,1820.0,IC50,uM,1.82,COc1cc(N2CCN(C)CC2)ccc1Nc1ncc(Cl)c(Oc2ccccc2N=C=S)n1,5.739928612014925
CHEMBL4203110,IC50,nM,230.0,IC50,uM,0.23,COc1cc(N2CCN(C)CC2)ccc1Nc1ncc(Cl)c(Oc2ccccc2N=[N+]=[N-])n1,6.638272163982407
CHEMBL4202780,IC50,nM,6070.0,IC50,uM,6.07,COc1cc(N2CCN(C)CC2)ccc1Nc1ncc(Cl)c(Oc2ccccc2NC(=O)/C=C/CN(C)C)n1,5.2168113089247425
CHEMBL4215496,IC50,nM,390.0,IC50,uM,0.39,COc1cc(N2CCN(C)CC2)ccc1Nc1ncc(Cl)c(Oc2ccccc2NC(=O)COCc2ccccc2)n1,6.4089353929735005
CHEMBL4212450,IC50,nM,200.0,IC50,uM,0.2,COc1cc(N2CCN(C)CC2)ccc1Nc1ncc(Cl)c(Oc2ccccc2NC(=O)CO)n1,6.698970004336019
CHEMBL4218320,IC50,nM,1980.0,IC50,uM,1.98,COc1cc(N2CCN(C)CC2)ccc1Nc1ncc(Cl)c(Oc2ccccc2NC(=O)CCOCc2ccccc2)n1,5.703334809738469
CHEMBL4208712,IC50,nM,650.0,IC50,uM,0.65,COc1cc(N2CCN(C)CC2)ccc1Nc1ncc(Cl)c(Oc2ccccc2NC(=O)CCO)n1,6.187086643357144
CHEMBL4205869,IC50,nM,8870.0,IC50,uM,8.87,COc1cc(N2CCN(C)CC2)ccc1Nc1ncc(Cl)c(Oc2cccc([N+](=O)[O-])c2)n1,5.052076380168273
CHEMBL4210744,IC50,nM,6490.0,IC50,uM,6.49,COc1cc(N2CCN(C)CC2)ccc1Nc1ncc(Cl)c(Oc2cccc(N)c2)n1,5.187755303199631
CHEMBL4218052,IC50,nM,5610.0,IC50,uM,5.61,COc1cc(N2CCN(C)CC2)ccc1Nc1ncc(Cl)c(Oc2cccc(N=C=S)c2)n1,5.251037138743839
CHEMBL4214620,IC50,nM,7430.0,IC50,uM,7.43,COc1cc(N2CCN(C)CC2)ccc1Nc1ncc(Cl)c(Oc2cccc(N=[N+]=[N-])c2)n1,5.129011186239425
CHEMBL4202955,IC50,nM,5010.0,IC50,uM,5.01,COc1cc(N2CCN(C)CC2)ccc1Nc1ncc(Cl)c(Oc2cccc(NC(=O)/C=C/CN(C)C)c2)n1,5.300162274132754
CHEMBL4202413,IC50,nM,2550.0,IC50,uM,2.55,COc1cc(N2CCN(C)CC2)ccc1Nc1ncc(Cl)c(Oc2cccc(NC(=O)COCc3ccccc3)c2)n1,5.5934598195660445
CHEMBL4207305,IC50,nM,1500.0,IC50,uM,1.5,COc1cc(N2CCN(C)CC2)ccc1Nc1ncc(Cl)c(Oc2cccc(NC(=O)CO)c2)n1,5.823908740944319
CHEMBL4204937,IC50,nM,1410.0,IC50,uM,1.41,COc1cc(N2CCN(C)CC2)ccc1Nc1ncc(Cl)c(Oc2cccc(NC(=O)CCOCc3ccccc3)c2)n1,5.85078088734462
CHEMBL4215164,IC50,nM,1590.0,IC50,uM,1.59,COc1cc(N2CCN(C)CC2)ccc1Nc1ncc(Cl)c(Oc2cccc(NC(=O)CCO)c2)n1,5.798602875679548
CHEMBL4213082,IC50,nM,2820.0,IC50,uM,2.82,C=CC(=O)Nc1ccc(Oc2nc(Nc3ccc(N4CCN(C)CC4)cc3OC)ncc2Cl)cc1,5.549750891680639
CHEMBL4208167,IC50,nM,9360.0,IC50,uM,9.36,COc1cc(N2CCN(C)CC2)ccc1Nc1ncc(Cl)c(Oc2ccc([N+](=O)[O-])cc2)n1,5.028724151261895
CHEMBL4205469,IC50,nM,7370.0,IC50,uM,7.37,COc1cc(N2CCN(C)CC2)ccc1Nc1ncc(Cl)c(Oc2ccc(N)cc2)n1,5.132532512140949
CHEMBL4203804,IC50,nM,3080.0,IC50,uM,3.08,COc1cc(N2CCN(C)CC2)ccc1Nc1ncc(Cl)c(Oc2ccc(NC(C)=O)cc2)n1,5.511449283499556
CHEMBL4204354,IC50,nM,9040.0,IC50,uM,9.04,COc1cc(N2CCN(C)CC2)ccc1Nc1ncc(Cl)c(Oc2ccc(N=C=S)cc2)n1,5.043831569524636
CHEMBL4216025,IC50,nM,9760.0,IC50,uM,9.76,COc1cc(N2CCN(C)CC2)ccc1Nc1ncc(Cl)c(Oc2ccc(N=[N+]=[N-])cc2)n1,5.010550182333308
CHEMBL4216551,IC50,nM,8070.0,IC50,uM,8.07,COc1cc(N2CCN(C)CC2)ccc1Nc1ncc(Cl)c(Oc2ccc(NC(=O)/C=C/CN(C)C)cc2)n1,5.09312646527793
CHEMBL4211573,IC50,nM,2700.0,IC50,uM,2.7,COc1cc(N2CCN(C)CC2)ccc1Nc1ncc(Cl)c(Oc2ccc(NC(=O)COCc3ccccc3)cc2)n1,5.568636235841013
CHEMBL4214040,IC50,nM,1060.0,IC50,uM,1.06,COc1cc(N2CCN(C)CC2)ccc1Nc1ncc(Cl)c(Oc2ccc(NC(=O)CO)cc2)n1,5.97469413473523
CHEMBL4209119,IC50,nM,1090.0,IC50,uM,1.09,COc1cc(N2CCN(C)CC2)ccc1Nc1ncc(Cl)c(Oc2ccc(NC(=O)CCOCc3ccccc3)cc2)n1,5.962573502059376
CHEMBL4217686,IC50,nM,6120.0,IC50,uM,6.12,COc1cc(N2CCN(C)CC2)ccc1Nc1ncc(Cl)c(Oc2ccc(NC(=O)CCO)cc2)n1,5.213248577854439
CHEMBL4215397,IC50,nM,39.0,IC50,nM,39.0,COc1ccc(-c2c3c4cc(OC)c(OCCCNC(=N)N)cc4oc(=O)c3n3ccc4cc(O)c(OC)cc4c23)cc1O.O=C(O)C(F)(F)F,7.4089353929735005
CHEMBL4211835,IC50,nM,8.9,IC50,nM,8.9,COc1ccc(-c2c3c4cc(OCCCN(C)C)c(OCCCN(C)C)cc4oc(=O)c3n3ccc4cc(O)c(OC)cc4c23)cc1O.O=C(O)C(F)(F)F.O=C(O)C(F)(F)F,8.050609993355087
CHEMBL4205688,IC50,nM,232.9,IC50,nM,232.9,COc1ccc(-c2c3c4cc(OCCN(C)C)c(OCCN(C)C)cc4oc(=O)c3n3ccc4cc(O)c(OC)cc4c23)cc1O.O=C(O)C(F)(F)F.O=C(O)C(F)(F)F,6.632830511465319
CHEMBL4210550,IC50,nM,82.6,IC50,nM,82.6,COc1ccc(-c2c3c4cc(O)c(OCCCN(C)C)cc4oc(=O)c3n3ccc4cc(O)c(OC)cc4c23)cc1O.O=C(O)C(F)(F)F,7.083019952679618
CHEMBL4206193,IC50,nM,188.3,IC50,nM,188.3,COc1ccc(-c2c3c4cc(OC)c(OCCCN(C)C)cc4oc(=O)c3n3ccc4cc(O)c(OC)cc4c23)cc1O.O=C(O)C(F)(F)F,6.7251496799833355
CHEMBL4213519,IC50,nM,559.8,IC50,nM,559.8,COc1ccc(-c2c3c4cc(OC)c(OCCN(C)C)cc4oc(=O)c3n3ccc4cc(O)c(OC)cc4c23)cc1O.O=C(O)C(F)(F)F,6.2519671058698565
CHEMBL4218447,IC50,nM,396.7,IC50,nM,396.7,COc1ccc(-c2c3c4cc(O)c(OC)cc4oc(=O)c3n3ccc4cc(O)c(OC)cc4c23)cc1O,6.401537799525849
CHEMBL4214567,IC50,nM,3.0,IC50,nM,3.0,O=C(Nc1nccs1)C(c1cc(F)ccc1O)N1Cc2ccccc2C1=O,8.522878745280337
CHEMBL1328065,IC50,nM,24300.0,IC50,uM,24.3,Oc1ccccc1-c1nc(NCc2cccnc2)c2ccccc2n1,4.614393726401688
CHEMBL4207984,IC50,nM,23.0,IC50,uM,0.023,N#Cc1ccc(O)c(-c2nc(NCc3cccnc3)c3ccccc3n2)c1,7.638272163982407
CHEMBL4214588,IC50,nM,46.0,IC50,uM,0.046,COC(=O)c1ccc(O)c(-c2nc(NCc3cccnc3)c3ccccc3n2)c1,7.337242168318426
CHEMBL4218431,IC50,nM,17.0,IC50,uM,0.017,N#Cc1ccc(O)c(-c2nc(NCc3cnccn3)c3ccccc3n2)c1,7.769551078621726
CHEMBL4215703,IC50,nM,6900.0,IC50,nM,6900.0,Cc1cc(=O)n(-c2ccc(F)cc2)nc1C(=O)Nc1ccc(Oc2ncnc3ccsc23)c(F)c1,5.161150909262744
CHEMBL3809489,IC50,nM,3900.0,IC50,uM,3.9,Nc1nc(Nc2ccc3c(c2)CC[C@@H](N2CCCC2)CC3)nn1-c1cc2c(nn1)-c1ccccc1CCC2,5.4089353929735005
CHEMBL4210100,IC50,nM,267.6,IC50,nM,267.6,COc1cc2c(cc1OC)Nc1ncnc(Oc3ccc(NC(=O)C4(C(=O)Nc5ccc(F)cc5)CC4)cc3F)c1NC2,6.572513890904214
CHEMBL4214496,IC50,nM,800.0,IC50,uM,0.8,O=C(NC(CO)Cc1ccccc1)c1cc2cc(Cl)ccc2[nH]1,6.096910013008056
CHEMBL4209588,IC50,nM,500.0,IC50,uM,0.5,Cc1c(C(=O)NC(CO)Cc2ccccc2)[nH]c2ccc(Cl)cc12,6.301029995663981
CHEMBL4207316,IC50,nM,900.0,IC50,uM,0.9,CCc1c(C(=O)NC(CO)Cc2ccccc2)[nH]c2ccc(C(F)(F)F)cc12,6.045757490560675
CHEMBL4208745,IC50,nM,2400.0,IC50,uM,2.4,O=c1[nH]c(Cc2ccccc2)cn2c1cc1cc(Cl)ccc12,5.619788758288394
CHEMBL4208224,IC50,nM,1700.0,IC50,uM,1.7,Cc1c2cc(Cl)ccc2n2cc(Cc3ccccc3)[nH]c(=O)c12,5.769551078621726
CHEMBL4213146,IC50,nM,3900.0,IC50,uM,3.9,CCc1c2cc(C(F)(F)F)ccc2n2cc(Cc3ccccc3)[nH]c(=O)c12,5.4089353929735005
CHEMBL4207750,IC50,nM,2.4,IC50,nM,2.4,CCS(=O)(=O)Nc1cc(-c2ccc3ncnc(Nc4ccc(F)c(Cl)c4)c3c2)cnc1OC,8.619788758288394
CHEMBL4206585,IC50,nM,409.0,IC50,nM,409.0,CCS(=O)(=O)Nc1cc(-c2ccc3ncnc(Nc4cccc(C(=O)OC)c4)c3c2)cnc1OC,6.388276691992658
CHEMBL4209801,IC50,nM,2.3,IC50,nM,2.3,CN1CCN(c2ccc(Nc3cc4c(N5CCCC5)nc(Nc5ccccc5)nc4cn3)nc2)CC1,8.638272163982407
CHEMBL4212884,IC50,nM,1.6,IC50,nM,1.6,CN(C)C1CCN(c2ccc(Nc3cc4c(N5CCCC5)nc(Nc5ccccc5)nc4cn3)nc2)CC1,8.795880017344075
CHEMBL4206716,IC50,nM,1.1,IC50,nM,1.1,CN1CCN(c2ccc(Nc3cc4c(N5CCCCC5)nc(Nc5ccccc5)nc4cn3)nc2)CC1,8.958607314841775
CHEMBL4203016,IC50,nM,4.9,IC50,nM,4.9,CN(C)C1CCN(c2ccc(Nc3cc4c(N5CCCCC5)nc(Nc5ccccc5)nc4cn3)nc2)CC1,8.309803919971486
CHEMBL4206288,IC50,nM,2.1,IC50,nM,2.1,CN1CCN(c2ccc(Nc3cc4c(N5CCOCC5)nc(Nc5ccccc5)nc4cn3)nc2)CC1,8.67778070526608
CHEMBL4217992,IC50,nM,3.9,IC50,nM,3.9,CN(C)C1CCN(c2ccc(Nc3cc4c(N5CCOCC5)nc(Nc5ccccc5)nc4cn3)nc2)CC1,8.4089353929735
CHEMBL4215076,IC50,nM,2.5,IC50,nM,2.5,CN(C)C1CCN(c2ccc(Nc3cc4c(N5CCOCC5)nc(Nc5ccc(F)cc5)nc4cn3)nc2)CC1,8.602059991327963
CHEMBL4215080,IC50,nM,2.1,IC50,nM,2.1,CN(C)C1CCN(c2ccc(Nc3cc4c(N5CCOCC5)nc(Nc5ccc(F)cc5F)nc4cn3)nc2)CC1,8.67778070526608
CHEMBL4206166,IC50,nM,3.2,IC50,nM,3.2,CN(C)C1CCN(c2ccc(Nc3cc4c(N5CCC(CO)CC5)nc(Nc5ccccc5)nc4cn3)nc2)CC1,8.494850021680094
CHEMBL4209019,IC50,nM,1.1,IC50,nM,1.1,CN(C)C1CCN(c2ccc(Nc3cc4c(N5CCC(CO)CC5)nc(Nc5ccc(F)cc5)nc4cn3)nc2)CC1,8.958607314841775
CHEMBL4208673,IC50,nM,34.8,IC50,nM,34.8,CN1CCN(c2nc(Nc3ccc(F)cc3)nc3cnc(Nc4ccc(N5CCC(N(C)C)CC5)cn4)cc23)CC1,7.458420756053419
CHEMBL4204983,IC50,nM,24.7,IC50,nM,24.7,CN(C)CCN(C)c1nc(Nc2ccc(F)cc2)nc2cnc(Nc3ccc(N4CCC(N(C)C)CC4)cn3)cc12,7.607303046740334
CHEMBL4203001,IC50,nM,51.3,IC50,nM,51.3,CN(CCO)c1nc(Nc2ccccc2)nc2cnc(Nc3ccc(N4CCC(N(C)C)CC4)cn3)cc12,7.289882634888183
CHEMBL4204139,IC50,nM,51.9,IC50,nM,51.9,CN(CCCO)c1nc(Nc2ccc(F)cc2)nc2cnc(Nc3ccc(N4CCC(N(C)C)CC4)cn3)cc12,7.284832642151542
CHEMBL4227210,IC50,nM,4.2,IC50,nM,4.2,C=CC(=O)Nc1cc(Nc2ncc3ncn(-c4ccc(C(C)C)cc4)c3n2)c(OC)cc1N(C)CCN(C)C,8.3767507096021
CHEMBL4225863,IC50,nM,3.2,IC50,nM,3.2,C=CC(=O)Nc1cc(Nc2ncc3ncn(-c4ccc(F)cc4)c3n2)c(OC)cc1N(C)CCN(C)C,8.494850021680094
CHEMBL4228672,IC50,nM,3.9,IC50,nM,3.9,C=CC(=O)Nc1cc(Nc2ncc3ncn(-c4ccc(Cl)cc4)c3n2)c(OC)cc1N(C)CCN(C)C,8.4089353929735
CHEMBL4227091,IC50,nM,3.5,IC50,nM,3.5,C=CC(=O)Nc1cc(Nc2ncc3ncn(-c4ccc(I)cc4)c3n2)c(OC)cc1N(C)CCN(C)C,8.455931955649724
CHEMBL4225166,IC50,nM,2.3,IC50,nM,2.3,C=CC(=O)Nc1cc(Nc2ncc3ncn(-c4ccc(F)c(Br)c4)c3n2)c(OC)cc1N(C)CCN(C)C,8.638272163982407
CHEMBL4227201,IC50,nM,2.7,IC50,nM,2.7,C=CC(=O)Nc1cc(Nc2ncc3nc(Nc4ccccc4)n(C)c3n2)c(OC)cc1N(C)CCN(C)C,8.568636235841012
CHEMBL4227701,IC50,nM,5.1,IC50,nM,5.1,C=CC(=O)Nc1cc(Nc2ncc3nc(Nc4ccccc4)n(C(C)C)c3n2)c(OC)cc1N(C)CCN(C)C,8.292429823902063
CHEMBL4228120,IC50,nM,42.3,IC50,nM,42.3,O=C(N/N=C/c1cc(F)c(F)cc1Cl)N1CCc2ncnc(Nc3ccc(F)c(Cl)c3)c2C1,7.373659632624958
CHEMBL4229213,IC50,nM,62.5,IC50,nM,62.5,O=C(N/N=C/c1cccs1)N1CCc2ncnc(Nc3ccc(F)c(Cl)c3)c2C1,7.204119982655925
CHEMBL4226907,IC50,nM,18.0,IC50,nM,18.0,O=C(N/N=C/c1ccc(F)cc1Cl)N1CCc2ncnc(Nc3cccc(Br)c3)c2C1,7.7447274948966935
CHEMBL4227281,IC50,nM,24.2,IC50,nM,24.2,Cc1ccc(/C=N/NC(=O)N2CCc3ncnc(Nc4cccc(C(F)(F)F)c4)c3C2)cc1,7.616184634019569
CHEMBL4226965,IC50,nM,143.0,IC50,uM,0.143,C=CC(=O)Nc1cccc(NC(=O)Nc2ccnc(Nc3ccc(N4CCN(C)CC4)cc3)n2)c1,6.844663962534939
CHEMBL4227812,IC50,nM,348.0,IC50,uM,0.348,C=CC(=O)Nc1cccc(NC(=O)Nc2ccnc(Nc3ccc(OC)cc3OC)n2)c1,6.458420756053419
CHEMBL4228473,IC50,nM,17.0,IC50,uM,0.017,C=CC(=O)Nc1cccc(NC(=O)Nc2ccnc(Nc3ccc(N4CCN(C)CC4)cc3OC)n2)c1,7.769551078621726
CHEMBL4226562,IC50,nM,641.0,IC50,uM,0.641,C=CC(=O)Nc1cccc(NC(=O)Nc2nc(Nc3ccc(N4CCC(N5CCOCC5)CC4)cc3OC)ncc2Cl)c1,6.193141970481182
CHEMBL4225781,IC50,nM,86.0,IC50,uM,0.086,C=CC(=O)Nc1cccc(NC(=O)Nc2ccnc(Nc3ccc(N4CCC(N5CCOCC5)CC4)cc3OC)n2)c1,7.0655015487564325
CHEMBL4224932,IC50,nM,80.0,IC50,uM,0.08,C=CC(=O)Nc1cccc(NC(=O)Nc2ccnc(Nc3ccc(N4CCC(N5CCN(C)CC5)CC4)cc3OC)n2)c1,7.096910013008056
CHEMBL4228176,IC50,nM,36.0,IC50,uM,0.036,C=CC(=O)Nc1cccc(NC(=O)Nc2ccnc(Nc3ccc(N4CCC(N(CC)CC)CC4)cc3OC)n2)c1,7.443697499232712
CHEMBL4225191,IC50,nM,45.0,IC50,uM,0.045,C=CC(=O)Nc1cccc(NC(=O)Nc2ccnc(Nc3ccc(N4CCC(N(C)C)CC4)cc3OC)n2)c1,7.346787486224656
CHEMBL4225255,IC50,nM,49.0,IC50,uM,0.049,C=CC(=O)Nc1cccc(NC(=O)Nc2ccnc(Nc3ccc(N(C)CCN(C)C)cc3OC)n2)c1,7.309803919971486
CHEMBL4229010,IC50,nM,183.0,IC50,uM,0.183,C=CC(=O)Nc1cccc(NC(=O)Nc2ccnc(Nc3ccc(N(CC)CC)cc3OC)n2)c1,6.73754891026957
CHEMBL4225517,IC50,nM,462.0,IC50,uM,0.462,C=CC(=O)Nc1cccc(NC(=O)Nc2ccnc(Nc3ccc(N(C)C)cc3)n2)c1,6.335358024443875
CHEMBL4226177,IC50,nM,972.0,IC50,uM,0.972,C=CC(=O)Nc1cccc(NC(=O)Nc2ccnc(Nc3ccc(C(=O)N4CCN(C)CC4)cc3OC)n2)c1,6.012333735073725
CHEMBL4226436,IC50,nM,273.0,IC50,uM,0.273,C=CC(=O)Nc1cccc(NC(=O)Nc2ccnc(Nc3ccc(C4CCN(C)CC4)cc3OC)n2)c1,6.5638373529592435
CHEMBL4227278,IC50,nM,644.0,IC50,uM,0.644,C=CC(=O)Nc1cccc(NC(=O)Nc2ccnc(Nc3ccc(N4CCOCC4)cc3)n2)c1,6.1911141326401875
CHEMBL4226702,IC50,nM,225.0,IC50,uM,0.225,C=CC(=O)Nc1cccc(NC(=O)Nc2ccnc(Nc3ccc(N4CCOCC4)cc3OC)n2)c1,6.647817481888637
CHEMBL4227552,IC50,nM,158.0,IC50,uM,0.158,C=CC(=O)Nc1cccc(NC(=O)Nc2ccnc(Nc3ccc(N4CCN(CCF)CC4)cc3OC)n2)c1,6.801342913045577
CHEMBL4227490,IC50,nM,192.0,IC50,uM,0.192,C=CC(=O)Nc1cccc(NC(=O)Nc2ccnc(Nc3ccccc3OC)n2)c1,6.716698771296451
CHEMBL4225571,IC50,nM,510.0,IC50,uM,0.51,C=CC(=O)Nc1cccc(NC(=O)Nc2ccnc(Nc3ccc(C4CCN(C)CC4)cc3)n2)c1,6.292429823902063
CHEMBL4228848,IC50,nM,128.0,IC50,uM,0.128,C=CC(=O)Nc1cccc(NC(=O)Nc2ccnc(Nc3ccc(C(=O)N4CCOCC4)cc3OC)n2)c1,6.892790030352131
CHEMBL4228018,IC50,nM,266.0,IC50,uM,0.266,C=CC(=O)Nc1cccc(NC(=O)Nc2ccnc(Nc3ccc(OCCOC)cc3)n2)c1,6.575118363368933
CHEMBL4229266,IC50,nM,101.0,IC50,uM,0.101,C=CC(=O)Nc1cccc(NC(=O)Nc2ccnc(Nc3ccc(C(=O)N(CC)CC)cc3OC)n2)c1,6.995678626217358
CHEMBL4226254,IC50,nM,270.0,IC50,uM,0.27,C=CC(=O)Nc1cccc(NC(=O)Nc2nc(Nc3ccc(N4CCC(N5CCOCC5)CC4)cc3OC)ncc2C(F)(F)F)c1,6.568636235841013
CHEMBL4228518,IC50,nM,114.0,IC50,nM,114.0,CN(C)CCOc1ccc(Nc2ncc3nc(Sc4ccc(F)cc4)n(C4CCOCC4)c3n2)cc1,6.943095148663527
CHEMBL4226937,IC50,nM,805.0,IC50,nM,805.0,CN(C)CCOc1ccc(Nc2ncc3nc(Sc4cccc(F)c4)n(C4CCOCC4)c3n2)cc1,6.094204119632131
CHEMBL4226676,IC50,nM,331.0,IC50,nM,331.0,CN(C)C1CCN(c2ccc(Nc3ncc4nc(Sc5ccccc5)n(C5CCOCC5)c4n3)cc2)CC1,6.480172006224281
CHEMBL4225777,IC50,nM,556.0,IC50,nM,556.0,CN(C)CCOc1ccc(Nc2ncc3nc(Sc4ccccc4)n(C4CCOCC4)c3n2)cc1,6.2549252084179425
CHEMBL4225565,IC50,nM,529.0,IC50,nM,529.0,CN1CCN(c2ccc(Nc3ncc4nc(Sc5ccccc5)n([C@H]5CC[C@H](O)CC5)c4n3)cc2)CC1,6.276544327964814
CHEMBL4226151,IC50,nM,892.0,IC50,nM,892.0,CN1CCN(c2ccc(Nc3ncc4nc(Sc5ccccc5)n(C5CCOCC5)c4n3)cc2)CC1,6.049635145623877
CHEMBL4225828,IC50,nM,596.0,IC50,nM,596.0,CNC(=O)c1ccc(Sc2cccc(NC(=S)Nc3ccc(Cl)c(C(F)(F)F)c3)c2)nc1,6.2247537402597635
CHEMBL4246256,IC50,nM,52110.0,IC50,uM,52.11,Oc1cccc(Nc2nnnc3sc4c(c23)CCC4)c1,4.283078926833239
CHEMBL4251297,IC50,nM,38730.0,IC50,uM,38.73,Oc1ccc(Nc2nnnc3sc4c(c23)CCC4)cc1,4.411952503013917
CHEMBL4238771,IC50,nM,45500.0,IC50,uM,45.5,Clc1ccc(SCc2n[nH]c(-c3ccc(Cl)cc3)n2)cc1,4.341988603342887
CHEMBL47173,IC50,nM,10100.0,IC50,uM,10.1,O=C1Nc2ccccc2/C1=C/c1ccc(-c2cccs2)s1,4.995678626217358
CHEMBL172517,IC50,nM,31800.0,IC50,uM,31.8,CCOc1cc(O)c2c(=O)cc(-c3ccccc3)oc2c1,4.497572880015567
CHEMBL4244030,IC50,nM,1400.0,IC50,uM,1.4,NCCCCCCC(=S)N/N=C1\CC2(CCCCC2)Oc2c1ccc1ccccc21,5.853871964321762
CHEMBL4241867,IC50,nM,1900.0,IC50,uM,1.9,O=C(N/N=C1\CC2(CCCC2)Oc2ccccc21)Nc1ccc(Cl)cc1,5.721246399047171
CHEMBL4241486,IC50,nM,1200.0,IC50,uM,1.2,O=C(N/N=C1\CC2(CCCCC2)Oc2c1ccc1ccccc21)C1C2CC3CC(C2)CC1C3,5.920818753952375
CHEMBL4245415,IC50,nM,3.1,IC50,nM,3.1,Cc1coc2ncnc(N(C)c3ccc(N(C)C)cc3)c12,8.508638306165727
CHEMBL4250210,IC50,nM,6.4,IC50,nM,6.4,CNc1ccc(N(C)c2ncnc3occ(C)c23)cc1,8.193820026016112
CHEMBL4239716,IC50,nM,7.2,IC50,nM,7.2,CSc1ccc(N(C)c2ncnc3occ(C)c23)cc1,8.142667503568731
CHEMBL4242522,IC50,nM,4.0,IC50,nM,4.0,CCc1ccc(N(C)c2ncnc3occ(C)c23)cc1,8.397940008672037
CHEMBL4237916,IC50,nM,7.1,IC50,nM,7.1,CCCN(c1ccc(OC)cc1)c1ncnc2occ(C)c12,8.148741651280925
CHEMBL4250273,IC50,nM,10.1,IC50,nM,10.1,COc1ccc(N(c2ncnc3occ(C)c23)C(C)C)cc1,7.995678626217358
CHEMBL4241638,IC50,nM,92.5,IC50,nM,92.5,CCN(c1ccc(OC)cc1)c1ncnc2occ(C)c12,7.0338582672609675
CHEMBL4245874,IC50,nM,283.1,IC50,nM,283.1,COc1ccc(Nc2ncnc3occ(C)c23)cc1,6.548060130634897
CHEMBL4250191,IC50,nM,15.5,IC50,nM,15.5,COc1ccc(N(C)c2ncnc3occ(C)c23)cc1,7.809668301829708
CHEMBL4289577,IC50,nM,632.8,IC50,nM,632.8,O=C(Nc1ccc(Oc2ccnc3[nH]ccc23)c(F)c1)c1cc2cccnc2n(-c2ccc(F)cc2)c1=O,6.19873352951038
CHEMBL4286031,IC50,nM,60.0,IC50,nM,60.0,Fc1cc(F)cc(NC(=S)Nc2ccc3ncnc(Nc4cccc(Br)c4)c3c2)c1,7.221848749616356
CHEMBL4293326,IC50,nM,951.0,IC50,uM,0.951,Cc1oc2ncnc(Nc3ccc(OCc4cccc(F)c4)c(Cl)c3)c2c1C(=O)O,6.021819483062586
CHEMBL4290375,IC50,nM,901.0,IC50,uM,0.901,Cc1oc2ncnc(Nc3cccc(Cl)c3)c2c1C(=O)O,6.045275209020937
CHEMBL4285894,IC50,nM,752.0,IC50,uM,0.752,Cc1oc2ncnc(Nc3cccc(Br)c3)c2c1C(=O)O,6.123782159408358
CHEMBL4292715,IC50,nM,2700.0,IC50,uM,2.7,Cc1oc2ncnc(Nc3cccc(Cl)c3)c2c1C(=O)NCCO,5.568636235841013
CHEMBL4279863,IC50,nM,45000.0,IC50,uM,45.0,O=C(N/N=C/c1cccn1CCCN1CCCC1)Nc1ccc(Oc2ccnc3[nH]ccc23)cc1,4.346787486224656
CHEMBL4277911,IC50,nM,0.8,IC50,nM,0.8,C=C=CC(=O)Nc1cc(Nc2nccc(-c3cn(C)c4ccccc34)n2)c(OC)cc1N(CC)CCN(C)C,9.096910013008056
CHEMBL4288246,IC50,nM,1.2,IC50,nM,1.2,C=C=CC(=O)Nc1cc(Nc2nccc(-c3cn(C)c4ccccc34)n2)c(OC)cc1N(C)CCN1CCOCC1,8.920818753952375
CHEMBL4293145,IC50,nM,0.7,IC50,nM,0.7,C=C=CC(=O)Nc1cc(Nc2nccc(-c3cn(C)c4ccccc34)n2)c(OC)cc1O[C@H]1CCOC1,9.154901959985743
CHEMBL4282543,IC50,nM,0.4,IC50,nM,0.4,C=C=CC(=O)Nc1cc(Nc2nccc(-c3cn(C)c4ccccc34)n2)c(OC)cc1OCCN1CCN(C)CC1,9.397940008672037
CHEMBL4287401,IC50,nM,0.7,IC50,nM,0.7,C=C=CC(=O)Nc1cc(Nc2nccc(-c3cn(C)c4ccccc34)n2)c(OC)cc1OCCN1CCOCC1,9.154901959985743
CHEMBL4293734,IC50,nM,1.0,IC50,nM,1.0,C=C=CC(=O)Nc1cc(Nc2nccc(-c3cn(C)c4ccccc34)n2)c(OC)cc1N1CCC(N(C)C)CC1,9.0
CHEMBL4290812,IC50,nM,0.3,IC50,nM,0.3,C=C=CC(=O)Nc1cc(Nc2nccc(-c3cn(C)c4ccccc34)n2)c(OC)cc1N1CCN(C)CC1,9.522878745280337
CHEMBL4282954,IC50,nM,0.6,IC50,nM,0.6,C=C=CC(=O)Nc1cc(Nc2nccc(-c3cn(C)c4ccccc34)n2)c(OC)cc1N1CCOCC1,9.221848749616356
CHEMBL4294211,IC50,nM,0.7,IC50,nM,0.7,C=C=CC(=O)Nc1cc(Nc2nccc(-c3cn(C)c4ccccc34)n2)c(OC)cc1N1CCC(N2CCOCC2)CC1,9.154901959985743
CHEMBL4279016,IC50,nM,0.7,IC50,nM,0.7,C=C=CC(=O)Nc1cc(Nc2nccc(-c3cn(C)c4ccccc34)n2)c(OC)cc1N1CCC(N2CCN(C)CC2)CC1,9.154901959985743
CHEMBL4286318,IC50,nM,1.4,IC50,nM,1.4,C=C=CC(=O)Nc1cc(Nc2nccc(-c3cn(C)c4ccccc34)n2)c(OC)cc1N(C)CCN(C)C,8.853871964321762
CHEMBL4278815,IC50,nM,22.4,IC50,nM,22.4,C=C=CC(=O)Nc1cc(Nc2nccc(-c3cnn4ccccc34)n2)c(OC)cc1N(C)CCN(C)C,7.649751981665837
CHEMBL4289490,IC50,nM,30.6,IC50,nM,30.6,C=C=CC(=O)Nc1cc(Nc2nccc(-c3cn(C)c4cc(Cl)ccc34)n2)c(OC)cc1N(C)CCN(C)C,7.51427857351842
CHEMBL4287141,IC50,nM,10.5,IC50,nM,10.5,C=C=CC(=O)Nc1cc(Nc2nccc(-c3cn(C)c4cc(F)ccc34)n2)c(OC)cc1N(C)CCN(C)C,7.978810700930062
CHEMBL4279227,IC50,nM,3.2,IC50,nM,3.2,C=C=CC(=O)Nc1cc(Nc2nccc(-c3c[nH]c4ccccc34)n2)c(OC)cc1N(C)CCN(C)C,8.494850021680094
CHEMBL4290568,IC50,nM,5.2,IC50,nM,5.2,C=C=CC(=O)Nc1cc(Nc2ncc(C)c(-c3cn(C)c4ccccc34)n2)c(OC)cc1N(C)CCN(C)C,8.2839966563652
CHEMBL4282688,IC50,nM,6.3,IC50,nM,6.3,C=C=CC(=O)Nc1cc(Nc2ncc(OC)c(-c3cn(C)c4ccccc34)n2)c(OC)cc1N(C)CCN(C)C,8.200659450546418
CHEMBL4293126,IC50,nM,14.7,IC50,nM,14.7,C=C=CC(=O)Nc1cc(Nc2nccc(-c3cn(C)c4ccccc34)n2)c(OCC)cc1N(C)CCN(C)C,7.8326826652518236
CHEMBL4282523,IC50,nM,22.8,IC50,nM,22.8,C=C=CC(=O)Nc1cc(Nc2nccc(-c3cn(C)c4ccccc34)n2)ccc1N(C)CCN(C)C,7.642065152999546
CHEMBL4280993,IC50,nM,29.9,IC50,nM,29.9,C=C=CC(=O)Nc1cc(Nc2nccc(-c3cn(C)c4ccccc34)n2)c(C)cc1N(C)CCN(C)C,7.52432881167557
CHEMBL4279057,IC50,nM,18.9,IC50,nM,18.9,C=C=CC(=O)Nc1cc(Nc2nccc(-c3cn(C)c4ccccc34)n2)c(OC)cc1N1CCC(N(C)C)C1,7.723538195826756
CHEMBL4293051,IC50,nM,2.0,IC50,nM,2.0,C=CC(=O)Nc1cccc(-n2c(=O)c(=O)n(C(C)C)c3cnc(Nc4ccc(N5CCN(C)CC5)cc4OC)nc32)c1,8.698970004336019
CHEMBL4276965,IC50,nM,779.0,IC50,nM,779.0,COc1ccc(OC)c(Nc2cc(Nc3ccc(S(N)(=O)=O)cc3)ncn2)c1,6.108462542327436
CHEMBL4288300,IC50,nM,26.0,IC50,nM,26.0,COc1cccc(Nc2cc(Nc3cc(OC)ccc3OC)ncn2)c1,7.585026652029182
CHEMBL4280395,IC50,nM,336.0,IC50,nM,336.0,COc1ccc(OC)c(Nc2cc(Nc3ccc(F)cc3)ncn2)c1,6.4736607226101555
CHEMBL4293690,IC50,nM,288.0,IC50,nM,288.0,COc1ccc(OC)c(Nc2cc(Nc3ccc(N4CCN(C)CC4)cc3)ncn2)c1,6.540607512240769
CHEMBL4283097,IC50,nM,125.0,IC50,nM,125.0,COc1ccc(OC)c(Nc2cc(NCCc3cccs3)ncn2)c1,6.903089986991944
CHEMBL4283517,IC50,nM,901.0,IC50,nM,901.0,COc1cc(Nc2cc(Nc3ccc(Cl)cc3)ncn2)cc(OC)c1OC,6.045275209020937
CHEMBL4286871,IC50,nM,170.0,IC50,nM,170.0,CCNc1cc(Nc2cccc(Cl)c2)ncn1,6.769551078621726
CHEMBL4288262,IC50,nM,324.0,IC50,nM,324.0,Clc1ccc(Nc2cc(Nc3cccc(Cl)n3)ncn2)cc1,6.489454989793388
CHEMBL4283823,IC50,nM,81.0,IC50,nM,81.0,COc1ccc(Nc2cc(NC(=O)c3ccccc3)ncn2)cc1,7.0915149811213505
CHEMBL1379917,IC50,nM,131.0,IC50,nM,131.0,O=C(Nc1cc(N2CCOCC2)ncn1)c1ccc(F)cc1,6.882728704344236
CHEMBL4282460,IC50,nM,27.0,IC50,nM,27.0,O=C(O)CCCC(=O)Nc1cc(Nc2cccc(Cl)c2)ncn1,7.568636235841013
CHEMBL4290750,IC50,nM,48.0,IC50,nM,48.0,CCOC(=O)c1ccc(Nc2cc(NC(=O)CCCC(=O)O)ncn2)cc1,7.318758762624412
CHEMBL4282879,IC50,nM,68.0,IC50,nM,68.0,COc1ccc(OC)c(Nc2cc(NC(=O)CCCC(=O)O)ncn2)c1,7.167491087293763
CHEMBL4294156,IC50,nM,37.0,IC50,nM,37.0,COc1cccc(Nc2cc(NC(=O)CCCC(=O)O)ncn2)c1,7.431798275933005
CHEMBL4286263,IC50,nM,70.0,IC50,nM,70.0,O=C(O)CCCC(=O)Nc1cc(Nc2cccc(Br)c2)ncn1,7.154901959985743
CHEMBL4283970,IC50,nM,53.0,IC50,nM,53.0,O=C(O)CCCC(=O)Nc1cc(N2CCOCC2)ncn1,7.275724130399211
CHEMBL4283061,IC50,nM,27.0,IC50,nM,27.0,CCOC(=O)CCCC(=O)Nc1cc(Nc2cccc(Cl)c2)ncn1,7.568636235841013
CHEMBL4292110,IC50,nM,1188.0,IC50,nM,1188.0,CCOC(=O)c1ccc(Nc2cc(Nc3cccc(OC)c3)ncn2)cc1,5.925183559354825
CHEMBL4284911,IC50,nM,1229.0,IC50,nM,1229.0,COc1cccc(Nc2cc(Nc3ccc(S(N)(=O)=O)cc3)ncn2)c1,5.910448117113546
CHEMBL4293134,IC50,nM,754.0,IC50,nM,754.0,CCOc1ccc(Nc2cc(NC(=O)c3ccccc3)ncn2)cc1,6.122628654130226
CHEMBL4281413,IC50,nM,1409.0,IC50,nM,1409.0,O=C(Nc1cc(Nc2ccc(Cl)cc2)ncn1)c1ccc(F)cc1,5.851089006890644
CHEMBL4278997,IC50,nM,105.0,IC50,nM,105.0,O=C(O)CCCC(=O)Nc1cc(Nc2ccccc2)ncn1,6.978810700930062
CHEMBL4289682,IC50,nM,944.0,IC50,nM,944.0,O=C(O)CCCC(=O)Nc1cc(Nc2ccc(Cl)cc2)ncn1,6.025028005701931
CHEMBL4288761,IC50,nM,933.0,IC50,nM,933.0,CCOC(=O)CCC(=O)Nc1cc(Nc2cccc(Br)c2)ncn1,6.0301183562535
CHEMBL4278031,IC50,nM,974.0,IC50,nM,974.0,COc1cccc(Nc2cc(Nc3cccc(Cl)c3)ncn2)c1,6.011441043121384
CHEMBL4287629,IC50,nM,792.0,IC50,nM,792.0,O=C(O)CCC(=O)Nc1cc(Nc2ccc(Cl)cc2)ncn1,6.101274818410507
CHEMBL3545311,IC50,nM,38.3,IC50,nM,38.3,COc1cc(N2CCC(N3CCN(C)CC3)CC2)ccc1Nc1ncc(Cl)c(Nc2ccccc2P(C)(C)=O)n1,7.416801226031377
CHEMBL4294743,IC50,nM,5.8,IC50,nM,5.8,CCC(=O)N[C@H]1CC[C@H](N2C(=O)N(c3ccccc3Cl)Cc3cnc(Nc4ccc(N5CCN(C)CC5)c(C)c4)nc32)CC1,8.236572006437063
CHEMBL4292351,IC50,nM,17.0,IC50,nM,17.0,C=CC(=O)Nc1cccc(Nc2nc(Nc3ccc(CN4CCOCC4)cc3OC)ncc2Cl)c1,7.769551078621726
CHEMBL4291935,IC50,nM,80.8,IC50,nM,80.8,C=CC(=O)Nc1cccc(Nc2nc(Nc3ccc(CN4CCOCC4)cc3)ncc2F)c1,7.092588639225414
CHEMBL4284071,IC50,nM,0.71,IC50,nM,0.71,C=CC(=O)Nc1cccc(Nc2nc(Nc3ccc(CN4CCOCC4)cc3)ncc2Cl)c1,9.148741651280925
CHEMBL4291900,IC50,nM,94.7,IC50,nM,94.7,C=CC(=O)Nc1cccc(Nc2nc(Nc3ccc(OCCN4CCOCC4)cc3)ncc2Cl)c1,7.023650020996727
CHEMBL4288482,IC50,nM,96.6,IC50,nM,96.6,C=CC(=O)Nc1cccc(Nc2nc(Nc3ccc(CC(=O)N4CCOCC4)cc3)ncc2Cl)c1,7.015022873584507
CHEMBL4277822,IC50,nM,100.5,IC50,nM,100.5,C=CC(=O)Nc1cccc(Oc2nc(Nc3ccc(CC(=O)N4CCOCC4)cc3)ncc2Cl)c1,6.997833938243493
CHEMBL4280174,IC50,nM,15.3,IC50,nM,15.3,C=CC(=O)Nc1ccccc1Nc1nc(Nc2ccc(CN3CCOCC3)cc2)ncc1Cl,7.815308569182402
CHEMBL4288080,IC50,nM,13.4,IC50,nM,13.4,C=CC(=O)Nc1ccccc1Nc1nc(Nc2ccc(OCCN3CCOCC3)cc2)ncc1Cl,7.872895201635193
CHEMBL4276744,IC50,nM,21.5,IC50,nM,21.5,C=CC(=O)Nc1ccccc1Nc1nc(Nc2ccc(OCCCN3CCOCC3)cc2)ncc1Cl,7.667561540084395
CHEMBL4284684,IC50,nM,24.8,IC50,nM,24.8,C=CC(=O)Nc1ccccc1Nc1nc(Nc2ccc(OCC(=O)N3CCOCC3)cc2)ncc1Cl,7.605548319173784
CHEMBL4278226,IC50,nM,21.7,IC50,nM,21.7,C=CC(=O)Nc1ccccc1Nc1nc(Nc2ccc(NC(=O)CN3CCOCC3)cc2)ncc1Cl,7.663540266151471
CHEMBL4284413,IC50,nM,24.0,IC50,uM,0.024,O=C(Nc1nccs1)C(c1ccccc1)N1Cc2ccccc2C1=O,7.619788758288394
CHEMBL4290869,IC50,nM,9.8,IC50,nM,9.8,CC(C)(O)CC(=O)NCCc1ccc2ncnc(Nc3ccc(Oc4cccc(C(F)(F)F)c4)c(Cl)c3)c2c1,8.008773924307505
CHEMBL4286374,IC50,nM,120.0,IC50,uM,0.12,O=C(Nc1ccc2ncnc(Nc3cccc(Br)c3)c2c1)c1ccc(C(F)(F)F)cc1O,6.920818753952375
CHEMBL4294264,IC50,nM,1935.0,IC50,uM,1.935,COc1cc2ncnc(Nc3ccc(-c4cc(-c5ccc(Br)cc5)c(C#N)c(=N)[nH]4)cc3)c2cc1OC,5.71331903064507
CHEMBL2138625,IC50,nM,1.4,IC50,nM,1.4,C=CC(=O)Nc1cc2c(Nc3ccc(F)c(Cl)c3)ncnc2cc1C#CC(C)(C)N1CCN(C)CC1,8.853871964321762
CHEMBL4280817,IC50,nM,9.0,IC50,uM,0.009,O=C1CSC(N2N=C(c3ccncc3)CC2c2ccc(Br)cc2)=N1,8.045757490560675
CHEMBL4278886,IC50,nM,21.4,IC50,nM,21.4,Nc1ccc(-c2cc3c(Nc4ccc(Oc5cccc(C(F)(F)F)c5)c(Cl)c4)ncnc3s2)cc1,7.669586226650809
CHEMBL4291471,IC50,nM,47.7,IC50,nM,47.7,CC(=O)Nc1ccc(-c2cc3c(Nc4ccc(Oc5cccc(C(F)(F)F)c5)c(Cl)c4)ncnc3s2)cc1,7.321481620959886
CHEMBL4280835,IC50,nM,47.1,IC50,nM,47.1,CS(=O)(=O)Nc1ccc(-c2cc3c(Nc4ccc(Oc5cccc(C(F)(F)F)c5)c(Cl)c4)ncnc3s2)cc1,7.326979092871103
CHEMBL4286733,IC50,nM,112.0,IC50,nM,112.0,O=C(Nc1ccc(-c2cc3c(Nc4ccc(Oc5cccc(C(F)(F)F)c5)c(Cl)c4)ncnc3s2)cc1)NC1CC1,6.950781977329818
CHEMBL4288374,IC50,nM,91.7,IC50,nM,91.7,O=C(NCCN1CCOCC1)Nc1ccc(-c2cc3c(Nc4ccc(Oc5cccc(C(F)(F)F)c5)c(Cl)c4)ncnc3s2)cc1,7.037630664329979
CHEMBL4286998,IC50,nM,9800.0,IC50,uM,9.8,c1ccc(-c2nc3sc(-c4ccccc4)cn3n2)cc1,5.008773924307505
CHEMBL4282482,IC50,nM,7200.0,IC50,uM,7.2,Clc1ccc(-c2cn3nc(-c4ccccc4)nc3s2)cc1,5.142667503568732
CHEMBL4290355,IC50,nM,5600.0,IC50,uM,5.6,COc1ccc(-c2nc3sc(-c4ccccc4)cn3n2)cc1,5.251811972993799
CHEMBL4279008,IC50,nM,1500.0,IC50,uM,1.5,COc1ccc(-c2nc3sc(-c4ccc(Cl)cc4)cn3n2)cc1,5.823908740944319
CHEMBL4286943,IC50,nM,2800.0,IC50,uM,2.8,COc1cc(-c2nc3sc(-c4ccccc4)cn3n2)cc(OC)c1OC,5.552841968657781
CHEMBL4289274,IC50,nM,1700.0,IC50,uM,1.7,COc1cc(-c2nc3sc(-c4ccc(Cl)cc4)cn3n2)cc(OC)c1OC,5.769551078621726
CHEMBL4288648,IC50,nM,751.0,IC50,uM,0.751,O=C1Nc2ccc(S(=O)(=O)N3CCOCC3)cc2/C1=N/c1ccc(O)cc1,6.124360062995832
CHEMBL4280749,IC50,nM,1182.0,IC50,uM,1.182,O=C1Nc2ccc(S(=O)(=O)N3CCOCC3)cc2/C1=N/c1ccc(/N=C2\C(=O)Nc3ccc(S(=O)(=O)N4CCOCC4)cc32)cc1,5.927382523454764
CHEMBL4289083,IC50,nM,1931.0,IC50,uM,1.931,COc1ccc(-c2c(C#N)c(N)n(/N=C3\C(=O)Nc4ccc(S(=O)(=O)N5CCOCC5)cc43)c(=O)c2C#N)cc1,5.714217726220605
CHEMBL4284841,IC50,nM,108.0,IC50,uM,0.108,COc1ccc(C2=C(C#N)C3=NC4=Nc5ccc(S(=O)(=O)N6CCOCC6)cc5C4=NC3C(O)=C2C#N)cc1,6.966576244513051
CHEMBL4281426,IC50,nM,46.0,IC50,uM,0.046,O=C1Nc2ccc(S(=O)(=O)N3CCOCC3)cc2/C1=N/Nc1ccccc1,7.337242168318426
CHEMBL4282506,IC50,nM,23.0,IC50,uM,0.023,N#CCC(=O)N/N=C1\C(=O)Nc2ccc(S(=O)(=O)N3CCOCC3)cc21,7.638272163982407
CHEMBL4289728,IC50,nM,205.0,IC50,uM,0.205,N=c1oc2ccccc2cc1C(=O)N/N=C1\C(=O)Nc2ccc(S(=O)(=O)N3CCOCC3)cc21,6.688246138944246
CHEMBL4448494,IC50,nM,1970.0,IC50,nM,1970.0,Cc1nc2c(F)cc(-c3nc(Nc4ccc5c(n4)CCN(CCN(C)C)C5)ncc3F)cc2n1C(C)C,5.705533773838407
CHEMBL4578764,IC50,nM,2160.0,IC50,uM,2.16,Cc1ccc(C2=NN(c3ccccc3)C(c3ccc(OC4CCCC4)cc3)C2)cc1,5.665546248849069
CHEMBL4520064,IC50,nM,384.8,IC50,nM,384.8,FC(F)(F)c1ccc(COc2ccc(Nc3ncnc4cc5c(cc34)OCCOCCOCCOCCO5)cc2)cc1,6.414764936634224
CHEMBL4561572,IC50,nM,412.3,IC50,uM,0.4123,O=[N+]([O-])c1ccc(/C=N/Nc2nnc(-c3ccncc3)o2)cc1,6.384786665198641
CHEMBL4535881,IC50,nM,275.7,IC50,uM,0.2757,O=C(Nc1ccccc1)Nc1nnc(-c2cccnc2)o1,6.5595632338942265
CHEMBL4569755,IC50,nM,1128.9,IC50,uM,1.1289,Clc1ccc(/C=N/c2nnc(-c3cccnc3)o2)cc1,5.947344526960473
CHEMBL4552429,IC50,nM,511.0,IC50,nM,511.0,C=CC(=O)Nc1cc(Nc2nc3c(c(-c4cn(C)c5ccccc45)n2)CSCC3)c(OC)cc1N(C)CCN(C)C,6.291579099865287
CHEMBL4471845,IC50,nM,570.0,IC50,nM,570.0,C=C(Cl)C(=O)Nc1cc(Nc2nc3c(c(-c4cn(C)c5ccccc45)n2)CSCC3)c(OC)cc1N(C)CCN(C)C,6.2441251443275085
CHEMBL4583545,IC50,nM,104.0,IC50,nM,104.0,C=C(Cl)C(=O)Nc1cc(Nc2nc3c(c(-c4cn(C)c5ccccc45)n2)CS(=O)(=O)CC3)c(OC)cc1N(C)CCN(C)C,6.982966660701219
CHEMBL4475770,IC50,nM,201.0,IC50,nM,201.0,COc1cc(N(C)CCN(C)C)c(NC(=O)C=C(C)C)cc1Nc1nc2c(c(-c3cn(C)c4ccc(F)cc34)n1)CS(=O)(=O)CC2,6.696803942579511
CHEMBL4476689,IC50,nM,1128.0,IC50,nM,1128.0,CC/C=C\C(=O)Nc1cc(Nc2nc3c(c(-c4cn(C)c5ccc(F)cc45)n2)CSCC3)c(OC)cc1N(C)CCN(C)C,5.947690900352677
CHEMBL4454709,IC50,nM,1689.0,IC50,nM,1689.0,COc1cc(N(C)CCN(C)C)c(NC(=O)/C=C\C(C)C)cc1Nc1nc2c(c(-c3cn(C)c4ccc(F)cc34)n1)CSCC2,5.772370350428991
CHEMBL4446546,IC50,nM,1248.0,IC50,nM,1248.0,CC/C=C\C(=O)Nc1cc(Nc2nc3c(c(-c4cn(C)c5ccccc45)n2)CSCC3)c(OC)cc1N(C)CCN(C)C,5.903785414653595
CHEMBL4522613,IC50,nM,1621.0,IC50,nM,1621.0,COc1cc(N(C)CCN(C)C)c(NC(=O)/C=C\C(C)C)cc1Nc1nc2c(c(-c3cn(C)c4ccccc34)n1)CSCC2,5.790216985151485
CHEMBL4472571,IC50,nM,1753.0,IC50,nM,1753.0,COc1cc(N(C)CCN(C)C)c(NC(=O)/C=C\C(C)C)cc1Nc1nc2c(c(-c3cn(C)c4ccccc34)n1)CS(=O)(=O)CC2,5.756218083906205
CHEMBL4444312,IC50,nM,16.0,IC50,nM,16.0,CCC/C=C\C(=O)Nc1cc(Nc2nc3c(c(-c4cn(C)c5ccccc45)n2)CS(=O)(=O)CC3)c(OC)cc1N(C)CCN(C)C,7.795880017344075
CHEMBL4439982,IC50,nM,0.22,IC50,nM,0.22,C[N+](C)(C/C=C/C(=O)Nc1ccc2ncnc(Nc3cccc(Br)c3)c2c1)Cc1ccc([N+](=O)[O-])cc1.[Br-],9.657577319177793
CHEMBL4527121,IC50,nM,0.22,IC50,nM,0.22,C[N+](C)(C/C=C/C(=O)Nc1ccc2ncnc(Nc3cccc(Br)c3)c2c1)Cc1ccccc1[N+](=O)[O-].[Br-],9.657577319177793
CHEMBL4540138,IC50,nM,0.22,IC50,nM,0.22,Cn1c(C[N+](C)(C)C/C=C/C(=O)Nc2ccc3ncnc(Nc4cccc(Br)c4)c3c2)ccc1[N+](=O)[O-].[Br-],9.657577319177793
CHEMBL4560430,IC50,nM,0.22,IC50,nM,0.22,Cn1cnc([N+](=O)[O-])c1C[N+](C)(C)C/C=C/C(=O)Nc1ccc2ncnc(Nc3cccc(Br)c3)c2c1.[Br-],9.657577319177793
CHEMBL4473277,IC50,nM,0.22,IC50,nM,0.22,Cn1cc([N+](=O)[O-])nc1C[N+](C)(C)C/C=C/C(=O)Nc1ccc2ncnc(Nc3cccc(Br)c3)c2c1.[Br-],9.657577319177793
CHEMBL4516232,IC50,nM,0.22,IC50,nM,0.22,Cn1ncc([N+](=O)[O-])c1C[N+](C)(C)C/C=C/C(=O)Nc1ccc2ncnc(Nc3cccc(Br)c3)c2c1.[Br-],9.657577319177793
CHEMBL4444231,IC50,nM,173.0,IC50,nM,173.0,CC(C)(O)Cn1/c(=N/C(=O)c2cccc(-c3cccnc3)c2)[nH]c2ccccc21,6.761953896871205
CHEMBL4449589,IC50,nM,57.0,IC50,nM,57.0,CC(C)(O)Cn1/c(=N/C(=O)c2ccnc(-c3cccnc3)c2)[nH]c2ccccc21,7.2441251443275085
CHEMBL4519157,IC50,nM,3.0,IC50,nM,3.0,O=C1/N=C2\Nc3ccccc3N2CCCCCOc2ccccc2-c2cc1ccn2,8.522878745280337
CHEMBL4591327,IC50,nM,790.0,IC50,nM,790.0,CC(C)(O)Cn1/c(=N/C(=O)c2cc(F)cc(-c3cccnc3)c2)[nH]c2ccccc21,6.102372908709558
CHEMBL4532034,IC50,nM,12.0,IC50,nM,12.0,COc1ccncc1-c1cc(C(=O)/N=c2\[nH]c3ccccc3n2CC(C)(C)O)ccn1,7.920818753952375
CHEMBL4550104,IC50,nM,1.0,IC50,nM,1.0,Cc1cc2cc(n1)-c1cnn(C)c1OCCCCCN1/C(=N/C2=O)Nc2ccccc21,9.0
CHEMBL4434788,IC50,nM,22.0,IC50,nM,22.0,CC(C)(O)Cn1/c(=N/C(=O)c2ccnc(-c3ccccc3)c2)[nH]c2ccccc21,7.657577319177793
CHEMBL4525935,IC50,nM,519.0,IC50,nM,519.0,Cn1cc(-c2cc(C(=O)/N=c3\[nH]c4ccccc4n3CC(C)(C)O)ccn2)cn1,6.284832642151542
CHEMBL4562138,IC50,nM,0.8,IC50,nM,0.8,Cc1cc2cc(n1)-c1cnn(C)c1OCCC[C@@H](C)CN1/C(=N/C2=O)Nc2ccccc21,9.096910013008056
CHEMBL4537790,IC50,nM,0.6,IC50,nM,0.6,Cc1cc2cc(n1)-c1cnn(C)c1OCCC[C@@H](C)CN1/C(=N/C2=O)Nc2ccc(CN3CCN(C)CC3)cc21,9.221848749616356
CHEMBL4566193,IC50,nM,1.2,IC50,nM,1.2,Cn1ncc2c1OCCCCCN1/C(=N/C(=O)c3cc(F)nc-2c3)Nc2ccccc21,8.920818753952375
CHEMBL4534611,IC50,nM,6.6,IC50,nM,6.6,COc1cc2ncnc(Nc3ccc(F)c(Cl)c3)c2cc1OCCCN1CCNCCNCCNCC1,8.18045606445813
CHEMBL4522240,IC50,nM,1.4,IC50,nM,1.4,COc1cc2ncnc(Nc3ccc(OCc4cccc(F)c4)c(Cl)c3)c2cc1OCCCN1CCNCCNCCNCC1,8.853871964321762
CHEMBL4586581,IC50,nM,8.3,IC50,nM,8.3,COc1cc2ncnc(Nc3ccc(F)c(Cl)c3)c2cc1OCCCN1CCNCCNCC1,8.080921907623926
CHEMBL4435885,IC50,nM,28.2,IC50,nM,28.2,COc1cc2ncnc(Nc3ccc(Br)cc3F)c2cc1OCCCN1CCNCCNCC1,7.549750891680639
CHEMBL4563873,IC50,nM,5.6,IC50,nM,5.6,COc1cc2ncnc(Nc3ccc(F)c(Br)c3)c2cc1OCCCN1CCNCCNCC1,8.2518119729938
CHEMBL4439338,IC50,nM,0.3,IC50,nM,0.3,COc1cc2ncnc(Nc3ccc(OCc4cccc(F)c4)c(Cl)c3)c2cc1OCCCN1CCNCCNCC1,9.522878745280337
CHEMBL4587222,IC50,nM,520.0,IC50,uM,0.52,CCN1CCN(CCCOc2cc3nccc(Oc4c(F)cc(NC(=O)NN5C(=O)CSC5c5c(F)cccc5F)cc4F)c3cc2OC)CC1,6.2839966563652006
CHEMBL4578561,IC50,nM,38.5,IC50,nM,38.5,CCOc1cc2ncc(C#N)c(Nc3ccc(Cl)c(F)c3)c2cc1NC(=O)/C=C/CN(C)C,7.414539270491499
CHEMBL4578466,IC50,nM,92.0,IC50,nM,92.0,CCOc1cc2ncc(C#N)c(Nc3ccc(OCc4ccccn4)c(F)c3)c2cc1NC(=O)/C=C/CN(C)C,7.036212172654444
CHEMBL4474073,IC50,nM,0.76,IC50,nM,0.76,COCCCOc1cc2ncnc(Nc3ccc(F)c(Cl)c3)c2cc1NC(=O)/C=C/CN(C)C,9.119186407719209
CHEMBL4577883,IC50,nM,0.94,IC50,nM,0.94,COC[C@@H](C)Oc1cc2ncnc(Nc3ccc(F)c(Cl)c3)c2cc1NC(=O)/C=C/CN(C)C,9.0268721464003
CHEMBL4443188,IC50,nM,2.73,IC50,nM,2.73,COC[C@H](C)Oc1cc2ncnc(Nc3ccc(F)c(Cl)c3)c2cc1NC(=O)/C=C/CN(C)C,8.563837352959244
CHEMBL4473875,IC50,nM,0.69,IC50,nM,0.69,CCOCCOc1cc2ncnc(Nc3ccc(F)c(Cl)c3)c2cc1NC(=O)/C=C/CN(C)C,9.161150909262744
CHEMBL4592101,IC50,nM,2.84,IC50,nM,2.84,CCCOCCOc1cc2ncnc(Nc3ccc(F)c(Cl)c3)c2cc1NC(=O)/C=C/CN(C)C,8.546681659952963
CHEMBL4450824,IC50,nM,1.54,IC50,nM,1.54,CC(C)OCCOc1cc2ncnc(Nc3ccc(F)c(Cl)c3)c2cc1NC(=O)/C=C/CN(C)C,8.812479279163536
CHEMBL4447976,IC50,nM,153.5,IC50,nM,153.5,CCOCCOc1cc2ncnc(Nc3ccc(OCc4cccc(F)c4)c(Cl)c3)c2cc1NC(=O)/C=C/CN(C)C,6.813891620186794
CHEMBL4591886,IC50,nM,1.48,IC50,nM,1.48,CCOCCOc1cc2ncnc(Nc3ccc(F)c(Cl)c3)c2cc1NC(=O)/C=C/CN(CC)CC,8.829738284605043
CHEMBL4446681,IC50,nM,10000.0,IC50,uM,10.0,CN(CCc1ccc(-c2ccccc2)cc1)Cc1cn(C)c2ccc(C(=O)Nc3ccc(F)cc3)cc12,5.0
CHEMBL442938,IC50,nM,56.48,IC50,nmol,56.48,C[C@H]1[C@H](C)CC[C@]2(C(=O)O)CC[C@]3(COC(=O)/C=C/c4ccc(O)cc4)C(=CC[C@@H]4[C@@]5(C)CC[C@H](O)C(C)(C)[C@@H]5CC[C@]43C)[C@H]12,7.248105311956253
CHEMBL4441392,IC50,nM,56.0,IC50,uM,0.056,Cc1cc(=O)n2nc(SCc3ccc(F)cc3)nc2[nH]1,7.251811972993799
CHEMBL4567599,IC50,nM,188.0,IC50,uM,0.188,Cc1cc(=O)n2nc(SCc3ccc(C(C)(C)C)cc3)nc2[nH]1,6.72584215073632
CHEMBL4456976,IC50,nM,62.0,IC50,uM,0.062,Cc1cc(=O)n2nc(SCc3ccc(C(C)C)cc3)nc2[nH]1,7.2076083105017466
CHEMBL4435632,IC50,nM,84.0,IC50,uM,0.084,Cc1cc(=O)n2nc(SCc3cccc(C(F)(F)F)c3)nc2[nH]1,7.075720713938118
CHEMBL4539566,IC50,nM,168.0,IC50,uM,0.168,Cc1ccc(CSc2nc3[nH]c(C)cc(=O)n3n2)cc1,6.774690718274137
CHEMBL3818535,IC50,nM,182.0,IC50,uM,0.182,Cc1cc(=O)n2nc(SCc3ccc(Cl)cc3)nc2[nH]1,6.739928612014925
CHEMBL4550473,IC50,nM,59.0,IC50,uM,0.059,Cc1cc(=O)n2nc(SCc3cccc(Cl)c3)nc2[nH]1,7.229147988357855
CHEMBL4445265,IC50,nM,76.0,IC50,uM,0.076,Cc1cc(=O)n2nc(SCc3ccc([N+](=O)[O-])cc3)nc2[nH]1,7.119186407719209
CHEMBL4565086,IC50,nM,77.0,IC50,uM,0.077,Cc1cc(=O)n2nc(SCc3cccc([N+](=O)[O-])c3)nc2[nH]1,7.113509274827518
CHEMBL4570484,IC50,nM,141.0,IC50,uM,0.141,Cc1cc(=O)n2nc(SCc3ccc(Cl)cc3Cl)nc2[nH]1,6.85078088734462
CHEMBL4436337,IC50,nM,4.3,IC50,nM,4.3,C=CC(=O)Nc1cccc(Nc2ncnc3cc(OC)c(OCCN4CCOCC4)cc23)c1,8.366531544420413
CHEMBL4547332,IC50,nM,2.0,IC50,nM,2.0,C=CC(=O)Nc1cc2c(Nc3ccc(Br)cc3F)ncnc2cc1OCCCC(=O)CN(C)C,8.698970004336019
CHEMBL4516586,IC50,nM,4.3,IC50,nM,4.3,C=CC(=O)Nc1ccc(Nc2ncnc3cc(OC)c(OCCN4CCOCC4)cc23)cc1,8.366531544420413
CHEMBL4553708,IC50,nM,66100.0,IC50,nM,66100.0,OCCNc1nc(Nc2cccc(F)c2)c2cn[nH]c2n1,4.179798540514359
CHEMBL4465558,IC50,nM,765.0,IC50,nM,765.0,COc1cc(N2CCNC2=O)ccc1Nc1ncc(Cl)c(Nc2ccccc2S(=O)(=O)C(C)C)n1,6.116338564846382
CHEMBL601719,IC50,nM,681.0,IC50,nM,681.0,C[C@@H](Oc1cc(-c2cnn(C3CCNCC3)c2)cnc1N)c1c(Cl)ccc(F)c1Cl,6.166852888087215
CHEMBL4519408,IC50,nM,598.0,IC50,nM,598.0,COc1cc(N2CCN(CC(=O)N(C)C)C2=O)ccc1Nc1ncc(Cl)c(Nc2ccccc2S(=O)(=O)C(C)C)n1,6.223298816011589
CHEMBL4464404,IC50,nM,2.3,IC50,nM,2.3,C=CC(=O)Nc1cccc(Oc2nc(Nc3ccc(N4CCOCC4)cc3)nc3[nH]cc(-c4ccncc4)c23)c1,8.638272163982407
CHEMBL4465231,IC50,nM,1048.0,IC50,nM,1048.0,CNc1cncc(-c2c[nH]c3nc(Nc4ccc(N5CCN(C(C)=O)CC5)cc4)nc(Oc4ccccc4)c23)n1,5.979638717352292
CHEMBL4520286,IC50,nM,654.0,IC50,nM,654.0,CNc1cncc(-c2c[nH]c3nc(Nc4ccc(N5CCN(C(C)=O)CC5)cc4)nc(OC4CCCCC4)c23)n1,6.184422251675732
CHEMBL4562744,IC50,nM,937.0,IC50,nM,937.0,CNc1cncc(-c2c[nH]c3nc(Nc4ccc(N5CCN(C(C)=O)CC5)cc4)nc(OC4CCOCC4)c23)n1,6.028260409112222
CHEMBL4543893,IC50,nM,1975.0,IC50,nM,1975.0,C=CC(=O)N1CCC[C@H]1COc1nc(Nc2ccc(N3CCN(C(C)=O)CC3)cc2)nc2[nH]cc(-c3cncc(NC)n3)c12,5.704432900037521
CHEMBL4593230,IC50,nM,150.0,IC50,nM,150.0,C=CC(=O)N1CCC[C@@H]1COc1nc(Nc2ccc(N3CCN(C(C)=O)CC3)cc2)nc2[nH]cc(-c3cncc(NC)n3)c12,6.823908740944319
CHEMBL4469900,IC50,nM,499.0,IC50,nM,499.0,C=CC(=O)N1CCC[C@@H](Oc2nc(Nc3ccc(N4CCN(C(C)=O)CC4)cc3)nc3[nH]cc(-c4cncc(NC)n4)c23)C1,6.30189945437661
CHEMBL4457018,IC50,nM,8.7,IC50,nM,8.7,C=CC(=O)N1CCC[C@@H](Oc2nc(Nc3ccc(N4CCN(CC)CC4)cc3)nc3[nH]cc(-c4cncc(NC)n4)c23)C1,8.060480747381382
CHEMBL4458344,IC50,nM,138.0,IC50,nM,138.0,C=CC(=O)N1CCC[C@@H](Oc2nc(Nc3ccc(N4CCOCC4)cc3)nc3[nH]cc(-c4cncc(NC)n4)c23)C1,6.860120913598763
CHEMBL4463563,IC50,nM,903.0,IC50,nM,903.0,C=CC(=O)N1CCC(Oc2nc(Nc3ccc(N4CCN(C(C)=O)CC4)cc3)nc3[nH]cc(-c4cncc(NC)n4)c23)CC1,6.044312249686494
CHEMBL4549626,IC50,nM,38.0,IC50,nM,38.0,C=CC(=O)N1CCC(Oc2nc(Nc3ccc(N4CCOCC4)cc3)nc3[nH]cc(-c4ccnc(NC)c4)c23)CC1,7.42021640338319
CHEMBL4443805,IC50,nM,1257.0,IC50,nM,1257.0,C=CC(=O)N1CCC(Oc2nc(Nc3ccc(N4CCOCC4)cc3)nc3[nH]cc(-c4cncc(NC)n4)c23)CC1,5.900664722314042
CHEMBL4441037,IC50,nM,111.0,IC50,nM,111.0,C=CC(=O)Nc1ccc(OC)c(Nc2cc(-c3c(-c4ccc(F)cc4)nc(SC)n3C)ccn2)c1,6.954677021213342
CHEMBL4575583,IC50,nM,1.0,IC50,nM,1.0,C=CC(=O)Nc1ccc(OC)c(Nc2cc(-c3nc(SC)n(C)c3-c3ccc(F)cc3)ccn2)c1,9.0
CHEMBL4531109,IC50,nM,4500.0,IC50,uM,4.5,O=C1Nc2ccccc2N/C1=C\C(=O)c1cccc2ccccc12,5.346787486224656
CHEMBL4439680,IC50,nM,9.0,IC50,nM,9.0,COc1ccc(/C=C/C(=O)Nc2cc3c(Nc4ccc(F)c(Cl)c4)ncnc3cc2O[C@@H]2CCOC2)cc1,8.045757490560675
CHEMBL4466350,IC50,nM,9.0,IC50,nM,9.0,COc1cc(/C=C/C(=O)Nc2cc3c(Nc4ccc(F)c(Cl)c4)ncnc3cc2O[C@@H]2CCOC2)cc(OC)c1OC,8.045757490560675
CHEMBL4463898,IC50,nM,3.23,IC50,nmol/L,3.23,COc1cc2c(Nc3ccc(Br)cc3F)ncnc2cc1OCC1CCN(C(=O)Cn2cncc2[N+](=O)[O-])CC1,8.490797477668897
CHEMBL4468893,IC50,nM,19.97,IC50,nmol/L,19.97,COc1cc2c(Nc3ccc(F)c(F)c3)ncnc2cc1OCCOCCOCCNC(=O)Cn1cnc([N+](=O)[O-])n1,7.699621935129297
CHEMBL4532084,IC50,nM,6.24,IC50,nmol/L,6.24,COc1cc2c(Nc3ccc(C)c(Br)c3)ncnc2cc1OCCOCCOCCNC(=O)Cn1cnc([N+](=O)[O-])n1,8.204815410317575
CHEMBL4531912,IC50,nM,12.93,IC50,nmol/L,12.93,COc1cc2c(Nc3ccc(F)cc3Cl)ncnc2cc1OCCOCCOCCNC(=O)Cn1cnc([N+](=O)[O-])n1,7.888401475119606
CHEMBL4435233,IC50,nM,4.95,IC50,nmol/L,4.95,COc1cc2c(Nc3ccc(Br)cc3F)ncnc2cc1OCCOCCOCCNC(=O)Cn1cnc([N+](=O)[O-])n1,8.30539480106643
CHEMBL4471491,IC50,nM,0.69,IC50,nmol/L,0.69,COc1cc2c(Nc3ccc(Cl)c(Cl)c3F)ncnc2cc1OCCOCCNC(=O)Cn1cnc([N+](=O)[O-])n1,9.161150909262744
CHEMBL4460151,IC50,nM,16.43,IC50,nmol/L,16.43,COc1cc2c(Nc3ccc(F)cc3)ncnc2cc1OCCOCCNC(=O)Cn1cnc([N+](=O)[O-])n1,7.784362436564939
CHEMBL4560187,IC50,nM,3.11,IC50,nmol/L,3.11,COc1cc2c(Nc3cccc(F)c3)ncnc2cc1OCCOCCNC(=O)Cn1cnc([N+](=O)[O-])n1,8.507239610973162
CHEMBL4576032,IC50,nM,3.7,IC50,nmol/L,3.7,COc1cc2c(Nc3ccc(F)c(F)c3)ncnc2cc1OCCOCCNC(=O)Cn1cnc([N+](=O)[O-])n1,8.431798275933005
CHEMBL4540303,IC50,nM,0.37,IC50,nmol/L,0.37,COc1cc2c(Nc3ccc(C)c(Br)c3)ncnc2cc1OCCOCCNC(=O)Cn1cnc([N+](=O)[O-])n1,9.431798275933005
CHEMBL4515673,IC50,nM,20.83,IC50,nmol/L,20.83,COc1cc2c(Nc3ccc(F)cc3Cl)ncnc2cc1OCCOCCNC(=O)Cn1cnc([N+](=O)[O-])n1,7.681310730052254
CHEMBL4521028,IC50,nM,5.9,IC50,nmol/L,5.9,COc1cc2c(Nc3ccc(Br)cc3F)ncnc2cc1OCCOCCNC(=O)Cn1cnc([N+](=O)[O-])n1,8.229147988357855
CHEMBL4463765,IC50,nM,18.54,IC50,nmol/L,18.54,COc1cc2c(Nc3ccc(C)c(Br)c3)ncnc2cc1OCCNC(=O)Cn1cnc([N+](=O)[O-])n1,7.7318902701915215
CHEMBL4535949,IC50,nM,48.07,IC50,nmol/L,48.07,COc1cc2c(Nc3ccc(F)cc3Cl)ncnc2cc1OCCNC(=O)Cn1cnc([N+](=O)[O-])n1,7.318125877871353
CHEMBL4453429,IC50,nM,43.56,IC50,nmol/L,43.56,COc1cc2c(Nc3ccc(Br)cc3F)ncnc2cc1OCCNC(=O)Cn1cnc([N+](=O)[O-])n1,7.3609121289162625
CHEMBL4546122,IC50,nM,52.0,IC50,nM,52.0,COc1ccc(-c2cc3ncnc(Nc4cc(OC)c(OC)c(OC)c4)c3s2)cc1,7.2839966563652006
CHEMBL4569885,IC50,nM,30.0,IC50,nM,30.0,COc1cc(Nc2ncnc3cc(-c4ccc(C)cc4)sc23)cc(OC)c1OC,7.522878745280337
CHEMBL4473768,IC50,nM,10.0,IC50,nM,10.0,COc1cc(Nc2ncnc3cc(-c4ccc(I)cc4)sc23)cc(OC)c1OC,8.0
CHEMBL4572443,IC50,nM,326.0,IC50,nM,326.0,COc1cc(Nc2ncnc3cc(-c4ccc(Br)cc4)sc23)cc(OC)c1OC,6.486782399932061
CHEMBL4552482,IC50,nM,273.0,IC50,nM,273.0,COc1cc(Nc2ncnc3cc(-c4ccc(Cl)cc4)sc23)cc(OC)c1OC,6.5638373529592435
CHEMBL4460381,IC50,nM,2.5,IC50,nM,2.5,COc1cc(Nc2ncnc3cc(-c4cccs4)sc23)cc(OC)c1OC,8.602059991327963
CHEMBL4541014,IC50,nM,23.0,IC50,nM,23.0,COc1cc(Nc2ncnc3cc(-c4ccccc4)sc23)cc(OC)c1OC,7.638272163982407
CHEMBL4585048,IC50,nM,1200.0,IC50,uM,1.2,COc1cc(/C=C/C(=O)c2ccc(NC(=O)c3cc4cc5ccccc5nc4s3)cc2)cc(OC)c1OC,5.920818753952375
CHEMBL4568408,IC50,nM,3200.0,IC50,uM,3.2,COc1cc(/C=C/C(=O)c2ccc(NC(=O)c3cc4cc5cc(C)ccc5nc4s3)cc2)cc(OC)c1OC,5.494850021680094
CHEMBL4588486,IC50,nM,1400.0,IC50,uM,1.4,COc1ccc2nc3sc(C(=O)Nc4ccc(C(=O)/C=C/c5cc(OC)c(OC)c(OC)c5)cc4)cc3cc2c1,5.853871964321762
CHEMBL4464785,IC50,nM,1600.0,IC50,uM,1.6,COc1ccc(/C=C/C(=O)c2ccc(NC(=O)c3cc4cc5ccccc5nc4s3)cc2)cc1OC,5.795880017344075
CHEMBL4447196,IC50,nM,500.0,IC50,uM,0.5,COc1ccc(/C=C/C(=O)c2ccc(NC(=O)c3cc4cc5cc(C)ccc5nc4s3)cc2)cc1OC,6.301029995663981
CHEMBL4462971,IC50,nM,700.0,IC50,uM,0.7,COc1ccc2nc3sc(C(=O)Nc4ccc(C(=O)/C=C/c5ccc(OC)c(OC)c5)cc4)cc3cc2c1,6.154901959985743
CHEMBL4540070,IC50,nM,2900.0,IC50,uM,2.9,COc1cccc(/C=C/C(=O)c2ccc(NC(=O)c3cc4cc5cc(C)ccc5nc4s3)cc2)c1,5.5376020021010435
CHEMBL4474429,IC50,nM,2800.0,IC50,uM,2.8,COc1cccc(/C=C/C(=O)c2ccc(NC(=O)c3cc4cc5cc(OC)ccc5nc4s3)cc2)c1,5.552841968657781
CHEMBL4470236,IC50,nM,3081.0,IC50,uM,3.081,COc1cc2c(Oc3ccc(NS(=O)(=O)c4ccccc4OC(F)(F)F)cc3F)ccnc2cc1OCCCN1CCN(C)CC1,5.5113083016830595
CHEMBL4587811,IC50,nM,281.0,IC50,uM,0.281,COc1cc2c(Oc3ccc(NS(=O)(=O)c4ccccc4C(F)(F)F)cc3F)ccnc2cc1OCCCN1CCN(C)CC1,6.55129368009492
CHEMBL4443828,IC50,nM,149.0,IC50,uM,0.149,COc1cc2c(Oc3ccc(NS(=O)(=O)c4cc(F)ccc4F)cc3F)ccnc2cc1OCCCN1CCN(C)CC1,6.826813731587726
CHEMBL4462318,IC50,nM,178.0,IC50,uM,0.178,COc1cc2c(Oc3ccc(NS(=O)(=O)c4c(F)cccc4F)cc3F)ccnc2cc1OCCCN1CCN(C)CC1,6.749579997691106
CHEMBL4536115,IC50,nM,650.0,IC50,uM,0.65,COc1cc2c(Oc3ccc(NS(=O)(=O)c4ccccc4C(F)(F)F)cc3F)ccnc2cc1OCCCN1CCOCC1,6.187086643357144
CHEMBL4447225,IC50,nM,592.0,IC50,uM,0.592,COc1cc2c(Oc3ccc(NS(=O)(=O)c4ccccc4C(F)(F)F)cc3F)ccnc2cc1OCCCN1CCC(C)CC1,6.22767829327708
CHEMBL4457733,IC50,nM,1128.0,IC50,uM,1.128,COc1cc2c(Oc3ccc(NS(=O)(=O)c4cc(F)ccc4F)cc3F)ccnc2cc1OCCCN1CCCC(C)C1,5.947690900352677
CHEMBL4468464,IC50,nM,12.0,IC50,nM,12.0,C=CC(=O)Nc1cc2c(Nc3ccc(F)c(Cl)c3)ncnc2cc1OCc1cn(Cc2ccccc2F)nn1,7.920818753952375
CHEMBL4454948,IC50,nM,4.0,IC50,nM,4.0,C=CC(=O)Nc1cc2c(Nc3ccc(F)c(Cl)c3)ncnc2cc1OCc1cn(Cc2cccc(F)c2)nn1,8.397940008672037
CHEMBL4515526,IC50,nM,6.0,IC50,nM,6.0,C=CC(=O)Nc1cc2c(Nc3ccc(F)c(Cl)c3)ncnc2cc1OCc1cn(Cc2ccc(F)cc2)nn1,8.221848749616356
CHEMBL4460706,IC50,nM,12.0,IC50,nM,12.0,C=CC(=O)Nc1cc2c(Nc3ccc(F)c(Cl)c3)ncnc2cc1OCc1cn(Cc2ccc(Cl)cc2)nn1,7.920818753952375
CHEMBL4436695,IC50,nM,5.0,IC50,nM,5.0,C=CC(=O)Nc1cc2c(Nc3ccc(F)c(Cl)c3)ncnc2cc1OCc1cn(Cc2ccc(OC)cc2)nn1,8.301029995663981
CHEMBL4563683,IC50,nM,15.0,IC50,nM,15.0,C=CC(=O)Nc1cc2c(Nc3ccc(F)c(Cl)c3)ncnc2cc1OCc1cn(Cc2ccc(C)cc2)nn1,7.823908740944319
CHEMBL4584413,IC50,nM,12.0,IC50,nM,12.0,C=CC(=O)Nc1cc2c(Nc3ccc(F)c(Cl)c3)ncnc2cc1OCc1cn(CCc2ccccc2)nn1,7.920818753952375
CHEMBL4578487,IC50,nM,8.0,IC50,nM,8.0,C=CC(=O)Nc1cc2c(Nc3ccc(F)c(Cl)c3)ncnc2cc1OCc1cn(Cc2ccccc2)nn1,8.096910013008056
CHEMBL4575267,IC50,nM,26.0,IC50,nM,26.0,C=CC(=O)Nc1cc2c(Nc3ccc(F)c(Cl)c3)ncnc2cc1OCc1cn(-c2ccccc2)nn1,7.585026652029182
CHEMBL4521506,IC50,nM,4.0,IC50,nM,4.0,C=CC(=O)Nc1cc2c(Nc3ccc(F)c(Cl)c3)ncnc2cc1OCc1cn(CCCN2CCOCC2)nn1,8.397940008672037
CHEMBL4476544,IC50,nM,4.0,IC50,nM,4.0,C=CC(=O)Nc1cc2c(Nc3ccc(F)c(Cl)c3)ncnc2cc1OCc1cn(CCCO)nn1,8.397940008672037
CHEMBL4443413,IC50,nM,81.7,IC50,nM,81.7,CCC(=O)N1CC[C@@H](n2c(=O)c(-c3ccccc3Cl)c(C)c3cnc(Nc4ccc(N5CCN(C)CC5)c(C)c4)nc32)C1,7.087777943467584
CHEMBL4529308,IC50,nM,498.1,IC50,nM,498.1,CCC(=O)N1CCC[C@@H](n2c(=O)c(-c3ccccc3Br)c(C)c3cnc(Nc4ccc(N5CCN(C)CC5)c(C)c4)nc32)C1,6.302683458267617
CHEMBL4453276,IC50,nM,587.6,IC50,nM,587.6,CCC(=O)N1CCC[C@@H](n2c(=O)c(-c3ccccc3C)c(C)c3cnc(Nc4ccc(N5CCN(C)CC5)c(C)c4)nc32)C1,6.230918212881781
CHEMBL4462965,IC50,nM,207.0,IC50,nM,207.0,CCC(=O)N1CCC[C@@H](n2c(=O)c(-c3cc(F)ccc3Cl)c(C)c3cnc(Nc4ccc(N5CCN(C)CC5)c(C)c4)nc32)C1,6.684029654543083
CHEMBL4450934,IC50,nM,224.1,IC50,nM,224.1,CCC(=O)N1CCC[C@@H](n2c(=O)c(-c3ccc(F)cc3Cl)c(C)c3cnc(Nc4ccc(N5CCN(C)CC5)c(C)c4)nc32)C1,6.6495581434649385
CHEMBL4459978,IC50,nM,518.8,IC50,nM,518.8,CCC(=O)N[C@H]1CC[C@@H](n2c(=O)c(-c3ccccc3Cl)c(C)c3cnc(Nc4ccc(N5CCN(C)CC5)c(C)c4)nc32)CC1,6.285000032587957
CHEMBL4446258,IC50,nM,65.1,IC50,nM,65.1,CCC(=O)N1CCC[C@@H](n2c(=O)c(-c3ccccc3Cl)c(C)c3cnc(Nc4ccc(N5CCN(C)CC5)c(C)c4)nc32)C1,7.186419011431808
CHEMBL4474196,IC50,nM,27.5,IC50,nM,27.5,CCC(=O)N1CCC[C@@H](n2c(=O)c(-c3cccc(F)c3Cl)c(C)c3cnc(Nc4ccc(N5CCN(C)CC5)c(C)c4)nc32)C1,7.560667306169737
CHEMBL4443062,IC50,nM,73.1,IC50,nM,73.1,O=C(Nc1nccs1)C(c1cc(F)ccc1O)N1Cc2ccc(-c3ccc(N4CCNCC4)cc3)cc2C1=O,7.13608262304214
CHEMBL4464879,IC50,nM,101.0,IC50,uM,0.101,C=CC(=O)Nc1cc(Nc2nccc(-c3cn(C)c4ccccc34)n2)c(OC)cc1N(C)CCO,6.995678626217358
CHEMBL4454745,IC50,nM,122.0,IC50,uM,0.122,C=CC(=O)Nc1cc(Nc2nccc(-c3cn(C)c4ccccc34)n2)c(OC)cc1N(C)CCCl,6.913640169325252
CHEMBL4566583,IC50,nM,215.0,IC50,uM,0.215,C=CC(=O)Nc1cc(Nc2nccc(-c3cn(C)c4ccccc34)n2)c(OC)cc1N(C)CCSC,6.667561540084395
CHEMBL4447982,IC50,nM,105.0,IC50,uM,0.105,C=CC(=O)Nc1cc(Nc2nccc(-c3cn(C)c4ccccc34)n2)c(OC)cc1N(C)CC[S+](C)[O-],6.978810700930062
CHEMBL4463766,IC50,nM,64.0,IC50,uM,0.064,C=CC(=O)Nc1cc(Nc2nccc(-c3cn(C)c4ccccc34)n2)c(OC)cc1N1CCSCC1,7.1938200260161125
CHEMBL4460261,IC50,nM,75.0,IC50,uM,0.075,C=CC(=O)Nc1cc(Nc2nccc(-c3cn(C)c4ccccc34)n2)c(OC)cc1N1CC[S+]([O-])CC1,7.1249387366083
CHEMBL4454929,IC50,nM,38.0,IC50,uM,0.038,C=CC(=O)Nc1cc(Nc2nccc(-c3cn(C)c4ccccc34)n2)c(OC)cc1N1CCS(=O)(=O)CC1,7.42021640338319
CHEMBL4570333,IC50,nM,11.0,IC50,uM,0.011,C=CC(=O)Nc1cc(Nc2nccc(-c3cn(C)c4ccccc34)n2)c(OC)cc1SCCN(C)C,7.958607314841775
CHEMBL4441606,IC50,nM,5.0,IC50,uM,0.005,C=CC(=O)Nc1cc(Nc2nccc(-c3cn(C)c4ccccc34)n2)c(OC)cc1[S+]([O-])CCN(C)C,8.301029995663981
CHEMBL4592472,IC50,nM,195.0,IC50,uM,0.195,C=CC(=O)Nc1cc(Nc2nccc(-c3cn(C)c4ccccc34)n2)c(OC)cc1S(=O)(=O)CCN(C)C,6.709965388637482
CHEMBL4520341,IC50,nM,12.0,IC50,nM,12.0,C=CC(=O)Nc1cc(Nc2ncc(Cl)c(Nc3ccccc3P(C)(C)=O)n2)c(OC)cc1N(C)CCN(C)C,7.920818753952375
CHEMBL4558227,IC50,nM,5.0,IC50,nM,5.0,C=CC(=O)Nc1cc(Nc2ncc(F)c(Nc3ccccc3P(C)(C)=O)n2)c(OC)cc1N(C)CCN(C)C,8.301029995663981
CHEMBL4465103,IC50,nM,35.0,IC50,nM,35.0,C=CC(=O)Nc1cc(Nc2nccc(Nc3ccccc3P(C)(C)=O)n2)c(OC)cc1N(C)CCN(C)C,7.455931955649724
CHEMBL4531697,IC50,nM,33.0,IC50,nM,33.0,C=CC(=O)Nc1cc(Nc2ncc(I)c(Nc3ccccc3S(=O)(=O)C(C)C)n2)c(OC)cc1N(C)CCN(C)C,7.481486060122112
CHEMBL4473365,IC50,nM,4.0,IC50,nM,4.0,C=CC(=O)Nc1cc(Nc2ncc(Cl)c(Nc3ccccc3S(=O)(=O)C(C)C)n2)c(OC)cc1N(C)CCN(C)C,8.397940008672037
CHEMBL4448107,IC50,nM,2.0,IC50,nM,2.0,C=CC(=O)Nc1cc(Nc2ncc(F)c(Nc3ccccc3S(=O)(=O)C(C)C)n2)c(OC)cc1N(C)CCN(C)C,8.698970004336019
CHEMBL4516287,IC50,nM,86.0,IC50,nM,86.0,C=CC(=O)Nc1cc(Nc2nccc(Nc3ccccc3S(=O)(=O)C(C)C)n2)c(OC)cc1N(C)CCN(C)C,7.0655015487564325
CHEMBL4467561,IC50,nM,3.0,IC50,nM,3.0,C=CC(=O)Nc1cc(Nc2ncc(I)c(Nc3ccccc3S(=O)(=O)N(C)C)n2)c(OC)cc1N(C)CCN(C)C,8.522878745280337
CHEMBL4449391,IC50,nM,2.0,IC50,nM,2.0,C=CC(=O)Nc1cc(Nc2ncc(Cl)c(Nc3ccccc3S(=O)(=O)N(C)C)n2)c(OC)cc1N(C)CCN(C)C,8.698970004336019
CHEMBL4565984,IC50,nM,2.0,IC50,nM,2.0,C=CC(=O)Nc1cc(Nc2ncc(F)c(Nc3ccccc3S(=O)(=O)N(C)C)n2)c(OC)cc1N(C)CCN(C)C,8.698970004336019
CHEMBL4540442,IC50,nM,4.0,IC50,nM,4.0,C=CC(=O)Nc1cc(Nc2nccc(Nc3ccccc3S(=O)(=O)N(C)C)n2)c(OC)cc1N(C)CCN(C)C,8.397940008672037
CHEMBL4581316,IC50,nM,2.0,IC50,nM,2.0,C=CC(=O)Nc1cc(Nc2ncc(I)c(Nc3ccccc3P(C)(C)=O)n2)c(OC)cc1N(C)CCN(C)C,8.698970004336019
CHEMBL4545086,IC50,nM,2100.0,IC50,uM,2.1,C=CC(=O)Nc1cc(Nc2nccc(-c3cn(C)c4cccnc34)n2)c(OC)cc1N(C)CCN(C)C,5.6777807052660805
CHEMBL4536146,IC50,nM,6600.0,IC50,uM,6.6,C=CC(=O)Nc1cc(Nc2nccc(-c3cn(C)c4cccnc34)n2)c(OC)cc1N(C)CCNC,5.180456064458132
CHEMBL4575647,IC50,nM,15000.0,IC50,uM,15.0,C=CC(=O)Nc1cc(Nc2nccc(-c3cn(C)c4cccnc34)n2)c(OC)cc1NCCN(C)C,4.823908740944319
CHEMBL4456234,IC50,nM,120.7,IC50,nM,120.7,C=CC(=O)Nc1cc(Nc2nccc(NC(=O)c3ccccc3)n2)c(OC)cc1N1CCN(C)CC1,6.91829272990265
CHEMBL4575697,IC50,nM,142.7,IC50,nM,142.7,C=CC(=O)Nc1cc(Nc2nccc(NC(=O)c3ccccc3)n2)c(OC)cc1N(C)CCN(C)C,6.845576026885353
CHEMBL4454516,IC50,nM,0.5872,IC50,nM,0.5872,C=CC(=O)Nc1cc(Nc2nccc(NC(=O)c3ccccc3)n2)c(OC)cc1N1CCC(C(N)=O)CC1,9.231213953091986
CHEMBL4476791,IC50,nM,2.213,IC50,nM,2.213,C=CC(=O)Nc1cc(Nc2nccc(NC(=O)c3ccccc3)n2)c(OC)cc1N(C)C,8.655018586072742
CHEMBL4451619,IC50,nM,54.99,IC50,nM,54.99,C=CC(=O)Nc1cc(Nc2nccc(NC(=O)c3cccc(OC)c3)n2)c(OC)cc1N1CCN(C)CC1,7.259716280318121
CHEMBL4563980,IC50,nM,59.0,IC50,nM,59.0,C=CC(=O)Nc1cc(Nc2nccc(NC(=O)c3cccc(OC)c3)n2)c(OC)cc1N(C)CCN(C)C,7.229147988357855
CHEMBL4555707,IC50,nM,32.61,IC50,nM,32.61,C=CC(=O)Nc1cc(Nc2nccc(NC(=O)c3cccc(OC)c3)n2)c(OC)cc1N1CCC(C(N)=O)CC1,7.486649201194043
CHEMBL4587847,IC50,nM,12.57,IC50,nM,12.57,C=CC(=O)Nc1cc(Nc2nccc(NC(=O)c3ccc(OC)c(OC)c3)n2)c(OC)cc1N1CCN(C)CC1,7.900664722314042
CHEMBL4450061,IC50,nM,123.2,IC50,nM,123.2,C=CC(=O)Nc1cc(Nc2nccc(NC(=O)c3ccc(OC)c(OC)c3)n2)c(OC)cc1N(C)CCN(C)C,6.909389292171594
CHEMBL4441745,IC50,nM,54.69,IC50,nM,54.69,C=CC(=O)Nc1cc(Nc2nccc(NC(=O)c3ccc(OC)c(OC)c3)n2)c(OC)cc1N1CCC(C(N)=O)CC1,7.262092076625361
CHEMBL4569552,IC50,nM,40.19,IC50,nM,40.19,C=CC(=O)Nc1cc(Nc2nccc(NC(=O)c3ccc(OC)c(OC)c3)n2)c(OC)cc1N(C)C,7.395881993807965
CHEMBL4540295,IC50,nM,27.92,IC50,nM,27.92,C=CC(=O)Nc1cc(Nc2nccc(NC(=O)c3ccc(C(F)(F)F)cc3)n2)c(OC)cc1N1CCN(C)CC1,7.554084586048877
CHEMBL4438856,IC50,nM,46.52,IC50,nM,46.52,C=CC(=O)Nc1cc(Nc2nccc(NC(=O)c3ccc(C(F)(F)F)cc3)n2)c(OC)cc1N(C)CCN(C)C,7.332360293943589
CHEMBL4449898,IC50,nM,65.34,IC50,nM,65.34,C=CC(=O)Nc1cc(Nc2nccc(NC(=O)c3ccc(C(F)(F)F)cc3)n2)c(OC)cc1N1CCC(C(N)=O)CC1,7.184820869860581
CHEMBL4570293,IC50,nM,33.31,IC50,nM,33.31,C=CC(=O)Nc1cc(Nc2nccc(NC(=O)c3cccc4ccccc34)n2)c(OC)cc1N1CCN(C)CC1,7.477425367308824
CHEMBL4440618,IC50,nM,7.0,IC50,nM,7.0,CCOc1cc2ncnc(Nc3ccc(F)c(Cl)c3)c2cc1OC(=O)CCl,8.154901959985743
CHEMBL4435699,IC50,nM,15.0,IC50,nM,15.0,C=CC(=O)Oc1cc2c(Nc3ccc(F)c(Cl)c3)ncnc2cc1OCC,7.823908740944319
CHEMBL4521214,IC50,nM,70.0,IC50,nM,70.0,CCOc1cc2ncnc(Nc3ccc(F)c(Cl)c3)c2cc1OC(=O)CSc1ccccn1,7.154901959985743
CHEMBL4562352,IC50,nM,0.6,IC50,nM,0.6,CCOc1cc2ncnc(Nc3ccc(F)c(Cl)c3)c2cc1OC(=O)CSc1cccnc1,9.221848749616356
CHEMBL4558356,IC50,nM,27.0,IC50,nM,27.0,CCOc1cc2ncnc(Nc3ccc(F)c(Cl)c3)c2cc1OC(=O)CSc1ncccn1,7.568636235841013
CHEMBL4530987,IC50,nM,14.0,IC50,nM,14.0,CCOc1cc2ncnc(Nc3ccc(F)c(Cl)c3)c2cc1OC(=O)CCc1cccnc1,7.853871964321762
CHEMBL4530170,IC50,nM,5.0,IC50,nM,5.0,CCOc1cc2ncnc(Nc3ccc(F)c(Cl)c3)c2cc1OC(=O)CSc1nnnn1C,8.301029995663981
CHEMBL4572315,IC50,nM,11.0,IC50,nM,11.0,CCOc1cc2ncnc(Nc3ccc(F)c(Cl)c3)c2cc1OC(=O)CSc1nccn1C,7.958607314841775
CHEMBL4526992,IC50,nM,27.0,IC50,nM,27.0,CCOc1cc2ncnc(Nc3ccc(F)c(Cl)c3)c2cc1OC(=O)CSc1ncc[nH]1,7.568636235841013
CHEMBL4556799,IC50,nM,12.0,IC50,nM,12.0,CCOc1cc2ncnc(Nc3ccc(F)c(Cl)c3)c2cc1OC(=O)CSc1nc2ccccc2n1C,7.920818753952375
CHEMBL4473375,IC50,nM,83.0,IC50,nM,83.0,CCOc1cc2ncnc(Nc3ccc(F)c(Cl)c3)c2cc1OC(=O)CSc1nc2ccccc2s1,7.080921907623926
CHEMBL4559217,IC50,nM,197.0,IC50,nM,197.0,CCOc1cc2ncnc(Nc3ccc(F)c(Cl)c3)c2cc1OC(=O)CSc1nc2cc(OC)ccc2s1,6.705533773838407
CHEMBL4439974,IC50,nM,34.0,IC50,nM,34.0,CCOc1cc2ncnc(Nc3ccc(F)c(Cl)c3)c2cc1NC(=O)COC(C)=O,7.468521082957745
CHEMBL4437599,IC50,nM,25.0,IC50,nM,25.0,CCOc1cc2ncnc(Nc3ccc(F)c(Cl)c3)c2cc1NC(=O)COC(=O)c1ccccc1,7.6020599913279625
CHEMBL4538707,IC50,nM,44.0,IC50,nM,44.0,CCOc1cc2ncnc(Nc3ccc(F)c(Cl)c3)c2cc1NC(=O)COC(=O)c1c(C)cccc1C,7.356547323513812
CHEMBL4449681,IC50,nM,27.0,IC50,nM,27.0,CCOc1cc2ncnc(Nc3ccc(F)c(Cl)c3)c2cc1NC(=O)CO,7.568636235841013
CHEMBL4469866,IC50,nM,8.7,IC50,nM,8.7,C=CC(=O)N(c1cccc(Cl)c1F)c1ncnc2cc(OC)c(OC(=O)N3CCN(C)C[C@H]3C)cc12,8.060480747381382
CHEMBL4439066,IC50,nM,500.0,IC50,nM,500.0,C=CC(=O)N(c1cc(F)c(F)cc1F)c1ncnc2cc(OC)c(OCCCN3CCOCC3)cc12,6.301029995663981
CHEMBL4579429,IC50,nM,302.0,IC50,nM,302.0,C=CC(=O)N(c1ccc(F)cc1F)c1ncnc2cc(OC)c(OCCCN3CCOCC3)cc12,6.519993057042849
CHEMBL4527715,IC50,nM,133.0,IC50,nM,133.0,C=CC(=O)N(c1cc(Cl)ccc1F)c1ncnc2cc(OC)c(OCCCN3CCOCC3)cc12,6.876148359032914
CHEMBL4475780,IC50,nM,234.0,IC50,nM,234.0,C=CC(=O)N(c1ccc(Cl)cc1F)c1ncnc2cc(OC)c(OCCCN3CCOCC3)cc12,6.6307841425898575
CHEMBL4441029,IC50,nM,52.6,IC50,nM,52.6,C=CC(=O)N(c1cccc(Cl)c1F)c1ncnc2cc(OC)c(OCCCN3CCOCC3)cc12,7.279014255846261
CHEMBL4471155,IC50,nM,31.7,IC50,nM,31.7,C=CC(=O)N(c1ccc(Cl)c(Cl)c1)c1ncnc2cc(OC)c(OCCCN3CCOCC3)cc12,7.498940737782249
CHEMBL4448162,IC50,nM,1.0,IC50,nM,1.0,COc1cc2ncnc(Nc3ccc(Cl)c(Cl)c3)c2cc1OCCCN1CCOCC1,9.0
CHEMBL4555488,IC50,nM,368.0,IC50,nM,368.0,C=CC(=O)N(c1ccc(F)c(F)c1)c1ncnc2cc(OC)c(OCCCN3CCOCC3)cc12,6.434152181326482
CHEMBL4441921,IC50,nM,844.0,IC50,nM,844.0,C=CC(=O)N(c1cccc(C(F)(F)F)c1)c1ncnc2cc(OC)c(OCCCN3CCOCC3)cc12,6.073657553374345
CHEMBL4448712,IC50,nM,499.0,IC50,nM,499.0,C=CC(=O)N(c1ccc(F)c(C)c1)c1ncnc2cc(OC)c(OCCCN3CCOCC3)cc12,6.30189945437661
CHEMBL4453748,IC50,nM,65.2,IC50,nM,65.2,C=CC(=O)N(c1ccc(F)c(Cl)c1)c1ncnc2cc(OC)c(OCCCN3CCOCC3)cc12,7.185752404268079
CHEMBL4576626,IC50,nM,16180.0,IC50,uM,16.18,COc1ccc(-n2cc(NC(=O)c3ccc(NS(=O)(=O)c4ccc(Cl)cc4)cc3)cn2)cc1,4.791021482723746
CHEMBL4549295,IC50,nM,12450.0,IC50,uM,12.45,Cc1ccc(-n2cc(NC(=O)c3ccc(NS(=O)(=O)c4ccc(Cl)cc4)cc3)cn2)cc1,4.904830648568245
CHEMBL4459564,IC50,nM,18690.0,IC50,uM,18.69,O=C(Nc1cnn(-c2ccccc2)c1)c1ccc(NS(=O)(=O)c2ccc(Cl)cc2)cc1,4.728390698621168
CHEMBL4442932,IC50,nM,24130.0,IC50,uM,24.13,COc1cccc(-n2cc(NC(=O)c3ccc(NS(=O)(=O)c4ccccc4)cc3)cn2)c1,4.617442678091214
CHEMBL4448424,IC50,nM,26150.0,IC50,uM,26.15,COc1ccc(-n2cc(NC(=O)c3ccc(NS(=O)(=O)c4ccccc4)cc3)cn2)cc1,4.582528306796707
CHEMBL4470214,IC50,nM,18260.0,IC50,uM,18.26,Cc1ccc(-n2cc(NC(=O)c3ccc(NS(=O)(=O)c4ccccc4)cc3)cn2)cc1,4.73849922680172
CHEMBL4445843,IC50,nM,25410.0,IC50,uM,25.41,O=C(Nc1cnn(-c2ccccc2)c1)c1ccc(NS(=O)(=O)c2ccccc2)cc1,4.594995334949631
CHEMBL4522594,IC50,nM,36840.0,IC50,uM,36.84,Cn1cc(NC(=O)c2ccc(NS(=O)(=O)c3ccccc3)cc2)cn1,4.433680378475189
CHEMBL4554486,IC50,nM,15630.0,IC50,uM,15.63,COc1cccc(-n2cc(NC(=O)c3cccc(NS(=O)(=O)c4ccc(Cl)cc4)c3)cn2)c1,4.806041021980813
CHEMBL4471464,IC50,nM,15330.0,IC50,uM,15.33,COc1ccc(-n2cc(NC(=O)c3cccc(NS(=O)(=O)c4ccc(Cl)cc4)c3)cn2)cc1,4.814457845145625
CHEMBL4460897,IC50,nM,8770.0,IC50,uM,8.77,Cc1ccc(-n2cc(NC(=O)c3cccc(NS(=O)(=O)c4ccc(Cl)cc4)c3)cn2)cc1,5.05700040663396
CHEMBL4439053,IC50,nM,10580.0,IC50,uM,10.58,O=C(Nc1cnn(-c2ccccc2)c1)c1cccc(NS(=O)(=O)c2ccc(Cl)cc2)c1,4.975514332300833
CHEMBL4455321,IC50,nM,30450.0,IC50,uM,30.45,Cn1cc(NC(=O)c2cccc(NS(=O)(=O)c3ccc(Cl)cc3)c2)cn1,4.516412703031106
CHEMBL4520103,IC50,nM,22850.0,IC50,uM,22.85,COc1cccc(-n2cc(NC(=O)c3cccc(NS(=O)(=O)c4ccccc4)c3)cn2)c1,4.641113795594131
CHEMBL4530048,IC50,nM,26970.0,IC50,uM,26.97,COc1ccc(-n2cc(NC(=O)c3cccc(NS(=O)(=O)c4ccccc4)c3)cn2)cc1,4.569119053547109
CHEMBL4549604,IC50,nM,9570.0,IC50,uM,9.57,Cc1ccc(-n2cc(NC(=O)c3cccc(NS(=O)(=O)c4ccccc4)c3)cn2)cc1,5.019088062223156
CHEMBL4459052,IC50,nM,15360.0,IC50,uM,15.36,O=C(Nc1cnn(-c2ccccc2)c1)c1cccc(NS(=O)(=O)c2ccccc2)c1,4.813608784304507
CHEMBL4552065,IC50,nM,34280.0,IC50,uM,34.28,Cn1cc(NC(=O)c2cccc(NS(=O)(=O)c3ccccc3)c2)cn1,4.464959186748839
CHEMBL4519305,IC50,nM,20.0,IC50,nM,20.0,N#Cc1cnc2cc(OC[C@H](O)CO)c(NC(=O)C3CSSC3)cc2c1Nc1ccc(OCc2cccc(F)c2)c(Cl)c1,7.698970004336019
CHEMBL4457447,IC50,nM,10.9,IC50,nM,10.9,CCOc1cc2ncc(C#N)c(Nc3ccc(OCc4cccc(F)c4)c(Cl)c3)c2cc1NC(=O)CC1CCSS1,7.962573502059376
CHEMBL4451538,IC50,nM,300.0,IC50,nM,300.0,CCOc1cc2ncc(C#N)c(Nc3ccc(F)c(Cl)c3)c2cc1NC(=O)CC1CCSS1,6.522878745280337
CHEMBL4547475,IC50,nM,33.0,IC50,nM,33.0,CCOc1cc2ncc(C#N)c(Nc3ccc(OCc4cccc(F)c4)c(Cl)c3)c2cc1NC(=O)CCCCC1CCSS1,7.481486060122112
CHEMBL4582933,IC50,nM,5.8,IC50,nM,5.8,COc1cc2ncnc(Nc3ccc(OCc4cccc(F)c4)c(Cl)c3)c2cc1NC(=O)CC1CCSS1,8.236572006437063
CHEMBL4441244,IC50,nM,199.0,IC50,nM,199.0,N#Cc1cnc2ccc(NC(=O)C3CSSC3)cc2c1Nc1ccc(OCc2cccc(F)c2)c(Cl)c1,6.701146923590294
CHEMBL4446124,IC50,nM,36.0,IC50,nM,36.0,N#Cc1cnc2ccc(NC(=O)CC3CCSS3)cc2c1Nc1ccc(OCc2cccc(F)c2)c(Cl)c1,7.443697499232712
CHEMBL4517633,IC50,nM,9.0,IC50,nM,9.0,N#Cc1cnc2cc(OC[C@@H](O)CO)c(NC(=O)C3CSSC3)cc2c1Nc1ccc(OCc2cccc(F)c2)c(Cl)c1,8.045757490560675
CHEMBL4531250,IC50,nM,26.8,IC50,nM,26.8,CCOc1cc2ncc(C#N)c(Nc3ccc(OCc4cccc(F)c4)c(Cl)c3)c2cc1NC(=O)C(CSC(C)=O)CSC(C)=O,7.5718652059712115
CHEMBL4456266,IC50,nM,18.0,IC50,nM,18.0,CCOc1cc2ncc(C#N)c(Nc3ccc(OCc4cccc(F)c4)c(Cl)c3)c2cc1NC(=O)C1CSSC1,7.7447274948966935
CHEMBL4546553,IC50,nM,494.0,IC50,nM,494.0,CCOc1cc2ncc(C#N)c(Nc3ccc(F)c(Cl)c3)c2cc1NC(=O)C(CSC(C)=O)CSC(C)=O,6.306273051076353
CHEMBL4576802,IC50,nM,219.0,IC50,nM,219.0,CCOc1cc2ncc(C#N)c(Nc3ccc(F)c(Cl)c3)c2cc1NC(=O)C1CSSC1,6.6595558851598815
CHEMBL4457885,IC50,nM,6.5,IC50,nM,6.5,COc1cc2ncnc(Nc3ccc(OCc4cccc(F)c4)c(Cl)c3)c2cc1NC(=O)C1CSSC1,8.187086643357144
CHEMBL4463005,IC50,nM,420.0,IC50,nM,420.0,CCOc1cc2ncc(C#N)c(Nc3ccc(F)c(Cl)c3)c2cc1NC(=O)CCCCC1CCSS1,6.376750709602099
CHEMBL4519470,IC50,nM,48.0,IC50,nM,48.0,COc1cc2ncnc(Nc3ccc(Oc4ccc(C)nc4)c(C)c3)c2cc1NC(=O)CC1CCSS1,7.318758762624412
CHEMBL4593016,IC50,nM,413.0,IC50,nM,413.0,COc1cc2ncnc(Nc3ccc(Oc4ccc(C)nc4)c(C)c3)c2cc1NC(=O)C1CSSC1,6.384049948343599
CHEMBL4446992,IC50,nM,400.0,IC50,uM,0.4,COc1cc2c(Oc3ccc(C4SCC(=O)N4NC(=O)Nc4ccc(F)cc4F)cc3F)ccnc2cc1OCCCN1CCN(C)CC1,6.3979400086720375
CHEMBL4442035,IC50,nM,4520.0,IC50,uM,4.52,COc1cc2c(Oc3ccc(C4SCC(=O)N4NC(=O)Nc4ccccc4)cc3)ccnc2cc1OCCCN1CCOCC1,5.3448615651886175
CHEMBL4160329,IC50,nM,3350.0,IC50,uM,3.35,COc1cc2c(Oc3ccc(C4SCC(=O)N4NC(=O)Nc4ccc(F)cc4F)cc3)ccnc2cc1OCCCN1CCOCC1,5.474955192963154
CHEMBL4456494,IC50,nM,4300.0,IC50,uM,4.3,COc1cc2c(Oc3ccc(C4SCC(=O)N4NC(=O)Nc4ccc(F)cc4)cc3)ccnc2cc1OCCCN1CCOCC1,5.366531544420414
CHEMBL4445015,IC50,nM,4750.0,IC50,uM,4.75,COc1cc2c(Oc3ccc(C4SCC(=O)N4NC(=O)Nc4cc(F)cc(F)c4)cc3)ccnc2cc1OCCCN1CCOCC1,5.323306390375134
CHEMBL4170935,IC50,nM,4100.0,IC50,uM,4.1,COc1cc2c(Oc3ccc(C4SCC(=O)N4NC(=O)Nc4ccccc4F)cc3)ccnc2cc1OCCCN1CCOCC1,5.3872161432802645
CHEMBL4456688,IC50,nM,4240.0,IC50,uM,4.24,COc1cc2c(Oc3ccc(C4SCC(=O)N4NC(=O)Nc4ccc(F)c(F)c4F)cc3)ccnc2cc1OCCCN1CCOCC1,5.372634143407267
CHEMBL3544983,IC50,nM,0.3,IC50,nM,0.3,COc1cc2c(Nc3ccc(Cl)c(Cl)c3F)ncnc2cc1OC[C@@H]1C[C@@H]2CN(C)C[C@@H]2C1,9.522878745280337
CHEMBL311959,IC50,nM,27000.0,IC50,nM,27000.0,COc1cc2nccc(Nc3cc(OC)c(OC)c(OC)c3)c2cc1OC,4.568636235841013
CHEMBL309682,IC50,nM,5400.0,IC50,nM,5400.0,COc1cc2ncnc(Nc3cc(OC)c(OC)c(OC)c3)c2cc1OC,5.267606240177032
CHEMBL81073,IC50,nM,7100.0,IC50,nM,7100.0,COc1cc2ncc(C#N)c(Nc3cc(OC)c(OC)c(OC)c3)c2cc1OC,5.1487416512809245
CHEMBL4440586,IC50,nM,61.0,IC50,nM,61.0,C#Cc1cccc(Nc2c(C#N)cnc3cc(OC)c(OC)cc23)c1,7.214670164989233
CHEMBL4468521,IC50,nM,2400.0,IC50,nM,2400.0,COCCOc1cc2ncnc(Nc3cc(OC)c(OC)c(OC)c3)c2cc1OCCOC,5.619788758288394
CHEMBL98248,IC50,nM,170.0,IC50,nM,170.0,COc1cc2nccc(Nc3cccc(Br)c3)c2cc1OC,6.769551078621726
CHEMBL4447797,IC50,nM,1700.0,IC50,nM,1700.0,COc1cc2nccc(Nc3ccc(OCc4cccc(F)c4)c(Cl)c3)c2cc1OC,5.769551078621726
CHEMBL4462395,IC50,nM,2200.0,IC50,nM,2200.0,COc1cc(N(C)c2ccnc3ccc(C(F)(F)F)cc23)cc(OC)c1OC,5.657577319177793
CHEMBL4440012,IC50,nM,320.0,IC50,uM,0.32,COc1ccc(/C(CSc2nc3c([nH]2)c(=O)n(C)c(=O)n3C)=N\O)cc1,6.494850021680094
CHEMBL4525168,IC50,nM,400.0,IC50,uM,0.4,Cn1c(=O)c2[nH]c(SC/C(=N/O)c3ccc(Cl)cc3)nc2n(C)c1=O,6.3979400086720375
CHEMBL4439837,IC50,nM,450.0,IC50,uM,0.45,Cn1c(=O)c2[nH]c(SC/C(=N/O)c3ccc(Br)cc3)nc2n(C)c1=O,6.346787486224656
CHEMBL4441404,IC50,nM,710.0,IC50,uM,0.71,COc1ccc(/C(CSc2nc3[nH]c(=O)n(C)c(=O)c3[nH]2)=N\O)cc1,6.1487416512809245
CHEMBL4529183,IC50,nM,820.0,IC50,uM,0.82,Cn1c(=O)[nH]c2nc(SC/C(=N/O)c3ccc(Cl)cc3)[nH]c2c1=O,6.086186147616283
CHEMBL4586164,IC50,nM,2880.0,IC50,uM,2.88,Cn1c(=O)[nH]c2nc(SC/C(=N/O)c3ccc(Br)cc3)[nH]c2c1=O,5.540607512240769
CHEMBL4516635,IC50,nM,9.3,IC50,nM,9.3,COc1cc2c(Nc3ccc(NC(=O)C(c4ccccc4)N4Cc5ccccc5C4=O)cc3F)ncnc2cc1OCC1CCN(C)CC1,8.031517051446064
CHEMBL4538066,IC50,nM,179.6,IC50,nM,179.6,COc1cc2c(Nc3ccc(NC(=O)C(C4CCCCC4)N4Cc5ccccc5C4=O)cc3F)ncnc2cc1OCC1CCN(C)CC1,6.745693667668714
CHEMBL4471235,IC50,nM,37.1,IC50,nM,37.1,COc1cc2c(Nc3cc(NC(=O)C(c4ccccc4)N4Cc5ccccc5C4=O)ccc3F)ncnc2cc1OCC1CCN(C)CC1,7.430626090384954
CHEMBL4465497,IC50,nM,7.9,IC50,nM,7.9,COc1cc2c(Nc3ccc(NC(=O)[C@H](c4ccccc4)N4Cc5ccccc5C4=O)cc3F)ncnc2cc1OCC1CCN(C)CC1,8.102372908709558
CHEMBL4593609,IC50,nM,19.2,IC50,nM,19.2,COc1cc2c(Nc3ccc(NC(=O)[C@@H](c4ccccc4)N4Cc5ccccc5C4=O)cc3F)ncnc2cc1OCC1CCN(C)CC1,7.716698771296451
CHEMBL4443483,IC50,nM,331.3,IC50,nM,331.3,COc1cc2c(Nc3ccc(NC(=O)C(c4cc(F)ccc4F)N4Cc5ccccc5C4=O)cc3F)ncnc2cc1OCC1CCN(C)CC1,6.47977856411804
CHEMBL4456370,IC50,nM,6300.0,IC50,uM,6.3,OC(c1cccs1)c1cc2ccccc2nc1Cl,5.200659450546418
CHEMBL4469453,IC50,nM,2750.0,IC50,uM,2.75,Fc1ccc(COC(c2cccs2)c2cc3ccccc3nc2Cl)cc1,5.560667306169737
CHEMBL4470431,IC50,nM,3660.0,IC50,uM,3.66,Clc1ccc(COC(c2cccs2)c2cc3ccccc3nc2Cl)cc1,5.436518914605589
CHEMBL4462528,IC50,nM,617.0,IC50,nM,617.0,COc1cc(NC(=O)C2CC2)ccc1Nc1ncc(Cl)c(Nc2ccccc2NC(C)=O)n1,6.209714835966758
CHEMBL4516916,IC50,nM,23340.0,IC50,uM,23.34,Fc1ccc(-c2csc(N3N=C(c4ccc(N5CCOCC5)cc4)CC3c3ccc(Cl)cc3)n2)cc1,4.631899148290649
CHEMBL4516736,IC50,nM,4340.0,IC50,uM,4.34,N#Cc1ccc(-c2csc(N3N=C(c4ccc(N5CCOCC5)cc4)CC3c3ccc(Cl)cc3)n2)cc1,5.36251027048749
CHEMBL4557318,IC50,nM,4710.0,IC50,uM,4.71,N#Cc1ccc(-c2csc(N3N=C(c4ccc(N5CCCCC5)cc4)CC3c3ccc(Cl)cc3)n2)cc1,5.326979092871103
CHEMBL4557993,IC50,nM,45.2,IC50,nM,45.2,CC(C)=CC[C@@H](OC(=O)/C=C\C(=O)c1ccc(C)cc1)C1=CC(=O)c2c(O)ccc(O)c2C1=O,7.3448615651886175
CHEMBL4575374,IC50,nM,118.6,IC50,nM,118.6,CC(C)=CC[C@@H](OC(=O)/C=C\C(=O)c1ccc(C)c(C)c1)C1=CC(=O)c2c(O)ccc(O)c2C1=O,6.925915310971757
CHEMBL4514393,IC50,nM,105.3,IC50,nM,105.3,CC(C)=CC[C@@H](OC(=O)/C=C\C(=O)c1ccc(C)cc1Cl)C1=CC(=O)c2c(O)ccc(O)c2C1=O,6.9775716288145135
CHEMBL4529521,IC50,nM,50.8,IC50,nM,50.8,CCc1ccc(C(=O)/C=C\C(=O)O[C@H](CC=C(C)C)C2=CC(=O)c3c(O)ccc(O)c3C2=O)cc1,7.294136287716081
CHEMBL4448428,IC50,nM,32.5,IC50,nM,32.5,CC(C)=CC[C@@H](OC(=O)/C=C\C(=O)c1ccc(Cl)cc1)C1=CC(=O)c2c(O)ccc(O)c2C1=O,7.488116639021126
CHEMBL4463094,IC50,nM,22.7,IC50,nM,22.7,CC(C)=CC[C@@H](OC(=O)/C=C\C(=O)c1ccc(F)cc1)C1=CC(=O)c2c(O)ccc(O)c2C1=O,7.6439741428068775
CHEMBL4571687,IC50,nM,107.2,IC50,nM,107.2,CC(C)=CC[C@@H](OC(=O)/C=C\C(=O)c1ccc(C)c(F)c1)C1=CC(=O)c2c(O)ccc(O)c2C1=O,6.969805214643249
CHEMBL4584651,IC50,nM,146.2,IC50,nM,146.2,CC(C)=CC[C@@H](OC(=O)/C=C\C(=O)c1cc(Cl)ccc1C)C1=CC(=O)c2c(O)ccc(O)c2C1=O,6.835052627378158
CHEMBL4553504,IC50,nM,120.2,IC50,nM,120.2,CC(C)=CC[C@@H](OC(=O)/C=C\C(=O)c1ccc(C)cc1F)C1=CC(=O)c2c(O)ccc(O)c2C1=O,6.92009553233328
CHEMBL4452957,IC50,nM,23.4,IC50,nM,23.4,CC(C)=CC[C@@H](OC(=O)/C=C\C(=O)c1cc(F)ccc1C)C1=CC(=O)c2c(O)ccc(O)c2C1=O,7.6307841425898575
CHEMBL4519860,IC50,nM,119.7,IC50,nM,119.7,CC(C)=CC[C@@H](OC(=O)/C=C\C(=O)c1ccc(Br)cc1)C1=CC(=O)c2c(O)ccc(O)c2C1=O,6.921905849593589
CHEMBL9470,IC50,nM,139.2,IC50,nM,139.2,CC(C)=CC[C@@H](O)C1=CC(=O)c2c(O)ccc(O)c2C1=O,6.856360764725457
CHEMBL4558528,IC50,nM,200.0,IC50,uM,0.2,CN1CCN(c2ccc(Oc3ccc4c(c3)C(=O)N(Cc3ccccc3)c3cc(F)ccc3N4)cc2)CC1,6.698970004336019
CHEMBL4530686,IC50,nM,350.0,IC50,uM,0.35,O=C1c2cc(Oc3ccc(N4CCNCC4)cc3)ccc2Nc2ccc(F)cc2N1Cc1ccccc1,6.455931955649724
CHEMBL4533337,IC50,nM,930.0,IC50,uM,0.93,O=C1c2cc(-c3ccc(N4CCNCC4)cc3)ccc2Nc2ccc(F)cc2N1Cc1ccccc1,6.031517051446065
CHEMBL4520903,IC50,nM,1200.0,IC50,uM,1.2,O=C1c2ccccc2Nc2ccc(F)cc2N1Cc1ccccc1,5.920818753952375
CHEMBL4452106,IC50,nM,250.0,IC50,uM,0.25,O=C(Nc1nccs1)[C@@H](c1cc(F)ccc1O)N1Cc2ccccc2C1=O,6.6020599913279625
CHEMBL4472983,IC50,nM,388.0,IC50,nM,388.0,CC/C=C\C(=O)Nc1cc(Nc2nccc(-c3cn(C)c4ccc(F)cc34)n2)c(OC)cc1N(C)CCN(C)C,6.411168274405792
CHEMBL4548960,IC50,nM,8.0,IC50,nM,8.0,CCC/C=C\C(=O)Nc1cc(Nc2nc(C)cc(-c3cn(C)c4ccccc34)n2)c(OC)cc1N(C)CCN(C)C,8.096910013008056
CHEMBL4434924,IC50,nM,38.0,IC50,nM,38.0,COc1cc(N(C)CCN(C)C)c(NC(=O)/C=C\C(C)C)cc1Nc1nc(C)cc(-c2cn(C)c3ccccc23)n1,7.42021640338319
CHEMBL4460320,IC50,nM,18.0,IC50,nM,18.0,CC/C=C\C(=O)Nc1cc(Nc2nc(C)cc(-c3cn(C)c4ccccc34)n2)c(OC)cc1N(C)CCN(C)C,7.7447274948966935
CHEMBL4439632,IC50,nM,10.0,IC50,nM,10.0,C=C(Cl)C(=O)Nc1cc(Nc2nc(C)cc(-c3cn(C)c4ccccc34)n2)c(OC)cc1N(C)CCN(C)C,8.0
CHEMBL4557005,IC50,nM,93.0,IC50,nM,93.0,C=CC(=O)Nc1cc(Nc2nc(C)cc(-c3cn(C)c4ccccc34)n2)c(OC)cc1N(C)CCN(C)C,7.031517051446065
CHEMBL4553685,IC50,nM,37.0,IC50,nM,37.0,CCC/C=C\C(=O)Nc1cc(Nc2ncc(C#N)c(-c3cn(C)c4ccccc34)n2)c(OC)cc1N(C)CCN(C)C,7.431798275933005
CHEMBL4452628,IC50,nM,219.0,IC50,nM,219.0,COc1cc(N(C)CCN(C)C)c(NC(=O)/C=C\C(C)C)cc1Nc1ncc(C#N)c(-c2cn(C)c3ccccc23)n1,6.6595558851598815
CHEMBL4445797,IC50,nM,16.0,IC50,nM,16.0,CC/C=C\C(=O)Nc1cc(Nc2ncc(C#N)c(-c3cn(C)c4ccccc34)n2)c(OC)cc1N(C)CCN(C)C,7.795880017344075
CHEMBL4463634,IC50,nM,20.0,IC50,nM,20.0,C=C(Cl)C(=O)Nc1cc(Nc2ncc(C#N)c(-c3cn(C)c4ccccc34)n2)c(OC)cc1N(C)CCN(C)C,7.698970004336019
CHEMBL4583858,IC50,nM,203.0,IC50,nM,203.0,CCC/C=C\C(=O)Nc1cc(Nc2nccc(-c3cn(C)c4ccccc34)n2)c(OC)cc1N(C)CCN(C)C,6.692503962086787
CHEMBL4468034,IC50,nM,177.0,IC50,nM,177.0,CC/C=C\C(=O)Nc1cc(Nc2nccc(-c3cn(C)c4ccccc34)n2)c(OC)cc1N(C)CCN(C)C,6.752026733638194
CHEMBL4438905,IC50,nM,397.0,IC50,nM,397.0,COc1cc(N(C)CCN(C)C)c(NC(=O)/C=C\C(C)C)cc1Nc1nccc(-c2cn(C)c3ccccc23)n1,6.401209493236885
CHEMBL4527702,IC50,nM,209.0,IC50,nM,209.0,COc1cc(N(C)CCN(C)C)c(NC(=O)C=C(C)C)cc1Nc1nccc(-c2cn(C)c3ccccc23)n1,6.679853713888946
CHEMBL4451986,IC50,nM,52.0,IC50,nM,52.0,C/C=C\C(=O)Nc1cc(Nc2nccc(-c3cn(C)c4ccccc34)n2)c(OC)cc1N(C)CCN(C)C,7.2839966563652006
CHEMBL4441933,IC50,nM,33.0,IC50,nM,33.0,C=C(Cl)C(=O)Nc1cc(Nc2nccc(-c3cn(C)c4ccccc34)n2)c(OC)cc1N(C)CCN(C)C,7.481486060122112
CHEMBL4557772,IC50,nM,6.0,IC50,nM,6.0,C=C(F)C(=O)Nc1cc(Nc2nccc(-c3cn(C)c4ccccc34)n2)c(OC)cc1N(C)CCN(C)C,8.221848749616356
CHEMBL4464589,IC50,nM,7.5,IC50,nM,7.5,CCC/C=C\C(=O)Nc1cc(Nc2nccc(-c3cn(C)c4ccc(F)cc34)n2)c(OC)cc1N(C)CCN(C)C,8.1249387366083
CHEMBL4535047,IC50,nM,360.0,IC50,nM,360.0,COc1cc(N(C)CCN(C)C)c(NC(=O)/C=C\C(C)C)cc1Nc1ncc(C#N)c(-c2cn(C)c3ccc(F)cc23)n1,6.443697499232712
CHEMBL4470120,IC50,nM,201.0,IC50,nM,201.0,CCC/C=C\C(=O)Nc1cc(Nc2ncc(C#N)c(-c3cn(C)c4ccc(F)cc34)n2)c(OC)cc1N(C)CCN(C)C,6.696803942579511
CHEMBL4551557,IC50,nM,591.0,IC50,nM,591.0,C=CC(=O)Nc1cc(Nc2nc(C)cc(-c3cn(C)c4ccc(F)cc34)n2)c(OC)cc1N(C)CCN(C)C,6.228412519118745
CHEMBL4445761,IC50,nM,998.0,IC50,nM,998.0,CC/C=C\C(=O)Nc1cc(Nc2nc(C)cc(-c3cn(C)c4ccc(F)cc34)n2)c(OC)cc1N(C)CCN(C)C,6.000869458712629
CHEMBL4553484,IC50,nM,892.0,IC50,nM,892.0,COc1cc(N(C)CCN(C)C)c(NC(=O)/C=C\C(C)C)cc1Nc1nc(C)cc(-c2cn(C)c3ccc(F)cc23)n1,6.049635145623877
CHEMBL4579805,IC50,nM,923.0,IC50,nM,923.0,CCC/C=C\C(=O)Nc1cc(Nc2nc(C)cc(-c3cn(C)c4ccc(F)cc34)n2)c(OC)cc1N(C)CCN(C)C,6.034798298974088
CHEMBL4447036,IC50,nM,2459.0,IC50,nM,2459.0,C=CS(=O)(=O)Nc1cccc(-c2c(-c3ccccc3)oc3ncnc(N[C@H](CO)c4ccccc4)c23)c1,5.609241471261283
CHEMBL4456359,IC50,nM,6370.0,IC50,nM,6370.0,CC#CC(=O)Nc1cccc(-c2c(-c3ccccc3)oc3ncnc(N[C@H](CO)c4ccccc4)c23)c1,5.195860567664649
CHEMBL4447289,IC50,nM,4626.0,IC50,nM,4626.0,C=CC(=O)Nc1cccc(-c2noc3ncnc(N[C@H](CO)c4ccccc4)c23)c1,5.334794371565399
CHEMBL4534719,IC50,nM,650.0,IC50,nM,650.0,C=CC(=O)Nc1cccc(-c2c(-c3ccccc3)sc3ncnc(N[C@H](CO)c4ccccc4)c23)c1,6.187086643357144
CHEMBL4447962,IC50,nM,1259.0,IC50,nM,1259.0,C=CC(=O)Nc1cccc(-c2c(C)sc3ncnc(N[C@H](CO)c4ccccc4)c23)c1,5.899974269892137
CHEMBL4475546,IC50,nM,1080.0,IC50,nM,1080.0,C=CC(=O)Nc1cccc(-c2c(Cl)sc3ncnc(N[C@H](CO)c4ccccc4)c23)c1,5.966576244513051
CHEMBL4556670,IC50,nM,2316.0,IC50,nM,2316.0,C=CC(=O)Nc1cccc(-c2csc3ncnc(N[C@H](CO)c4ccccc4)c23)c1,5.635261444944601
CHEMBL4559807,IC50,nM,157.0,IC50,nM,157.0,C=CC(=O)Nc1cccc(-c2c(-c3ccccc3OC)oc3ncnc(N[C@H](CO)c4ccccc4)c23)c1,6.804100347590766
CHEMBL4448691,IC50,nM,1322.0,IC50,nM,1322.0,C=CC(=O)Nc1cccc(-c2c(C)oc3ncnc(N[C@H](CO)c4ccccc4)c23)c1,5.878768544850378
CHEMBL4514452,IC50,nM,500.0,IC50,nM,500.0,C=CC(=O)Nc1cccc(-c2c(-c3ccccc3)oc3ncnc(N[C@H](C)c4ccccc4)c23)c1,6.301029995663981
CHEMBL4450843,IC50,nM,562.0,IC50,nM,562.0,CN(C)C/C=C/C(=O)Nc1cccc(-c2c(-c3ccccc3)oc3ncnc(N[C@@H](CO)c4ccccc4)c23)c1,6.250263684430939
CHEMBL2310642,IC50,nM,238.0,IC50,nM,238.0,C=CC(=O)Nc1cccc(-c2c(-c3ccccc3)oc3ncnc(N[C@@H](CO)c4ccccc4)c23)c1,6.623423042943488
CHEMBL4583178,IC50,nM,19.0,IC50,nM,19.0,O=C(/C=C/CN1CCOCC1)Nc1cccc(-c2c(-c3ccccc3)oc3ncnc(N[C@H](CO)c4ccccc4)c23)c1,7.721246399047171
CHEMBL4458437,IC50,nM,13.0,IC50,nM,13.0,CCN(C/C=C/C(=O)Nc1cccc(-c2c(-c3ccccc3)oc3ncnc(N[C@H](CO)c4ccccc4)c23)c1)CCO,7.886056647693163
CHEMBL4463012,IC50,nM,14.0,IC50,nM,14.0,CCN(CC)C/C=C/C(=O)Nc1cccc(-c2c(-c3ccccc3)oc3ncnc(N[C@H](CO)c4ccccc4)c23)c1,7.853871964321762
CHEMBL4521381,IC50,nM,15.0,IC50,nM,15.0,CN(C)C/C=C/C(=O)Nc1cccc(-c2c(-c3ccccc3)oc3ncnc(N[C@H](CO)c4ccccc4)c23)c1,7.823908740944319
CHEMBL4446953,IC50,nM,79.0,IC50,nM,79.0,CCOC(=O)/C=C/C(=O)Nc1cccc(-c2c(-c3ccccc3)oc3ncnc(N[C@H](CO)c4ccccc4)c23)c1,7.102372908709558
CHEMBL4565374,IC50,nM,3059.0,IC50,nM,3059.0,O=C(O)/C=C/C(=O)Nc1cccc(-c2c(-c3ccccc3)oc3ncnc(N[C@H](CO)c4ccccc4)c23)c1,5.514420523015321
CHEMBL4527132,IC50,nM,5004.0,IC50,nM,5004.0,O=C(/C=C/c1ccccc1)Nc1cccc(-c2c(-c3ccccc3)oc3ncnc(N[C@H](CO)c4ccccc4)c23)c1,5.300682698978617
CHEMBL4448148,IC50,nM,239.0,IC50,nM,239.0,C/C=C/C(=O)Nc1cccc(-c2c(-c3ccccc3)oc3ncnc(N[C@H](CO)c4ccccc4)c23)c1,6.621602099051862
CHEMBL4441440,IC50,nM,159.0,IC50,nM,159.0,C=CC(=O)Nc1cccc(-c2coc3ncnc(N[C@H](CO)c4ccccc4)c23)c1,6.798602875679548
CHEMBL4437863,IC50,nM,110.0,IC50,uM,0.11,CC1(C)CC[C@]2(C(=O)OCCO[N+](=O)[O-])CC[C@]3(C)C(=CC[C@@H]4[C@@]5(C)CC[C@H](O)C(C)(C)[C@@H]5CC[C@]43C)[C@@H]2C1,6.958607314841775
CHEMBL4452906,IC50,nM,100.0,IC50,uM,0.1,CC(=O)O[C@H]1CC[C@]2(C)[C@H]3CC=C4[C@@H]5CC(C)(C)CC[C@]5(C(=O)OCCCCO[N+](=O)[O-])CC[C@@]4(C)[C@]3(C)CC[C@H]2C1(C)C,7.0
CHEMBL4537422,IC50,nM,190.0,IC50,uM,0.19,CC1(C)CC[C@]2(C(=O)OCCCCO[N+](=O)[O-])CC[C@]3(C)C(=CC[C@@H]4[C@@]5(C)CC[C@H](O)[C@@](C)(CO)[C@@H]5CC[C@]43C)[C@@H]2C1,6.721246399047171
CHEMBL4588786,IC50,nM,60.0,IC50,uM,0.06,CC(=O)OC[C@@]1(C)[C@@H]2CC[C@]3(C)[C@H](CC=C4[C@@H]5CC(C)(C)CC[C@]5(C(=O)OCCCCO[N+](=O)[O-])CC[C@]43C)[C@@]2(C)CC[C@@H]1OC(C)=O,7.221848749616356
CHEMBL4439933,IC50,nM,315.0,IC50,nM,315.0,COc1cc(Nc2cc(NC(=O)Nc3c(Cl)cccc3Cl)ncn2)cc(OC)c1,6.501689446210399
CHEMBL4548481,IC50,nM,202.0,IC50,nM,202.0,COc1ccc(OC)c(Nc2cc(NC(=O)Nc3c(Cl)cccc3Cl)ncn2)c1,6.694648630553377
CHEMBL4537004,IC50,nM,528.0,IC50,nM,528.0,Cc1cc(F)cc(Nc2cc(NC(=O)Nc3c(Cl)cccc3Cl)ncn2)c1,6.277366077466188
CHEMBL4290785,IC50,nM,7.8,IC50,nM,7.8,C=CC(=O)Nc1cccc(-n2c(=O)c(=O)n(C(C)C)c3cnc(Nc4ccc(N5CCC(N6CCN(C)CC6)CC5)cc4OC)nc32)c1,8.10790539730952
CHEMBL4288562,IC50,nM,1.5,IC50,nM,1.5,C=CC(=O)Nc1cccc(-n2c(=O)c(=O)n(C(C)C)c3cnc(Nc4ccc(N5CCN(C)CC5)c(C)c4)nc32)c1,8.823908740944319
CHEMBL4277912,IC50,nM,1.3,IC50,nM,1.3,C=CC(=O)Nc1cccc(-n2c(=O)c(=O)n(C(C)C)c3cnc(Nc4ccc(N5CCN(C)CC5)c(OC)c4)nc32)c1,8.886056647693163
CHEMBL4527443,IC50,nM,20.0,IC50,nM,20.0,C=CC(=O)Nc1cccc(Nc2nc(Nc3ccc(N4CCN(C(C)=O)CC4)c(OC)c3)ncc2C(F)(F)F)c1,7.698970004336019
CHEMBL4286241,IC50,nM,143.0,IC50,nM,143.0,C=CC(=O)Nc1cccc(-n2c(=O)c(=O)n(C(C)C)c3cnc(Nc4ccc(OCCN(C)C)cc4OC)nc32)c1,6.844663962534939
CHEMBL4278325,IC50,nM,17.0,IC50,nM,17.0,C=CC(=O)Nc1cccc(-n2c(=O)c(=O)n(C(C)C)c3cnc(Nc4ccc(N(C)CCN(C)C)cc4OC)nc32)c1,7.769551078621726
CHEMBL4285217,IC50,nM,0.6,IC50,nM,0.6,C=CC(=O)Nc1cccc(-n2c(=O)c(=O)n(CCC)c3cnc(Nc4ccc(N5CCN(C)CC5)cc4OC)nc32)c1,9.221848749616356
CHEMBL4284780,IC50,nM,1.2,IC50,nM,1.2,C=CC(=O)Nc1cccc(-n2c(=O)c(=O)n(CC)c3cnc(Nc4ccc(N5CCN(C)CC5)cc4OC)nc32)c1,8.920818753952375
CHEMBL4276842,IC50,nM,4.7,IC50,nM,4.7,C=CC(=O)Nc1cccc(-n2c(=O)c(=O)n(C)c3cnc(Nc4ccc(N5CCN(C)CC5)cc4OC)nc32)c1,8.327902142064282
CHEMBL4281367,IC50,nM,2.5,IC50,nM,2.5,C=CC(=O)Nc1cccc(-n2c(=O)c(=O)[nH]c3cnc(Nc4ccc(N5CCN(C)CC5)cc4OC)nc32)c1,8.602059991327963
CHEMBL4549542,IC50,nM,83.0,IC50,uM,0.083,CN1CCN(C/C=C/C(=O)N2CCOc3cc4ncnc(Nc5ccc(F)c(Cl)c5)c4cc32)CC1,7.080921907623926
CHEMBL2441561,IC50,nM,146.0,IC50,uM,0.146,O=C(/C=C/CN1CCOCC1)N1CCOc2cc3ncnc(Nc4ccc(F)c(Cl)c4)c3cc21,6.835647144215563
CHEMBL4458843,IC50,nM,43.0,IC50,uM,0.043,CC1CCCCN1C/C=C/C(=O)N1CCOc2cc3ncnc(Nc4ccc(F)c(Cl)c4)c3cc21,7.366531544420414
CHEMBL4468924,IC50,nM,40.0,IC50,uM,0.04,CC1CCN(C/C=C/C(=O)N2CCOc3cc4ncnc(Nc5ccc(F)c(Cl)c5)c4cc32)CC1,7.3979400086720375
CHEMBL4445017,IC50,nM,23.0,IC50,uM,0.023,O=C(/C=C/CN1CCCCC1)N1CCOc2cc3ncnc(Nc4ccc(F)c(Cl)c4)c3cc21,7.638272163982407
CHEMBL4476772,IC50,nM,27.0,IC50,uM,0.027,CCN(CC)C/C=C/C(=O)N1CCOc2cc3ncnc(Nc4ccc(F)c(Cl)c4)c3cc21,7.568636235841013
CHEMBL4561606,IC50,nM,18.0,IC50,uM,0.018,O=C(/C=C/CN1CCCC1)N1CCOc2cc3ncnc(Nc4ccc(F)c(Cl)c4)c3cc21,7.7447274948966935
CHEMBL4465727,IC50,nM,550.0,IC50,uM,0.55,O=C(/C=C/Cn1ccnc1)N1CCOc2cc3ncnc(Nc4ccc(F)c(Cl)c4)c3cc21,6.259637310505756
CHEMBL4435619,IC50,nM,890.0,IC50,uM,0.89,O=C(/C=C/CN1CCCC1)N1CCCOc2cc3ncnc(Nc4ccc(F)c(Cl)c4)c3cc21,6.050609993355087
CHEMBL4527630,IC50,nM,1010.0,IC50,uM,1.01,CCN(CC)C/C=C/C(=O)N1CCCOc2cc3ncnc(Nc4ccc(F)c(Cl)c4)c3cc21,5.995678626217358
CHEMBL4541573,IC50,nM,360.0,IC50,uM,0.36,CN(C)C/C=C/C(=O)N1CCCOc2cc3ncnc(Nc4ccc(F)c(Cl)c4)c3cc21,6.443697499232712
CHEMBL4437803,IC50,nM,147.0,IC50,uM,0.147,O=C(Nc1cccc(NC(=O)c2ccccn2)c1)NC1CCCCC1,6.8326826652518236
CHEMBL4582195,IC50,nM,84.0,IC50,uM,0.084,O=C(CSC(=S)N1CCCCC1)Nc1cccc(NC(=O)c2ccccn2)c1,7.075720713938118
CHEMBL4437943,IC50,nM,70.0,IC50,uM,0.07,O=C(CCSC(=S)N1CCN(c2ccccc2)CC1)Nc1cccc(NC(=O)c2ccccn2)c1,7.154901959985743
CHEMBL4569508,IC50,nM,1100.0,IC50,nM,1100.0,O=C(NCC(F)(F)F)c1cc(-c2cnn3cc(-c4ccc(OCCN5CCCCC5)cc4)cnc23)cs1,5.958607314841775
CHEMBL4550702,IC50,nM,28000.0,IC50,nM,28000.0,Cn1cc(-c2cnc3c(-c4csc(C(=O)NCC(F)(F)F)c4)cnn3c2)cn1,4.552841968657781
CHEMBL4568087,IC50,nM,340.0,IC50,nM,340.0,Cn1cc(-c2cnc3c(-c4csc(C(=O)N[C@@H]5CCCC[C@@H]5N)c4)cnn3c2)cn1,6.468521082957745
CHEMBL4534592,IC50,nM,6.0,IC50,nM,6.0,C=CC(=O)N1CCC[C@@H](n2nc(-c3cn(-c4cc(C(F)(F)F)cnc4C#N)nn3)c3c(N)ncnc32)C1,8.221848749616356
CHEMBL4584630,IC50,nM,85.0,IC50,nM,85.0,C=CC(=O)N1CCC[C@@H](n2nc(-c3cn(Cc4nc5ccc(Cl)cn5c4Br)nn3)c3c(N)ncnc32)C1,7.070581074285707
CHEMBL4581088,IC50,nM,8006.0,IC50,nM,8006.0,C=CC(=O)N1CCC[C@@H](n2nc(-c3cn(-c4ccc(C(C)=O)cc4)nn3)c3c(N)ncnc32)C1,5.096584414230914
CHEMBL4588202,IC50,nM,649.0,IC50,nM,649.0,CCC(=O)N1CCC[C@@H](n2nc(-c3cn(-c4ccc(C(C)=O)cc4)nn3)c3c(N)ncnc32)C1,6.187755303199631
CHEMBL4646281,IC50,nM,2360.0,IC50,nM,2360.0,C=CC(=O)NCCOc1cc(Cc2ccccc2)cc2[nH]c(-c3n[nH]c4cc(C(F)F)ccc34)cc12,5.627087997029894
CHEMBL4639739,IC50,nM,4500.0,IC50,nM,4500.0,C=CC(=O)NCCOc1cc(Cc2ccccc2)cc2[nH]c(-c3n[nH]c4cc(-c5cn[nH]c5)ccc34)cc12,5.346787486224656
CHEMBL4647257,IC50,nM,326.2,IC50,uM,0.3262,CN(CCOS(=O)(=O)CCc1cn(CCCC(=O)N2CCN(C(=O)c3cc(Cc4n[nH]c(=O)c5ccccc45)ccc3F)CC2)nn1)c1ccc2ncnc(Nc3cccc(Br)c3)c2c1,6.486516043295743
CHEMBL4646415,IC50,nM,145.0,IC50,uM,0.145,CN(CCO)c1ccc2ncnc(Nc3cccc(Br)c3)c2c1,6.838631997765025
CHEMBL4637274,IC50,nM,2.4,IC50,nM,2.4,C#Cc1cccc(Nc2cccc3cc(OC)c(OCCCCCCC(=O)NO)cc23)c1,8.619788758288394
CHEMBL4297674,IC50,nM,2000.0,IC50,nM,2000.0,CC#CC(=O)N[C@H]1CCCN(c2c(F)cc(C(N)=O)c3[nH]c(C)c(C)c23)C1,5.698970004336019
CHEMBL4640482,IC50,nM,30000.0,IC50,uM,30.0,C=C1CC(CBr)(c2ccc(F)cc2)OC1=O,4.522878745280337
CHEMBL4642842,IC50,nM,26000.0,IC50,uM,26.0,C=C1CC(CI)(c2ccccc2)OC1=O,4.585026652029182
CHEMBL4634317,IC50,nM,15000.0,IC50,uM,15.0,C=C1CC(CI)(c2ccc(F)cc2)OC1=O,4.823908740944319
CHEMBL4644209,IC50,nM,14000.0,IC50,uM,14.0,C=C1CC(c2ccccc2)(C(Br)c2ccccc2)OC1=O,4.853871964321762
CHEMBL4638857,IC50,nM,7560.0,IC50,uM,7.56,Clc1nc2ccccc2c2nnc(/N=C/C=C/c3ccccc3)n12,5.121478204498794
CHEMBL4649213,IC50,nM,740.0,IC50,uM,0.74,Clc1nc2ccccc2c2nnc(/N=C/c3ccco3)n12,6.130768280269024
CHEMBL4646644,IC50,nM,4280.0,IC50,uM,4.28,COc1ccc(/C=N/c2nnc3c4ccccc4nc(Nc4ccc(C)cc4N)n23)cc1O,5.368556230986828
CHEMBL4645726,IC50,nM,1800.0,IC50,uM,1.8,N#CC1=C(N)N(c2nnc3c4ccccc4nc(Sc4ccc(Br)cc4)n23)C(=O)C1,5.7447274948966935
CHEMBL4644480,IC50,nM,4100.0,IC50,uM,4.1,O=C1CSCC(=O)N1c1nnc2c3ccccc3nc(Sc3ccc(Br)cc3)n12,5.3872161432802645
CHEMBL4647325,IC50,nM,690.0,IC50,uM,0.69,Nc1nc(Nc2nnc3c4ccccc4nc(Sc4ccc(Br)cc4)n23)cs1,6.161150909262744
CHEMBL4637355,IC50,nM,3910.0,IC50,uM,3.91,CCN1CCN(CC(=O)Nc2nnc3c4ccccc4nc(Sc4ccc(Br)cc4)n23)CC1,5.407823242604133
CHEMBL4649833,IC50,nM,9510.0,IC50,uM,9.51,CCN1CCN(CCCNc2ccc(Oc3nc4ccccc4c4nncn34)cc2)CC1,5.021819483062586
CHEMBL4635625,IC50,nM,4110.0,IC50,nM,4110.0,C[C@@H]1[C@@H]2CN(c3nc(Nc4cnn(C)c4)ncc3F)C[C@]12NC(=O)[C@@H]1CC1(F)F,5.386158178123931
CHEMBL4646030,IC50,nM,2.4,IC50,nM,2.4,N#Cc1cnc2cc(OC[C@@H](O)CO)c(NC(=O)CC3CSSC3)cc2c1Nc1ccc(OCc2cccc(F)c2)c(Cl)c1,8.619788758288394
CHEMBL4642574,IC50,nM,2.0,IC50,nM,2.0,N#Cc1cnc2cc(OC[C@H](O)CO)c(NC(=O)CC3CSSC3)cc2c1Nc1ccc(OCc2cccc(F)c2)c(Cl)c1,8.698970004336019
CHEMBL4642177,IC50,nM,208.0,IC50,nM,208.0,CCC(=O)Nc1cc(Nc2nccc(-c3c[nH]c4c(CCO)cccc34)n2)c(OC)cc1F,6.681936665037238
CHEMBL4640686,IC50,nM,170.1,IC50,nM,170.1,CCC(=O)Nc1cc(Nc2nccc(-c3cn(CCO)c4ccccc34)n2)c(OC)cc1F,6.769295686387431
CHEMBL4639459,IC50,nM,126.8,IC50,nM,126.8,CCC(=O)Nc1cc(Nc2nccc(-c3cn(CCCO)c4ccccc34)n2)c(OC)cc1F,6.896880746454286
CHEMBL4641096,IC50,nM,169.3,IC50,nM,169.3,CCC(=O)Nc1cc(Nc2nccc(-c3cn(CCCO)c4ccccc34)n2)c(OC)cc1N(C)CCN(C)C,6.771343041891065
CHEMBL4649261,IC50,nM,156.6,IC50,nM,156.6,COc1cc(N(C)CCN(C)C)ccc1Nc1nccc(-c2cn(CCCO)c3ccccc23)n1,6.805208242278075
CHEMBL4647073,IC50,nM,142.0,IC50,nM,142.0,CCC(=O)Nc1cc(Nc2nccc(-c3cn(CCCO)c4ccc(F)cc34)n2)c(OC)cc1F,6.847711655616943
CHEMBL4645434,IC50,nM,2.2,IC50,nM,2.2,C=CC(=O)Nc1cc(Nc2nccc(-c3cn(CCCO)c4ccccc34)n2)c(OC)cc1F,8.657577319177793
CHEMBL4643111,IC50,nM,45.0,IC50,uM,0.045,CN1CCN(C/C=C/C(=O)N2CCOc3cc4ncnc(Nc5ccc(OCc6cccc(F)c6)c(Cl)c5)c4cc32)CC1,7.346787486224656
CHEMBL2441563,IC50,nM,12.0,IC50,uM,0.012,O=C(/C=C/CN1CCOCC1)N1CCOc2cc3ncnc(Nc4ccc(OCc5cccc(F)c5)c(Cl)c4)c3cc21,7.920818753952375
CHEMBL4648924,IC50,nM,179.0,IC50,uM,0.179,CC1CCCCN1C/C=C/C(=O)N1CCOc2cc3ncnc(Nc4ccc(OCc5cccc(F)c5)c(Cl)c4)c3cc21,6.747146969020107
CHEMBL4642158,IC50,nM,116.0,IC50,uM,0.116,O=C(/C=C/CN1CCCCC1)N1CCOc2cc3ncnc(Nc4ccc(OCc5cccc(F)c5)c(Cl)c4)c3cc21,6.935542010773082
CHEMBL4635100,IC50,nM,121.0,IC50,uM,0.121,O=C(/C=C/CN1CCCC1)N1CCOc2cc3ncnc(Nc4ccc(OCc5cccc(F)c5)c(Cl)c4)c3cc21,6.91721462968355
CHEMBL4634127,IC50,nM,569.0,IC50,uM,0.569,CC1CCN(C/C=C/C(=O)N2CCOc3cc4ncnc(Nc5ccc(OCc6cccc(F)c6)c(Cl)c5)c4cc32)CC1,6.244887733604929
CHEMBL4634499,IC50,nM,120.0,IC50,uM,0.12,O=C(/C=C/Cn1ccnc1)N1CCOc2cc3ncnc(Nc4ccc(OCc5cccc(F)c5)c(Cl)c4)c3cc21,6.920818753952375
CHEMBL4648271,IC50,nM,163.0,IC50,uM,0.163,CCN(CC)C/C=C/C(=O)N1CCOc2cc3ncnc(Nc4ccc(OCc5cccc(F)c5)c(Cl)c4)c3cc21,6.787812395596042
CHEMBL4639556,IC50,nM,4870.0,IC50,uM,4.87,CN1CCN(C/C=C/C(=O)N2CCCOc3cc4ncnc(Nc5ccc(OCc6cccc(F)c6)c(Cl)c5)c4cc32)CC1,5.3124710387853655
CHEMBL4641942,IC50,nM,4870.0,IC50,uM,4.87,CC1CCN(C/C=C/C(=O)N2CCCOc3cc4ncnc(Nc5ccc(OCc6cccc(F)c6)c(Cl)c5)c4cc32)CC1,5.3124710387853655
CHEMBL4646638,IC50,nM,5830.0,IC50,uM,5.83,CC1CCCCN1C/C=C/C(=O)N1CCCOc2cc3ncnc(Nc4ccc(OCc5cccc(F)c5)c(Cl)c4)c3cc21,5.2343314452409855
CHEMBL4636996,IC50,nM,80.0,IC50,uM,0.08,CCN(CC)C/C=C/C(=O)N1CCCOc2cc3ncnc(Nc4ccc(OCc5cccc(F)c5)c(Cl)c4)c3cc21,7.096910013008056
CHEMBL4638194,IC50,nM,844.0,IC50,uM,0.844,O=C(/C=C/CN1CCCCC1)N1CCCOc2cc3ncnc(Nc4ccc(OCc5cccc(F)c5)c(Cl)c4)c3cc21,6.073657553374345
CHEMBL4643903,IC50,nM,578.0,IC50,uM,0.578,O=C(/C=C/CN1CCCC1)N1CCCOc2cc3ncnc(Nc4ccc(OCc5cccc(F)c5)c(Cl)c4)c3cc21,6.2380721615794705
CHEMBL4634817,IC50,nM,446.0,IC50,uM,0.446,CN(C)C/C=C/C(=O)N1CCCOc2cc3ncnc(Nc4ccc(OCc5cccc(F)c5)c(Cl)c4)c3cc21,6.350665141287858
CHEMBL4745877,IC50,nM,2520.0,IC50,nM,2520.0,COc1ncc(-c2ccc3ncnc(Nc4cnn(CCO)c4)c3c2)cc1NS(C)(=O)=O,5.598599459218456
CHEMBL4787483,IC50,nM,739.0,IC50,nM,739.0,C=CC(=O)Nc1cccc(-c2c[nH]c3ncnc(Nc4ccc(OCc5ccccn5)c(Cl)c4)c23)c1,6.131355561605174
CHEMBL4795165,IC50,nM,2664.0,IC50,nM,2664.0,C=CC(=O)Nc1cccc(-c2c[nH]c3ncnc(Nc4ccc(CN5C(=O)c6ccccc6C5=O)cc4)c23)c1,5.574465779501737
CHEMBL4757145,IC50,nM,807.0,IC50,nM,807.0,C=CC(=O)Nc1cc(-c2c[nH]c3ncnc(Nc4ccc(OCc5ccccn5)c(Cl)c4)c23)ccc1OCCN(C)C,6.09312646527793
CHEMBL4756368,IC50,nM,2236.0,IC50,nM,2236.0,C=CC(=O)Nc1cc(-c2c[nH]c3ncnc(Nc4ccc5c(cnn5Cc5ccccc5)c4)c23)ccc1OCCO,5.650528200785614
CHEMBL4746030,IC50,nM,205.0,IC50,uM,0.205,C#Cc1cccc(Nc2ncnc3cc(OCCOC)c(OCCOC(=O)CCCCC[N+]4=C(/C=C/C=C/C=C/C=C5/N(CCCC)c6ccccc6C5(C)C)C(C)(C)c5cc(C(F)(F)F)ccc54)cc23)c1.[Br-],6.688246138944246
CHEMBL4752492,IC50,nM,124.0,IC50,uM,0.124,C#Cc1cccc(Nc2ncnc3cc(OCCOC)c(OCCOC(=O)CCCCC[N+]4=C(/C=C/C=C/C=C/C=C5/N(CCCC)c6ccc(OC)cc6C5(C)C)C(C)(C)c5cc(C(F)(F)F)ccc54)cc23)c1.[Br-],6.906578314837765
CHEMBL1545480,IC50,nM,106.0,IC50,uM,0.106,Cc1cc(NC(=O)CCl)no1,6.97469413473523
CHEMBL4776730,IC50,nM,124.0,IC50,uM,0.124,CC(C)(C)c1cc(NC(=O)CCl)no1,6.906578314837765
CHEMBL4787698,IC50,nM,144.0,IC50,uM,0.14400000000000002,CC(C)(C)c1cc(NC(=O)CN2CCOCC2)no1,6.841637507904751
CHEMBL1619395,IC50,nM,81.0,IC50,uM,0.081,CCN1CCN(CC(=O)Nc2cc(C)on2)CC1,7.0915149811213505
CHEMBL4740108,IC50,nM,64.0,IC50,uM,0.064,Cc1cc(NC(=O)CN2CCN(c3ccccc3)CC2)no1,7.1938200260161125
CHEMBL4755651,IC50,nM,66.0,IC50,uM,0.066,CC(C)(C)c1cc(NC(=O)CN2CCN(c3ccccc3)CC2)no1,7.180456064458132
CHEMBL4755988,IC50,nM,81.0,IC50,uM,0.081,Cc1cc(NC2=NC(=O)CS2)no1,7.0915149811213505
CHEMBL4751085,IC50,nM,150.0,IC50,uM,0.15,CC(C)(C)c1cc(NC2=NC(=O)CS2)no1,6.823908740944319
CHEMBL4751362,IC50,nM,54.0,IC50,uM,0.054000000000000006,Cc1cc(NC2=NC(=O)/C(=C\c3c4ccccc4cc4ccccc34)S2)no1,7.267606240177032
CHEMBL4786003,IC50,nM,4180.0,IC50,uM,4.18,COc1cc(/C=N/NC(=O)COc2nc(C)nc3c2c(C)nn3-c2ccccc2)cc(OC)c1OC,5.3788237182249645
CHEMBL4792279,IC50,nM,186.0,IC50,nM,186.0,Cc1nn(-c2ccc(F)cc2)c2ncnc(Nc3ccc(F)c(Cl)c3)c12,6.730487055782084
CHEMBL4778826,IC50,nM,36.0,IC50,nM,36.0,COc1ccc(/C=C/C(=O)c2nnn(-c3ccc(Cl)cc3)c2C)cc1OC,7.443697499232712
CHEMBL4757104,IC50,nM,1257.0,IC50,uM,1.2570000000000001,ClCCN(CCCl)c1ccc2ncnc(Nc3cccc(Br)c3)c2c1,5.900664722314042
CHEMBL4765122,IC50,nM,504.0,IC50,uM,0.504,CN(CCCl)c1ccc2ncnc(Nc3cccc(Br)c3)c2c1,6.297569463554475
CHEMBL4753700,IC50,nM,19.3,IC50,nM,19.3,C=CC(=O)Nc1cccc(-n2c(=O)cc(C)c3cnc(Nc4ccc(N5CCN(CCCCCC(=O)N[C@H](C(=O)N6C[C@H](O)C[C@H]6C(=O)NCc6ccc(-c7scnc7C)cc6)C(C)(C)C)CC5)cc4OC)nc32)c1,7.714442690992226
CHEMBL4793639,IC50,nM,617.33,IC50,nM,617.33,COc1ccc(C2N=C(C(N)=O)c3ncn(-c4ccc(F)cc4)c3N2)cc1OC,6.20948261738268
CHEMBL4795888,IC50,nM,710.0,IC50,nM,710.0,CC(C)c1ccc(C2N=C(C(N)=O)c3ncn(-c4ccc(F)cc4)c3N2)cc1,6.1487416512809245
CHEMBL4750343,IC50,nM,236.38,IC50,nM,236.38,COc1ccc(C2N=C(C(N)=O)c3ncn(-c4ccc(N5CCN(C)CC5)c([N+](=O)[O-])c4)c3N2)cc1OC,6.626389271687069
CHEMBL458997,IC50,nM,550.0,IC50,uM,0.55,CNC(=O)c1ccccc1Nc1nc(Nc2ccc(N3CCOCC3)cc2OC)ncc1Cl,6.259637310505756
CHEMBL4778502,IC50,nM,178.8,IC50,nM,178.8,C=CC(=O)Nc1ccc(OC)c(Nc2cc(-n3c(SC)nnc3-c3ccc(F)cc3)ccn2)c1,6.747632485540101
CHEMBL4798177,IC50,nM,89.3,IC50,nM,89.3,C=CC(=O)Nc1cc(Nc2cc(-n3c(SC)nnc3-c3ccc(F)cc3)ccn2)c(OC)cc1N(C)CCN(C)C,7.049148541111453
CHEMBL4786701,IC50,nM,333.0,IC50,nM,333.0,C=CC(=O)Nc1cc(Nc2cc(-n3c(SC)nnc3-c3ccc(F)cc3)ccn2)c(OC)cc1N1CCCN(C)CC1,6.47755576649368
CHEMBL4798480,IC50,nM,156.4,IC50,nM,156.4,C=CC(=O)Nc1cc(Nc2cc(-n3c(SC)nnc3-c3ccc(F)cc3)ccn2)ccc1N(C)CCN(C)C,6.80576325127617
CHEMBL4558324,IC50,nM,34.6,IC50,nM,34.6,C=CC(=O)Nc1cc(Nc2nccc(-n3cc(CN(C)C)c(-c4ccccc4)n3)n2)c(OC)cc1N1CCOCC1,7.460923901207224
CHEMBL4788364,IC50,nM,195.8,IC50,nM,195.8,C=CC(=O)Nc1cccc(Nc2cc(-n3c(CCCO)nnc3-c3ccc(F)cc3)ccn2)c1,6.708187312532881
CHEMBL4787536,IC50,nM,234.4,IC50,nM,234.4,C=CC(=O)Nc1cccc(Nc2cc(-n3c(SC)nnc3-c3ccc(F)cc3)ccn2)c1,6.630042392653947
CHEMBL4753387,IC50,nM,111.6,IC50,nM,111.6,C=CC(=O)Nc1cc(Nc2cc(-n3c(SC)nnc3-c3ccc(F)cc3)ccn2)c(OC)cc1N1CCC(N2CCOCC2)CC1,6.95233580539844
CHEMBL4796010,IC50,nM,0.26,IC50,nM,0.26,C=CC(=O)Nc1cc(Nc2nccc(-c3cn(C4CC4)c4ccccc34)n2)c(OC)cc1[S+]([O-])CCN(C)C,9.585026652029182
CHEMBL492399,IC50,nM,2.8,IC50,nM,2.8,COc1ccc(N(C)c2nc(C)nc3ccccc23)cc1,8.55284196865778
CHEMBL2420866,IC50,nM,5.0,IC50,nM,5.0,COc1ccc2c(c1)CCCN2c1nc(C)nc2ccccc12,8.301029995663981
CHEMBL516047,IC50,nM,8.7,IC50,nM,8.7,CSc1ccc(N(C)c2nc(C)nc3ccccc23)cc1,8.060480747381382
CHEMBL4746488,IC50,nM,10.6,IC50,nM,10.6,COc1cccc2cc(N(C)c3nc(C)nc4ccccc34)ccc12,7.97469413473523
CHEMBL3604205,IC50,nM,48.9,IC50,nM,48.9,COc1ccc2c(c1)CCCN2c1ncnc2ccccc12,7.31069114087638
CHEMBL444724,IC50,nM,3.6,IC50,nM,3.6,COc1ccc(N(C)c2nc(Cl)nc3ccccc23)cc1,8.443697499232712
CHEMBL2420867,IC50,nM,5.4,IC50,nM,5.4,COc1ccc2c(c1)CCCN2c1nc(Cl)nc2ccccc12,8.267606240177031
CHEMBL4747078,IC50,nM,12.08,IC50,nM,12.08,C=CC(=O)Nc1cc(Nc2ncc(C(F)(F)F)c(-c3cn(C4CC4)c4ccccc34)n2)c(OC)cc1N(C)CCN(C)C,7.9179330657148865
CHEMBL4792967,IC50,nM,0.17,IC50,nM,0.17,C=CC(=O)Nc1cc(Nc2ncc(C(F)(F)F)c(-c3cn(C4COC4)c4ccccc34)n2)c(OC)cc1N(C)CCN(C)C,9.769551078621726
CHEMBL4761468,IC50,nM,0.18,IC50,nM,0.18,C=CC(=O)Nc1cc(Nc2nccc(-c3cn(C4CC4)c4ccccc34)n2)c(OC)cc1N(C)CCN(C)C,9.744727494896694
CHEMBL4800367,IC50,nM,1.51,IC50,nM,1.51,C=CCn1cc(-c2ccnc(Nc3cc(NC(=O)C=C)c(N(C)CCN(C)C)cc3OC)n2)c2ccccc21,8.821023052706831
CHEMBL4790568,IC50,nM,1.01,IC50,nM,1.01,C#CCn1cc(-c2ccnc(Nc3cc(NC(=O)C=C)c(N(C)CCN(C)C)cc3OC)n2)c2ccccc21,8.995678626217357
CHEMBL4745195,IC50,nM,0.86,IC50,nM,0.86,C=CC(=O)Nc1cc(Nc2nccc(-c3cn(CCO)c4ccccc34)n2)c(OC)cc1N(C)CCN(C)C,9.065501548756432
CHEMBL4747958,IC50,nM,0.2,IC50,nM,0.2,C=CC(=O)Nc1cc(Nc2nccc(-c3cn(S(=O)(=O)N(C)C)c4ccccc34)n2)c(OC)cc1N(C)CCN(C)C,9.698970004336019
CHEMBL4744138,IC50,nM,2.09,IC50,nM,2.09,C=CC(=O)Nc1cc(Nc2nccc(-c3cn(C(C)=O)c4ccccc34)n2)c(OC)cc1N(C)CCN(C)C,8.679853713888946
CHEMBL4756020,IC50,nM,0.95,IC50,nM,0.95,C=CC(=O)Nc1cc(Nc2nccc(-c3cn(C4COC4)c4ccccc34)n2)c(OC)cc1N(C)CCN(C)C,9.022276394711152
CHEMBL3651854,IC50,nM,960.0,IC50,uM,0.96,Cc1cc(Nc2nc(Nc3ccccc3S(=O)(=O)C(C)C)c3c(C)[nH]nc3n2)c(OC(C)C)cc1C1CCN(C)CC1,6.017728766960431
CHEMBL4780286,IC50,nM,0.8,IC50,nM,0.8,OC[C@@H](Nc1ncnc2[nH]c(-c3ccccc3)cc12)c1ccccc1,9.096910013008056
CHEMBL4783569,IC50,nM,0.4,IC50,nM,0.4,COc1ccccc1-c1cc2c(N[C@H](CO)c3ccccc3)ncnc2[nH]1,9.397940008672037
CHEMBL4795296,IC50,nM,0.4,IC50,nM,0.4,C[C@@H](Nc1ncnc2[nH]c(-c3ccc(S(C)(=O)=O)cc3)cc12)c1ccccc1,9.397940008672037
CHEMBL4751641,IC50,nM,0.7,IC50,nM,0.7,C[C@@H](Nc1ncnc2[nH]c(-c3ccc(S(N)(=O)=O)cc3)cc12)c1ccccc1,9.154901959985743
CHEMBL4791195,IC50,nM,0.8,IC50,nM,0.8,C[C@@H](Nc1ncnc2[nH]c(-c3ccc(C(N)=O)cc3)cc12)c1ccccc1,9.096910013008056
CHEMBL4743998,IC50,nM,0.3,IC50,nM,0.3,C[C@@H](Nc1ncnc2[nH]c(-c3ccc(NS(C)(=O)=O)cc3)cc12)c1ccccc1,9.522878745280337
CHEMBL4744798,IC50,nM,0.7,IC50,nM,0.7,CC(=O)Nc1ccc(-c2cc3c(N[C@H](C)c4ccccc4)ncnc3[nH]2)cc1,9.154901959985743
CHEMBL4741922,IC50,nM,0.6,IC50,nM,0.6,C[C@@H](Nc1ncnc2[nH]c(-c3ccncc3)cc12)c1ccccc1,9.221848749616356
CHEMBL4779711,IC50,nM,1.1,IC50,nM,1.1,C[C@@H](Nc1ncnc2[nH]c(-c3ccc(C(=O)O)cc3)cc12)c1ccccc1,8.958607314841775
CHEMBL4776056,IC50,nM,1.4,IC50,nM,1.4,C[C@@H](Nc1ncnc2[nH]c(-c3cccc(C(N)=O)c3)cc12)c1ccccc1,8.853871964321762
CHEMBL4785569,IC50,nM,0.3,IC50,nM,0.3,CCOc1ccccc1-c1cc2c(N[C@H](C)c3ccccc3)ncnc2[nH]1,9.522878745280337
CHEMBL4746770,IC50,nM,0.6,IC50,nM,0.6,CC(C)Oc1ccccc1-c1cc2c(N[C@H](C)c3ccccc3)ncnc2[nH]1,9.221848749616356
CHEMBL4746697,IC50,nM,0.8,IC50,nM,0.8,C[C@@H](Nc1ncnc2[nH]c(-c3ccccc3OC(F)F)cc12)c1ccccc1,9.096910013008056
CHEMBL4800697,IC50,nM,4.3,IC50,nM,4.3,C[C@@H](Nc1ncnc2[nH]c(-c3ccccc3OC(F)(F)F)cc12)c1ccccc1,8.366531544420413
CHEMBL4170121,IC50,nM,0.6,IC50,nM,0.6,COc1cccc(OC)c1-c1cc2c(N[C@H](C)c3ccccc3)ncnc2[nH]1,9.221848749616356
CHEMBL4757806,IC50,nM,0.4,IC50,nM,0.4,COc1cc(C(N)=O)ccc1-c1cc2c(N[C@H](C)c3ccccc3)ncnc2[nH]1,9.397940008672037
CHEMBL4778894,IC50,nM,0.7,IC50,nM,0.7,COc1cc(NS(C)(=O)=O)ccc1-c1cc2c(N[C@H](C)c3ccccc3)ncnc2[nH]1,9.154901959985743
CHEMBL4759003,IC50,nM,0.1,IC50,nM,0.1,COc1cc(CNCCN(C)C)ccc1-c1cc2c(N[C@H](C)c3ccccc3)ncnc2[nH]1,10.0
CHEMBL4793053,IC50,nM,0.4,IC50,nM,0.4,[2H]C([2H])([2H])Oc1ccccc1-c1cc2c(N[C@H](CO)c3ccccc3)ncnc2[nH]1,9.397940008672037
CHEMBL4776396,IC50,nM,0.2,IC50,nM,0.2,CCOc1ccccc1-c1cc2c(N[C@H](CO)c3ccccc3)ncnc2[nH]1,9.698970004336019
CHEMBL4763315,IC50,nM,0.5,IC50,nM,0.5,CS(=O)(=O)Nc1ccc(-c2cc3c(N[C@H](CO)c4ccccc4)ncnc3[nH]2)cc1,9.301029995663981
CHEMBL4740295,IC50,nM,0.8,IC50,nM,0.8,CS(=O)(=O)c1ccc(-c2cc3c(N[C@H](CO)c4ccccc4)ncnc3[nH]2)cc1,9.096910013008056
CHEMBL4759127,IC50,nM,0.7,IC50,nM,0.7,NC(=O)Cc1cccc(-c2cc3c(N[C@H](CO)c4ccccc4)ncnc3[nH]2)c1,9.154901959985743
CHEMBL4776751,IC50,nM,0.5,IC50,nM,0.5,COc1cc(C(N)=O)ccc1-c1cc2c(N[C@H](CO)c3ccccc3)ncnc2[nH]1,9.301029995663981
CHEMBL4740573,IC50,nM,0.3,IC50,nM,0.3,COc1cc(NS(C)(=O)=O)ccc1-c1cc2c(N[C@H](CO)c3ccccc3)ncnc2[nH]1,9.522878745280337
CHEMBL4764993,IC50,nM,0.8,IC50,nM,0.8,COc1cc(NC(C)=O)ccc1-c1cc2c(N[C@H](CO)c3ccccc3)ncnc2[nH]1,9.096910013008056
CHEMBL4780965,IC50,nM,2.0,IC50,nM,2.0,OC[C@@H](Nc1ncnc2[nH]c(-c3ccncc3)cc12)c1ccccc1,8.698970004336019
CHEMBL4789312,IC50,nM,2.2,IC50,nM,2.2,OC[C@@H](Nc1ncnc2[nH]c(-c3cccnc3)cc12)c1ccccc1,8.657577319177793
CHEMBL4749862,IC50,nM,0.6,IC50,nM,0.6,COc1cnccc1-c1cc2c(N[C@H](CO)c3ccccc3)ncnc2[nH]1,9.221848749616356
CHEMBL4748320,IC50,nM,0.3,IC50,nM,0.3,CN(C)CCNCc1ccc(-c2cc3c(N[C@H](CO)c4ccccc4)ncnc3[nH]2)cc1,9.522878745280337
CHEMBL4784777,IC50,nM,0.4,IC50,nM,0.4,COc1cc(CNCCS(C)(=O)=O)ccc1-c1cc2c(N[C@H](CO)c3ccccc3)ncnc2[nH]1,9.397940008672037
CHEMBL4787816,IC50,nM,0.3,IC50,nM,0.3,COc1cc(CNCCN(C)C)ccc1-c1cc2c(N[C@H](CO)c3ccccc3)ncnc2[nH]1,9.522878745280337
CHEMBL4787951,IC50,nM,0.1,IC50,nM,0.1,COc1cc(CNCCN2CCOCC2)ccc1-c1cc2c(N[C@H](CO)c3ccccc3)ncnc2[nH]1,10.0
CHEMBL4778248,IC50,nM,0.1,IC50,nM,0.1,COc1cc(CNCCN2CCCCC2)ccc1-c1cc2c(N[C@H](CO)c3ccccc3)ncnc2[nH]1,10.0
CHEMBL4742081,IC50,nM,0.1,IC50,nM,0.1,COc1cc(CNCCN2CCNCC2)ccc1-c1cc2c(N[C@H](CO)c3ccccc3)ncnc2[nH]1,10.0
CHEMBL4749064,IC50,nM,1.2,IC50,nM,1.2,CN(C)CCNCc1cc(-c2cc3c(N[C@H](CO)c4ccccc4)ncnc3[nH]2)ccc1F,8.920818753952375
CHEMBL4748149,IC50,nM,1.6,IC50,nM,1.6,OCc1cc(-c2cc3c(N[C@H](CO)c4ccccc4)ncnc3[nH]2)ccc1F,8.795880017344075
CHEMBL4748367,IC50,nM,0.1,IC50,nM,0.1,CN(C)CCNCc1ccc(-c2cc3c(N[C@H](CO)c4ccccc4)ncnc3[nH]2)cc1F,10.0
CHEMBL4789027,IC50,nM,0.6,IC50,nM,0.6,OCc1ccc(-c2cc3c(N[C@H](CO)c4ccccc4)ncnc3[nH]2)cc1F,9.221848749616356
CHEMBL4784258,IC50,nM,0.1,IC50,nM,0.1,COc1cc(CN(C)CCN(C)C)ccc1-c1cc2c(N[C@H](CO)c3ccccc3)ncnc2[nH]1,10.0
CHEMBL4792577,IC50,nM,0.5,IC50,nM,0.5,COC[C@@H](Nc1ncnc2[nH]c(-c3ccc(CO)cc3OC)cc12)c1ccccc1,9.301029995663981
CHEMBL4794073,IC50,nM,1.3,IC50,nM,1.3,COC[C@@H](Nc1ncnc2[nH]c(-c3ccccc3OC(F)F)cc12)c1ccccc1,8.886056647693163
CHEMBL4786776,IC50,nM,0.5,IC50,nM,0.5,OCC[C@@H](Nc1ncnc2[nH]c(-c3ccccc3)cc12)c1ccccc1,9.301029995663981
CHEMBL4760328,IC50,nM,0.1,IC50,nM,0.1,CCOc1ccccc1-c1cc2c(N[C@H](CCO)c3ccccc3)ncnc2[nH]1,10.0
CHEMBL4753008,IC50,nM,900.0,IC50,nM,900.0,Cn1c(-c2ccccc2)cc2c(N[C@H](CO)c3ccccc3)ncnc21,6.045757490560675
CHEMBL4164805,IC50,nM,0.2,IC50,nM,0.2,COc1cc(CO)ccc1-c1cc2c(N[C@H](CO)c3ccccc3)ncnc2[nH]1,9.698970004336019
CHEMBL4175024,IC50,nM,0.2,IC50,nM,0.2,OCc1ccc(-c2cc3c(N[C@H](CO)c4ccccc4)ncnc3[nH]2)cc1,9.698970004336019
CHEMBL4750196,IC50,nM,4223.0,IC50,nM,4223.0,O=C(Nc1cc2c(Nc3ccc(F)c(Cl)c3)ncnc2cc1OCCCN1CCOCC1)c1cc([N+](=O)[O-])ccc1F,5.3743789185750925
CHEMBL4747893,IC50,nM,125.0,IC50,nM,125.0,O=C(Nc1cc2c(Nc3ccc(OCc4ccccn4)c(Cl)c3)ncnc2cc1OCCCN1CCOCC1)c1cc([N+](=O)[O-])ccc1F,6.903089986991944
CHEMBL4757531,IC50,nM,268.0,IC50,nM,268.0,N#Cc1cccc(Oc2ccc(Nc3ncnc4cc(OCCCN5CCOCC5)c(NC(=O)c5cc([N+](=O)[O-])ccc5F)cc34)cc2Cl)c1,6.5718652059712115
CHEMBL4756049,IC50,nM,419.0,IC50,nM,419.0,Cc1ccc(Oc2ccc(Nc3ncnc4cc(OCCCN5CCOCC5)c(NC(=O)c5cc([N+](=O)[O-])ccc5F)cc34)cc2Cl)cn1,6.377785977033705
CHEMBL4755444,IC50,nM,128.0,IC50,nM,128.0,CN(C)CCOc1ccc(Nc2ncnc3cc(OCCCN4CCOCC4)c(NC(=O)c4cc([N+](=O)[O-])ccc4F)cc23)cc1Cl,6.892790030352131
CHEMBL4790485,IC50,nM,210.0,IC50,nM,210.0,COCCOc1ccc(Nc2ncnc3cc(OCCCN4CCOCC4)c(NC(=O)c4cc([N+](=O)[O-])ccc4F)cc23)cc1Cl,6.6777807052660805
CHEMBL4777554,IC50,nM,71.0,IC50,nM,71.0,O=C(Nc1cc2c(Nc3ccc(OCC4CC4)c(Cl)c3)ncnc2cc1OCCCN1CCOCC1)c1cc([N+](=O)[O-])ccc1F,7.1487416512809245
CHEMBL4784185,IC50,nM,474.0,IC50,nM,474.0,N#Cc1ccc(Nc2ncnc3cc(OCCCN4CCOCC4)c(NC(=O)c4cc([N+](=O)[O-])ccc4F)cc23)cc1Cl,6.324221658325915
CHEMBL4763697,IC50,nM,110.0,IC50,nM,110.0,O=C(Nc1cc2c(Nc3ccc(F)cc3)ncnc2cc1OCCCN1CCOCC1)c1cc([N+](=O)[O-])ccc1F,6.958607314841775
CHEMBL4763967,IC50,nM,11.0,IC50,nM,11.0,O=C(Nc1cc2c(Nc3ccc(F)c(F)c3)ncnc2cc1OCCCN1CCOCC1)c1cc([N+](=O)[O-])ccc1F,7.958607314841775
CHEMBL4745521,IC50,nM,3.1,IC50,nM,3.1,CN(C)CCCOc1cc2ncnc(Nc3ccc(F)c(Cl)c3)c2cc1NC(=O)c1cc([N+](=O)[O-])ccc1F,8.508638306165727
CHEMBL4796407,IC50,nM,9.2,IC50,nM,9.2,CN(C)CCOc1cc2ncnc(Nc3ccc(F)c(Cl)c3)c2cc1NC(=O)c1cc([N+](=O)[O-])ccc1F,8.036212172654444
CHEMBL4753193,IC50,nM,1.7,IC50,nM,1.7,CN1CCN(CCOc2cc3ncnc(Nc4ccc(F)c(Cl)c4)c3cc2NC(=O)c2cc([N+](=O)[O-])ccc2F)CC1,8.769551078621726
CHEMBL4793852,IC50,nM,5.3,IC50,nM,5.3,CC(=O)N1CCN(CCCOc2cc3ncnc(Nc4ccc(F)c(Cl)c4)c3cc2NC(=O)c2cc([N+](=O)[O-])ccc2F)CC1,8.275724130399212
CHEMBL4757724,IC50,nM,3.9,IC50,nM,3.9,CN1CCN(CCCOc2cc3ncnc(Nc4ccc(F)c(Cl)c4)c3cc2NC(=O)c2cc([N+](=O)[O-])ccc2F)CC1,8.4089353929735
CHEMBL4792426,IC50,nM,0.6,IC50,nM,0.6,O=C(Nc1cc2c(Nc3ccc(F)c(Cl)c3)ncnc2cc1OCCCN1CCNCC1)c1cc([N+](=O)[O-])ccc1F,9.221848749616356
CHEMBL4743173,IC50,nM,35.0,IC50,nM,35.0,COc1cc2ncnc(Nc3ccc(F)c(Cl)c3)c2cc1NC(=O)c1cc([N+](=O)[O-])ccc1F,7.455931955649724
CHEMBL4790583,IC50,nM,11.0,IC50,nM,11.0,O=C(Nc1cc2c(Nc3ccc(F)c(Cl)c3)ncnc2cc1F)c1cc([N+](=O)[O-])ccc1F,7.958607314841775
CHEMBL4777353,IC50,nM,3.8,IC50,nM,3.8,CN(C)CCCCOc1cc2ncnc(Nc3ccc(F)c(Cl)c3)c2cc1NC(=O)c1cc([N+](=O)[O-])ccc1F,8.42021640338319
CHEMBL4749765,IC50,nM,28.0,IC50,nM,28.0,O=C(Nc1cc2c(Nc3ccc(OCc4cccc(F)c4)c(Cl)c3)ncnc2cc1OCCCN1CCOCC1)c1cc([N+](=O)[O-])ccc1F,7.552841968657781
CHEMBL4751768,IC50,nM,242.4,IC50,nM,242.4,O=[N+]([O-])c1ccc(F)c(CNc2cc3c(Nc4ccc(F)c(Cl)c4)ncnc3cc2OCCCN2CCOCC2)c1,6.6154673845057514
CHEMBL4752951,IC50,nM,4.3,IC50,nM,4.3,O=C(Nc1cc2c(Nc3ccc(F)c(Cl)c3)ncnc2cc1OCCCN1CCOCC1)c1cccnc1F,8.366531544420413
CHEMBL4759414,IC50,nM,50.9,IC50,nM,50.9,O=C(Nc1cc2c(Nc3ccc(F)c(Cl)c3)ncnc2cc1OCCCN1CCOCC1)c1cccc([N+](=O)[O-])c1,7.293282217663242
CHEMBL4790655,IC50,nM,3.0,IC50,nM,3.0,O=C(Nc1cc2c(Nc3ccc(F)c(Cl)c3)ncnc2cc1OCCCN1CCOCC1)c1ccccc1F,8.522878745280337
CHEMBL4762998,IC50,nM,365.0,IC50,nM,365.0,O=C(Nc1cc2c(Nc3ccc(F)c(Cl)c3)ncnc2cc1OCCCN1CCOCC1)c1cc(F)cc(F)c1F,6.437707135543525
CHEMBL4750608,IC50,nM,43.0,IC50,nM,43.0,O=C(Nc1cc2c(Nc3ccc(F)c(Cl)c3)ncnc2cc1OCCCN1CCOCC1)c1cc(F)ccc1[N+](=O)[O-],7.366531544420414
CHEMBL4782025,IC50,nM,8.3,IC50,nM,8.3,O=C(Nc1cc2c(Nc3ccc(F)c(Cl)c3)ncnc2cc1OCCCN1CCOCC1)c1cc([N+](=O)[O-])ccc1Cl,8.080921907623926
CHEMBL4760606,IC50,nM,57.0,IC50,nM,57.0,CS(=O)(=O)c1ccc(F)c(C(=O)Nc2cc3c(Nc4ccc(F)c(Cl)c4)ncnc3cc2OCCCN2CCOCC2)c1,7.2441251443275085
CHEMBL4789811,IC50,nM,1.3,IC50,nM,1.3,N#Cc1ccc(F)c(C(=O)Nc2cc3c(Nc4ccc(F)c(Cl)c4)ncnc3cc2OCCCN2CCOCC2)c1,8.886056647693163
CHEMBL4743566,IC50,nM,14.0,IC50,nM,14.0,O=C(Nc1cc2c(Nc3ccc(F)c(Cl)c3)ncnc2cc1OCCCN1CCOCC1)c1cccc([N+](=O)[O-])c1Cl,7.853871964321762
CHEMBL4760864,IC50,nM,30.0,IC50,nM,30.0,O=C(Nc1cc2c(Nc3ccc(F)c(Cl)c3)ncnc2cc1OCCCN1CCOCC1)c1cccc(C(F)(F)F)c1F,7.522878745280337
CHEMBL4754811,IC50,nM,13.0,IC50,nM,13.0,O=C(Nc1cc2c(Nc3ccc(F)c(Cl)c3)ncnc2cc1OCCCN1CCOCC1)c1cccc([N+](=O)[O-])c1F,7.886056647693163
CHEMBL4741678,IC50,nM,29.0,IC50,nM,29.0,O=C(Nc1cc2c(Nc3ccc(F)c(Cl)c3)ncnc2cc1OCCCN1CCOCC1)c1cccc(F)c1F,7.5376020021010435
CHEMBL4755832,IC50,nM,27.0,IC50,nM,27.0,O=C(Nc1cc2c(Nc3ccc(F)c(Cl)c3)ncnc2cc1OCCCN1CCOCC1)c1ccccc1,7.568636235841013
CHEMBL4776057,IC50,nM,24.0,IC50,nM,24.0,CS(=O)(=O)c1cccc(C(=O)Nc2cc3c(Nc4ccc(F)c(Cl)c4)ncnc3cc2OCCCN2CCOCC2)c1F,7.619788758288394
CHEMBL4797395,IC50,nM,41.0,IC50,nM,41.0,CN1CCN(c2ccc(Nc3ncc4nc(Nc5ccc(F)cc5)n([C@H]5CCCN(C(=O)CO)C5)c4n3)cc2)CC1,7.3872161432802645
CHEMBL4752022,IC50,nM,22.0,IC50,nM,22.0,CN1CCN(c2ccc(Nc3ncc4nc(Nc5ccc(F)cc5)n([C@@H]5CCN(S(=O)(=O)C6CC6)C5)c4n3)cc2)CC1,7.657577319177793
CHEMBL4786787,IC50,nM,18.0,IC50,nM,18.0,CN1CCN(c2ccc(Nc3ncc4nc(Nc5ccccc5)n([C@@H]5CCN(S(=O)(=O)C6CC6)C5)c4n3)cc2)CC1,7.7447274948966935
CHEMBL4758107,IC50,nM,561.0,IC50,nM,561.0,CNC(=O)CN1CC[C@H](n2c(Nc3ccc(F)cc3)nc3cnc(Nc4ccc(N5CCN(C)CC5)cc4)nc32)C1,6.251037138743839
CHEMBL4795878,IC50,nM,40.0,IC50,nM,40.0,CN1CCN(c2ccc(Nc3ncc4nc(Nc5ccccc5)n([C@H]5CCN(S(=O)(=O)C6CC6)C5)c4n3)cc2)CC1,7.3979400086720375
CHEMBL4780903,IC50,nM,122.0,IC50,nM,122.0,CN1CCN(c2ccc(Nc3ncc4nc(Nc5ccc(F)cc5)n([C@H]5CCN(C(=O)OC(C)(C)C)C5)c4n3)cc2)CC1,6.913640169325252
CHEMBL4741925,IC50,nM,307.7,IC50,nM,307.7,COc1ccc(-c2c3c4cc(OC)c(O)cc4[nH]c(=O)c3n3ccc4cc(O)c(OC)cc4c23)cc1O,6.511872503752541
CHEMBL4792673,IC50,nM,259.0,IC50,nM,259.0,COc1ccc(-c2c3c4cc(OC)c(OC)cc4[nH]c(=O)c3n3ccc4cc(O)c(OC)cc4c23)cc1O,6.586700235918748
CHEMBL4746895,IC50,nM,15.5,IC50,nM,15.5,COc1ccc(-c2c3c4cc(OC)c(OCCCN(C)C)cc4[nH]c(=O)c3n3ccc4cc(O)c(OC)cc4c23)cc1O.O=C(O)C(F)(F)F,7.809668301829708
CHEMBL4782900,IC50,nM,24.7,IC50,nM,24.7,COc1ccc(-c2c3c4cc(O)c(OCCCN(C)C)cc4[nH]c(=O)c3n3ccc4cc(O)c(OC)cc4c23)cc1O.O=C(O)C(F)(F)F,7.607303046740334
CHEMBL4750158,IC50,nM,23.6,IC50,nM,23.6,COc1ccc(-c2c3c4cc(OCCCN(C)C)c(O)cc4[nH]c(=O)c3n3ccc4cc(O)c(OC)cc4c23)cc1O.O=C(O)C(F)(F)F,7.627087997029894
CHEMBL4791596,IC50,nM,4.6,IC50,nM,4.6,COc1ccc(-c2c3c4cc(OCCCN(C)C)c(OCCCN(C)C)cc4[nH]c(=O)c3n3ccc4cc(O)c(OC)cc4c23)cc1O.O=C(O)C(F)(F)F.O=C(O)C(F)(F)F,8.337242168318426
CHEMBL98,IC50,nM,900.0,IC50,uM,0.9,O=C(CCCCCCC(=O)Nc1ccccc1)NO,6.045757490560675
CHEMBL4746995,IC50,nM,5700.0,IC50,uM,5.7,Cn1cc(-c2ccnc(Nc3ccc(C(=O)NCCCCCCC(=O)NO)cc3)n2)c2ccccc21,5.2441251443275085
CHEMBL4780058,IC50,nM,109.71,IC50,nM,109.71,Cn1c(-c2csc(NN=C3CCCC3)n2)nc2ccccc21,6.9597537849422935
CHEMBL4747759,IC50,nM,278.88,IC50,nM,278.88,Cn1c(-c2csc(NN=C3CCCCC3)n2)nc2ccccc21,6.554582630234082
CHEMBL4749342,IC50,nM,1235.34,IC50,nM,1235.34,Cn1c(-c2csc(N/N=C\c3ccccc3)n2)nc2ccccc21,5.908213496006023
CHEMBL4783948,IC50,nM,150.36,IC50,nM,150.36,Cc1ccc(/C=N\Nc2nc(-c3nc4ccccc4n3C)cs2)cc1,6.822867682958225
CHEMBL4794131,IC50,nM,311.75,IC50,nM,311.75,COc1ccc(/C=N\Nc2nc(-c3nc4ccccc4n3C)cs2)cc1,6.50619353784942
CHEMBL4740646,IC50,nM,208.09,IC50,nM,208.09,COc1ccc(/C=N\Nc2nc(-c3nc4ccccc4n3C)cs2)cc1OC,6.6817487897988
CHEMBL4758204,IC50,nM,622.64,IC50,nM,622.64,COc1cc(/C=N\Nc2nc(-c3nc4ccccc4n3C)cs2)cc(OC)c1OC,6.2057629825592855
CHEMBL4753631,IC50,nM,85.03,IC50,nM,85.03,Cn1c(-c2csc(N/N=C\c3ccc([N+](=O)[O-])cc3)n2)nc2ccccc21,7.07042782092345
CHEMBL4786168,IC50,nM,103.71,IC50,nM,103.71,CN(C)c1ccc(/C=N\Nc2nc(-c3nc4ccccc4n3C)cs2)cc1,6.984179365737931
CHEMBL4752843,IC50,nM,253.74,IC50,nM,253.74,Cn1c(-c2csc(N/N=C\c3ccc(F)cc3)n2)nc2ccccc21,6.595611064469456
CHEMBL4746321,IC50,nM,406.09,IC50,nM,406.09,Cn1c(-c2csc(N/N=C\c3ccc(Br)cc3)n2)nc2ccccc21,6.391377704915999
CHEMBL4762604,IC50,nM,513.63,IC50,nM,513.63,Cn1c(-c2csc(N/N=C\c3ccc(Cl)cc3Cl)n2)nc2ccccc21,6.289349618011717
CHEMBL4746023,IC50,nM,212.82,IC50,nM,212.82,Cc1ccc(/C=N\Nc2nc(-c3nc4ccccc4n3C)cs2)o1,6.671987561144413
CHEMBL4750734,IC50,nM,71.67,IC50,nM,71.67,Cn1c(-c2csc(N/N=C\c3ccc([N+](=O)[O-])o3)n2)nc2ccccc21,7.14466259553046
CHEMBL4763960,IC50,nM,773.24,IC50,nM,773.24,Cn1c(-c2csc(N/N=C\c3cccs3)n2)nc2ccccc21,6.111685687843247
CHEMBL4749518,IC50,nM,342.06,IC50,nM,342.06,Cn1c(-c2csc(N/N=C\C3CCCN3)n2)nc2ccccc21,6.465897708612224
CHEMBL4796408,IC50,nM,569.41,IC50,nM,569.41,Cn1c(-c2csc(N/N=C\c3ccncc3)n2)nc2ccccc21,6.244574910025939
CHEMBL4793105,IC50,nM,70.0,IC50,nM,70.0,C=C(Cl)C(=O)Nc1cccc(Nc2nc(Nc3ccc(N4CCN(C(C)=O)CC4)cc3)ncc2Cl)c1,7.154901959985743
CHEMBL4745868,IC50,nM,51.0,IC50,nM,51.0,C=C(Cl)C(=O)Nc1cccc(Nc2nc(Nc3ccc(N4CCN(C(C)=O)CC4)c(C)c3)ncc2Cl)c1,7.292429823902063
CHEMBL4746377,IC50,nM,257.0,IC50,nM,257.0,C=C(Cl)C(=O)Nc1cccc(Nc2nc(Nc3ccc(N4CCN(C(C)=O)CC4)cc3OC)ncc2C(F)(F)F)c1,6.590066876668706
CHEMBL4776012,IC50,nM,53.0,IC50,nM,53.0,C=C(Cl)C(=O)Nc1cccc(Nc2nc(Nc3ccc(N4CCN(C(C)=O)CC4)c(Cl)c3)ncc2Cl)c1,7.275724130399211
CHEMBL4776073,IC50,nM,301.0,IC50,nM,301.0,C=C(Cl)C(=O)Nc1cccc(Nc2nc(Nc3ccc(N4CCN(C(C)=O)CC4)cc3Cl)ncc2Cl)c1,6.521433504406157
CHEMBL4740234,IC50,nM,130.0,IC50,nM,130.0,C=C(Cl)C(=O)Nc1cccc(Nc2nc(Nc3ccc(N4CCN(C(C)=O)CC4)nc3)ncc2Cl)c1,6.886056647693163
CHEMBL4785849,IC50,nM,130.0,IC50,nM,130.0,C=C(Cl)C(=O)Nc1cccc(Oc2nc(Nc3ccc(N4CCN(C(C)=O)CC4)cc3)ncc2Cl)c1,6.886056647693163
CHEMBL4794857,IC50,nM,213.0,IC50,nM,213.0,C=C(F)C(=O)Nc1cccc(Nc2nc(Nc3ccc(N4CCN(C(C)=O)CC4)cc3)ncc2Cl)c1,6.671620396561262
CHEMBL4789716,IC50,nM,174.0,IC50,nM,174.0,C=C(F)C(=O)Nc1cccc(Nc2nc(Nc3ccc(N4CCN(C(C)=O)CC4)c(C)c3)ncc2Cl)c1,6.7594507517174005
CHEMBL4780534,IC50,nM,541.7,IC50,nM,541.7,C=CC(=O)Nc1cccc(Oc2nc(Nc3ccc(OC)cc3)nc3c2CSCC3)c1,6.266241164412797
CHEMBL4776833,IC50,nM,638.4,IC50,nM,638.4,C=CC(=O)Nc1cccc(Oc2nc(Nc3cccc(OC)c3)nc3c2CSCC3)c1,6.194907121657327
CHEMBL4453068,IC50,nM,48.7,IC50,nM,48.7,C#Cc1cccc(Nc2ncnc3cc4c(cc23)OCCO4)c1,7.3124710387853655
CHEMBL4750375,IC50,nM,19.7,IC50,nM,19.7,C#Cc1cccc(Nc2ncnc3cc4c(cc23)OCCO4)c1F,7.705533773838407
CHEMBL4743464,IC50,nM,22.0,IC50,nM,22.0,N#Cc1cccc(Nc2ncnc3cc4c(cc23)OCCO4)c1F,7.657577319177793
CHEMBL4744655,IC50,nM,3.91,IC50,nM,3.91,Fc1c(Cl)cccc1Nc1ncnc2cc3c(cc12)OCCO3,8.407823242604133
CHEMBL4743220,IC50,nM,2.49,IC50,nM,2.49,Fc1c(Br)cccc1Nc1ncnc2cc3c(cc12)OCCO3,8.603800652904264
CHEMBL4759031,IC50,nM,10.4,IC50,nM,10.4,Fc1c(I)cccc1Nc1ncnc2cc3c(cc12)OCCO3,7.982966660701219
CHEMBL4759650,IC50,nM,41.4,IC50,nM,41.4,Fc1c(Nc2ncnc3cc4c(cc23)OCCO4)cccc1C(F)(F)F,7.382999658879101
CHEMBL4778159,IC50,nM,24.0,IC50,nM,24.0,N#Cc1cccc(Nc2ncnc3cc4c(cc23)OCCO4)c1,7.619788758288394
CHEMBL4740063,IC50,nM,6.41,IC50,nM,6.41,Clc1cccc(Nc2ncnc3cc4c(cc23)OCCO4)c1,8.193141970481182
CHEMBL1198370,IC50,nM,13.6,IC50,nM,13.6,Brc1cccc(Nc2ncnc3cc4c(cc23)OCCO4)c1,7.866461091629782
CHEMBL4786797,IC50,nM,505.1,IC50,nM,505.1,Oc1c(Br)cccc1Nc1ncnc2cc3c(cc12)OCCO3,6.296622631487651
CHEMBL4793453,IC50,nM,15.6,IC50,nM,15.6,Fc1ccc(Nc2ncnc3cc4c(cc23)OCCO4)c(F)c1Br,7.806875401645538
CHEMBL4762453,IC50,nM,16.2,IC50,nM,16.2,Fc1c(Nc2ncnc3cc4c(cc23)OCCO4)ccc(Cl)c1Br,7.790484985457369
CHEMBL4794223,IC50,nM,21.0,IC50,nM,21.0,Fc1c(Nc2ncnc3cc4c(cc23)OCCO4)ccc(Br)c1Br,7.6777807052660805
CHEMBL4783428,IC50,nM,6.16,IC50,nM,6.16,Fc1cc(Br)c(F)c(Nc2ncnc3cc4c(cc23)OCCO4)c1,8.210419287835574
CHEMBL4793944,IC50,nM,782.8,IC50,nM,782.8,Fc1c(Br)cc(Cl)cc1Nc1ncnc2cc3c(cc12)OCCO3,6.106349183014037
CHEMBL4744207,IC50,nM,25.0,IC50,nM,25.0,Fc1c(Nc2ncnc3cc4c(cc23)OCCO4)ccc(Cl)c1Cl,7.6020599913279625
CHEMBL4791756,IC50,nM,7.63,IC50,nM,7.63,Fc1ccc(Br)cc1Nc1ncnc2cc3c(cc12)OCCO3,8.11747546204512
CHEMBL4786961,IC50,nM,10.0,IC50,nM,10.0,Fc1ccc(Br)c(F)c1Nc1ncnc2cc3c(cc12)OCCO3,8.0
CHEMBL4749501,IC50,nM,18.9,IC50,nM,18.9,Fc1cccc(Nc2ncnc3cc4c(cc23)OCCO4)c1F,7.723538195826756
CHEMBL4798627,IC50,nM,55000000.0,IC50,mM,55.0,O=C(Cc1csc2nc3ccccc3n12)Nc1ccccc1O,1.2596373105057561
CHEMBL4798434,IC50,nM,255.6,IC50,nM,255.6,CNc1nc(C)c(C(=O)/C=C/c2nccs2)s1,6.592439150513638
CHEMBL4797515,IC50,nM,143.63,IC50,nM,143.63,CNc1nc(C)c(C(=O)/C=C/c2ccsc2)s1,6.8427548395248055
CHEMBL4750368,IC50,nM,33.66,IC50,nM,33.66,CNc1nc(C)c(C(=O)/C=C/c2ccc(O)cc2)s1,7.472885888360195
CHEMBL4741340,IC50,nM,113.8,IC50,nM,113.8,[2H]C([2H])=CC(=O)Nc1cc(Nc2nccc(-c3cn(C([2H])([2H])[2H])c4ccccc34)n2)c(OC)cc1N(C)CCN(C)C,6.943857737940948
CHEMBL4759697,IC50,nM,8.3,IC50,nM,8.3,C=CC(=O)Nc1cc2c(Nc3cccc(Cl)c3F)ncnc2cc1OCc1cn(CCC(=O)NO)nn1,8.080921907623926
CHEMBL4794998,IC50,nM,5.4,IC50,nM,5.4,C=CC(=O)Nc1cc2c(Nc3cccc(Cl)c3F)ncnc2cc1OCc1cn(CCCC(=O)NO)nn1,8.267606240177031
CHEMBL4783641,IC50,nM,17.0,IC50,nM,17.0,C=CC(=O)Nc1cc2c(Nc3cccc(Cl)c3F)ncnc2cc1OCc1cn(CCCCC(=O)NO)nn1,7.769551078621726
CHEMBL4793338,IC50,nM,2.3,IC50,nM,2.3,C=CC(=O)Nc1cc2c(Nc3ccc(F)c(Cl)c3)ncnc2cc1OCc1cn(CCC(=O)NO)nn1,8.638272163982407
CHEMBL4759072,IC50,nM,1.5,IC50,nM,1.5,C=CC(=O)Nc1cc2c(Nc3ccc(F)c(Cl)c3)ncnc2cc1OCc1cn(CCCC(=O)NO)nn1,8.823908740944319
CHEMBL4744985,IC50,nM,1.8,IC50,nM,1.8,C=CC(=O)Nc1cc2c(Nc3ccc(F)c(Cl)c3)ncnc2cc1OCc1cn(CCCCC(=O)NO)nn1,8.744727494896694
CHEMBL4758842,IC50,nM,16.0,IC50,nM,16.0,C=CC(=O)Nc1cc2c(Nc3ccc(OCc4cccc(F)c4)c(Cl)c3)ncnc2cc1OCc1cn(CCC(=O)NO)nn1,7.795880017344075
CHEMBL4794670,IC50,nM,15.0,IC50,nM,15.0,C=CC(=O)Nc1cc2c(Nc3ccc(OCc4cccc(F)c4)c(Cl)c3)ncnc2cc1OCc1cn(CCCC(=O)NO)nn1,7.823908740944319
CHEMBL4758761,IC50,nM,14.0,IC50,nM,14.0,C=CC(=O)Nc1cc2c(Nc3ccc(OCc4cccc(F)c4)c(Cl)c3)ncnc2cc1OCc1cn(CCCCC(=O)NO)nn1,7.853871964321762
CHEMBL4759112,IC50,nM,3.0,IC50,nM,3.0,CN(C)C/C=C/C(=O)Nc1cc2ncnc(Nc3ccc(F)c(Cl)c3)c2cc1O[C@@H]1CCOC1,8.522878745280337
CHEMBL4780210,IC50,nM,1887.2,IC50,uM,1.8872,Cc1ccc(C2=N/C(=C\c3ccc(Cl)cc3)C(=O)NN2C(=O)c2nc3c(c(C)nn3-c3ccccc3)c(=O)[nH]2)cc1,5.724182072122461
CHEMBL4790553,IC50,nM,655.6,IC50,uM,0.6556,Cc1nn(-c2ccccc2)c2nc(CC(=O)N3NC(=O)/C(=C\c4ccccc4)N=C3c3ccccc3)[nH]c(=O)c12,6.183361055101538
CHEMBL4759405,IC50,nM,422.25,IC50,uM,0.42225,Cc1ccc(C2=N/C(=C/c3ccc(Cl)cc3)C(=O)NN2C(=O)Cc2nc3c(c(C)nn3-c3ccccc3)c(=O)[nH]2)cc1,6.374430341756954
CHEMBL4753913,IC50,nM,226.7,IC50,uM,0.2267,COc1ccc(/C=C2/N=C(c3ccc(Cl)cc3)N(C(=O)Cc3nc4c(c(C)nn4-c4ccccc4)c(=O)[nH]3)NC2=O)cc1,6.644548479873483
CHEMBL4798527,IC50,nM,651.0,IC50,uM,0.6509999999999999,Cc1ccc(NC(=O)c2ccc(C)c(C(F)(F)F)c2)cc1C#Cc1nn([C@H]2CC[C@H](O)CC2)c2ncnc(N)c12,6.186419011431808
CHEMBL4799700,IC50,nM,1623.0,IC50,uM,1.6230000000000002,O=S(=O)(Nc1nccs1)c1ccc(NC(=S)Nc2ccc3c(c2)OCO3)cc1,5.789681480173768
CHEMBL4778717,IC50,nM,1885.0,IC50,uM,1.885,O=S(=O)(Nc1ccccn1)c1ccc(NC(=S)Nc2ccc3c(c2)OCO3)cc1,5.724688645458189
CHEMBL4779958,IC50,nM,358.0,IC50,uM,0.358,Cc1c(NC(=S)Nc2ccc3c(c2)OCO3)c(=O)n(-c2ccccc2)n1C,6.446116973356125
CHEMBL4782320,IC50,nM,493.0,IC50,uM,0.493,S=C(Nc1ccc2c(c1)OCO2)Nc1c2ccccc2nc2ccccc12,6.30715308072277
CHEMBL4776925,IC50,nM,8264.0,IC50,uM,8.264,S=C(NNc1ccccc1)Nc1ccc2c(c1)OCO2,5.0828096914884355
CHEMBL4789796,IC50,nM,993.0,IC50,uM,0.993,S=C(NN=C(c1ccccc1)c1ccccc1)Nc1ccc2c(c1)OCO2,6.0030507515046185
CHEMBL4781497,IC50,nM,250.0,IC50,uM,0.25,CN1CCN(c2ccc(Nc3nc(Oc4ccc5ccc(=O)[nH]c5c4)c4sccc4n3)cc2)CC1,6.6020599913279625
CHEMBL4800533,IC50,nM,330.0,IC50,uM,0.33,COc1cc(N2CCN(C)CC2)ccc1Nc1nc(Oc2ccc3ccc(=O)[nH]c3c2)c2sccc2n1,6.481486060122113
CHEMBL4791108,IC50,nM,330.0,IC50,uM,0.33,CCN1CCN(c2ccc(Nc3nc(Oc4ccc5ccc(=O)[nH]c5c4)c4sccc4n3)c(OC)c2)CC1,6.481486060122113
CHEMBL4779681,IC50,nM,110.0,IC50,uM,0.11,O=c1ccc2ccc(Oc3nc(Nc4ccc(N5CCC(N6CCCCC6)CC5)c(F)c4)nc4ccsc34)cc2[nH]1,6.958607314841775
CHEMBL4791953,IC50,nM,200.0,IC50,uM,0.2,CN1CCN(Cc2ccc(Nc3nc(Oc4ccc5ccc(=O)[nH]c5c4)c4sccc4n3)cc2)CC1,6.698970004336019
CHEMBL4785528,IC50,nM,240.0,IC50,uM,0.24,CCN1CCN(Cc2ccc(Nc3nc(Oc4ccc5ccc(=O)[nH]c5c4)c4sccc4n3)cc2)CC1,6.619788758288394
CHEMBL4780855,IC50,nM,230.0,IC50,uM,0.23,CN(C)CCNc1ccc(Nc2nc(Oc3ccc4ccc(=O)[nH]c4c3)c3sccc3n2)cc1F,6.638272163982407
CHEMBL4779194,IC50,nM,7309.0,IC50,uM,7.309,C=CCSSCCC(=O)OCCCOc1cc2ncnc(Nc3cccc(Br)c3)c2cc1OC,5.136142038116027
CHEMBL4791960,IC50,nM,56780.0,IC50,uM,56.78,CC(C)(C)c1cc(NC(=O)Cc2ccc(Nc3ncnc4[nH]c(-c5ccc(S(C)(=O)=O)cc5)cc34)cc2)no1,4.245804611810161
CHEMBL4868909,IC50,nM,33.0,IC50,uM,0.033,COc1cccc(-c2cc(-c3c(O)c4ccccc4oc3=O)nc(N)c2C#N)c1,7.481486060122112
CHEMBL4845732,IC50,nM,146.9,IC50,nM,146.9,CCS(=O)(=O)NNC(=O)CSc1nc2ccccc2c(=O)n1Cc1ccc2c(c1)OCO2,6.832978204209743
CHEMBL4850856,IC50,nM,207.1,IC50,nM,207.1,O=C(CSc1nc2ccccc2c(=O)n1Cc1ccc2c(c1)OCO2)Nc1ccccc1F,6.683819901106547
CHEMBL4851555,IC50,nM,1032.7,IC50,nM,1032.7,O=C(CSc1nc2ccccc2c(=O)n1Cc1ccc2c(c1)OCO2)Nc1ccc(Br)cc1Br,5.986025822979084
CHEMBL4855312,IC50,nM,754.3,IC50,nM,754.3,O=C(CSc1nc2ccccc2c(=O)n1Cc1ccc2c(c1)OCO2)Nc1ccc(I)cc1,6.122455892284056
CHEMBL4877054,IC50,nM,18.3,IC50,nM,18.3,COc1cc2ncnc(Nc3ccc(F)c(Cl)c3)c2cc1OCCCCC(=O)Nc1ccc(S(N)(=O)=O)cc1,7.73754891026957
CHEMBL4861346,IC50,nM,13.7,IC50,nM,13.7,COc1cc2ncnc(Nc3ccc(Cl)c(C(F)(F)F)c3)c2cc1OCCCCC(=O)Nc1ccc(S(N)(=O)=O)cc1,7.863279432843593
CHEMBL4859542,IC50,nM,49.2,IC50,nM,49.2,C#Cc1cccc(Nc2ncnc3cc(OC)c(OCCCCC(=O)Nc4ccc(S(N)(=O)=O)cc4)cc23)c1,7.308034897232639
CHEMBL4855080,IC50,nM,34.8,IC50,nM,34.8,COc1cc2ncnc(Nc3cccc(Cl)c3F)c2cc1OCCCCC(=O)Nc1ccc(S(N)(=O)=O)cc1,7.458420756053419
CHEMBL4853833,IC50,nM,27.0,IC50,nM,27.0,COc1cc2ncnc(Nc3cccc(C(F)(F)F)c3)c2cc1OCCCCC(=O)Nc1ccc(S(N)(=O)=O)cc1,7.568636235841013
CHEMBL4873098,IC50,nM,16.5,IC50,nM,16.5,COc1cc2ncnc(Nc3ccc(OCc4cccc(F)c4)c(Cl)c3)c2cc1OCCCCC(=O)Nc1ccc(S(N)(=O)=O)cc1,7.782516055786093
CHEMBL4846607,IC50,nM,51.2,IC50,nM,51.2,NS(=O)(=O)c1ccc(NC(=S)Nc2ccc3ncnc(Nc4cccc(C(F)(F)F)c4)c3c2)cc1,7.29073003902417
CHEMBL4857605,IC50,nM,42.6,IC50,nM,42.6,NS(=O)(=O)c1ccc(CCNC(=S)Nc2ccc3ncnc(Nc4cccc(C(F)(F)F)c4)c3c2)cc1,7.370590400897281
CHEMBL4848093,IC50,nM,28.4,IC50,nM,28.4,NS(=O)(=O)c1ccc(CCNC(=S)Nc2ccc3ncnc(Nc4ccc(OCc5cccc(F)c5)c(Cl)c4)c3c2)cc1,7.546681659952962
CHEMBL4868797,IC50,nM,176090.0,IC50,uM,176.09,Cn1cc(-c2cc3ncnc(Nc4ccc(CC(=O)Nc5cc(C(C)(C)C)nn5C)cc4)c3s2)cn1,3.7542653065434144
CHEMBL4863294,IC50,nM,10.3,IC50,nM,10.3,O=C(CCCCCCn1cc(-c2ccc3ncnc(Nc4ccc(Br)cc4F)c3c2)nn1)NO,7.987162775294828
CHEMBL4870955,IC50,nM,5700.0,IC50,nM,5700.0,COc1cc(NC(=O)CCCCCCCCCCC(=O)NO)ccc1Nc1nccc(-c2cn(C)c3ccccc23)n1,5.2441251443275085
CHEMBL4860398,IC50,nM,0.35,IC50,nM,0.35,C#Cc1cccc(Nc2ncnc3cc(OC)c(OCCCCCCN/C(=N\C#N)Nc4ccncc4)cc23)c1,9.455931955649724
CHEMBL4873506,IC50,nM,0.32,IC50,nM,0.32,C#Cc1cccc(Nc2ncnc3cc(OC)c(OCCCCCCN/C(=N\C#N)Nc4cccnc4)cc23)c1,9.494850021680094
CHEMBL4851176,IC50,nM,0.23,IC50,nM,0.23,C#Cc1cccc(Nc2ncnc3cc(OC)c(OCCCCCN/C(=N\C#N)Nc4ccncc4)cc23)c1,9.638272163982407
CHEMBL4852664,IC50,nM,0.52,IC50,nM,0.52,C#Cc1cccc(Nc2ncnc3cc(OC)c(OCCCCCN/C(=N\C#N)Nc4cccnc4)cc23)c1,9.2839966563652
CHEMBL4868614,IC50,nM,0.473,IC50,nM,0.473,C#Cc1cccc(Nc2ncnc3cc(OC)c(OCCCCCCCN/C(=N\C#N)Nc4ccncc4)cc23)c1,9.325138859262188
CHEMBL4859375,IC50,nM,0.538,IC50,nM,0.5379999999999999,C#Cc1cccc(Nc2ncnc3cc(OC)c(OCCCCCCCN/C(=N\C#N)Nc4cccnc4)cc23)c1,9.269217724333611
CHEMBL4858583,IC50,nM,0.39,IC50,nM,0.39,CN(/N=N\c1ccc2ncnc(Nc3cccc(Cl)c3)c2c1)C(=O)OCCl,9.4089353929735
CHEMBL4857477,IC50,nM,81.0,IC50,nM,81.0,CN(C(=O)NCCCl)c1ccc2ncnc(Nc3cccc(Cl)c3)c2c1,7.0915149811213505
CHEMBL4856453,IC50,nM,33.1,IC50,nM,33.1,COc1ccc(-c2coc3cc(OCC(=O)N/C=C\c4ccc(O)cc4)ccc3c2=O)cc1,7.480172006224281
CHEMBL4859473,IC50,nM,143.4,IC50,nM,143.4,CCc1ccc(NCC(=O)Nn2c(-c3ccccc3)nc3ccccc3c2=O)cc1,6.843450848668218
CHEMBL1988225,IC50,nM,81.07,IC50,nM,81.07,O=C(CNc1ccc(Cl)cc1)Nn1c(-c2ccccc2)nc2ccccc2c1=O,7.091139826982723
CHEMBL4849859,IC50,nM,136.0,IC50,nM,136.0,COc1ccc(/C=C2/SC(NN3Cc4ccccc4N=C3c3ccccc3)=NC2=O)cc1,6.866461091629782
CHEMBL4877452,IC50,nM,178.1,IC50,nM,178.1,O=C1N=C(NN2Cc3ccccc3N=C2c2ccccc2)S/C1=C/c1ccc(O)cc1O,6.749336080536756
CHEMBL4866476,IC50,nM,65.63,IC50,nM,65.63,O=C1N=C(NN2Cc3ccccc3N=C2c2ccccc2)S/C1=C/c1ccccc1,7.182897595743077
CHEMBL4871569,IC50,nM,72.0,IC50,uM,0.07200000000000001,Cc1nc2c(Br)cc(Br)cc2c(=O)n1N,7.142667503568732
CHEMBL4858176,IC50,nM,25300.0,IC50,uM,25.3,COc1cc2ncnc(Nc3ccc(F)c(Cl)c3)c2cc1OCCCN1CC[Se]CC1,4.5968794788241825
CHEMBL4869634,IC50,nM,1970.0,IC50,nM,1970.0,CC(C)Oc1cc(F)ccc1Nc1ncnc2ccc(-c3ccc(C(=O)N4CCNCC4)cc3)nc12,5.705533773838407
CHEMBL4873767,IC50,nM,100.0,IC50,nM,100.0,Oc1cc(Nc2ccnc3cc(-c4ccccc4)ccc23)ccc1Cl,7.0
CHEMBL4876135,IC50,nM,2500.0,IC50,nM,2500.0,c1ccc(-c2ccc3c(Nc4ccc5scnc5c4)ccnc3c2)cc1,5.6020599913279625
CHEMBL4850239,IC50,nM,111.0,IC50,nM,111.0,C=CC(=O)Nc1cccc(Oc2nc(Nc3ccc(N4CCN(C)CC4)c([N+](=O)[O-])c3)nc3[nH]ccc23)c1,6.954677021213342
CHEMBL4847264,IC50,nM,22.0,IC50,nM,22.0,C=CC(=O)Nc1cccc(Oc2nc(Nc3ccc(N4CCN(C)CC4)c(N)c3)nc3[nH]ccc23)c1,7.657577319177793
CHEMBL4297865,IC50,nM,21.0,IC50,nM,21.0,C=CC(=O)Nc1cccc(Oc2nc(Nc3ccc(N4CCN(C)CC4)c(F)c3)nc3[nH]ccc23)c1,7.6777807052660805
CHEMBL4855850,IC50,nM,244.0,IC50,nM,244.0,C#CCNC(=O)c1cc(Nc2cc(C3CC3)[nH]n2)nc(N2CCN(Cc3ccc(S(=O)(=O)F)cc3)CC2)n1,6.61261017366127
CHEMBL4865792,IC50,nM,946.0,IC50,nM,946.0,COc1cc(N2CCN(C(C)=O)CC2)ccc1Nc1ncc(Cl)c(Nc2cccc(NC(=O)CCl)c2)n1,6.024108863598207
CHEMBL4854693,IC50,nM,675.0,IC50,nM,675.0,C=CS(=O)(=O)Nc1cccc(Nc2nc(Nc3ccc(N4CCN(C(C)=O)CC4)cc3OC)ncc2Cl)c1,6.170696227168975
CHEMBL4873392,IC50,nM,458.0,IC50,nM,458.0,COc1cc(N2CCN(C(C)=O)CC2)ccc1Nc1ncc(Cl)c(Nc2cccc(NCCS(=O)(=O)F)c2)n1,6.33913452199613
CHEMBL4873600,IC50,nM,476.0,IC50,nM,476.0,COc1cc(N2CCN(C(C)=O)CC2)ccc1Nc1ncc(Cl)c(Nc2cccc(NC(=O)c3cccc(S(=O)(=O)F)c3)c2)n1,6.3223930472795065
CHEMBL4866162,IC50,nM,110.0,IC50,nM,110.0,COc1cc(N2CCN(C(C)=O)CC2)ccc1Nc1ncc(Cl)c(Nc2ccc(NCc3ccc(S(=O)(=O)F)cc3)cc2)n1,6.958607314841775
CHEMBL4856343,IC50,nM,1105.0,IC50,nM,1105.0,COc1cc(N2CCN(C(C)=O)CC2)ccc1Nc1ncc(Cl)c(Nc2cccc(NC(C)=O)c2)n1,5.95663772197887
CHEMBL4848234,IC50,nM,116.5,IC50,nM,116.5,O=C(NO)c1ccccc1Nc1nc(Nc2ccc(N3CCOCC3)cc2)ncc1Cl,6.933674074637962
CHEMBL4861707,IC50,nM,68.81,IC50,nM,68.81,CN1CCN(c2ccc(Nc3ncc(Cl)c(Nc4ccccc4C(=O)NO)n3)cc2)CC1,7.162348442153608
CHEMBL4858714,IC50,nM,98.78,IC50,nM,98.78,O=C(NO)c1ccccc1Nc1nc(Nc2ccc(CN3CCOCC3)cc2)ncc1Cl,7.00533097817447
CHEMBL4875985,IC50,nM,1.097,IC50,nM,1.097,O=C(NO)c1ccccc1Nc1nc(Nc2ccc(OCCN3CCOCC3)cc2)ncc1Cl,8.959793372425288
CHEMBL4869024,IC50,nM,6.82,IC50,nM,6.82,CN1CCN(CCOc2ccc(Nc3ncc(Cl)c(Nc4ccccc4C(=O)NO)n3)cc2)CC1,8.16621562534352
CHEMBL4870560,IC50,nM,64.79,IC50,nM,64.79,O=C(NO)c1ccccc1Nc1nc(Nc2ccc(OCCCN3CCOCC3)cc2)ncc1Cl,7.188492020054674
CHEMBL4858409,IC50,nM,16.04,IC50,nM,16.04,O=C(NO)c1ccccc1Nc1nc(Nc2ccc(OCC(=O)N3CCOCC3)cc2)ncc1Cl,7.794795636051855
CHEMBL4849337,IC50,nM,113.5,IC50,nM,113.5,O=C(CN1CCOCC1)Nc1ccc(Nc2ncc(Cl)c(Nc3ccccc3C(=O)NO)n2)cc1,6.945004138470859
CHEMBL4871985,IC50,nM,49.94,IC50,nM,49.94,CNC(=O)c1ccccc1Nc1nc(Nc2ccc(N3CCC(C(=O)NO)CC3)cc2)ncc1Cl,7.301551461984671
CHEMBL4870265,IC50,nM,117.5,IC50,nM,117.5,CNC(=O)c1ccccc1Nc1nc(Nc2ccc(CN3CCC(C(=O)NO)CC3)cc2)ncc1Cl,6.9299621333922445
CHEMBL4858535,IC50,nM,44.96,IC50,nM,44.96,CNC(=O)c1ccccc1Nc1nc(Nc2ccc(OCCCN3CCC(C(=O)NO)CC3)cc2)ncc1Cl,7.347173697438995
CHEMBL4851795,IC50,nM,65.41,IC50,nM,65.41,O=C(COc1ccc(Nc2ncc(Cl)c(Nc3ccccc3C(=O)NO)n2)cc1)NO,7.184355850868035
CHEMBL4873830,IC50,nM,198.5,IC50,nM,198.5,O=C(O)c1ccccc1Nc1nc(Nc2ccc(OCC(=O)N3CCOCC3)cc2)ncc1Cl,6.702239488900866
CHEMBL4862351,IC50,nM,0.2446,IC50,nM,0.2446,CCOC(=O)c1ccccc1Nc1nc(Nc2ccc(OCC(=O)N3CCOCC3)cc2)ncc1Cl,9.611543547299734
CHEMBL4862976,IC50,nM,3.89,IC50,nM,3.89,CNC(=O)c1ccccc1Nc1nc(Nc2ccc(NC(=O)CN3CCOCC3)c(C)c2)ncc1Cl,8.410050398674292
CHEMBL4860202,IC50,nM,9920.0,IC50,nM,9920.0,CS(=O)(=O)c1nccc(-c2c(-c3cccc(OCc4ccccc4)c3)nc3sccn23)n1,5.0034883278458215
CHEMBL4866102,IC50,nM,4354.0,IC50,nM,4354.0,c1ccc(COc2cccc(-c3nc4sccn4c3-c3ccncn3)c2)cc1,5.361111575294925
CHEMBL4868123,IC50,nM,5210.0,IC50,uM,5.21,COCCOc1cc2ncnc(Sc3nc[nH]n3)c2cc1OCCOC,5.283162276700476
CHEMBL4872030,IC50,nM,14260.0,IC50,uM,14.26,COc1ccc(C(Nc2ccccc2)n2c(=O)ccc3cc(O)ccc32)cc1,4.8458804744841535
CHEMBL4868965,IC50,nM,1350.0,IC50,uM,1.35,COc1ccc(C(Nc2ccc([N+](=O)[O-])cc2)n2c(=O)ccc3cc(O)ccc32)cc1,5.8696662315049934
CHEMBL4861493,IC50,nM,1130.0,IC50,uM,1.13,COc1ccc(C(Nc2ccc(Cl)cc2)n2c(=O)ccc3cc(O)ccc32)cc1,5.94692155651658
CHEMBL4861796,IC50,nM,960.0,IC50,uM,0.96,COc1ccc(C(Nc2ccc(Br)cc2)n2c(=O)ccc3cc(O)ccc32)cc1,6.017728766960431
CHEMBL4863109,IC50,nM,5290.0,IC50,uM,5.29,COc1ccc(NC(c2ccc(OC)cc2)n2c(=O)ccc3cc(O)ccc32)cc1,5.276544327964814
CHEMBL4849721,IC50,nM,3110.0,IC50,uM,3.11,COc1cc2cccc(Oc3ccc(NC(=O)C4(C(=O)Nc5ccc(F)cc5)CC4)cc3)c2cc1OC,5.507239610973162
CHEMBL4873202,IC50,nM,690.0,IC50,uM,0.69,Oc1ccc(/C=N/Nc2nc3ccccc3c3nncn23)cc1,6.161150909262744
CHEMBL4874550,IC50,nM,450.0,IC50,nM,450.0,C=CC(=O)N1CCCC[C@H]1c1nc(-c2ccc(C(=O)Nc3cc(OC)ccn3)cc2)c(C(N)=O)n1N,6.346787486224656
CHEMBL4860527,IC50,nM,176.0,IC50,nM,176.0,C=CC(=O)N1CCCC[C@H]1c1nc(-c2ccc(C(=O)Nc3cc(Cl)ccn3)cc2)c(C(N)=O)n1N,6.7544873321858505
CHEMBL4878421,IC50,nM,578.0,IC50,nM,578.0,C=CC(=O)N1CCCC[C@H]1c1nc(-c2ccc(C(=O)Nc3cc(Br)ccn3)cc2)c(C(N)=O)n1N,6.2380721615794705
CHEMBL4864983,IC50,nM,433.0,IC50,nM,433.0,C=CC(=O)N1CCCC[C@H]1c1nc(-c2ccc(C(=O)Nc3cc(C(F)(F)F)ccn3)cc2)c(C(N)=O)n1N,6.363512103646634
CHEMBL4863836,IC50,nM,79.4,IC50,nM,79.4,C=CC(=O)N1CCCC[C@H]1c1nc(-c2ccc(C(=O)Nc3cc(-c4ccccc4)ccn3)cc2)c(C(N)=O)n1N,7.100179497572904
CHEMBL4863913,IC50,nM,113.0,IC50,nM,113.0,C=CC(=O)N1CCCC[C@H]1c1nc(-c2ccc(C(=O)Nc3cc(-c4ccc(F)cc4)ccn3)cc2)c(C(N)=O)n1N,6.94692155651658
CHEMBL4878626,IC50,nM,12.6,IC50,nM,12.6,C=CC(=O)N1CCCC[C@H]1c1nc(-c2ccc(C(=O)Nc3cc(-c4ccc(Cl)cc4)ccn3)cc2)c(C(N)=O)n1N,7.8996294548824375
CHEMBL4847730,IC50,nM,11802.0,IC50,nM,11802.0,CC#CC(=O)N1CCCC[C@H]1c1nc(-c2ccc(C(=O)Nc3cc(C(F)(F)F)ccn3)cc2)c(C(N)=O)n1N,4.928044389697019
CHEMBL4849268,IC50,nM,16807.0,IC50,nM,16807.0,CC#CC(=O)N1CCCC[C@H]1c1nc(-c2ccc(C(=O)Nc3cc(-c4ccccc4)ccn3)cc2)c(C(N)=O)n1N,4.774509799928716
CHEMBL3707348,IC50,nM,3513.0,IC50,nM,3513.0,CC#CC(=O)N1CCC[C@H]1c1nc(-c2ccc(C(=O)Nc3ccccn3)cc2)c2c(N)nccn12,5.454321850207974
CHEMBL3936761,IC50,nM,21.2,IC50,nM,21.2,C=CC(=O)N1CCC([C@@H]2CCNc3c(C(N)=O)c(-c4ccc(Oc5ccccc5)cc4)nn32)CC1,7.673664139071248
CHEMBL3647964,IC50,nM,1.2,IC50,nM,1.2,C=CC(=O)N1CCC[C@H](n2nc(-c3ccc(Oc4ccccc4)cc3)c3c(N)ncnc32)C1,8.920818753952375
CHEMBL4863078,IC50,nM,109.0,IC50,nM,109.0,C=CC(=O)N1CCC(c2cnn3c(C(N)=O)c(-c4ccc(Oc5ccccc5)cc4)[nH]c23)CC1,6.962573502059376
CHEMBL4878090,IC50,nM,14010.0,IC50,nM,14010.0,CC#CC(=O)N1CCC(c2cnn3c(C(N)=O)c(-c4ccc(Oc5ccccc5)cc4)[nH]c23)CC1,4.853561864714226
CHEMBL4871192,IC50,nM,30.8,IC50,nM,30.8,C#CC(=O)N1CCC(c2cnn3c(C(N)=O)c(-c4ccc(Oc5ccccc5)cc4)[nH]c23)CC1,7.511449283499556
CHEMBL4869409,IC50,nM,16.3,IC50,nM,16.3,C#CC(=O)N1CCC(c2cnn3c(C(N)=O)c(-c4ccc(Oc5ccccc5F)cc4)[nH]c23)CC1,7.787812395596042
CHEMBL4857353,IC50,nM,32.8,IC50,nM,32.8,C#CC(=O)N1CCC(c2cnn3c(C(N)=O)c(-c4ccc(Oc5ccc(F)cc5F)cc4)[nH]c23)CC1,7.484126156288321
CHEMBL4856592,IC50,nM,50.8,IC50,nM,50.8,C#CC(=O)N1CCC(c2cnn3c(C(N)=O)c(-c4ccc(Oc5ccc(OC)cc5)cc4)[nH]c23)CC1,7.294136287716081
CHEMBL4875332,IC50,nM,29.7,IC50,nM,29.7,C#CC(=O)N1CCC(c2cnn3c(C(N)=O)c(-c4ccc(Oc5ccccc5)cc4)[nH]c23)C1,7.527243550682788
CHEMBL4852264,IC50,nM,38.6,IC50,nM,38.6,C#CC(=O)N1CCC(c2cnn3c(C(N)=O)c(-c4ccc(Oc5ccc(F)cc5)cc4)[nH]c23)C1,7.413412695328245
CHEMBL4873984,IC50,nM,104.0,IC50,nM,104.0,C#CC(=O)N1CCC(c2cnn3c(C(N)=O)c(-c4ccc(Oc5ccccc5OC)cc4)[nH]c23)C1,6.982966660701219
CHEMBL4863088,IC50,nM,33.8,IC50,nM,33.8,C#CC(=O)N1CC(c2cnn3c(C(N)=O)c(-c4ccc(Oc5ccccc5)cc4)[nH]c23)C1,7.471083299722345
CHEMBL4867893,IC50,nM,88.3,IC50,nM,88.3,C#CC(=O)N1CC(c2cnn3c(C(N)=O)c(-c4ccc(Oc5ccc(OC)cc5)cc4)[nH]c23)C1,7.054039296422431
CHEMBL4871593,IC50,nM,60.0,IC50,nM,60.0,C=CCn1c(=O)c2cnc(Nc3ccc(N4CCN(C)CC4)cc3)nc2n1-c1ccc2c(n1)C(O)(CC)CC2,7.221848749616356
CHEMBL4878790,IC50,nM,2980.0,IC50,uM,2.98,O=C(Nc1cncnc1Oc1cccc(C(F)(F)F)c1)c1ccc(F)cc1,5.525783735923745
CHEMBL4877510,IC50,nM,1.3,IC50,nM,1.3,CCn1c(-c2ccccc2)c(-c2ncnc3cc(OC)c(OCCCN4CCOCC4)cc23)c2ccccc21,8.886056647693163
CHEMBL5085136,IC50,nM,6.5,IC50,nM,6.5,C=CC(=O)N1CCC2(CC1)CNC(=O)c1cc(-c3ccnc(-c4ccc5c(c4)OCO5)n3)[nH]c12,8.187086643357144
CHEMBL5082422,IC50,nM,499.0,IC50,nM,499.0,CC#CC(=O)Nc1cccc(-c2nccc(-c3cc4c([nH]3)C3(CCNCC3)CNC4=O)n2)c1,6.30189945437661
CHEMBL5083976,IC50,nM,9.6,IC50,nM,9.6,C=CC(=O)N1CCC2(CC1)CNC(=O)c1cc(-c3ccnc(-c4cccc(OC)c4)n3)[nH]c12,8.017728766960431
CHEMBL5077776,IC50,nM,0.9,IC50,nM,0.9,C=CC(=O)N1CCC2(CC1)CNC(=O)c1cc(-c3ccnc(Nc4ccccc4OC)n3)[nH]c12,9.045757490560675
CHEMBL5088102,IC50,nM,2.8,IC50,nM,2.8,COc1ccccc1Nc1nccc(-c2cc3c([nH]2)C2(CCN(C(=O)C#CN(C)C)CC2)CNC3=O)n1,8.55284196865778
CHEMBL5089073,IC50,nM,37.0,IC50,nM,37.0,C=CC(=O)N1CCC2(CC1)CNC(=O)c1cc(-c3ccnc(Nc4ccccc4OC)c3)[nH]c12,7.431798275933005
CHEMBL5076067,IC50,nM,0.8,IC50,nM,0.8,C=CC(=O)N1CCC2(CC1)CNC(=O)c1cc(-c3nc(Nc4ccccc4OC)ncc3Cl)[nH]c12,9.096910013008056
CHEMBL5085118,IC50,nM,1.2,IC50,nM,1.2,C=CC(=O)N1CCC2(CC1)CNC(=O)c1cc(-c3nc(Nc4ccccc4OC)ncc3C)[nH]c12,8.920818753952375
CHEMBL5079430,IC50,nM,1.3,IC50,nM,1.3,C=CC(=O)N1CCC2(CC1)CNC(=O)c1cc(-c3ccnc(Nc4ccccc4OC(C)C)n3)[nH]c12,8.886056647693163
CHEMBL5082149,IC50,nM,17700.0,IC50,uM,17.7,COc1cc(CC(=O)N2CC(=O)N[C@@H](Cc3ccccc3)C(=O)N(CC(N)=O)C(=O)CCSCc3ccc(cc3)C(=O)N[C@@H](CCCCN)CN(C(=O)CCC3CCCCC3)CC(=O)N[C@@H](Cc3ccccc3)CN(C(=O)CCc3ccccc3)CC(=O)N[C@@H](Cc3ccccc3)C2)cc(OC)c1,4.752026733638194
CHEMBL5094282,IC50,nM,10.52,IC50,nM,10.52,CS(=O)(=O)CCN(Cc1ccc(-c2ccc3ncnc(Nc4ccc(OCc5cccc(F)c5)c(Cl)c4)c3c2)o1)C(=O)CCC(=O)OCCN1CCN(CCCN2c3ccccc3Sc3ccc(Cl)cc32)CC1,7.9779842601822795
CHEMBL5079998,IC50,nM,7.36,IC50,nM,7.36,CC(OC(=O)CCCC(=O)N(CCS(C)(=O)=O)Cc1ccc(-c2ccc3ncnc(Nc4ccc(OCc5cccc(F)c5)c(Cl)c4)c3c2)o1)c1cc2c(o1)C(=O)c1ccccc1C2=O,8.1331221856625
CHEMBL5077378,IC50,nM,1.3,IC50,uM,0.0013,COc1cc(N2CCC(N3CCN(C)CC3)CC2)c(-c2cn[nH]c2)cc1Nc1ncc(Cl)c(Nc2ccccc2P(C)(C)=O)n1,8.886056647693163
CHEMBL5094480,IC50,nM,0.9,IC50,uM,0.0009,COc1cc(N2CCC(N(C)C)CC2)c(-c2cn[nH]c2)cc1Nc1ncc(Cl)c(Nc2ccccc2P(C)(C)=O)n1,9.045757490560675
CHEMBL5087815,IC50,nM,0.92,IC50,uM,0.0009199999999999999,COc1cc(N2CCC(N3CCN(C)CC3)CC2)c(-c2cnn(C)c2)cc1Nc1ncc(Cl)c(Nc2ccccc2P(C)(C)=O)n1,9.036212172654444
CHEMBL5086066,IC50,nM,1.7,IC50,uM,0.0017,COc1cc(N2CCC(N(C)C)CC2)c(-c2cnn(C)c2)cc1Nc1ncc(Cl)c(Nc2ccccc2P(C)(C)=O)n1,8.769551078621726
CHEMBL5087610,IC50,nM,3.3,IC50,uM,0.0033,COc1cc(N2CCN(C)CC2)c(-c2cnn(C)c2)cc1Nc1ncc(Cl)c(Nc2ccccc2P(C)(C)=O)n1,8.481486060122112
CHEMBL5087264,IC50,nM,4.4,IC50,uM,0.0044,COc1cc(N2CCOCC2)c(-c2cnn(C)c2)cc1Nc1ncc(Cl)c(Nc2ccccc2P(C)(C)=O)n1,8.356547323513812
CHEMBL5081299,IC50,nM,5.6,IC50,uM,0.0056,COc1cc(N2CCOCC2)c(-c2cn[nH]c2)cc1Nc1ncc(Cl)c(Nc2ccccc2P(C)(C)=O)n1,8.2518119729938
CHEMBL5078413,IC50,nM,2.4,IC50,uM,0.0024,CCP(=O)(CC)c1ccccc1Nc1nc(Nc2cc(-c3cnn(C)c3)c(N3CCOCC3)cc2OC)ncc1Cl,8.619788758288394
CHEMBL5094288,IC50,nM,8.04,IC50,nM,8.04,C#CCN1CCN(c2ccc(Nc3ncc4c(C)cc(=O)n(-c5cccc(NC(=O)C=C)c5)c4n3)c(OC)c2)CC1,8.094743951251548
CHEMBL1714813,IC50,nM,1.0,IC50,nM,1.0,COc1cc2ncnc(N[C@H](C)c3ccccc3)c2cc1OC,9.0
CHEMBL5087955,IC50,nM,2800.0,IC50,nM,2800.0,COc1cc2nc(C)nc(N[C@H](C)c3ccccc3)c2cc1OC,5.552841968657781
CHEMBL5085143,IC50,nM,6.4,IC50,nM,6.4,C=CC(=O)Nc1cc(Nc2ncc(Cl)c(N3CCc4sccc4C3)n2)c(OC)cc1N(C)CCN(C)C,8.193820026016112
CHEMBL5082394,IC50,nM,170.0,IC50,nM,170.0,CCC(=O)Nc1cc(Nc2ncc(Cl)c(N3CCc4sccc4C3)n2)c(OC)cc1N(C)CCN(C)C,6.769551078621726
CHEMBL5075204,IC50,nM,352.8,IC50,nM,352.8,C/C=C/C(=O)Nc1cc(Nc2ncc(Cl)c(N3CCc4sccc4C3)n2)c(OC)cc1N(C)CCN(C)C,6.452471423540218
CHEMBL5079081,IC50,nM,96.3,IC50,nM,96.3,C=C(Cl)C(=O)Nc1cc(Nc2ncc(Cl)c(N3CCc4sccc4C3)n2)c(OC)cc1N(C)CCN(C)C,7.016373712875465
CHEMBL5086894,IC50,nM,51.2,IC50,nM,51.2,COc1cc(Nc2ncc(Cl)c(Nc3ccccc3P(C)(C)=O)n2)ccc1N1CCC(N2CCN(C)CC2)CC1,7.29073003902417
CHEMBL5084760,IC50,nM,62.3,IC50,nM,62.3,Cc1cc(Nc2ncc(Cl)c(Nc3ccccc3P(C)(C)=O)n2)ccc1N1CCC(N2CCN(C)CC2)CC1,7.205511953340831
CHEMBL5077866,IC50,nM,157.0,IC50,nM,157.0,CN1CCN(C2CCN(c3ccc(Nc4ncc(Cl)c(Nc5ccccc5P(C)(C)=O)n4)cc3OC(F)(F)F)CC2)CC1,6.804100347590766
CHEMBL5088423,IC50,nM,538.1,IC50,nM,538.1,CN1CCN(C2CCN(c3ccc(Nc4ncc(Cl)c(Nc5ccccc5P(C)(C)=O)n4)cc3C(F)(F)F)CC2)CC1,6.269137007953506
CHEMBL5078816,IC50,nM,198.7,IC50,nM,198.7,CN1CCN(C2CCN(c3ccc(Nc4ncc(Cl)c(Nc5ccccc5P(C)(C)=O)n4)cc3C(F)F)CC2)CC1,6.701802132890185
CHEMBL5076986,IC50,nM,38.3,IC50,nM,38.3,CN1CCN(C2CCN(c3ccc(Nc4ncc(Cl)c(Nc5ccccc5P(C)(C)=O)n4)cc3Cl)CC2)CC1,7.416801226031377
CHEMBL5091683,IC50,nM,113.1,IC50,nM,113.1,CN1CCN(C2CCN(c3ccc(Nc4ncc(Br)c(Nc5ccccc5P(C)(C)=O)n4)cc3Cl)CC2)CC1,6.946537395074545
CHEMBL5087931,IC50,nM,337.6,IC50,nM,337.6,Cc1cc(Nc2ncc(Cl)c(Nc3ccccc3P(C)(C)=O)n2)cnc1N1CCC(N2CCN(C)CC2)CC1,6.471597562046383
CHEMBL5081817,IC50,nM,299.8,IC50,nM,299.8,CN1CCN(C2CCN(c3c(Cl)cc(Nc4ncc(Cl)c(Nc5ccccc5P(C)(C)=O)n4)cc3Cl)CC2)CC1,6.523168371487739
CHEMBL5081174,IC50,nM,65.9,IC50,nM,65.9,CN1CCN(C2CCN(c3cc(Cl)c(Nc4ncc(Cl)c(Nc5ccccc5P(C)(C)=O)n4)cc3Cl)CC2)CC1,7.18111458540599
CHEMBL5069689,IC50,nM,18.1,IC50,nM,18.1,C=CC(=O)Nc1cccc(-n2c(=O)c(-c3ccccc3)nc3cnc(Nc4ccc(OC)cc4)nc32)c1,7.7423214251308154
CHEMBL5087214,IC50,nM,130.3,IC50,nM,130.3,C=CC(=O)Nc1cccc(-n2c(=O)c(Cc3ccccc3)nc3cnc(Nc4ccc(OC)cc4)nc32)c1,6.885055584287415
CHEMBL5083645,IC50,nM,9.1,IC50,nM,9.1,C=CC(=O)Nc1cccc(-n2c(=O)c(Oc3ccccc3)nc3cnc(Nc4ccc(OC)cc4)nc32)c1,8.040958607678906
CHEMBL5087785,IC50,nM,335.5,IC50,nM,335.5,C=CC(=O)Nc1cccc(-n2c(=O)c(C)nc3cnc(Nc4ccc(OCCOC)cc4)nc32)c1,6.474307475494989
CHEMBL5076283,IC50,nM,5.1,IC50,nM,5.1,C=CC(=O)Nc1cccc(-n2c(=O)c(-c3ccccc3)nc3cnc(Nc4ccc(OCCOC)cc4)nc32)c1,8.292429823902063
CHEMBL5069609,IC50,nM,1.1,IC50,nM,1.1,C=CC(=O)Nc1cccc(-n2c(=O)c(-c3ccccc3F)nc3cnc(Nc4ccc(OCCOC)cc4)nc32)c1,8.958607314841775
CHEMBL5075594,IC50,nM,11.0,IC50,nM,11.0,C=CC(=O)Nc1cccc(-n2c(=O)c(-c3ccccc3Cl)nc3cnc(Nc4ccc(OCCOC)cc4)nc32)c1,7.958607314841775
CHEMBL5087793,IC50,nM,136.9,IC50,nM,136.9,C=CC(=O)Nc1cccc(-n2c(=O)c(C3CCCC3)nc3cnc(Nc4ccc(OCCOC)cc4)nc32)c1,6.86359655186601
CHEMBL5086054,IC50,nM,462.9,IC50,nM,462.9,C=CC(=O)Nc1cccc(-n2c(=O)c(C3CC3)nc3cnc(Nc4ccc(OCCOC)cc4)nc32)c1,6.334512819217189
CHEMBL5077901,IC50,nM,379.0,IC50,nM,379.0,C=CC(=O)Nc1cccc(-n2c(=O)c(C(C)C)nc3cnc(Nc4ccc(OCCOC)cc4)nc32)c1,6.421360790031928
CHEMBL5077665,IC50,nM,279.2,IC50,nM,279.2,C=CC(=O)Nc1cccc(-n2c(=O)c(CC)nc3cnc(Nc4ccc(OCCOC)cc4)nc32)c1,6.554084586048877
CHEMBL5088574,IC50,nM,341.6,IC50,nM,341.6,C=CC(=O)Nc1cccc(-n2c(=O)c(C3CCCCC3)nc3cnc(Nc4cccc(N5CCN(C)CC5)c4)nc32)c1,6.466482137983032
CHEMBL5081433,IC50,nM,83.2,IC50,nM,83.2,C=CC(=O)Nc1cccc(-n2c(=O)c(C3CCCCC3)nc3cnc(Nc4cccc(OCC(N)=O)c4)nc32)c1,7.079876673709276
CHEMBL5080260,IC50,nM,33.8,IC50,nM,33.8,C=CC(=O)Nc1cccc(-n2c(=O)c(C3CCCCC3)nc3cnc(Nc4cccc(OCC(C)=O)c4)nc32)c1,7.471083299722345
CHEMBL5085807,IC50,nM,117.6,IC50,nM,117.6,C=CC(=O)Nc1cccc(-n2c(=O)c(C3CCCCC3)nc3cnc(Nc4cccc(OCCOC)c4)nc32)c1,6.929592678259881
CHEMBL5092606,IC50,nM,7137.0,IC50,nM,7137.0,CN(C)C(=O)c1ccc(Nc2ncc(C(F)(F)F)c(N[C@H]3CC[C@@H](N)CC3)n2)cc1,5.146484303243072
CHEMBL5094406,IC50,nM,18.7,IC50,nM,18.7,C=CC(=O)Nc1cc(Nc2nccc(Nc3cnn(CC)c3)n2)c(OC)cc1N(C)CCN(C)C,7.728158393463501
CHEMBL5071181,IC50,nM,54.35,IC50,nM,54.35,C=CC(=O)Nc1cc(Nc2nccc(Nc3cnn(C)c3)n2)c(OC)cc1N(C)CCN(C)C,7.2648004515776865
CHEMBL5080676,IC50,nM,11.61,IC50,nM,11.61,C=CC(=O)Nc1cc(Nc2nccc(Nc3cn(C)nc3C)n2)c(OC)cc1N(C)CCN(C)C,7.935167780261426
CHEMBL5088907,IC50,nM,12.59,IC50,nM,12.59,C=CC(=O)Nc1cc(Nc2nccc(Nc3ccn(C)n3)n2)c(OC)cc1N(C)CCN(C)C,7.899974269892137
CHEMBL5083034,IC50,nM,46.36,IC50,nM,46.36,C=CC(=O)Nc1cc(Nc2nccc(Nc3cn(C)c4ccccc34)n2)c(OC)cc1N(C)CCN(C)CC(=O)OC,7.3338565727084415
CHEMBL5082074,IC50,nM,142.8,IC50,nM,142.8,C=CC(=O)Nc1cc(Nc2nccc(Nc3cn(C)c4ccccc34)n2)c(OC)cc1N(C)CCN(C)Cc1ccc(Br)cc1,6.845271792559845
CHEMBL5087139,IC50,nM,300.5,IC50,nM,300.5,C=CC(=O)Nc1cc(Nc2nccc(Nc3cn(C)c4ccccc34)n2)c(OC)cc1N(C)CCN(C)C(=O)c1ccc(Br)cc1,6.522155523661242
CHEMBL5094237,IC50,nM,902.4,IC50,nM,902.4,C=CC(=O)Nc1cc(Nc2nccc(Nc3cn(C)c4ccccc34)n2)c(OC)cc1N(C)CCN(C)C(=O)/C=C/C,6.044600913360733
CHEMBL5089336,IC50,nM,723.5,IC50,nM,723.5,C=CC(=O)Nc1cc(Nc2nccc(Nc3cn(C)c4ccccc34)n2)c(OC)cc1N(C)CCN(C)C(=O)C=C,6.140561464544944
CHEMBL5076881,IC50,nM,948.8,IC50,nM,948.8,C=CC(=O)Nc1cc(Nc2nccc(Nc3cn(C)c4ccccc34)n2)c(OC)cc1N(C)CCN(C)C(=O)C#CC,6.022825323979813
CHEMBL5084983,IC50,nM,212.7,IC50,nM,212.7,C=CC(=O)Nc1cc(Nc2nccc(Nc3cn(C)c4ccccc34)n2)c(OC)cc1N(C)CCN(C)C(=O)OC,6.672232510097271
CHEMBL5072451,IC50,nM,9.574,IC50,nM,9.574,C#CCN(C)CCN(C)c1cc(OC)c(Nc2nccc(Nc3cn(C)c4ccccc34)n2)cc1NC(=O)C=C,8.01890657685407
CHEMBL5089161,IC50,nM,11.23,IC50,nM,11.23,C=CC(=O)Nc1cc(Nc2nccc(Nc3cn(C)c4ccccc34)n2)c(OC)cc1N(C)CCN(C)Cc1ccccc1,7.949620243738543
CHEMBL5085816,IC50,nM,63.98,IC50,nM,63.98,C=CC(=O)Nc1cc(Nc2nccc(Nc3cn(C)c4ccccc34)n2)c(OC)cc1N(C)CCN(C)CC(=C)C,7.193955764251911
CHEMBL5093402,IC50,nM,13.11,IC50,nM,13.11,C=CCCN(C)CCN(C)c1cc(OC)c(Nc2nccc(Nc3cn(C)c4ccccc34)n2)cc1NC(=O)C=C,7.8823973083099155
CHEMBL5089912,IC50,nM,106.2,IC50,nM,106.2,C=CC(=O)Nc1cc(Nc2nccc(Nc3ccn(C)n3)n2)c(OC)cc1N(C)CCN(C)CC(=O)OC,6.97387548325455
CHEMBL5093794,IC50,nM,287.7,IC50,nM,287.7,C=CC(=O)Nc1cc(Nc2nccc(Nc3ccn(C)n3)n2)c(OC)cc1N(C)CCN(C)C(=O)OC,6.541060138109674
CHEMBL5087994,IC50,nM,625.4,IC50,nM,625.4,C=CC(=O)Nc1cc(Nc2nccc(Nc3ccn(C)n3)n2)c(OC)cc1N(C)CCN(C)CC(=C)C,6.203842123093086
CHEMBL5070579,IC50,nM,22.34,IC50,nM,22.34,C#CCN(C)CCN(C)c1cc(OC)c(Nc2nccc(Nc3ccn(C)n3)n2)cc1NC(=O)C=C,7.650916831220409
CHEMBL5093625,IC50,nM,39.62,IC50,nM,39.62,C=CCC(=O)N(C)CCN(C)c1cc(OC)c(Nc2nccc(Nc3cn(C)c4ccccc34)n2)cc1NC(=O)C=C,7.402085528797472
CHEMBL5090133,IC50,nM,7513.0,IC50,nM,7513.0,C=CCCN(C)CCN(C)c1cc(OC)c(Nc2nccc(Nc3ccn(C)n3)n2)cc1NC(=O)C=C,5.124186611160242
CHEMBL5173408,IC50,nM,88.3,IC50,nM,88.3,O=C(Cc1csc2nc3ccccc3n12)Nc1cccc2ccccc12,7.054039296422431
CHEMBL5201387,IC50,nM,180.0,IC50,uM,0.18,C=CC(=O)Nc1ccc(Nc2nccc(-c3cn(C)c4ccccc34)n2)cc1,6.7447274948966935
CHEMBL5175924,IC50,nM,220.0,IC50,uM,0.22,CC#CC(=O)Nc1ccc(Nc2nccc(-c3cn(C)c4ccccc34)n2)cc1,6.657577319177793
CHEMBL5208349,IC50,nM,8000.0,IC50,uM,8.0,CCC/C=C/C(=O)Nc1cc(Nc2ncc(-c3cc4ccccc4n3C)c(C)n2)c(OC)cc1N(C)CCN(C)C,5.096910013008056
CHEMBL5196024,IC50,nM,27.5,IC50,nM,27.5,C=CC(=O)Nc1cccc(Nc2nc(Nc3ccc(SCCCN4CCOCC4)cc3)ncc2Cl)c1,7.560667306169737
CHEMBL5187169,IC50,nM,9.1,IC50,nM,9.1,C=CC(=O)Nc1cccc(Nc2nc(Nc3ccc(SCC(=O)N4CCOCC4)cc3)ncc2Cl)c1,8.040958607678906
CHEMBL5181237,IC50,nM,3.76,IC50,nM,3.76,Brc1cccc(Nc2ncnc3[nH]ccc23)c1,8.424812155072338
CHEMBL5207949,IC50,nM,3.63,IC50,nM,3.63,Clc1ccc(Nc2ncnc3[nH]ccc23)cc1Br,8.440093374963887
CHEMBL5203640,IC50,nM,88.0,IC50,nM,88.0,C=CC(=O)N1CCCC(n2nc(-c3ccc4ccccc4c3)c3c(N)ncnc32)C1,7.055517327849832
CHEMBL5187375,IC50,nM,180.0,IC50,uM,0.18,Cc1nn(-c2ccc(F)cc2)c2c(Nc3ccc(F)c(Cl)c3)ncnc12,6.7447274948966935
CHEMBL5198368,IC50,nM,90.0,IC50,uM,0.09,CC1=NNC2=NC(=O)NC(c3ccccc3Br)C12,7.045757490560675
CHEMBL5196209,IC50,nM,60.0,IC50,uM,0.06,Cc1n[nH]c2c1C(c1ccccc1Br)c1c(ncn(N)c1=N)O2,7.221848749616356
CHEMBL5206805,IC50,nM,200.0,IC50,uM,0.2,Fc1cccc(COc2ccc(Nc3ncnc4sc5c(c34)CCCC5)cc2Cl)c1,6.698970004336019
CHEMBL5195593,IC50,nM,200.0,IC50,uM,0.2,Cc1ccc(/C=N/NC(=O)CNc2nc(-c3ccccc3)c(-c3ccccc3)s2)cc1,6.698970004336019
CHEMBL5198920,IC50,nM,7.696,IC50,nM,7.696000000000001,C=CC(=O)N1CCC(Oc2nc(Nc3ccc(N(C)CCN(C)C)cc3OC)nc3[nH]ccc23)CC1,8.113734940970243
CHEMBL5205097,IC50,nM,12.32,IC50,nM,12.32,C=CC(=O)N1CCC(Oc2nc(Nc3ccc(N4CCN(C)CC4)cc3OC)nc3[nH]ccc23)CC1,7.909389292171594
CHEMBL5192155,IC50,nM,13.42,IC50,nM,13.42,C=CC(=O)N1CCC(Oc2nc(Nc3ccc(N4CCN(C)CC4)c(F)c3)nc3[nH]ccc23)CC1,7.872247484167027
CHEMBL5208416,IC50,nM,5.681,IC50,nM,5.681,C=CC(=O)N1CCC(Oc2nc(Nc3ccc(N4CCN(C)CC4)cc3)nc3[nH]ccc23)CC1,8.245575210722741
CHEMBL5189711,IC50,nM,31.35,IC50,nM,31.35,C=CC(=O)N1CCC(Oc2nc(Nc3ccc(N4CCN(C(C)=O)CC4)cc3OC)nc3[nH]ccc23)CC1,7.503762454833264
CHEMBL5208549,IC50,nM,203.8,IC50,nM,203.8,C=CC(=O)N1CCC(Oc2nc(Nc3cnn(C)c3)nc3[nH]ccc23)CC1,6.690795820329592
CHEMBL5199399,IC50,nM,14.2,IC50,nM,14.2,C=CC(=O)N1CCC(Oc2nc(Nc3ccc(N4CCN(C)CC4)cc3OC)nc3ccsc23)CC1,7.847711655616943
CHEMBL5191556,IC50,nM,10.32,IC50,nM,10.32,C=CC(=O)N1CCC(Oc2nc(Nc3ccc(N4CCN(C)CC4)c(F)c3)nc3ccsc23)CC1,7.986320302708807
CHEMBL5179952,IC50,nM,4.902,IC50,nM,4.902,C=CC(=O)N1CCC(Oc2nc(Nc3ccc(N4CCN(C)CC4)cc3)nc3ccsc23)CC1,8.30962669308394
CHEMBL5174995,IC50,nM,20.23,IC50,nM,20.23,C=CC(=O)N1CCC(Oc2nc(Nc3ccc(N4CCN(C(C)=O)CC4)cc3OC)nc3ccsc23)CC1,7.694004117229195
CHEMBL5171318,IC50,nM,135.0,IC50,nM,135.0,C=CC(=O)N1CCC(Oc2nc(Nc3cnn(C)c3)nc3ccsc23)CC1,6.8696662315049934
CHEMBL5184048,IC50,nM,126.0,IC50,nM,126.0,C=CC(=O)N1CCC(Oc2nc(Nc3ccn(C)n3)nc3ccsc23)CC1,6.899629454882437
CHEMBL5181848,IC50,nM,9.664,IC50,nM,9.664,C=CC(=O)N1CCC(Oc2nc(Nc3ccc(N4CCOCC4)cc3OC)nc3ccsc23)CC1,8.014843078722944
CHEMBL5172236,IC50,nM,6.532,IC50,nM,6.532,C=CC(=O)N1CCC(Oc2nc(Nc3ccc(N4CCOCC4)cc3)nc3ccsc23)CC1,8.18495382393537
CHEMBL5203195,IC50,nM,9.6,IC50,nM,9.6,C=CC(=O)N1CCC(Oc2nc(Nc3ccc(N4CCN(C)CC4)c(F)c3)ncc2Cl)CC1,8.017728766960431
CHEMBL5183664,IC50,nM,20.1,IC50,nM,20.1,C=CC(=O)N1CCC(Oc2nc(Nc3ccc(N4CCN(C)CC4)cc3)ncc2Cl)CC1,7.696803942579511
CHEMBL5199354,IC50,nM,42.06,IC50,nM,42.06,C=CC(=O)N1CCC(Oc2nc(Nc3ccc(N4CCN(CCO)CC4)cc3)ncc2Cl)CC1,7.376130731649698
CHEMBL5184813,IC50,nM,12.3,IC50,nM,12.3,C=CC(=O)N1CCC(Oc2nc(Nc3ccc(CN4CCC(CO)CC4)cc3)ncc2Cl)CC1,7.910094888560602
CHEMBL5203176,IC50,nM,356.26,IC50,nM,356.26,CCC(=O)N1CCC(Oc2nc(Nc3ccc(N4CCN(C)CC4)cc3)nc3ccsc23)CC1,6.448232936432229
CHEMBL5189340,IC50,nM,0.45,IC50,nM,0.45,CN(C)c1ccc(/C=N/NC(=O)Cn2nc(Cc3ccc(Cl)cc3)c3ccccc3c2=O)cc1,9.346787486224656
CHEMBL4114766,IC50,nM,368.0,IC50,nM,368.0,CC(C)(C)/C=C(\C#N)C(=O)N1CCC[C@@H](n2nc(-c3ccc(Oc4ccccc4)cc3F)c3c(N)ncnc32)C1,6.434152181326482
CHEMBL5189379,IC50,nM,980.0,IC50,nM,980.0,CN1CCN(C(C)(C)/C=C(\C#N)C(=O)N2CCC[C@@H](n3nc(-c4ccc(Oc5ccccc5)cc4F)c4c(N)ncnc43)C2)CC1,6.008773924307505
CHEMBL5184084,IC50,nM,3000.0,IC50,nM,3000.0,CC(C)(/C=C(/C#N)C(=O)N1CCC[C@@H]1Cn1nc(-c2ccc(Oc3ccccc3)cc2F)c2c(N)ncnc21)N1CCOCC1,5.522878745280337
CHEMBL5194543,IC50,nM,180.0,IC50,uM,0.18,Cc1ccc(-c2c(CN3CCCCC3)nc3scc(C(=O)O)n23)cc1,6.7447274948966935
CHEMBL5176561,IC50,nM,450.0,IC50,uM,0.45,CCC(=O)NNC(=O)c1csc2ncc(-c3ccc(C)cc3)n12,6.346787486224656
CHEMBL5204417,IC50,nM,153.0,IC50,uM,0.153,CC(=O)NNC(=O)c1csc2ncc(-c3ccc(Br)cc3)n12,6.815308569182402
CHEMBL5170804,IC50,nM,246.0,IC50,uM,0.24600000000000002,Cc1ccc(-c2c(CN3CCOCC3)nc3scc(C(=O)NN)n23)cc1,6.609064892896621
CHEMBL5173449,IC50,nM,122.0,IC50,uM,0.122,COc1ccc(-c2c(CN3CCOCC3)nc3scc(C(=O)NN)n23)cc1,6.913640169325252
CHEMBL5204650,IC50,nM,419.0,IC50,uM,0.419,NNC(=O)c1csc2nc(CN3CCOCC3)c(-c3ccc(Br)cc3)n12,6.377785977033705
CHEMBL5178922,IC50,nM,10.3,IC50,nM,10.3,O=C(CCCCCCN1CC(c2ccc3ncnc(Nc4ccc(Br)cc4F)c3c2)N=N1)NO,7.987162775294828
CHEMBL5192318,IC50,nM,1547.0,IC50,uM,1.547,NNC(=O)/C=C1/Nc2ccc(Br)cc2NC1=O,5.810509686300632
CHEMBL5208825,IC50,nM,957.0,IC50,uM,0.9570000000000001,COC(=O)CCc1nc2ccc(Br)cc2[nH]c1=O,6.019088062223156
CHEMBL5206400,IC50,nM,1340.0,IC50,uM,1.34,COC(=O)CCc1nc2ccc(Cl)cc2[nH]c1=O,5.872895201635193
CHEMBL5206715,IC50,nM,10.4,IC50,nM,10.4,CCc1cc(Nc2ncc(Br)c(Nc3ccc4nccnc4c3P(C)(C)=O)n2)c(OC)cc1N1CCC(N2CCN(CCS(C)(=O)=O)CC2)CC1,7.982966660701219
CHEMBL5196498,IC50,nM,3230.0,IC50,nM,3230.0,C=CC(=O)Nc1cccc(Nc2nc(Nc3ccc(N4CCN(C(=O)CCCC(=O)Nc5cccc6c5C(=O)N(C5CCC(=O)NC5=O)C6=O)CC4)cc3OC)ncc2C(F)(F)F)c1,5.490797477668897
CHEMBL5201794,IC50,nM,647.9,IC50,nM,647.9,C=CC(=O)Nc1cccc(Nc2nc(Nc3ccc(N4CCN(C(=O)CCCCCC(=O)Nc5cccc6c5C(=O)N(C5CCC(=O)NC5=O)C6=O)CC4)cc3OC)ncc2C(F)(F)F)c1,6.188492020054674
CHEMBL5206775,IC50,nM,364.2,IC50,nM,364.2,C=CC(=O)Nc1cccc(Nc2nc(Nc3ccc(N4CCN(CCOCCNc5cccc6c5C(=O)N(C5CCC(=O)NC5=O)C6=O)CC4)cc3OC)ncc2C(F)(F)F)c1,6.438660058541099
CHEMBL5175891,IC50,nM,838.6,IC50,nM,838.6,C=CC(=O)Nc1cccc(Nc2nc(Nc3ccc(N4CCN(CC(=O)NCCNc5cccc6c5C(=O)N(C5CCC(=O)NC5=O)C6=O)CC4)cc3OC)ncc2C(F)(F)F)c1,6.07644514193245
CHEMBL5200495,IC50,nM,614.4,IC50,nM,614.4,C=CC(=O)Nc1cccc(Nc2nc(Nc3ccc(N4CCN(C(=O)CCCCNc5cccc6c5C(=O)N(C5CCC(=O)NC5=O)C6=O)CC4)cc3OC)ncc2C(F)(F)F)c1,6.2115487929765445
CHEMBL5204954,IC50,nM,1404.0,IC50,nM,1404.0,C=CC(=O)Nc1cccc(Nc2nc(Nc3ccc(N4CCN(CC(=O)NCCNc5cccc6c5C(=O)N(C5CCC(=O)N(C)C5=O)C6=O)CC4)cc3OC)ncc2C(F)(F)F)c1,5.852632892206214
CHEMBL5179538,IC50,nM,2397.0,IC50,nM,2397.0,C=CC(=O)Nc1cccc(Nc2nc(Nc3ccc(N4CCN(CC(=O)NCCNc5cccc6c5CN(C5CCC(=O)NC5=O)C6=O)CC4)cc3OC)ncc2C(F)(F)F)c1,5.620331965966346
CHEMBL5209094,IC50,nM,0.1,IC50,nM,0.1,CCc1cc(Nc2ncc(Br)c(Nc3ccn4ncnc4c3P(C)(C)=O)n2)c(OC)cc1N1CCC(N2CCN(CC)CC2)CC1,10.0
CHEMBL5195137,IC50,nM,0.18,IC50,nM,0.18,CCc1cc(Nc2ncc(Br)c(Nc3ccn4ncnc4c3P(C)(C)=O)n2)c(OC)cc1N1CCC(N2CCOCC2)CC1,9.744727494896694
CHEMBL5199678,IC50,nM,0.1,IC50,nM,0.1,CCc1cc(Nc2ncc(Br)c(Nc3ccc4ncnn4c3P(C)(C)=O)n2)c(OC)cc1N1CCC(N2CC(COC)C2)CC1,10.0
CHEMBL5203041,IC50,nM,0.9,IC50,nM,0.9,CCOC1CN(C2CCN(c3cc(OC)c(Nc4ncc(Br)c(Nc5ccc6ncnn6c5P(C)(C)=O)n4)cc3CC)CC2)C1,9.045757490560675
CHEMBL5203220,IC50,nM,0.4,IC50,nM,0.4,CCc1cc(Nc2ncc(Br)c(Nc3ccc4c(c3P(C)(C)=O)OCO4)n2)c(OC)cc1N1CCC(N2CC(N(C)C)C2)CC1,9.397940008672037
CHEMBL5180388,IC50,nM,0.11,IC50,nM,0.11,CCc1cc(Nc2ncc(Br)c(Nc3ccc4nccnc4c3P(C)(C)=O)n2)c(OC)cc1N1CCC(N2CC(N(C)C)C2)CC1,9.958607314841775
CHEMBL5180894,IC50,nM,0.83,IC50,nM,0.83,CCc1cc(Nc2ncc(Br)c(Nc3ccc4nccnc4c3P(C)(C)=O)n2)c(OC)cc1N1CCC(N2CCCN(C)CC2)CC1,9.080921907623926
CHEMBL5186680,IC50,nM,0.06,IC50,nM,0.06,COc1cc(N2CCC(N3CC(N(C)C)C3)CC2)c(C)cc1Nc1ncc(Br)c(Nc2ccc3nccnc3c2P(C)(C)=O)n1,10.221848749616356
CHEMBL5179357,IC50,nM,0.65,IC50,nM,0.65,CCOC1CN(C2CCN(c3cc(OC)c(Nc4ncc(Br)c(Nc5ccc6nccnc6c5P(C)(C)=O)n4)cc3C)CC2)C1,9.187086643357144
CHEMBL5188373,IC50,nM,0.31,IC50,nM,0.31,COCC1CN(C2CCN(c3cc(OC)c(Nc4ncc(Br)c(Nc5ccc6c(c5P(C)(C)=O)OCCO6)n4)cc3C)CC2)C1,9.508638306165727
CHEMBL5206164,IC50,nM,0.3,IC50,nM,0.3,COc1cc(N2CCC(N3CC(N(C)C)C3)CC2)c(C)cc1Nc1ncc(Br)c(Nc2ccc3c(c2P(C)(C)=O)OCCO3)n1,9.522878745280337
CHEMBL5195904,IC50,nM,0.43,IC50,nM,0.43,CCOC1CN(C2CCN(c3cc(OC)c(Nc4ncc(Br)c(Nc5ccc6c(c5P(C)(C)=O)OCCO6)n4)cc3C)CC2)C1,9.366531544420413
CHEMBL5193123,IC50,nM,0.05,IC50,nM,0.05,COc1cc(N2CCC(N3CCCN(C)CC3)CC2)c(C)cc1Nc1ncc(Br)c(Nc2ccc3c(c2P(C)(C)=O)OCCO3)n1,10.301029995663981
CHEMBL5192223,IC50,nM,0.13,IC50,nM,0.13,COc1cc(N2CCC(N3CCCOCC3)CC2)c(C)cc1Nc1ncc(Br)c(Nc2ccc3c(c2P(C)(C)=O)OCCO3)n1,9.886056647693163
CHEMBL5204749,IC50,nM,0.28,IC50,nM,0.28,CCO[C@@H]1CCN(C2CCN(c3cc(OC)c(Nc4ncc(Br)c(Nc5ccc6c(c5P(C)(C)=O)OCCO6)n4)cc3C)CC2)C1,9.55284196865778
CHEMBL5193149,IC50,nM,0.12,IC50,nM,0.12,COc1cc(N2CCC(N3CC[C@H](N(C)C)C3)CC2)c(C)cc1Nc1ncc(Br)c(Nc2ccc3c(c2P(C)(C)=O)OCCO3)n1,9.920818753952375
CHEMBL5188940,IC50,nM,0.08,IC50,nM,0.08,CCc1cc(Nc2ncc(Br)c(Nc3ccc4c(c3P(C)(C)=O)OCCO4)n2)c(OC)cc1N1CCC(N2CC(N(C)C)C2)CC1,10.096910013008056
CHEMBL5203385,IC50,nM,0.49,IC50,nM,0.49,CCc1cc(Nc2ncc(Br)c(Nc3ccc4c(c3P(C)(C)=O)OCCO4)n2)c(OC)cc1N1CCC(N2CC(CC#N)C2)CC1,9.309803919971486
CHEMBL5197545,IC50,nM,0.15,IC50,nM,0.15,CCc1cc(Nc2ncc(Br)c(Nc3ccc4c(c3P(C)(C)=O)OCCO4)n2)c(OC)cc1N1CCC(N2CC(COC)C2)CC1,9.823908740944319
CHEMBL5178971,IC50,nM,0.28,IC50,nM,0.28,CCN(C)C1CN(C2CCN(c3cc(OC)c(Nc4ncc(Br)c(Nc5ccc6c(c5P(C)(C)=O)OCCO6)n4)cc3C)CC2)C1,9.55284196865778
CHEMBL5208369,IC50,nM,938.0,IC50,nM,938.0,O=C(Nc1nccs1)C(c1cc[nH]n1)N1Cc2ccccc2C1=O,6.027797161620936
CHEMBL5195669,IC50,nM,23.0,IC50,nM,23.0,O=C(Nc1nccs1)C(c1n[nH]c2c1CCC2)N1Cc2ccccc2C1=O,7.638272163982407
CHEMBL5203388,IC50,nM,16.0,IC50,nM,16.0,O=C(Nc1nccs1)C(c1ncn2c1CCC2)N1Cc2ccccc2C1=O,7.795880017344075
CHEMBL5173979,IC50,nM,4.0,IC50,nM,4.0,O=C(Nc1nccs1)C(c1ncn2c1CCC2)N1Cc2c(Cl)cccc2C1=O,8.397940008672037
CHEMBL5173986,IC50,nM,20.0,IC50,nM,20.0,O=C(Nc1nccs1)C(c1ncn2c1CCC2)N1Cc2ccc(C#Cc3ccccc3)cc2C1=O,7.698970004336019
CHEMBL5171139,IC50,nM,460.0,IC50,nM,460.0,O=C(Nc1nccs1)C(c1ncn2c1CCC2)N1Cc2ccc(C#Cc3cccnc3)cc2C1=O,6.337242168318426
CHEMBL5189114,IC50,nM,7.0,IC50,nM,7.0,O=C(Nc1nccs1)C(c1ncn2c1CCC2)N1Cc2c(F)cc(C#Cc3cccnc3)cc2C1=O,8.154901959985743
CHEMBL5170278,IC50,nM,116.0,IC50,nM,116.0,Nc1ccc(C#Cc2cc(F)c3c(c2)C(=O)N(C(C(=O)Nc2nccs2)c2ncn4c2CCC4)C3)cn1,6.935542010773082
CHEMBL5198433,IC50,nM,16.0,IC50,nM,16.0,O=C(Nc1nccs1)C(c1ncn2c1CCC2)N1Cc2ccc(C#Cc3ccc(CN4CCCCC4)cc3)cc2C1=O,7.795880017344075
CHEMBL5172668,IC50,nM,7.0,IC50,nM,7.0,O=C(Nc1nccs1)C(c1ncn2c1CCC2)N1Cc2c(F)cc(C#Cc3ccc(CN4CCCCC4)cc3)cc2C1=O,8.154901959985743
CHEMBL5187250,IC50,nM,7.0,IC50,nM,7.0,O=C(Nc1nccs1)C(c1ncn2c1CCC2)N1Cc2ccc(C#Cc3ccc(CN4CCC(O)CC4)cc3)cc2C1=O,8.154901959985743
CHEMBL5207479,IC50,nM,5.0,IC50,nM,5.0,O=C(Nc1nccs1)C(c1ncn2c1CCC2)N1Cc2c(F)cc(C#Cc3ccc(CN4CCC(O)CC4)cc3)cc2C1=O,8.301029995663981
CHEMBL5180839,IC50,nM,5.0,IC50,nM,5.0,O=C(Nc1nccs1)C(c1ncn2c1CCC2)N1Cc2c(F)cc(C#Cc3ccc(CN4CCC(CO)CC4)cc3)cc2C1=O,8.301029995663981
CHEMBL5189574,IC50,nM,3.0,IC50,nM,3.0,O=C(Nc1nccs1)C(c1ncn2c1CCC2)N1Cc2c(cc(C#Cc3ccc(CN4CCC(CO)CC4)cc3)cc2C(F)(F)F)C1=O,8.522878745280337
CHEMBL5184539,IC50,nM,4.0,IC50,nM,4.0,O=C(Nc1nccs1)C(c1ncn2c1CCC2)N1Cc2c(cc(C#Cc3ccc(CN4CCC(CO)CC4)cc3)cc2C(F)F)C1=O,8.397940008672037
CHEMBL5183324,IC50,nM,4.0,IC50,nM,4.0,CC1(C)CCc2c(C(C(=O)Nc3nccs3)N3Cc4c(cc(C#Cc5ccc(CN6CCC(CO)CC6)cc5)cc4C(F)F)C3=O)ncn21,8.397940008672037
CHEMBL5180289,IC50,nM,7.0,IC50,nM,7.0,CCN1CCN(c2ccc(-c3cc(F)c4cn(C(C(=O)Nc5nccs5)c5ncn6c5CCC6)nc4c3)cc2)CC1,8.154901959985743
CHEMBL5203543,IC50,nM,11.0,IC50,nM,11.0,CCN1CCN(c2ccc(-c3cc(Cl)c4cn(C(C(=O)Nc5nccs5)c5ncn6c5CCC6)nc4c3Cl)cc2)CC1,7.958607314841775
CHEMBL5202945,IC50,nM,4.0,IC50,nM,4.0,CCN1CCN(c2ccc(-c3cc(Cl)c4cn(C(C(=O)Nc5nccs5)c5ncn6c5C[C@@H](F)C6)nc4c3Cl)cc2)CC1,8.397940008672037
CHEMBL5207152,IC50,nM,17.0,IC50,nM,17.0,O=C(Nc1nccs1)C(c1ncn2c1C[C@@H](F)C2)n1cc2c(Cl)cc(-c3ccc(N4CCN(C5CC5)CC4)cc3)c(Cl)c2n1,7.769551078621726
CHEMBL5201725,IC50,nM,22.0,IC50,nM,22.0,O=C(Nc1nccs1)C(c1ncn2c1CCC2)n1cc2c(Cl)cc(-c3ccc(N4CCOCC4)cc3)c(Cl)c2n1,7.657577319177793
CHEMBL5208056,IC50,nM,6.0,IC50,nM,6.0,O=C(Nc1nccs1)C(c1ncn2c1C[C@@H](F)C2)n1cc2c(Cl)cc(-c3ccc(N4CCOCC4)cc3)c(Cl)c2n1,8.221848749616356
CHEMBL5193594,IC50,nM,7.0,IC50,nM,7.0,Cc1c(-c2ccc(N3CCOCC3)cc2)cc(C(F)F)c2cn(C(C(=O)Nc3nccs3)c3ncn4c3C[C@@H](F)C4)nc12,8.154901959985743
CHEMBL5170519,IC50,nM,10.0,IC50,nM,10.0,Cc1c(-c2ccc(N3CCOCC3)cc2)cc(C(F)F)c2cn(C(C(=O)Nc3nccs3)c3ncn4c3CCC43CC3)nc12,8.0
CHEMBL5193772,IC50,nM,6.0,IC50,nM,6.0,O=C(Nc1nccs1)C(c1ncn2c1CCC2)n1cc2c(F)cc(C#Cc3ccc(CN4CCC(O)CC4)cc3)cc2n1,8.221848749616356
CHEMBL5184760,IC50,nM,3.0,IC50,nM,3.0,Cc1c(C#Cc2ccc(CN3CCC(CO)CC3)cc2)cc(C(F)F)c2cn(C(C(=O)Nc3nccs3)c3ncn4c3CCC4)nc12,8.522878745280337
CHEMBL5177023,IC50,nM,2.0,IC50,nM,2.0,Cc1c(C#Cc2ccc(CN3CCC(CO)CC3)cc2)cc(C(F)F)c2cn(C(C(=O)Nc3nccs3)c3ncn4c3CCC43CC3)nc12,8.698970004336019
CHEMBL5188568,IC50,nM,9.2,IC50,nM,9.2,C=CC(=O)N1CCC(N2C(=O)N(c3ccccc3)Cc3cnc(Nc4ccc(N5CCN(C)CC5)c(C)c4)nc32)C1,8.036212172654444
CHEMBL5174109,IC50,nM,304.0,IC50,uM,0.304,CN(C)CCN(C)c1ccc(Nc2ncc3cc(CNc4ccccc4)n(C4CCCC4)c3n2)cc1,6.517126416391246
CHEMBL5188948,IC50,nM,17.0,IC50,uM,0.017,CN1CCN(c2ccc(Nc3ncc4cc(CNc5ccccc5)n(C5CCCC5)c4n3)cc2)CC1,7.769551078621726
CHEMBL5179023,IC50,nM,10.0,IC50,uM,0.01,COc1cc(N2CCC(N(C)C)CC2)ccc1Nc1ncc2cc(CNc3ccccc3)n(C3CCCC3)c2n1,8.0
CHEMBL5181487,IC50,nM,55.0,IC50,uM,0.055,COc1cc(N2CCC(N3CCN(C)CC3)CC2)ccc1Nc1ncc2cc(CNc3ccccc3)n(C3CCCC3)c2n1,7.259637310505756
CHEMBL5192185,IC50,nM,5670.0,IC50,uM,5.67,C#Cc1cccc(Oc2ncnc3ccc(OCc4ccc(S(=O)(=O)N(C)C#C)cc4)cc23)c1,5.246416941107094
CHEMBL5191956,IC50,nM,5700.0,IC50,uM,5.7,COc1cc(NC(=O)CCCCCCC(=O)NO)ccc1Nc1nccc(-c2cn(C)c3ccccc23)n1,5.2441251443275085
CHEMBL5173070,IC50,nM,43.1,IC50,nM,43.1,CN1CCN(c2ccc(Nc3ncc(Br)c(Nc4ccc5cn[nH]c5c4)n3)cc2)CC1,7.3655227298392685
CHEMBL5182231,IC50,nM,35.5,IC50,nM,35.5,O=C(Cc1ccccc1)Nc1cccc(-c2nc3n(c2-c2ccnc(Nc4ccc(N5CCOCC5)cc4)n2)CCS3)c1,7.449771646944906
CHEMBL5186583,IC50,nM,39.0,IC50,uM,0.039,CCc1nnc2c(Nc3ccc(C(=O)/C=C/c4cc(OC)c(OC)c(OC)c4)cc3)nc3ccccc3n12,7.4089353929735005
CHEMBL5202119,IC50,nM,97.0,IC50,uM,0.09699999999999999,CCc1ccc(Cn2cc(-c3cc(-c4ccc(Br)cc4)nc(N)n3)c3ccccc32)cc1,7.013228265733755
CHEMBL5193175,IC50,nM,94.0,IC50,uM,0.094,CC(C)c1ccc(Cn2cc(-c3cc(-c4ccc(Br)cc4)nc(N)n3)c3ccccc32)cc1,7.026872146400302
CHEMBL5203758,IC50,nM,195.0,IC50,uM,0.195,Nc1nc(-c2ccc(Br)cc2)cc(-c2cn(Cc3cccc(Cl)c3)c3ccccc23)n1,6.709965388637482
CHEMBL5193247,IC50,nM,2.0,IC50,nM,2.0,C=CC(=O)Nc1cc2c(cc1OCCNC(=O)CN(C)C)NCN=C2Nc1ccc(Br)cc1F,8.698970004336019
CHEMBL5188857,IC50,nM,597.0,IC50,uM,0.597,CCOc1cc2ncc(C#N)c(Nc3ccc(OCc4ccccc4)cc3)c2cc1NC(=O)/C=C/c1cccnc1,6.224025668870631
CHEMBL5207327,IC50,nM,20.0,IC50,uM,0.02,COc1cc2c(cc1OC)C(Oc1cccc(NC(=S)Nc3ccc(Cl)c(C(F)(F)F)c3)c1)=NCN2,7.698970004336019
CHEMBL5192572,IC50,nM,10.0,IC50,uM,0.01,COc1cc2c(cc1OC)C(Sc1cccc(NC(=S)Nc3ccc(Br)c(C(F)(F)F)c3)c1)=NCN2,8.0
CHEMBL5169900,IC50,nM,11120.0,IC50,uM,11.12,COc1ccc(CCOc2ccc(C(=O)/C=C/c3ccc(O)c(O)c3)cc2OC)cc1OC,4.953895212753961
CHEMBL5193128,IC50,nM,21.0,IC50,nM,21.0,C=CC(=O)N1CCC([C@@H]2CCNC3C(C(N)=O)C(c4ccc(Oc5ccccc5)cc4)=NN32)CC1,7.6777807052660805
CHEMBL5201532,IC50,nM,7.85,IC50,nM,7.85,COc1cc(/C=C/S(=O)(=O)c2ccccc2)cc(OC)c1OC,8.105130343254748
CHEMBL5185952,IC50,nM,55000.0,IC50,uM,55.0,O=C(Cc1csc2nc3ccccc3n12)Nc1cccc(O)c1,4.259637310505756
CHEMBL1358485,IC50,nM,3.0,IC50,nM,3.0,CCN(CC)CC1CCN(c2ncc3ncnc(Nc4ccc(F)c(Cl)c4)c3n2)CC1,8.522878745280337
CHEMBL2093753,IC50,nM,79.0,IC50,nM,79.0,O=C(Cc1cccs1)Nc1cccc(-c2ccc3nnc(-c4cccnc4)n3n2)c1,7.102372908709558
CHEMBL185686,IC50,nM,900.0,IC50,uM,0.9,O=c1c2cccc(O)c2oc2cccc(O)c12,6.045757490560675
CHEMBL5192793,IC50,nM,0.15,IC50,nM,0.15,COc1ccc(-c2cc(=O)cc(-c3ccc(OC)cc3)o2)cc1,9.823908740944319
CHEMBL5185036,IC50,nM,30.18,IC50,nM,30.18,CCc1ccc(C2=C(O)C(=O)C(c3ccc(CC)cc3)=C(O)C2=O)cc1,7.520280764560429
CHEMBL5181037,IC50,nM,6.54,IC50,nM,6.54,COc1cccc2c1C(=O)C1=C(C2=O)c2c(O)cc(CO)cc2[C@@H](O)[C@@H]1O,8.184422251675732
CHEMBL5192184,IC50,nM,342.0,IC50,uM,0.342,COc1cc(-c2nc3ccccc3s2)ccc1OCC(=O)NNC(=O)CN1CCC[C@H]1C(=O)O,6.465973893943865
CHEMBL5203784,IC50,nM,305.0,IC50,uM,0.305,COc1cc(-c2nc3ccccc3s2)ccc1OCC(=O)NNC(=O)CN[C@@H](Cc1c[nH]cn1)C(=O)O,6.515700160653214
CHEMBL5171983,IC50,nM,209.0,IC50,uM,0.209,COc1cc(-c2nc3ccccc3s2)ccc1OCC(=O)NNC(=O)CN[C@@H](Cc1c[nH]c2ccccc12)C(=O)O,6.679853713888946
CHEMBL5201110,IC50,nM,109.0,IC50,uM,0.109,CCOC(=O)[C@@H]1CCCN1CC(=O)NNC(=O)COc1ccc(-c2nc3ccccc3s2)cc1OC,6.962573502059376
CHEMBL5181045,IC50,nM,157.0,IC50,uM,0.157,CCOC(=O)[C@H](Cc1c[nH]cn1)NCC(=O)NNC(=O)COc1ccc(-c2nc3ccccc3s2)cc1OC,6.804100347590766
CHEMBL5208397,IC50,nM,114.0,IC50,uM,0.114,CCOC(=O)[C@H](Cc1c[nH]c2ccccc12)NCC(=O)NNC(=O)COc1ccc(-c2nc3ccccc3s2)cc1OC,6.943095148663527
CHEMBL5198809,IC50,nM,72.0,IC50,nM,72.0,Brc1cccc(Nc2ncnc3c2[nH]c2ccccc23)c1,7.142667503568732
CHEMBL5173075,IC50,nM,460.0,IC50,nM,460.0,c1ccc(CNc2ncnc3c2[nH]c2ccccc23)cc1,6.337242168318426
CHEMBL309276,IC50,nM,1620.0,IC50,uM,1.62,O=C(O)CCC1C(S)=Nc2ccccc21,5.790484985457369
CHEMBL81664,IC50,nM,1500.0,IC50,uM,1.5,Cc1cccc2c(CCC(=O)O)c(SSc3[nH]c4c(C)cccc4c3CCC(=O)O)[nH]c12,5.823908740944319
CHEMBL5194719,IC50,nM,90.0,IC50,uM,0.09,COc1ccc(/C=C\C(=O)c2ccc(Br)c3cc(-c4ccc(F)cc4)oc23)cc1,7.045757490560675
CHEMBL5203711,IC50,nM,120.0,IC50,uM,0.12,O=C(/C=C\c1ccc(OC(F)(F)F)cc1)c1ccc(Br)c2cc(-c3ccc(F)cc3)oc12,6.920818753952375
CHEMBL5201054,IC50,nM,10.3,IC50,nM,10.3,O=C(CCCCn1cc(-c2ccc3ncnc(Nc4ccccc4F)c3c2)nn1)NO,7.987162775294828
CHEMBL4117373,IC50,nM,4.9,IC50,nM,4.9,COc1ccc2c(c1)CCCN2c1nc(C)nc2c(Cc3ccccc3)cn(C)c12,8.309803919971486
CHEMBL4116552,IC50,nM,2.3,IC50,nM,2.3,COc1ccc(N(C)c2nc(C)nc3c(Cc4ccccc4)cn(C)c23)cc1,8.638272163982407
CHEMBL4077930,IC50,nM,83900.0,IC50,uM,83.9,COc1cc2ncnc(Oc3ccc(NC(=O)Nc4cccc(C(F)(F)F)c4)c4ccccc34)c2cc1OC,4.0762380391713
CHEMBL5190121,IC50,nM,86.7,IC50,nM,86.7,CCOCCSc1nc(-c2ccccc2Cl)nn1CCOCC,7.06198090252379
CHEMBL5206193,IC50,nM,85.4,IC50,nM,85.4,O=C(Nc1ccccc1C(=O)N/N=C/c1ccc(O)cc1O)c1ccco1,7.068542129310995
CHEMBL1782692,IC50,nM,31.2,IC50,nM,31.2,NS(=O)(=O)c1ccc(NC(=O)c2ccccc2NC(=O)c2ccco2)cc1,7.505845405981558
CHEMBL5188618,IC50,nM,224.0,IC50,nM,224.0,COc1cc(N(C)CCN(C)C)c(NC(=O)c2cnccn2)cc1Nc1nccc(-c2cn(C)c3ccccc23)n1,6.649751981665837
CHEMBL5201846,IC50,nM,29.0,IC50,nM,29.0,COc1cc(N(C)CCN(C)C)c(NC(=O)c2ccncn2)cc1Nc1nccc(-c2cn(C)c3ccccc23)n1,7.5376020021010435
CHEMBL5199169,IC50,nM,146.0,IC50,nM,146.0,COc1cc(N(C)CCN(C)C)c(NC(=O)c2ncccn2)cc1Nc1nccc(-c2cn(C)c3ccccc23)n1,6.835647144215563
CHEMBL5189183,IC50,nM,360.0,IC50,nM,360.0,COc1cc(N(C)CCN(C)C)c(NC(=O)c2ccncn2)cc1Nc1nc(-c2cn(C)c3ccccc23)c2cccnc2n1,6.443697499232712
CHEMBL5173534,IC50,nM,743.0,IC50,nM,743.0,COc1cc(N(C)CCN(C)C)c(NC(=O)c2ccnc(Cl)c2)cc1Nc1nccc(-c2cn(CCCO)c3ccccc23)n1,6.129011186239425
CHEMBL5206298,IC50,nM,590.0,IC50,nM,590.0,COc1cc(N(C)CCN(C)C)c(NC(=O)c2ccncn2)cc1Nc1nccc(-c2cn(CCCO)c3ccccc23)n1,6.229147988357855
CHEMBL5174232,IC50,nM,391.0,IC50,nM,391.0,COc1cc(N(C)CCN(C)C)c(NC(=O)c2ccncc2)cc1Nc1nccc(-c2cn(C)c3ccccc23)n1,6.407823242604133
CHEMBL5191292,IC50,nM,100.0,IC50,nM,100.0,COc1cc(N(C)CCN(C)C)c(NC(=O)c2ccncc2OC)cc1Nc1nccc(-c2cn(C)c3ccccc23)n1,7.0
CHEMBL5203821,IC50,nM,360.0,IC50,nM,360.0,COc1cc(N(C)CCN(C)C)c(NC(=O)c2cccnc2)cc1Nc1nccc(-c2cn(C)c3ccccc23)n1,6.443697499232712
CHEMBL5175316,IC50,nM,87.0,IC50,nM,87.0,COc1ccc(C(=O)Nc2cc(Nc3nccc(-c4cn(C)c5ccccc45)n3)c(OC)cc2N(C)CCN(C)C)nc1,7.060480747381382
CHEMBL5196254,IC50,nM,110.0,IC50,nM,110.0,COc1cc(N(C)CCN(C)C)c(NC(=O)c2nccn2C)cc1Nc1nccc(-c2cn(C)c3ccccc23)n1,6.958607314841775
CHEMBL5185772,IC50,nM,420.0,IC50,nM,420.0,COc1cc(N(C)CCN(C)C)c(NC(=O)c2nccn2C)cc1Nc1nc(-c2cn(C)c3ccccc23)c2cccnc2n1,6.376750709602099
CHEMBL5209075,IC50,nM,420.0,IC50,nM,420.0,COc1cc(N(C)CCN(C)C)c(NC(=O)c2ccnc(Cl)c2)cc1Nc1nccc(-c2cn(C)c3ccccc23)n1,6.376750709602099
CHEMBL5209276,IC50,nM,290.0,IC50,nM,290.0,CNC(=O)c1cnc(Nc2ccnc(N3CCC(O)CC3)n2)cc1NC(C)C,6.5376020021010435
CHEMBL5177090,IC50,nM,99.0,IC50,nM,99.0,CNC(=O)c1cnc(Nc2ccnc(N3CC[C@@H](O)[C@@H](F)C3)n2)cc1NC(C)C,7.00436480540245
CHEMBL5188960,IC50,nM,50.0,IC50,nM,50.0,CNc1ncc(C(C)C)c2cc(Nc3ccnc(N4CC[C@@H](O)[C@@H](F)C4)n3)ncc12,7.301029995663981
CHEMBL5185287,IC50,nM,8.1,IC50,nM,8.1,CNc1ncc(C(C)C)c2cc(Nc3ccnc(N4CC[C@@H](O)[C@@](C)(F)C4)n3)ncc12,8.09151498112135
CHEMBL5208679,IC50,nM,2.1,IC50,nM,2.1,CC(C)c1cnc(N2CCC2)c2cnc(Nc3ccnc(N4CC[C@@H](O)[C@@](C)(F)C4)n3)cc12,8.67778070526608
CHEMBL5195164,IC50,nM,0.3,IC50,nM,0.3,CC(C)c1cnc(N2CC[C@H]2C)c2cnc(Nc3ccnc(N4CC[C@@H](O)[C@@](C)(F)C4)n3)cc12,9.522878745280337
CHEMBL5174629,IC50,nM,106.0,IC50,nM,106.0,CC(C)c1cnc(N2CC[C@@H]2C)c2cnc(Nc3ccnc(N4CC[C@@H](O)[C@@](C)(F)C4)n3)cc12,6.97469413473523
CHEMBL5184941,IC50,nM,16.0,IC50,nM,16.0,CC(C)c1nnc(N2CC[C@H]2C)c2cnc(Nc3ccnc(N4CC[C@@H](O)[C@@](C)(F)C4)n3)cc12,7.795880017344075
CHEMBL5182741,IC50,nM,2.2,IC50,nM,2.2,CC(C)c1ncc(N2CC[C@H]2C)c2cnc(Nc3ccnc(N4CC[C@@H](O)[C@@](C)(F)C4)n3)cc12,8.657577319177793
CHEMBL5203267,IC50,nM,3.6,IC50,nM,3.6,CC(C)c1cnc(N2CC(O)C2)c2cnc(Nc3ccnc(N4CC[C@@H](O)[C@@](C)(F)C4)n3)cc12,8.443697499232712
CHEMBL5207390,IC50,nM,0.3,IC50,nM,0.3,CC(C)c1cnc(N2C[C@H](O)[C@H]2C)c2cnc(Nc3ccnc(N4CC[C@@H](O)[C@@](C)(F)C4)n3)cc12,9.522878745280337
CHEMBL5172587,IC50,nM,1.8,IC50,nM,1.8,CC(C)c1ncc(N2C[C@H](O)[C@H]2C)c2cnc(Nc3ccnc(N4CC[C@@H](O)[C@@](C)(F)C4)n3)cc12,8.744727494896694
CHEMBL5185207,IC50,nM,0.5,IC50,nM,0.5,CC(C)c1ccc(N2C[C@H](O)[C@H]2C)c2cnc(Nc3ccnc(N4CC[C@@H](O)[C@@](C)(F)C4)n3)cc12,9.301029995663981
CHEMBL5205583,IC50,nM,3.4,IC50,nM,3.4,COC1CN(c2ncc(C(C)C)c3cc(Nc4ccnc(N5CC[C@@H](O)[C@@](C)(F)C5)n4)ncc23)C1,8.468521082957745
CHEMBL5198992,IC50,nM,11.0,IC50,nM,11.0,COCC1CN(c2ncc(C(C)C)c3cc(Nc4ccnc(N5CC[C@@H](O)[C@@](C)(F)C5)n4)ncc23)C1,7.958607314841775
CHEMBL5187021,IC50,nM,1.0,IC50,nM,1.0,CNC(=O)C1CN(c2ncc(C(C)C)c3cc(Nc4ccnc(N5CC[C@@H](O)[C@@](C)(F)C5)n4)ncc23)C1,9.0
CHEMBL5170376,IC50,nM,0.9,IC50,nM,0.9,CC(C)c1cnc(N2CC(C(=O)N(C)C)C2)c2cnc(Nc3ccnc(N4CC[C@@H](O)[C@@](C)(F)C4)n3)cc12,9.045757490560675
CHEMBL5173517,IC50,nM,0.1,IC50,nM,0.1,CC(C)c1cnc(N2CC(CS(C)(=O)=O)C2)c2cnc(Nc3ccnc(N4CC[C@@H](O)[C@@](C)(F)C4)n3)cc12,10.0
CHEMBL5200991,IC50,nM,0.2,IC50,nM,0.2,CC(C)c1cnc(N2C[C@H](CS(C)(=O)=O)[C@H]2C)c2cnc(Nc3ccnc(N4CC[C@@H](O)[C@@](C)(F)C4)n3)cc12,9.698970004336019
CHEMBL5206444,IC50,nM,0.2,IC50,nM,0.2,CC(C)c1ccc(N2CC(CS(C)(=O)=O)C2)c2cnc(Nc3ccnc(N4CC[C@@H](O)[C@@](C)(F)C4)n3)cc12,9.698970004336019
CHEMBL5196495,IC50,nM,0.3,IC50,nM,0.3,CC(C)c1ccc(N2C[C@H](CS(C)(=O)=O)[C@H]2C)c2cnc(Nc3ccnc(N4CC[C@@H](O)[C@@](C)(F)C4)n3)cc12,9.522878745280337
CHEMBL5194722,IC50,nM,0.5,IC50,nM,0.5,CC[C@]1(F)CN(c2nccc(Nc3cc4c(C(C)C)ccc(N5C[C@H](CS(C)(=O)=O)[C@H]5C)c4cn3)n2)CC[C@H]1O,9.301029995663981
CHEMBL5208737,IC50,nM,0.4,IC50,nM,0.4,CC(C)c1ccc(N2C[C@H](CS(C)(=O)=O)[C@H]2C)c2cnc(Nc3ccnc(N4CC[C@@](C)(O)[C@@H](F)C4)n3)cc12,9.397940008672037
CHEMBL5095169,IC50,nM,0.4,IC50,nM,0.4,CO[C@@H]1CCN(c2nccc(Nc3cc4c(C(C)C)ccc(N5C[C@H](CS(C)(=O)=O)[C@H]5C)c4cn3)n2)C[C@@H]1F,9.397940008672037
CHEMBL5193016,IC50,nM,0.7,IC50,nM,0.7,CO[C@@H]1[C@H](O)CN(c2nccc(Nc3cc4c(C(C)C)ccc(N5C[C@H](CS(C)(=O)=O)[C@H]5C)c4cn3)n2)CC1(F)F,9.154901959985743
CHEMBL5189778,IC50,nM,10000.0,IC50,nM,10000.0,CC(C)c1cnc(N2CCCC2)c2cnc(Nc3ccnc(N4CC[C@@H](O)[C@@](C)(F)C4)n3)cc12,5.0
CHEMBL5169349,IC50,nM,3401.0,IC50,nM,3401.0,CC(C)c1cnc(N2CC(C#N)C2)c2cnc(Nc3ccnc(N4CC[C@@H](O)[C@@](C)(F)C4)n3)cc12,5.468393368067278
CHEMBL5206600,IC50,nM,27.5,IC50,nM,27.5,CCC(=O)N1CCC[C@@H](N2CC(c3cccc(F)c3Cl)=C(C)c3cnc(Nc4ccc(N5CCN(C)CC5)c(C)c4)nc32)C1,7.560667306169737
CHEMBL5190294,IC50,nM,290.0,IC50,nM,290.0,CCC(=O)N[C@H]1CC[C@@H](N2C(=O)N(c3ccccc3Cl)Cc3cnc(Nc4ccc(N5CCN(C)CC5)c(C)c4)nc32)CC1,6.5376020021010435
CHEMBL5195321,IC50,nM,53.0,IC50,nM,53.0,CC(C)(C)n1cc(-c2cncc3ccccc23)c2c(N)ncnc21,7.275724130399211
CHEMBL4744973,IC50,nM,22.0,IC50,nM,22.0,CN1CCN(c2ccc(Nc3ncc4nc(Nc5ccc(F)cc5)n([C@H]5CCN(S(=O)(=O)C6CC6)C5)c4n3)cc2)CC1,7.657577319177793
CHEMBL5183865,IC50,nM,41.0,IC50,nM,41.0,CN1CCN(c2ccc(Nc3ncc4nc(Nc5ccc(F)cc5)n(C5CCN(C(=O)CO)CC5)c4n3)cc2)CC1,7.3872161432802645
CHEMBL5205022,IC50,nM,9.4,IC50,nM,9.4,C=CC(=O)Nc1cccc(-c2c(-c3ccc(N4CCN(C)CC4)cc3)[nH]c3ncnc(OCCCC)c23)c1,8.0268721464003
CHEMBL5206817,IC50,nM,19.0,IC50,nM,19.0,C=CC(=O)Nc1cccc(-c2c(-c3ccc(N4CCN(C)CC4)cc3)[nH]c3ncnc(OC4CCCC4)c23)c1,7.721246399047171
CHEMBL4799276,IC50,nM,8.6,IC50,nM,8.6,C=CC(=O)Nc1cccc(-c2c(-c3ccc(N4CCN(C)CC4)cc3)[nH]c3ncnc(OC(C)C)c23)c1,8.065501548756432
CHEMBL4753389,IC50,nM,8.5,IC50,nM,8.5,C=CC(=O)Nc1cccc(-c2c(-c3ccc(N4CCN(C)CC4)cc3)[nH]c3ncnc(OCC(C)C)c23)c1,8.070581074285707
CHEMBL5169450,IC50,nM,0.16,IC50,nM,0.16,COc1cc(N2CCC(N3CCN(C)CC3)CC2)c(C)cc1Nc1ncc(Br)c(Nc2ccc3nccnc3c2P(C)(C)=O)n1,9.795880017344075
CHEMBL5174418,IC50,nM,0.26,IC50,nM,0.26,CCc1cc(Nc2ncc(Br)c(Nc3ccc4nccnc4c3P(C)(C)=O)n2)c(OC)cc1N1CCC(N2CCN(C)CC2)CC1,9.585026652029182
CHEMBL5190204,IC50,nM,4.0,IC50,nM,4.0,CCC1CCN(c2ccc(-c3cc(F)c4c(c3)C(=O)N(C(C(=O)Nc3nccs3)c3ncn5c3CCC5)C4)cc2)CC1,8.397940008672037
CHEMBL5180830,IC50,nM,52.0,IC50,nM,52.0,O=C1c2cc(F)ccc2Nc2ccccc2N1Cc1ccccc1,7.2839966563652006
CHEMBL5200385,IC50,nM,47.8,IC50,nM,47.8,CC(=O)N[C@H]1CC[C@H](n2c(=O)c(-c3ccccc3Cl)cc3ccc(Nc4ccc(N5CCN(C)CC5)c(C)c4)cc32)CC1,7.320572103387881
CHEMBL5194245,IC50,nM,38.1,IC50,nM,38.1,CCC(=O)N[C@H]1CC[C@H](n2c(=O)c(-c3ccccc3Cl)cc3ccc(Nc4ccc(N5CCN(C)CC5)c(C)c4)cc32)CC1,7.419075024324381
CHEMBL5195167,IC50,nM,48.2,IC50,nM,48.2,Cn1cc(-c2cc(C(=O)/N=c3\[nH]c4ccccc4n3[C@H]3CC[C@H](O)CC3)ccn2)cn1,7.31695296176115
CHEMBL5202381,IC50,nM,287.0,IC50,nM,287.0,CSc1nc(-c2ccc(F)cc2)c(-c2ccnc3[nH]c(-c4ccccc4)cc23)[nH]1,6.542118103266008
CHEMBL5172794,IC50,nM,430.0,IC50,nM,430.0,COc1cc(N2CCC(N3CCN(C)CC3)CC2)ccc1Nc1ncc(Cl)c(Nc2ccccc2NS(C)(=O)=O)n1,6.366531544420414
CHEMBL5187838,IC50,nM,260.0,IC50,nM,260.0,COc1cc(N2CCC(N3CCN(CCO)CC3)CC2)ccc1Nc1ncc(Cl)c(Nc2ccccc2NS(C)(=O)=O)n1,6.585026652029182
CHEMBL5176129,IC50,nM,2.8,IC50,nM,2.8,COc1cc(N2CCC(N3CCN(C)CC3)CC2)ccc1Nc1ncc(Cl)c(Nc2ccccc2NS(N)(=O)=O)n1,8.55284196865778
CHEMBL5206476,IC50,nM,5300.0,IC50,nM,5300.0,O=C1c2ccccc2CN1C(c1nc(=O)c2ccccc2[nH]1)c1cc(F)ccc1O,5.275724130399211
CHEMBL5193027,IC50,nM,15.0,IC50,nM,15.0,O=C(Nc1nccs1)C(c1ccccc1)N1Cc2ccc(-c3ccc4[nH]ccc4c3)cc2C1=O,7.823908740944319
CHEMBL5179288,IC50,nM,1200.0,IC50,uM,1.2,N#Cc1ccc(O)c(-c2nc(NCc3ncccn3)c3ccccc3n2)c1,5.920818753952375
CHEMBL3989868,IC50,nM,449.0,IC50,nM,449.0,Cc1cc(Nc2ncnc3ccc(NC4=NC(C)(C)CO4)cc23)ccc1Oc1ccn2ncnc2c1,6.347753658996677
CHEMBL5194482,IC50,nM,261.2,IC50,nM,261.2,C=CC(=O)Nc1cccc(Cn2c(=O)ccc3cnc(Nc4ccc(N5CCN(C)CC5)cc4)nc32)c1,6.583026827396964
CHEMBL5186362,IC50,nM,0.3,IC50,nM,0.3,C=CC(=O)N1C[C@@H]2C[C@H]1CN2C(=O)Oc1cc2c(Nc3ccc(Cl)c(Cl)c3F)ncnc2cc1OC,9.522878745280337
CHEMBL5181469,IC50,nM,0.54,IC50,nM,0.54,C=CC(=O)Oc1cc2c(Nc3ccc(Cl)c(Cl)c3F)ncnc2cc1OC,9.267606240177031
CHEMBL5178898,IC50,nM,0.38,IC50,nM,0.38,C=C(C(=O)N1CCN(C(=O)Oc2cc3c(Nc4ccc(Cl)c(Cl)c4F)ncnc3cc2OC)[C@H](C)C1)C(F)(F)F,9.42021640338319
CHEMBL5187762,IC50,nM,0.32,IC50,nM,0.32,C#CC(=O)N1CCN(C(=O)Oc2cc3c(Nc4ccc(Cl)c(Cl)c4F)ncnc3cc2OC)[C@H](C)C1,9.494850021680094
CHEMBL5178180,IC50,nM,0.34,IC50,nM,0.34,C=CC(=O)N1CCN(C(=O)Oc2cc3c(Nc4cccc(Cl)c4F)ncnc3cc2OC)[C@H](C)C1,9.468521082957745
CHEMBL5191510,IC50,nM,0.3,IC50,nM,0.3,CN1CCN(c2ccc(-c3ccc4c(c3)C(=O)N(C(C(=O)Nc3nccs3)c3cc(F)ccc3O)C4)cc2)CC1,9.522878745280337
CHEMBL5201543,IC50,nM,0.1,IC50,nM,0.1,CN1CCC(c2ccc(-c3ccc4c(c3)C(=O)N(C(C(=O)Nc3nccs3)c3cc(F)ccc3O)C4)cc2)CC1,10.0
CHEMBL5182553,IC50,nM,0.2,IC50,nM,0.2,CN1CCC(c2ccc(-c3ccc4c(c3)C(=O)N(C(C(=O)Nc3nccs3)c3cccc(F)c3)C4)cc2)CC1,9.698970004336019
CHEMBL5177306,IC50,nM,0.9,IC50,nM,0.9,CN1CCN(c2ccc(-c3ccc4c(c3)C(=O)N(C(C(=O)Nc3nccs3)c3ccccc3)C4)cc2)CC1,9.045757490560675
CHEMBL5198812,IC50,nM,0.9,IC50,nM,0.9,CN1CCC(c2ccc(-c3ccc4c(c3)C(=O)N(C(C(=O)Nc3nccs3)c3ccccc3)C4)cc2)CC1,9.045757490560675
CHEMBL5176460,IC50,nM,1.8,IC50,nM,1.8,CN1CCN(c2ccc(-c3ccc4c(c3)C(=O)N(C(C(=O)Nc3nccs3)c3cccc(F)c3)C4)cc2)CC1,8.744727494896694
CHEMBL5202129,IC50,nM,1.1,IC50,nM,1.1,CN1CCN(c2ccc(-c3ccc4c(c3)CCN(C(C(=O)Nc3nccs3)c3cccc(F)c3)C4=O)cc2)CC1,8.958607314841775
CHEMBL5200637,IC50,nM,2.2,IC50,nM,2.2,CN1CCC(c2ccc(-c3ccc4c(c3)CCN(C(C(=O)Nc3nccs3)c3cccc(F)c3)C4=O)cc2)CC1,8.657577319177793
CHEMBL5187605,IC50,nM,6.8,IC50,nM,6.8,CN1CCN(c2ccc(-c3ccc4c(c3)C(=O)N(C(C(=O)Nc3nccs3)c3cccc(F)c3)CC4)cc2)CC1,8.167491087293763
CHEMBL5195912,IC50,nM,3.2,IC50,nM,3.2,CN1CCC(c2ccc(-c3ccc4c(c3)C(=O)N(C(C(=O)Nc3nccs3)c3cccc(F)c3)CC4)cc2)CC1,8.494850021680094
CHEMBL5178865,IC50,nM,3.4,IC50,nM,3.4,CN1CCN(c2ccc(-c3ccc4c(=O)n(C(C(=O)Nc5nccs5)c5ccccc5)ccc4c3)cc2)CC1,8.468521082957745
CHEMBL5197154,IC50,nM,1.2,IC50,nM,1.2,CN1CCC(c2ccc(-c3ccc4c(=O)n(C(C(=O)Nc5nccs5)c5ccccc5)ccc4c3)cc2)CC1,8.920818753952375
CHEMBL5208065,IC50,nM,5.0,IC50,nM,5.0,CN1CCN(c2ccc(-c3ccc4ccn(C(C(=O)Nc5nccs5)c5ccccc5)c(=O)c4c3)cc2)CC1,8.301029995663981
CHEMBL5173701,IC50,nM,1.8,IC50,nM,1.8,CN1CCC(c2ccc(-c3ccc4ccn(C(C(=O)Nc5nccs5)c5ccccc5)c(=O)c4c3)cc2)CC1,8.744727494896694
CHEMBL5204970,IC50,nM,3.1,IC50,nM,3.1,CN1CCN(c2ccc(-c3ccc4c(=O)n(C(C(=O)Nc5nccs5)c5ccccc5)cnc4c3)cc2)CC1,8.508638306165727
CHEMBL5204270,IC50,nM,5.8,IC50,nM,5.8,CN1CCC(c2ccc(-c3ccc4c(=O)n(C(C(=O)Nc5nccs5)c5ccccc5)cnc4c3)cc2)CC1,8.236572006437063
CHEMBL5172573,IC50,nM,0.9,IC50,nM,0.9,CN1CCN(c2ccc(-c3ccc4ncn(C(C(=O)Nc5nccs5)c5ccccc5)c(=O)c4c3)cc2)CC1,9.045757490560675
CHEMBL5206902,IC50,nM,0.2,IC50,nM,0.2,CN1CCC(c2ccc(-c3ccc4ncn(C(C(=O)Nc5nccs5)c5ccccc5)c(=O)c4c3)cc2)CC1,9.698970004336019
CHEMBL5207462,IC50,nM,17.8,IC50,nM,17.8,CN1CCN(c2ccc(-c3ccc4c(=O)n(C(C(=O)Nc5nccs5)c5ccccc5)ncc4c3)cc2)CC1,7.749579997691106
CHEMBL5200988,IC50,nM,9.7,IC50,nM,9.7,CN1CCC(c2ccc(-c3ccc4c(=O)n(C(C(=O)Nc5nccs5)c5ccccc5)ncc4c3)cc2)CC1,8.013228265733755
CHEMBL5206436,IC50,nM,10.3,IC50,nM,10.3,CN1CCN(c2ccc(-c3ccc4cnn(C(C(=O)Nc5nccs5)c5ccccc5)c(=O)c4c3)cc2)CC1,7.987162775294828
CHEMBL5178754,IC50,nM,4.0,IC50,nM,4.0,CN1CCC(c2ccc(-c3ccc4cnn(C(C(=O)Nc5nccs5)c5ccccc5)c(=O)c4c3)cc2)CC1,8.397940008672037
CHEMBL5191674,IC50,nM,0.6,IC50,nM,0.6,CN1CCC(c2ccc(-c3ccc4ncn(C(C(=O)Nc5nccs5)c5ccccc5)c(=O)c4n3)cc2)CC1,9.221848749616356
CHEMBL5207108,IC50,nM,1.9,IC50,nM,1.9,CN1CCC(c2ccc(-c3cnc4ncn(C(C(=O)Nc5nccs5)c5ccccc5)c(=O)c4c3)cc2)CC1,8.721246399047171
CHEMBL5177272,IC50,nM,0.6,IC50,nM,0.6,CN1CCC(c2ccc(-c3cc(F)c4ncn(C(C(=O)Nc5nccs5)c5ccccc5)c(=O)c4c3)cc2)CC1,9.221848749616356
CHEMBL5196360,IC50,nM,0.1,IC50,nM,0.1,CN1CCC(c2ccc(-c3ccc4ncn(C(C(=O)Nc5nccs5)c5ccccc5)c(=O)c4c3F)cc2)CC1,10.0
CHEMBL5178571,IC50,nM,1.4,IC50,nM,1.4,CN1CCC(c2ccc(-c3cc4c(=O)n(C(C(=O)Nc5nccs5)c5ccccc5)cnc4cc3F)cc2)CC1,8.853871964321762
CHEMBL5095068,IC50,nM,35.0,IC50,nM,35.0,COc1cc(N2CCC3(CCN(C)CC3)CC2)ccc1Nc1ncc(Cl)c(Nc2ccccc2P(C)(C)=O)n1,7.455931955649724
CHEMBL5173862,IC50,nM,120.0,IC50,nM,120.0,N#CC1=C(c2ccccc2)Nc2c(c(-c3cccs3)nn2-c2ccccc2)C12C(=O)Nc1ccc(Cl)cc12,6.920818753952375
CHEMBL5209100,IC50,nM,150.0,IC50,nM,150.0,N#CC1=C(c2ccccc2)Nc2c(c(-c3cccs3)nn2-c2ccccc2)C12C(=O)Nc1ccc(Br)cc12,6.823908740944319
CHEMBL5203118,IC50,nM,28.8,IC50,nM,28.8,C=CC(=O)Nc1cccc(N2C(=O)OCc3cnc(Nc4ccc(N5CCN(C)CC5)cc4OC)nc32)c1,7.540607512240769
CHEMBL5200275,IC50,nM,47.4,IC50,nM,47.4,C=CC(=O)Nc1cccc(N2C(=O)OC(C)c3cnc(Nc4ccc(N5CCN(C)CC5)cc4OC)nc32)c1,7.324221658325915
CHEMBL5201128,IC50,nM,6500.0,IC50,nM,6500.0,COc1cc2nccc(Oc3ccc(NC(=O)C4(C(=O)NC5CC5)CC4)c(Cl)c3)c2cc1C(N)=O,5.187086643357144
CHEMBL5206697,IC50,nM,1795.3,IC50,nM,1795.3,COc1cc2ncnc(Nc3cc(Cl)c(F)cc3O)c2cc1O,5.7458629691145315
CHEMBL5190513,IC50,nM,1026.7,IC50,nM,1026.7,Fc1cc2c(cc1Cl)Nc1ncnc3ccc(cc13)OCCOCCO2,5.988556437977925
CHEMBL5185330,IC50,nM,154.6,IC50,nM,154.6,COc1cc2ncnc3c2cc1OCCOCCOc1ccccc1N3,6.810790510417694
CHEMBL5205073,IC50,nM,509.3,IC50,nM,509.3,COc1cc2ncnc3c2cc1OCCOCCOc1c(Cl)cccc1N3,6.293026323823822
CHEMBL5186794,IC50,nM,24.9,IC50,nM,24.9,COc1cc2ncnc3c2cc1OCCOCCOc1ccc(Cl)cc1N3,7.603800652904264
CHEMBL5182465,IC50,nM,119.1,IC50,nM,119.1,COc1cc2ncnc3c2cc1OCCOCCOc1cc(F)c(Cl)cc1N3,6.924088238517222
CHEMBL5176295,IC50,nM,490.6,IC50,nM,490.6,COc1cc2ncnc3c2cc1OCCCCCCOc1ccccc1N3,6.309272456129633
CHEMBL5180070,IC50,nM,3034.0,IC50,nM,3034.0,COc1cc2ncnc3c2cc1OCCCCCCOc1c(Cl)cccc1N3,5.517984423549288
CHEMBL5196064,IC50,nM,63506.7,IC50,nM,63506.7,COc1cc2ncnc3c2cc1OCCCCCCOc1cc(Cl)ccc1N3,4.197180453927995
CHEMBL5195531,IC50,nM,19.6,IC50,nM,19.6,COc1cc2ncnc3c2cc1OCCCCCCOc1ccc(Cl)cc1N3,7.707743928643524
CHEMBL5184313,IC50,nM,56.8,IC50,nM,56.8,COc1cc2ncnc3c2cc1OCCCCCCOc1cccc(Cl)c1N3,7.245651664288981
CHEMBL5208312,IC50,nM,235.5,IC50,nM,235.5,COc1cc2ncnc3c2cc1OCCCCCCOc1cc(F)c(Cl)cc1N3,6.628009088535085
CHEMBL5204446,IC50,nM,1874.3,IC50,nM,1874.3,COc1cc2ncnc3c2cc1OCCOCCOCCOc1ccccc1N3,5.727160894815874
CHEMBL5192038,IC50,nM,114.0,IC50,nM,114.0,COc1cc2ncnc3c2cc1OCCOCCOCCOc1c(Cl)cccc1N3,6.943095148663527
CHEMBL5169346,IC50,nM,16.2,IC50,nM,16.2,COc1cc2ncnc3c2cc1OCCOCCOCCOc1cc(Cl)ccc1N3,7.790484985457369
CHEMBL5206110,IC50,nM,0.3,IC50,nM,0.3,COc1cc2ncnc3c2cc1OCCOCCOCCOc1ccc(Cl)cc1N3,9.522878745280337
CHEMBL5194285,IC50,nM,42.9,IC50,nM,42.9,COc1cc2ncnc3c2cc1OCCOCCOCCOc1cccc(Cl)c1N3,7.367542707815276
CHEMBL5180914,IC50,nM,1.3,IC50,nM,1.3,COc1cc2ncnc3c2cc1OCCOCCOCCOc1cc(F)c(Cl)cc1N3,8.886056647693163
CHEMBL5183329,IC50,nM,33860.0,IC50,nM,33860.0,COc1cc2ncnc3c2cc1OCCOCCOc1cccc(c1)N3,4.4703130462270835
CHEMBL5199106,IC50,nM,492.9,IC50,nM,492.9,COc1cc2ncnc3c2cc1OCCOCCOc1cc(ccc1Cl)N3,6.307241181845276
CHEMBL5190227,IC50,nM,6302.0,IC50,nM,6302.0,COc1cc2ncnc3c2cc1OCCOCCOc1cc(Cl)cc(c1)N3,5.200521601162019
CHEMBL5173596,IC50,nM,70396.7,IC50,nM,70396.7,COc1cc2ncnc3c2cc1OCCOCCOc1ccc(Cl)c(c1)N3,4.152447698888872
CHEMBL5183286,IC50,nM,1.2,IC50,nM,1.2,CSc1nc(-c2cccc(NC(=O)c3c(F)ccc(O)c3CN3C(=O)c4ccccc4C3=O)c2)c(-c2ccnc(NC(C)=O)c2)[nH]1,8.920818753952375
CHEMBL5199122,IC50,nM,280.0,IC50,nM,280.0,CSc1nc(-c2cccc(NC(=O)c3c(F)ccc(O)c3CN3Cc4ccccc4C3=O)c2)c(-c2ccnc(NC(C)=O)c2)[nH]1,6.552841968657781
CHEMBL5188250,IC50,nM,5.5,IC50,nM,5.5,CSc1nc(-c2cccc(NC(=O)c3cc(O)ccc3F)c2)c(-c2ccnc(NC(C)=O)c2)[nH]1,8.259637310505756
CHEMBL5188399,IC50,nM,2.0,IC50,nM,2.0,C=CC(=O)Nc1ccc(OC)c(Nc2cc(-c3[nH]c(SC)nc3-c3cccc(NC(=O)c4c(F)ccc(O)c4CN4C(=O)c5ccccc5C4=O)c3)ccn2)c1,8.698970004336019
CHEMBL5186969,IC50,nM,251.3,IC50,nM,251.3,Nc1ccc2ncnc(Nc3ccc4c(c3)CCC4)c2c1,6.599807511407424
CHEMBL5183327,IC50,nM,164.8,IC50,nM,164.8,Nc1ccc2ncnc(Nc3cccc4c3CCCC4)c2c1,6.783042792638903
CHEMBL5199341,IC50,nM,1.6,IC50,nM,1.6,Nc1ccc2ncnc(Nc3cccc4ccccc34)c2c1,8.795880017344075
CHEMBL5188730,IC50,nM,215.1,IC50,nM,215.1,Nc1ccc2ncnc(Nc3ccc4ncccc4c3)c2c1,6.667359589612538
CHEMBL5178707,IC50,nM,2.98,IC50,nM,2.98,Nc1ccc2ncnc(Nc3ccc4[nH]ncc4c3)c2c1,8.525783735923746
CHEMBL5180251,IC50,nM,0.65,IC50,nM,0.65,Nc1ccc2ncnc(Nc3ccc4[nH]ccc4c3)c2c1,9.187086643357144
CHEMBL5199612,IC50,nM,183.7,IC50,nM,183.7,Nc1ccc2ncnc(Nc3ccc4cc[nH]c4c3)c2c1,6.735890843694191
CHEMBL5180325,IC50,nM,25.17,IC50,nM,25.17,Nc1ccc2ncnc(Nc3cccc4cc[nH]c34)c2c1,7.599116784451637
CHEMBL5174372,IC50,nM,4020.0,IC50,nM,4020.0,Cn1ccc2cc(Nc3ncnc4ccc(N)cc34)ccc21,5.39577394691553
CHEMBL5200760,IC50,nM,358.3,IC50,nM,358.3,CCCn1ccc2cc(Nc3ncnc4ccc(N)cc34)ccc21,6.445753191833889
CHEMBL5169328,IC50,nM,351.9,IC50,nM,351.9,C=CCn1ccc2cc(Nc3ncnc4ccc(N)cc34)ccc21,6.4535807331648085
CHEMBL5198424,IC50,nM,3.01,IC50,nM,3.01,Nc1ccc2ncnc(Nc3ccc4c(ccn4Cc4cccc(F)c4)c3)c2c1,8.521433504406156
CHEMBL5194966,IC50,nM,8.38,IC50,nM,8.38,Nc1ccc2ncnc(Nc3ccc4c(ccn4Cc4cccc(Cl)c4)c3)c2c1,8.076755981369724
CHEMBL5176588,IC50,nM,255.0,IC50,nM,255.0,Cc1cc2cc(Nc3ncnc4ccc(N)cc34)ccc2[nH]1,6.5934598195660445
CHEMBL5208907,IC50,nM,0.74,IC50,nM,0.74,Nc1ccc2ncnc(Nc3ccc4[nH]cc(Br)c4c3)c2c1,9.130768280269024
CHEMBL5169547,IC50,nM,13.7,IC50,nM,13.7,C=CC(=O)Nc1ccc2ncnc(Nc3ccc4[nH]ccc4c3)c2c1,7.863279432843593
CHEMBL5177378,IC50,nM,5.8,IC50,nM,5.8,O=C(CCCCl)Nc1ccc2ncnc(Nc3ccc4[nH]ccc4c3)c2c1,8.236572006437063
CHEMBL5204535,IC50,nM,1.1,IC50,nM,1.1,C=CC(=O)Nc1ccc2ncnc(Nc3ccc4c(ccn4Cc4cccc(F)c4)c3)c2c1,8.958607314841775
CHEMBL5172245,IC50,nM,6.9,IC50,nM,6.9,O=C(CCCCl)Nc1ccc2ncnc(Nc3ccc4c(ccn4Cc4cccc(F)c4)c3)c2c1,8.161150909262744
CHEMBL5182567,IC50,nM,0.38,IC50,nM,0.38,C=CC(=O)Nc1ccc2ncnc(Nc3ccc4[nH]cc(Br)c4c3)c2c1,9.42021640338319
CHEMBL5208454,IC50,nM,0.72,IC50,nM,0.72,O=C(CCCl)Nc1ccc2ncnc(Nc3ccc4[nH]cc(Br)c4c3)c2c1,9.142667503568731
CHEMBL5192750,IC50,nM,2.31,IC50,nM,2.31,Cc1cc(Nc2ncnc3cc(O)c(NC(=O)/C=C/[C@H]4CCCN4C)cc23)ccc1Oc1ccn2ccnc2c1,8.636388020107855
CHEMBL5193451,IC50,nM,2.8,IC50,nM,2.8,Cc1cc(Nc2ncnc3cc(O)c(NC(=O)/C=C/[C@H]4CCCN4C)cc23)ccc1Oc1ccn2ncnc2c1,8.55284196865778
CHEMBL5201973,IC50,nM,2.32,IC50,nM,2.32,Cc1cc(Nc2ncnc3cc(O)c(NC(=O)/C=C/[C@H]4CCCN4C)cc23)ccc1Oc1ccc2nccn2c1,8.6345120151091
CHEMBL5190132,IC50,nM,1.03,IC50,nM,1.03,Cc1cc(Nc2ncnc3cc(O)c(NC(=O)/C=C/[C@H]4CCCN4C)cc23)ccc1Oc1cnc2ccnn2c1,8.987162775294827
CHEMBL5176920,IC50,nM,1.11,IC50,nM,1.11,Cc1cc(Nc2ncnc3cc(O)c(NC(=O)/C=C/[C@H]4CCCN4C)cc23)ccc1Oc1cc2nccn2cn1,8.954677021213342
CHEMBL5180965,IC50,nM,22.75,IC50,nM,22.75,Cc1cc(Nc2ncnc3cc(O)c(NC(=O)/C=C/[C@H]4CCCN4C)cc23)ccc1Oc1ccn2cnnc2c1,7.643018599006869
CHEMBL5170965,IC50,nM,86.33,IC50,nM,86.33,CCOc1cc2ncnc(Nc3ccc(Oc4cc5nncn5cn4)c(C)c3)c2cc1NC(=O)/C(F)=C\[C@H]1CCCN1C,7.063838259088842
CHEMBL5202846,IC50,nM,11.82,IC50,nM,11.82,Cc1cc(Nc2ncnc3cc(O)c(NC(=O)/C=C/[C@H]4CCCN4C)cc23)ccc1Oc1cnn2cnnc2c1,7.927382523454764
CHEMBL5176854,IC50,nM,32.14,IC50,nM,32.14,CCOc1cc2ncnc(Nc3ccc(Oc4cc5nncn5cn4)c(C)c3)c2cc1NC(=O)/C(F)=C/[C@@H]1CCCN1C,7.492954127572674
CHEMBL5181694,IC50,nM,25.92,IC50,nM,25.92,CCOc1cc2ncnc(Nc3ccc(Oc4cc5nncn5cn4)c(C)c3)c2cc1NC(=O)/C(F)=C\[C@@H]1CCCN1C,7.586365002801444
CHEMBL5183924,IC50,nM,9.6,IC50,nM,9.6,C=C(F)C(=O)Nc1cc2c(Nc3ccc(Oc4cc5nncn5cn4)c(C)c3)ncnc2cc1OCC,8.017728766960431
CHEMBL5178703,IC50,nM,8.13,IC50,nM,8.13,CCOc1cc2ncnc(Nc3ccc(Oc4cc5nncn5cn4)c(C)c3)c2cc1NC(=O)/C(F)=C/[C@H]1CCCN1C,8.089909454405932
CHEMBL5184610,IC50,nM,1.36,IC50,nM,1.36,CCOc1cc2ncnc(Nc3ccc(Oc4cc5nncn5cn4)c(C)c3)c2cc1NC(=O)/C=C/[C@H]1CCCN1C,8.866461091629782
CHEMBL5175489,IC50,nM,1.47,IC50,nM,1.47,C=CC(=O)Nc1cc2c(Nc3ccc(Oc4cc5nncn5cn4)c(C)c3)ncnc2cc1OCC,8.832682665251824
CHEMBL5209046,IC50,nM,3.13,IC50,nM,3.13,Cc1cc(Nc2c(C#N)cnc3ccc(NC(=O)/C=C/[C@H]4CCCN4C)cc23)ccc1Oc1cc2nncn2cn1,8.504455662453552
CHEMBL5179954,IC50,nM,1.19,IC50,nM,1.19,Cc1cc(Nc2ncnc3ccc(NC(=O)/C=C/[C@H]4CCCN4C)cc23)ccc1Oc1cc2nncn2cn1,8.924453038607469
CHEMBL5180725,IC50,nM,20.72,IC50,nM,20.72,Cc1cc(Nc2c(C#N)cnc3ccc(NC(=O)/C=C/CN(C)C)cc23)ccc1Oc1cc2nncn2cn1,7.683610248926804
CHEMBL5175873,IC50,nM,2.13,IC50,nM,2.13,Cc1cc(Nc2ncnc3ccc(NC(=O)/C=C/CN(C)C)cc23)ccc1Oc1cc2nncn2cn1,8.671620396561263
CHEMBL5200783,IC50,nM,1833.8,IC50,nM,1833.8,COCC(=O)NC/C=C/c1ccc2ncc(C#N)c(Nc3ccc(Oc4cc5nncn5cn4)c(C)c3)c2c1,5.7366480316064346
CHEMBL5203179,IC50,nM,110.32,IC50,nM,110.32,COCC(=O)NC/C=C/c1ccc2ncnc(Nc3ccc(Oc4cc5nncn5cn4)c(C)c3)c2c1,6.957345746832207
CHEMBL5194174,IC50,nM,1.9,IC50,nM,1.9,COc1cc(N2CCC(N3CCN(C)CC3)CC2)ccc1Nc1ncc(Cl)c(-c2cn(S(C)(=O)=O)c3ccccc23)n1,8.721246399047171
CHEMBL5172338,IC50,nM,22.6,IC50,nM,22.6,COc1cc(N2CCC(N3CCN(C)CC3)CC2)ccc1Nc1ncc(Cl)c(-c2c[nH]c3ccccc23)n1,7.645891560852599
CHEMBL5207083,IC50,nM,8.5,IC50,nM,8.5,COc1cc(N2CCC(N3CCN(C)CC3)CC2)ccc1Nc1ncc(Cl)c(-c2cn(C(C)=O)c3ccccc23)n1,8.070581074285707
CHEMBL5198314,IC50,nM,5.6,IC50,nM,5.6,CCS(=O)(=O)n1cc(-c2nc(Nc3ccc(N4CCC(N5CCN(C)CC5)CC4)cc3OC)ncc2Cl)c2ccccc21,8.2518119729938
CHEMBL5200598,IC50,nM,33.3,IC50,nM,33.3,COc1cc(N2CCC(N3CCN(C)CC3)CC2)ccc1Nc1ncc(Cl)c(-c2cn(S(=O)(=O)C3CC3)c3ccccc23)n1,7.47755576649368
CHEMBL5188281,IC50,nM,24.2,IC50,nM,24.2,COc1cc(N2CCC(N3CCN(C)CC3)CC2)ccc1Nc1ncc(Cl)c(-c2cn(S(=O)(=O)C(C)C)c3ccccc23)n1,7.616184634019569
CHEMBL5176897,IC50,nM,25.6,IC50,nM,25.6,CCS(=O)(=O)n1cc(-c2nc(Nc3cc(Cl)c(N4CCC(N5CCN(C)CC5)CC4)cc3OC)ncc2Cl)c2ccccc21,7.59176003468815
CHEMBL5185864,IC50,nM,69.2,IC50,nM,69.2,CCS(=O)(=O)n1cc(-c2nc(Nc3cc(C)c(N4CCC(N5CCN(C)CC5)CC4)cc3OC)ncc2Cl)c2ccccc21,7.1598939055432425
CHEMBL5172251,IC50,nM,54.8,IC50,nM,54.8,CCc1cc(Nc2ncc(Cl)c(-c3cn(S(=O)(=O)CC)c4ccccc34)n2)c(OC)cc1N1CCC(N2CCN(C)CC2)CC1,7.261219441515631
CHEMBL5179495,IC50,nM,115.9,IC50,nM,115.9,CCS(=O)(=O)n1cc(-c2nc(Nc3cc(C(C)C)c(N4CCC(N5CCN(C)CC5)CC4)cc3OC)ncc2Cl)c2ccccc21,6.935916564036404
CHEMBL5180778,IC50,nM,4.7,IC50,nM,4.7,CCS(=O)(=O)n1cc(-c2nc(Nc3cc(Cl)c(N4CCC(N5CCN(C)CC5)CC4)cc3C)ncc2Cl)c2ccccc21,8.327902142064282
CHEMBL5206683,IC50,nM,12.0,IC50,nM,12.0,CCOc1cc(N2CCC(N3CCN(C)CC3)CC2)c(Cl)cc1Nc1ncc(Cl)c(-c2cn(S(=O)(=O)CC)c3ccccc23)n1,7.920818753952375
CHEMBL5209545,IC50,nM,8.1,IC50,nM,8.1,CCS(=O)(=O)n1cc(-c2nc(Nc3cc(Cl)c(N4CCC(N5CCN(C)CC5)CC4)cc3OC(C)C)ncc2Cl)c2ccccc21,8.09151498112135
CHEMBL5185922,IC50,nM,4.9,IC50,nM,4.9,CCS(=O)(=O)n1cc(-c2nc(Nc3ccc(N4CCC(N5CCN(C)CC5)CC4)c(Cl)c3)ncc2Cl)c2ccccc21,8.309803919971486
CHEMBL5188272,IC50,nM,19.0,IC50,nM,19.0,CCS(=O)(=O)n1cc2c3ccc(cc31)OCCCCCOc1cc(ccc1N1CCOCC1)Nc1ncc(Cl)c-2n1,7.721246399047171
CHEMBL5205581,IC50,nM,6.2,IC50,nM,6.2,CCS(=O)(=O)n1cc2c3ccc(cc31)OCCCCCCOc1cc(ccc1N1CCOCC1)Nc1ncc(Cl)c-2n1,8.207608310501746
CHEMBL5201250,IC50,nM,89.9,IC50,nM,89.9,CCS(=O)(=O)n1cc2c3ccc(cc31)OCCCCCCCOc1cc(ccc1N1CCOCC1)Nc1ncc(Cl)c-2n1,7.046240308266771
CHEMBL5181437,IC50,nM,141.9,IC50,nM,141.9,CCS(=O)(=O)n1cc2c3ccc(cc31)OCCCCCCCCOc1cc(ccc1N1CCOCC1)Nc1ncc(Cl)c-2n1,6.848017604542526
CHEMBL5197952,IC50,nM,28.0,IC50,nM,28.0,CCS(=O)(=O)n1cc2c3ccc(cc31)OCCCCCCOc1cc(c(F)cc1N1CCOCC1)Nc1ncc(Cl)c-2n1,7.552841968657781
CHEMBL5170653,IC50,nM,57.8,IC50,nM,57.8,CCS(=O)(=O)n1cc2c3ccc(cc31)OCCCCCCOc1cc(c(Cl)cc1N1CCOCC1)Nc1ncc(Cl)c-2n1,7.2380721615794705
CHEMBL5193609,IC50,nM,23.6,IC50,nM,23.6,CCS(=O)(=O)n1cc2c3ccc(cc31)OCCCCCCOc1cc(c(C)cc1N1CCOCC1)Nc1ncc(Cl)c-2n1,7.627087997029894
CHEMBL5181684,IC50,nM,32.1,IC50,nM,32.1,CCc1cc(N2CCOCC2)c2cc1Nc1ncc(Cl)c(n1)-c1cn(S(=O)(=O)CC)c3cc(ccc13)OCCCCCCO2,7.493494967595128
CHEMBL5179214,IC50,nM,56.4,IC50,nM,56.4,CCS(=O)(=O)n1cc2c3ccc(cc31)OCCCCCCOc1cc(c(C3CC3)cc1N1CCOCC1)Nc1ncc(Cl)c-2n1,7.248720896016658
CHEMBL5169943,IC50,nM,164.9,IC50,nM,164.9,CCS(=O)(=O)n1cc2c3ccc(cc31)OCCCCCCOc1cc(c(C3CCCC3)cc1N1CCOCC1)Nc1ncc(Cl)c-2n1,6.782779344355482
CHEMBL204232,IC50,nM,3260.0,IC50,uM,3.26,CC(=O)Nc1c(C(C)=O)c(=O)n(C)c2nc(-c3ccc(Cl)cc3Cl)c(-c3ccc(Cl)cc3)cc12,5.486782399932061
CHEMBL2105712,IC50,nM,0.5,IC50,nM,0.5,CN(C)C/C=C/C(=O)Nc1cc2c(Nc3ccc(F)c(Cl)c3)ncnc2cc1O[C@H]1CCOC1.O=C(O)/C=C\C(=O)O.O=C(O)/C=C\C(=O)O,9.301029995663981
CHEMBL5218998,IC50,nM,3200.0,IC50,uM,3.2,Cn1cc(-c2ccnc(Nc3ccc(NC(=O)CCCCCCC(=O)NO)cc3)n2)c2ccccc21,5.494850021680094
CHEMBL5218821,IC50,nM,1203.0,IC50,nM,1203.0,CCC(=O)Nc1cccc(-c2c(-c3ccccc3)[nH]c3ncnc(OC)c23)c1,5.919734372660155
CHEMBL5218797,IC50,nM,0.4,IC50,nM,0.4,CCC(=O)Nc1cccc(-c2c(-c3ccc(N4CCN(C)CC4)cc3)[nH]c3ncn(C4CCCCC4)c(=O)c23)c1,9.397940008672037
CHEMBL5220645,IC50,nM,0.1,IC50,nM,0.1,CCC(=O)Nc1cccc(-c2c(-c3ccc(N4CCN(C)CC4)cc3)[nH]c3ncnc(OC(C)C)c23)c1,10.0
CHEMBL5220529,IC50,nM,0.2,IC50,nM,0.2,CCC(=O)Nc1cccc(-c2c(-c3ccc(N4CCN(C)CC4)cc3)[nH]c3ncnc(OCC(C)C)c23)c1,9.698970004336019
CHEMBL5220061,IC50,nM,7.64,IC50,nM,7.64,OCCc1ccc(-c2nc(-c3ccc(F)cc3)c(-c3ccnc4c3CC(c3ccccc3)N4)[nH]2)cc1,8.11690664142431
CHEMBL5218879,IC50,nM,8.83,IC50,nM,8.83,OCCCCc1ccc(-c2nc(-c3ccc(F)cc3)c(-c3ccnc4c3CC(c3ccccc3)N4)[nH]2)cc1,8.054039296422431
CHEMBL5218780,IC50,nM,916.0,IC50,nM,916.0,Oc1ccc(-c2nc(-c3ccc(F)cc3)c(-c3ccnc4c3CC(c3ccccc3)N4)[nH]2)cc1,6.03810452633215
CHEMBL5218754,IC50,nM,9.4,IC50,nM,9.4,CCCCOc1ncnc2[nH]c(-c3ccc(N4CCN(C)CC4)cc3)c(-c3cccc(NC(=O)CC)c3)c12,8.0268721464003
CHEMBL5219777,IC50,nM,3.1,IC50,nM,3.1,CC(=O)N[C@H]1CC[C@@H](N2C(=O)N(c3ccccc3Cl)Cc3cnc(Nc4ccc(N5CCN(C)CC5)c(C)c4)nc32)CC1,8.508638306165727
CHEMBL268501,IC50,nM,2.0,IC50,nM,2.0,Cc1ccc2c(-c3ccccc3)nc(=O)n(C(C)C)c2c1,8.698970004336019
CHEMBL5218459,IC50,nM,20.0,IC50,uM,0.02,COc1cc2ncnc(Oc3cccc(NC(=S)Nc4ccc(Cl)c(C(F)(F)F)c4)c3)c2cc1OC,7.698970004336019
CHEMBL5218990,IC50,nM,10.0,IC50,uM,0.01,COc1cc2ncnc(Sc3cccc(NC(=S)Nc4ccc(Br)c(C(F)(F)F)c4)c3)c2cc1OC,8.0
CHEMBL5221067,IC50,nM,0.47,IC50,nM,0.47,N#Cc1c(NC(=O)CNc2n[nH]c3ncccc23)sc2c1CCCC2,9.327902142064282
CHEMBL941,IC50,nM,0.11,IC50,nM,0.11,Cc1ccc(NC(=O)c2ccc(CN3CCN(C)CC3)cc2)cc1Nc1nccc(-c2cccnc2)n1,9.958607314841775
CHEMBL5287438,IC50,nM,39.6,IC50,nM,39.6,C=CC(=O)N1CCCCCCn2cc(c3ccccc32)-c2ccnc(n2)Nc2cccc1c2,7.402304814074488
CHEMBL5274514,IC50,nM,55.3,IC50,nM,55.3,C=CC(=O)N1CCCCCCCn2cc(c3ccccc32)-c2ccnc(n2)Nc2cccc1c2,7.257274868695302
CHEMBL5286055,IC50,nM,86.5,IC50,nM,86.5,C=CC(=O)N1CCCCCCCCn2cc(c3ccccc32)-c2ccnc(n2)Nc2cccc1c2,7.062983892535186
CHEMBL5272747,IC50,nM,13.2,IC50,nM,13.2,C=CC(=O)N1CCCCCCCCCn2cc(c3ccccc32)-c2ccnc(n2)Nc2cccc1c2,7.87942606879415
CHEMBL5269317,IC50,nM,0.47,IC50,nM,0.47,C=CC(=O)N1CCCCCCn2cc(c3ccccc32)-c2ccnc(n2)Nc2cc1ccc2OC,9.327902142064282
CHEMBL5289304,IC50,nM,0.65,IC50,nM,0.65,C=CC(=O)N1CCCCCCCn2cc(c3ccccc32)-c2ccnc(n2)Nc2cc1ccc2OC,9.187086643357144
CHEMBL5290583,IC50,nM,0.22,IC50,nM,0.22,C=CC(=O)N1CCCCCCn2cc(c3ccccc32)-c2ccnc(n2)Nc2cc1ccc2F,9.657577319177793
CHEMBL5286636,IC50,nM,0.54,IC50,nM,0.54,C=CC(=O)N1CCCCCCCn2cc(c3ccccc32)-c2ccnc(n2)Nc2cc1ccc2F,9.267606240177031
CHEMBL5273197,IC50,nM,0.6,IC50,nM,0.6,C=CC(=O)N1CCCCCCn2cc(c3ccccc32)-c2ccnc(n2)Nc2cc1c(OCCCF)cc2F,9.221848749616356
CHEMBL5266919,IC50,nM,2.96,IC50,nM,2.96,C=CC(=O)N1CCCCCCCn2cc(c3ccccc32)-c2ccnc(n2)Nc2cc1c(OCCCF)cc2F,8.528708288941061
CHEMBL5272200,IC50,nM,5.3,IC50,nM,5.3,COc1cc2ncnc(Nc3ccc(O[C@H]4CO[C@H]5[C@@H]4OC[C@@H]5O)c(Cl)c3)c2cc1OC,8.275724130399212
CHEMBL5282499,IC50,nM,4900.0,IC50,uM,4.9,COc1ccc(-c2cc(=O)oc3c(O)c(O)ccc23)cc1O,5.309803919971486
CHEMBL5281486,IC50,nM,4180.0,IC50,uM,4.18,COc1cc(/C=N/NC(=O)COC2=NC(C)=NC3C2C(C)=NN3c2ccccc2)cc(OC)c1OC,5.3788237182249645
CHEMBL5288191,IC50,nM,5827.0,IC50,uM,5.827,COc1nc2ccccc2cc1-c1nc2c(cnn2-c2ccc(Br)cc2)c(=O)[nH]1,5.23455498190985
CHEMBL5283543,IC50,nM,75.2,IC50,nM,75.2,Fc1ccc(C2=Nc3ccc(F)cc3CN2/N=C\c2ccccc2)cc1,7.123782159408358
CHEMBL5284528,IC50,nM,867.0,IC50,uM,0.867,CCCOCCSc1nc(-c2ccccc2Cl)nn1CCOCCC,6.06198090252379
CHEMBL5276251,IC50,nM,90.0,IC50,uM,0.09,O=C(/C=C/c1ccc(F)cc1)c1cc(Br)cc2cc(-c3ccccc3)oc12,7.045757490560675
CHEMBL5272853,IC50,nM,45.0,IC50,uM,0.045,Cc1cc(NC2=NC(=O)/C(=C/c3c4ccccc4cc4ccccc34)S2)no1,7.346787486224656
CHEMBL5280359,IC50,nM,10.3,IC50,uM,0.0103,O=C(CCCCCn1cc(-c2ccc3ncnc(Nc4ccc(Br)cc4F)c3c2)nn1)NO,7.987162775294828
CHEMBL5287477,IC50,nM,10.0,IC50,uM,0.01,CC(=O)O[C@H]1CC[C@]2(C)[C@H]3CC=C4[C@@H]5CC(C)(C)CC[C@]5(C(=O)OCCCC[N+](=O)[O-])CC[C@@]4(C)[C@]3(C)CC[C@H]2C1(C)CO,8.0
CHEMBL4072410,IC50,nM,3000.0,IC50,uM,3.0,O=[N+]([O-])OCCCOc1ccc(Nc2ncnc3c2cnn3-c2ccc(Br)cc2)cc1,5.522878745280337
CHEMBL5275784,IC50,nM,3000.0,IC50,uM,3.0,CSc1nn(-c2ccc(Br)cc2)c2nc(C)nc(Nc3ccc(OCCCC[N+](=O)[O-])cc3)c12,5.522878745280337
CHEMBL5266387,IC50,nM,38.8,IC50,uM,0.0388,Cc1ccc2c(=O)n(Cc3ccccc3)c(SCc3cn(-c4ccc(C(=O)O)cc4)nn3)nc2c1,7.411168274405793
CHEMBL5286373,IC50,nM,220.0,IC50,uM,0.22,COc1ccc(CNc2nc3ccccc3c(NCc3ccc(OC)cc3)c2[N+](=O)[O-])cc1,6.657577319177793
CHEMBL5272590,IC50,nM,25.0,IC50,nM,25.0,C=CC(=O)Nc1ccc2ncc(NC(=O)Nc3ccccc3)nc2c1,7.6020599913279625
CHEMBL5277831,IC50,nM,9.0,IC50,uM,0.009,Cc1ccc(NC(=O)CSc2nc3cc4ccccc4cc3c(=O)n2-c2ccc(S(N)(=O)=O)cc2)cc1,8.045757490560675
CHEMBL5280584,IC50,nM,12.0,IC50,uM,0.012,Cc1ccccc1NC(=O)CSc1nc2cc3ccccc3cc2c(=O)n1-c1ccc(S(N)(=O)=O)cc1,7.920818753952375
CHEMBL5281270,IC50,nM,22.0,IC50,uM,0.022,CCc1cccc(NC(=O)CSc2nc3cc4ccccc4cc3c(=O)n2-c2ccc(S(N)(=O)=O)cc2)c1,7.657577319177793
CHEMBL5270336,IC50,nM,640.0,IC50,uM,0.64,CN1C(=O)c2ccc(NC(=O)CSc3nc4cc5ccccc5cc4c(=O)n3-c3ccc(S(N)(=O)=O)cc3)cc2C1=O,6.1938200260161125
CHEMBL5270419,IC50,nM,120.0,IC50,uM,0.12,COc1cc2ncnc(Nc3ccc(OCCn4ccnc4[N+](=O)[O-])c(Cl)c3)c2cc1OCCCN1CCOCC1,6.920818753952375
CHEMBL5199520,IC50,nM,200.0,IC50,uM,0.2,NS(=O)(=O)c1ccc(CCn2c(SCC(=O)Nc3ccc(Cl)cc3)nc3ccccc3c2=O)cc1,6.698970004336019
CHEMBL5282557,IC50,nM,157.63,IC50,nM,157.63,CCCCCCCCCNc1nc2ccccc2c2c(C(=O)c3ccc(F)cc3)c(N)cn12,6.80236112444443
CHEMBL5283875,IC50,nM,4.3,IC50,nM,4.3,C=CC(=O)Nc1ccccc1Nc1ncnc2cc(OC)c(OCCN3CCOCC3)cc12,8.366531544420413
CHEMBL5286575,IC50,nM,21.4,IC50,uM,0.0214,CCCN(c1ccc(F)c(Cl)c1)c1ncnc2cc(OC)c(OCCCN3CCOCC3)cc12,7.669586226650809
CHEMBL5286730,IC50,nM,3900.0,IC50,uM,3.9,Cc1ccc(NC(=O)CSc2nc3cc4ccccc4cc3c(=O)n2-c2ccc(S(N)(=O)=O)cc2)cc1C,5.4089353929735005
CHEMBL5271803,IC50,nM,0.05,IC50,nM,0.05,CN(C)CCn1cccc1/C=N/NC(=O)Nc1cc2c(Nc3ccc(F)c(Cl)c3)ncnc2cc1O[C@H]1CCOC1,10.301029995663981
CHEMBL5289358,IC50,nM,6.3,IC50,nM,6.3,O=C(N/N=C/c1cnc(N2CCCC2)nc1)Nc1cc2c(Nc3ccc(F)c(Cl)c3)ncnc2cc1O[C@H]1CCOC1,8.200659450546418
CHEMBL5280092,IC50,nM,15.6,IC50,nM,15.6,CCN(CC)CCNCc1ccc(-c2ccc3ncnc(Nc4ccc(OCc5cccc(F)c5)c(Cl)c4)c3c2)o1,7.806875401645538
CHEMBL5281903,IC50,nM,0.81,IC50,nmol/L,0.81,C#Cc1cccc(Nc2ncnc3cc(OC)c(OCCCN4CCOCC4)cc23)c1,9.09151498112135
CHEMBL5291481,IC50,nM,102.0,IC50,uM,0.102,O=c1c2ccc(Cl)cc2nc(-c2ccccc2)n1-c1nnc(-c2ccccc2C2CC2)o1,6.991399828238082
CHEMBL5279539,IC50,nM,21.0,IC50,uM,0.021,COc1ccc(-c2nnc(-n3c(-c4ccccc4)nc4cc(Cl)ccc4c3=O)o2)cc1,7.6777807052660805
CHEMBL5286675,IC50,nM,2230.0,IC50,uM,2.23,CN(C)c1ccc(/C=C/c2cc(C(=O)O)c3cc(Br)ccc3n2)cc1,5.651695136951839
CHEMBL5284920,IC50,nM,1110.0,IC50,uM,1.11,Cc1ccc2nc(/C=C/c3ccc(N(C)C)cc3)cc(-c3nnc(N)s3)c2c1,5.954677021213342
CHEMBL5274305,IC50,nM,37.07,IC50,nM,37.07,COc1ccc2nc(Cl)c(/C=C/C(=O)c3ccc(C)cc3)cc2c1,7.430977413970436
CHEMBL5273741,IC50,nM,31.8,IC50,nM,31.8,COc1ccc2nc(Cl)c(C3CC(c4ccc(C)cc4)=NN3c3nc(-c4ccc(F)cc4)cs3)cc2c1,7.497572880015567
CHEMBL5269307,IC50,nM,42.52,IC50,nM,42.52,COc1ccc2nc(Cl)c(C3CC(c4ccc(C)cc4)=NN3c3nc(C)c(C(=O)Nc4ccccc4)s3)cc2c1,7.371406744148741
CHEMBL5291010,IC50,nM,210.0,IC50,nM,210.0,C=CC(=O)Nc1cc(Nc2nccc(-c3cn4c5c(cccc35)OCC4)n2)c(OC)cc1N(C)CCN(C)C,6.6777807052660805
CHEMBL5266482,IC50,nM,71.0,IC50,nM,71.0,C=CC(=O)Nc1cc(Nc2ncc(Cl)c(-c3cn4c5c(cccc35)CCC4)n2)c(OC)cc1N(C)CCN(C)C,7.1487416512809245
CHEMBL5284255,IC50,nM,36.0,IC50,nM,36.0,C=CC(=O)Nc1cc(Nc2ncc(Cl)c(-c3cn4c5c(cccc35)OCC4)n2)c(OC)cc1N(C)CCN(C)C,7.443697499232712
CHEMBL5266896,IC50,nM,288.0,IC50,nM,288.0,C=CC(=O)Nc1cc(Nc2nccc(-c3c4n(c5ccccc35)CCOC4)n2)c(OC)cc1N(C)CCN(C)C,6.540607512240769
CHEMBL5286532,IC50,nM,2969.0,IC50,nM,2969.0,C=CC(=O)Nc1cc(Nc2ncc(Cl)c(-c3c4n(c5ccccc35)CCOC4)n2)c(OC)cc1N(C)CCN(C)C,5.527389802403955
CHEMBL5283216,IC50,nM,35.0,IC50,nM,35.0,C=CC(=O)Nc1cc(Nc2ncc(C#N)c(-c3cn4c5c(cccc35)CCC4)n2)c(OC)cc1N(C)CCN(C)C,7.455931955649724
CHEMBL5279491,IC50,nM,42.0,IC50,nM,42.0,C#Cc1cnc(Nc2cc(NC(=O)C=C)c(N(C)CCN(C)C)cc2OC)nc1-c1cn2c3c(cccc13)CCC2,7.376750709602099
CHEMBL5281266,IC50,nM,23.0,IC50,nM,23.0,C=CC(=O)Nc1cc(Nc2ncc(C(=O)CC)c(-c3cn4c5c(cccc35)CCC4)n2)c(OC)cc1N(C)CCN(C)C,7.638272163982407
CHEMBL5286091,IC50,nM,40.0,IC50,nM,40.0,C=CC(=O)Nc1cc(Nc2ncc(C(=O)OC)c(-c3cn4c5c(cccc35)CCC4)n2)c(OC)cc1N(C)CCN(C)C,7.3979400086720375
CHEMBL5275712,IC50,nM,32.0,IC50,nM,32.0,C=CC(=O)Nc1cc(Nc2ncc(C(=O)OCC)c(-c3cn4c5c(cccc35)CCC4)n2)c(OC)cc1N(C)CCN(C)C,7.494850021680094
CHEMBL5279794,IC50,nM,39.0,IC50,nM,39.0,C=CC(=O)Nc1cc(Nc2ncc(C(=O)OC(C)C)c(-c3cn4c5c(cccc35)CCC4)n2)c(OC)cc1N(C)CCN(C)C,7.4089353929735005
CHEMBL5276760,IC50,nM,147.0,IC50,nM,147.0,C=CC(=O)Nc1cc(Nc2ncc(C(=O)NC)c(-c3cn4c5c(cccc35)CCC4)n2)c(OC)cc1N(C)CCN(C)C,6.8326826652518236
CHEMBL5271640,IC50,nM,45.0,IC50,nM,45.0,C=CC(=O)Nc1cc(Nc2ncc(-c3ncco3)c(-c3cn4c5c(cccc35)CCC4)n2)c(OC)cc1N(C)CCN(C)C,7.346787486224656
CHEMBL5270000,IC50,nM,15.0,IC50,nM,15.0,C=CC(=O)Nc1cc(Nc2ncc(-c3nnco3)c(-c3cn4c5c(cccc35)CCC4)n2)c(OC)cc1N(C)CCN(C)C,7.823908740944319
CHEMBL5271718,IC50,nM,49.0,IC50,nM,49.0,C=CC(=O)Nc1cc(Nc2ncc(-c3nc(C)no3)c(-c3cn4c5c(cccc35)CCC4)n2)c(OC)cc1N(C)CCN(C)C,7.309803919971486
CHEMBL5266834,IC50,nM,23.0,IC50,nM,23.0,C=CC(=O)Nc1cc(Nc2ncc(-c3ccnn3C)c(-c3cn4c5c(cccc35)CCC4)n2)c(OC)cc1N(C)CCN(C)C,7.638272163982407
CHEMBL5291353,IC50,nM,15.0,IC50,nM,15.0,C=CC(=O)Nc1cc(Nc2ncc(-c3cnn(C)c3)c(-c3cn4c5c(cccc35)CCC4)n2)c(OC)cc1N(C)CCN(C)C,7.823908740944319
CHEMBL5284387,IC50,nM,15.0,IC50,nM,15.0,C=CC(=O)Nc1cc(Nc2ncc(-c3cnn(C(C)C)c3)c(-c3cn4c5c(cccc35)CCC4)n2)c(OC)cc1N(C)CCN(C)C,7.823908740944319
CHEMBL5284486,IC50,nM,20.0,IC50,nM,20.0,C=CC(=O)Nc1cc(Nc2ncc(C(=O)OC)c(-c3cn(C)c4ccccc34)n2)c(OC)cc1N(C)CCN(C)C,7.698970004336019
CHEMBL5268143,IC50,nM,19.0,IC50,nM,19.0,C=CC(=O)Nc1cc(Nc2ncc(C(=O)OCC)c(-c3cn(C)c4ccccc34)n2)c(OC)cc1N(C)CCN(C)C,7.721246399047171
CHEMBL4650319,IC50,nM,31.0,IC50,nM,31.0,C=CC(=O)Nc1cc(Nc2ncc(C(=O)OC(C)C)c(-c3cn(C)c4ccccc34)n2)c(OC)cc1N(C)CCN(C)C,7.508638306165727
CHEMBL5273438,IC50,nM,84.0,IC50,nM,84.0,C=CC(=O)Nc1cc(Nc2ncc(C(=O)OC3CCC3)c(-c3cn(C)c4ccccc34)n2)c(OC)cc1N(C)CCN(C)C,7.075720713938118
CHEMBL5272345,IC50,nM,142.0,IC50,nM,142.0,C=CC(=O)Nc1cc(Nc2ncc(C(=O)OCC(C)C)c(-c3cn(C)c4ccccc34)n2)c(OC)cc1N(C)CCN(C)C,6.847711655616943
CHEMBL5266798,IC50,nM,24.0,IC50,nM,24.0,C=CC(=O)Nc1cc(Nc2ncc(C(=O)OC(C)C)c(-c3cn(CC)c4ccccc34)n2)c(OC)cc1N(C)CCN(C)C,7.619788758288394
CHEMBL5281203,IC50,nM,224.0,IC50,nM,224.0,C=CC(=O)Nc1cc(Nc2ncc(C(=O)OC(C)C)c(-c3cn(C4CC4)c4ccccc34)n2)c(OC)cc1N(C)CCN(C)C,6.649751981665837
CHEMBL5266100,IC50,nM,79.0,IC50,nM,79.0,C=CC(=O)Nc1cc(Nc2ncc(C(=O)OC(C)C)c(-c3cn(C(C)=O)c4ccccc34)n2)c(OC)cc1N(C)CCN(C)C,7.102372908709558
CHEMBL5290929,IC50,nM,43.0,IC50,nM,43.0,C=CC(=O)Nc1cc(Nc2ncc(C(=O)OC(C)C)c(-c3cn(C)c4ccccc34)n2)c(OC)cc1N(C)C[C@H]1CCCN1C,7.366531544420414
CHEMBL5270335,IC50,nM,57.0,IC50,nM,57.0,C=CC(=O)Nc1cc(Nc2ncc(C(=O)OC(C)C)c(-c3cn(C)c4ccccc34)n2)c(OC)cc1N(C)C[C@@H]1CCCN1C,7.2441251443275085
CHEMBL5269391,IC50,nM,87.27,IC50,nM,87.27,Fc1ccc(Nc2ncnc3ccc4c(c23)OCCN4)cc1Cl,7.059135024033278
CHEMBL5287505,IC50,nM,120.5,IC50,nM,120.5,Brc1cccc(Nc2ncnc3ccc4c(c23)OCCN4)c1,6.919012953089113
CHEMBL5280531,IC50,nM,937.7,IC50,nM,937.7,FC(F)(F)c1cccc(Nc2ncnc3ccc4c(c23)OCCN4)c1,6.027936083991977
CHEMBL5269684,IC50,nM,47.22,IC50,nM,47.22,CC(=O)N1CCOc2c1ccc1ncnc(Nc3ccc(F)c(Cl)c3)c21,7.325874017257291
CHEMBL5275916,IC50,nM,45.6,IC50,nM,45.6,CC(=O)N1CCOc2c1ccc1ncnc(Nc3cccc(Br)c3)c21,7.341035157335565
CHEMBL5267140,IC50,nM,534.0,IC50,nM,534.0,CC(=O)N1CCOc2c1ccc1ncnc(Nc3cccc(C(F)(F)F)c3)c21,6.272458742971444
CHEMBL5278452,IC50,nM,70.61,IC50,nM,70.61,CCC(=O)N1CCOc2c1ccc1ncnc(Nc3ccc(F)c(Cl)c3)c21,7.151133788505221
CHEMBL5271937,IC50,nM,70.28,IC50,nM,70.28,CCC(=O)N1CCOc2c1ccc1ncnc(Nc3cccc(Br)c3)c21,7.153168247176743
CHEMBL5271978,IC50,nM,837.8,IC50,nM,837.8,CCC(=O)N1CCOc2c1ccc1ncnc(Nc3cccc(C(F)(F)F)c3)c21,6.0768596439747995
CHEMBL5286368,IC50,nM,25.69,IC50,nM,25.69,CN1CCN(CCC(=O)N2CCOc3c2ccc2ncnc(Nc4ccc(F)c(Cl)c4)c32)CC1,7.590235895733654
CHEMBL5276304,IC50,nM,40.7,IC50,nM,40.7,CN1CCN(CCC(=O)N2CCOc3c2ccc2ncnc(Nc4cccc(Br)c4)c32)CC1,7.39040559077478
CHEMBL5290595,IC50,nM,148.4,IC50,nM,148.4,CN1CCN(CCC(=O)N2CCOc3c2ccc2ncnc(Nc4cccc(C(F)(F)F)c4)c32)CC1,6.828566099056991
CHEMBL5284397,IC50,nM,10.29,IC50,nM,10.29,COCCOc1cc2ncnc(Nc3cccc(Cl)c3)c2c2c1OC(COC)CO2,7.9875846252375675
CHEMBL5275672,IC50,nM,64.65,IC50,nM,64.65,Cc1nnc2n1N=C(c1ccccc1OCCNCCCNCCOc1ccccc1C1=Nn3c(C)nnc3SC1)CS2,7.189431470783587
CHEMBL5277101,IC50,nM,610.0,IC50,uM,0.61,CN(CCOC(=O)c1ccc(C(=O)Nc2ncnc3c2c(-c2ccc(Cl)cc2)nn3C(C)(C)C)nc1)Cc1ccc(C(=O)Nc2ccc3ncnc(Nc4cccc(Cl)c4)c3c2)cc1,6.214670164989233
CHEMBL5290094,IC50,nM,102.0,IC50,uM,0.102,COc1cccc(-c2cc(=O)c3ccccc3o2)c1NC(=O)OCCOC(=O)NCCN(C)CCN/N=N/c1ccc2c(Nc3cccc(Cl)c3)ncnc2c1,6.991399828238082
CHEMBL5289623,IC50,nM,4310.0,IC50,nM,4310.0,C=CC(=O)N1CCc2ccc(N3C(=O)CCc4cnc5ccc(-c6cnn(C)c6)cc5c43)cc21,5.3655227298392685
CHEMBL5273124,IC50,nM,2800.0,IC50,uM,2.8,CCOc1ccc2nc(NC(=O)CSc3nnc(Cc4c[nH]c5ccccc45)o3)sc2c1,5.552841968657781
CHEMBL4650281,IC50,nM,1.1,IC50,nM,1.1,C=CC(=O)N[C@H]1C=C(C)c2c(-c3cnc4ccccc4c3)c3c(N)ncnc3n2C1,8.958607314841775
CHEMBL5268867,IC50,nM,13.0,IC50,nM,13.0,N#C/C(=C/C(=O)N1CCC[C@@H](n2nc(-c3cnc4[nH]ccc4c3)c3c(N)ncnc32)C1)C1CC1,7.886056647693163
CHEMBL5286014,IC50,nM,65.0,IC50,nM,65.0,C=CC(=O)N1CCC[C@H](n2nc(C(=O)c3ccc(CC(=O)N(C)C)c(C)c3C)c3c(N)ncnc32)C1,7.187086643357144
CHEMBL475584,IC50,nM,150.0,IC50,nM,150.0,COc1cccc(-c2cn(-c3ccc(CCN4CCC(O)CC4)cc3)c3ncnc(N)c23)c1,6.823908740944319
CHEMBL1095259,IC50,nM,44640.0,IC50,uM,44.64,N=C1N=C(NCCS(=O)(=O)O)/C(=C/C(O)CNC(=O)c2cc(Br)c(Br)[nH]2)N1,4.350275814070478
CHEMBL4575427,IC50,nM,44640.0,IC50,uM,44.64,N=C1N=C(NCCS(=O)(=O)O)/C(=C/C(O)CNC(=O)c2cc(Br)c[nH]2)N1,4.350275814070478
CHEMBL5279914,IC50,nM,20.0,IC50,uM,0.02,COc1cc(C(=NC#N)c2csc(-c3ccccc3)n2)cc(OC)c1OC,7.698970004336019
CHEMBL1830231,IC50,nM,8.0,IC50,uM,0.008,COc1cc(C(=O)c2csc(-c3ccc4[nH]ccc4c3)n2)cc(OC)c1OC,8.096910013008056
CHEMBL4279709,IC50,nM,5480.0,IC50,uM,5.48,FC(F)(F)c1ccc(/C=N/Nc2nc(-c3ccc(Cl)cc3Cl)cs2)cc1,5.261219441515631
CHEMBL3114107,IC50,nM,2000.0,IC50,uM,2.0,CC(C)=NNc1nc(-c2ccc(Cl)cc2)cs1,5.698970004336019
CHEMBL5269346,IC50,nM,8280.0,IC50,uM,8.28,O=C(Nn1c(-c2ccc(Br)cc2)cs/c1=N\c1ccc([N+](=O)[O-])cc1)c1ccc(Cl)cc1,5.08196966321512
CHEMBL5275471,IC50,nM,10100.0,IC50,uM,10.1,CCOC(=O)c1csc(NC(=S)Nc2ccc(Cl)cc2)n1,4.995678626217358
CHEMBL5274657,IC50,nM,80.0,IC50,uM,0.08,O=C(NC1=NC2C(=O)NN=C(c3ccc(Br)cc3)C2S1)Nc1ccc(Cl)cc1,7.096910013008056
CHEMBL4216765,IC50,nM,3600.0,IC50,uM,3.6,COc1ccc(C(=O)n2nc(-c3cccnc3)nc2N)cc1,5.443697499232712
CHEMBL5287053,IC50,nM,4600.0,IC50,uM,4.6,COc1ccc(C(=O)n2nc(-c3ccncc3)nc2N)cc1,5.337242168318426
CHEMBL5288957,IC50,nM,609.0,IC50,uM,0.609,COc1cc2c(Nc3ccc(-c4ccccc4)cc3)ncnc2cc1OCC1CCN(C)CC1,6.215382707367125
CHEMBL5274670,IC50,nM,672.0,IC50,uM,0.672,COc1cc2c(Nc3ccc(Cc4ccccc4)cc3)ncnc2cc1OCC1CCN(C)CC1,6.172630726946175
CHEMBL5284848,IC50,nM,128.0,IC50,uM,0.128,COc1cc2c(Nc3ccc(Oc4ccccc4)cc3)ncnc2cc1OCC1CCN(C)CC1,6.892790030352131
CHEMBL5271568,IC50,nM,142.0,IC50,uM,0.142,COc1cc2c(Nc3ccc(Sc4ccccc4)cc3)ncnc2cc1OCC1CCN(C)CC1,6.847711655616943
CHEMBL5281945,IC50,nM,679.0,IC50,uM,0.679,COc1cc2c(Nc3ccc([S+]([O-])c4ccccc4)cc3)ncnc2cc1OCC1CCN(C)CC1,6.168130225719498
CHEMBL5289352,IC50,nM,550.0,IC50,uM,0.55,COc1cc2c(Nc3ccc(S(=O)(=O)c4ccccc4)cc3)ncnc2cc1OCC1CCN(C)CC1,6.259637310505756
CHEMBL5280288,IC50,nM,712.0,IC50,uM,0.712,COc1cc2c(Nc3ccc(Oc4ccccn4)cc3)ncnc2cc1OCC1CCN(C)CC1,6.147520006363144
CHEMBL5268092,IC50,nM,47.0,IC50,uM,0.047,COc1cc2c(Nc3ccc(Oc4ccccc4)cc3F)ncnc2cc1OCC1CCN(C)CC1,7.327902142064283
CHEMBL5290503,IC50,nM,952.0,IC50,uM,0.952,COc1cc2c(Nc3ccc(Oc4ccccc4)cc3Br)ncnc2cc1OCC1CCN(C)CC1,6.021363051615525
CHEMBL5271155,IC50,nM,34.0,IC50,uM,0.034,COc1cc2c(Nc3ccc(Oc4ccccc4)cc3C)ncnc2cc1OCC1CCN(C)CC1,7.468521082957745
CHEMBL5275486,IC50,nM,107.0,IC50,uM,0.107,COc1cc2c(Nc3ccc(Oc4ccccc4)c(Cl)c3)ncnc2cc1OCC1CCN(C)CC1,6.97061622231479
CHEMBL5280471,IC50,nM,7.0,IC50,uM,0.007,COc1cc2c(Nc3ccc(Oc4ccccc4)c(Br)c3)ncnc2cc1OCC1CCN(C)CC1,8.154901959985743
CHEMBL5284179,IC50,nM,22.0,IC50,uM,0.022,COc1cc2c(Nc3ccc(Oc4ccccc4)c(C)c3)ncnc2cc1OCC1CCN(C)CC1,7.657577319177793
CHEMBL5290340,IC50,nM,20.0,IC50,uM,0.02,COc1cc2c(Nc3ccc(Oc4ccccc4F)cc3)ncnc2cc1OCC1CCN(C)CC1,7.698970004336019
CHEMBL5279933,IC50,nM,41.0,IC50,uM,0.041,COc1cc2c(Nc3ccc(Oc4ccccc4Cl)cc3)ncnc2cc1OCC1CCN(C)CC1,7.3872161432802645
CHEMBL5268062,IC50,nM,160.0,IC50,uM,0.16,COc1cc2c(Nc3ccc(Oc4ccccc4Br)cc3)ncnc2cc1OCC1CCN(C)CC1,6.795880017344075
CHEMBL5284866,IC50,nM,32.0,IC50,uM,0.032,COc1cc2c(Nc3ccc(Oc4ccccc4C)cc3)ncnc2cc1OCC1CCN(C)CC1,7.494850021680094
CHEMBL5273000,IC50,nM,36.0,IC50,uM,0.036,COc1cc2c(Nc3ccc(Oc4cccc(F)c4)cc3)ncnc2cc1OCC1CCN(C)CC1,7.443697499232712
CHEMBL5290879,IC50,nM,729.0,IC50,uM,0.729,COc1cc2c(Nc3ccc(Oc4cccc(Cl)c4)cc3)ncnc2cc1OCC1CCN(C)CC1,6.137272471682025
CHEMBL5273342,IC50,nM,352.0,IC50,uM,0.352,COc1cc2c(Nc3ccc(Oc4cccc(C)c4)cc3)ncnc2cc1OCC1CCN(C)CC1,6.453457336521869
CHEMBL5280575,IC50,nM,891.0,IC50,uM,0.891,COc1cc2c(Nc3ccc(Oc4ccc(F)cc4)cc3)ncnc2cc1OCC1CCN(C)CC1,6.050122295963125
CHEMBL5280292,IC50,nM,337.0,IC50,uM,0.337,COc1cc2c(Nc3ccc(Oc4ccc(Cl)cc4)cc3)ncnc2cc1OCC1CCN(C)CC1,6.4723700991286615
CHEMBL5273994,IC50,nM,3754.0,IC50,uM,3.754,COc1cc2c(Nc3ccc(Oc4ccc(Br)cc4)cc3)ncnc2cc1OCC1CCN(C)CC1,5.425505731714672
CHEMBL5265927,IC50,nM,230.0,IC50,uM,0.23,COc1cc2c(Nc3ccc(Oc4ccc(C)cc4)cc3)ncnc2cc1OCC1CCN(C)CC1,6.638272163982407
CHEMBL97771,IC50,nM,373.0,IC50,uM,0.373,COc1cc2ncnc(Nc3ccc(Oc4ccccc4)cc3)c2cc1OC,6.428291168191312
CHEMBL3973435,IC50,nM,1.2,IC50,nM,1.2,C=CC(=O)N1CCC(C2CCNc3c(C(N)=O)c(-c4ccc(Oc5ccccc5)cc4)nn32)CC1,8.920818753952375
CHEMBL3935034,IC50,nM,18.0,IC50,nM,18.0,C=CC(=O)N1CCC(C2CCNc3c(C(N)=O)c(-c4ccc(Oc5ccc(F)cc5F)cc4)nn32)CC1,7.7447274948966935
CHEMBL3902845,IC50,nM,1.7,IC50,nM,1.7,C=CC(=O)N1CCC(C2CCNc3c(C(N)=O)c(-c4ccc(Oc5ccccc5)c(Cl)c4)nn32)CC1,8.769551078621726
CHEMBL5274187,IC50,nM,61.0,IC50,nM,61.0,C=CC(=O)N1CCC(C2CCNc3c(C(N)=O)c(-c4ccc(Oc5ccccc5)c(O)c4)nn32)CC1,7.214670164989233
CHEMBL3927293,IC50,nM,11.0,IC50,nM,11.0,C=CC(=O)N1CCC(C2CCNc3c(C(N)=O)c(-c4ccc(Oc5ccccc5)c(OC)c4)nn32)CC1,7.958607314841775
CHEMBL5266785,IC50,nM,4713.0,IC50,nM,4713.0,C=CC(=O)N1CCC(C2CCNc3c(C(N)=O)c(-c4cc(OC)c(Oc5ccccc5)c(OC)c4)nn32)CC1,5.326702560240364
CHEMBL5265797,IC50,nM,2458.0,IC50,nM,2458.0,C=CC(=O)N1CCC(C2CCNc3c(C(N)=O)c(-c4cc(C)c(C)c(C)c4)nn32)CC1,5.609418121449565
CHEMBL5266477,IC50,nM,713.0,IC50,nM,713.0,C=CC(=O)N1CCC(C2CCNc3c(C(N)=O)c(-c4cc(Cl)c(Cl)c(Cl)c4)nn32)CC1,6.146910470148135
CHEMBL5283553,IC50,nM,603.0,IC50,nM,603.0,C=CC(=O)N1CCC(C2CCNc3c(C(N)=O)c(-c4cc(Cl)c(Br)c(Cl)c4)nn32)CC1,6.219682687859849
CHEMBL5272121,IC50,nM,656.0,IC50,nM,656.0,C=CC(=O)N1CCC(C2CCNc3c(C(N)=O)c(-c4cc(Cl)c(Br)c(OC)c4)nn32)CC1,6.1830961606243395
CHEMBL5286702,IC50,nM,1999.0,IC50,nM,1999.0,C=CC(=O)N1CCC(C2CCNc3c(C(N)=O)c(-c4cc(OC)c(Br)c(OC)c4)nn32)CC1,5.699187205881883
CHEMBL5289250,IC50,nM,1760.0,IC50,nM,1760.0,C=CC(=O)N1CCC(C2CCNc3c(C(N)=O)c(-c4cc(OC)c(Cl)c(OC)c4)nn32)CC1,5.7544873321858505
CHEMBL5266481,IC50,nM,3326.0,IC50,nM,3326.0,C=CC(=O)N1CCC(C2CCNc3c(C(N)=O)c(-c4cc(OC)c(C)c(OC)c4)nn32)CC1,5.4780777551165
CHEMBL5272694,IC50,nM,4496.0,IC50,nM,4496.0,C=CC(=O)N1CCC(C2CCNc3c(C(N)=O)c(-c4cc(OC)c(C5CCCC5)c(OC)c4)nn32)CC1,5.347173697438995
CHEMBL5288582,IC50,nM,271.0,IC50,nM,271.0,C=CC(=O)N1CCC(C2CCNc3c(C(N)=O)c(-c4cc(OC)c5ccoc5c4)nn32)CC1,6.567030709125595
CHEMBL5273525,IC50,nM,100.0,IC50,nM,100.0,C=CC(=O)N1CCC(C2CCNc3c(C(N)=O)c(-c4cc(OC)c5ccsc5c4)nn32)CC1,7.0
CHEMBL5266823,IC50,nM,23.0,IC50,nM,23.0,C=CC(=O)N1CCC(C2CCNc3c(C(N)=O)c(-c4cc(OC)c5c(C)csc5c4)nn32)CC1,7.638272163982407
CHEMBL5268388,IC50,nM,129.0,IC50,nM,129.0,C=CC(=O)N1CCC(C2CCNc3c(C(N)=O)c(-c4cc(OC)c5c(c4)OCC5(C)C)nn32)CC1,6.889410289700751
CHEMBL5275348,IC50,nM,1092.0,IC50,nM,1092.0,C=CC(=O)N1CCC([C@@H]2CCNc3c(C(N)=O)c(-c4cc(OC)c(Br)c(OC)c4)nn32)CC1,5.961777361631282
CHEMBL5276374,IC50,nM,621.0,IC50,nM,621.0,C=CC(=O)N1CCC([C@@H]2CCNc3c(C(N)=O)c(-c4cc(OC)c(C)c(OC)c4)nn32)CC1,6.20690839982342
CHEMBL5288751,IC50,nM,450.0,IC50,nM,450.0,C=CC(=O)N1CCC([C@@H]2CCNc3c(C(N)=O)c(-c4cc(OC)c(C5CC5)c(OC)c4)nn32)CC1,6.346787486224656
CHEMBL5282956,IC50,nM,18.0,IC50,nM,18.0,C=CC(=O)Nc1ccccc1C1CCNc2c(C(N)=O)c(-c3cc(OC)c(C)c(OC)c3)nn21,7.7447274948966935
CHEMBL5272404,IC50,nM,64.0,IC50,nM,64.0,C=CC(=O)Nc1ccccc1C1CCNc2c(C(N)=O)c(-c3cc(OC)c(C4CC4)c(OC)c3)nn21,7.1938200260161125
CHEMBL3932338,IC50,nM,2613.0,IC50,nM,2613.0,CC#CC(=O)N1CCC([C@@H]2CCNc3c(C(N)=O)c(-c4ccc(Oc5ccccc5)cc4)nn32)CC1,5.5828605902726745
CHEMBL4650321,IC50,nM,5900.0,IC50,nM,5900.0,C=CC(=O)N1CCC(c2ccc(C(N)=O)c(-c3ccc(Oc4ccccc4)cc3)n2)CC1,5.229147988357856
CHEMBL4650323,IC50,nM,74.0,IC50,nM,74.0,C=CC(=O)N1CCC[C@@H](n2c(=O)n(-c3ccc(Oc4ccccc4)cc3)c3c(N)nccc32)C1,7.130768280269024
CHEMBL5270270,IC50,nM,44.0,IC50,nM,44.0,COc1cc2ncnc(NCCOc3ccccc3F)c2cc1OC,7.356547323513812
CHEMBL5280555,IC50,nM,3900.0,IC50,uM,3.9,CC(C)n1nc(N)c2cnc(Nc3ccnc(-c4cnn(S(=O)(=O)C5CC5)c4)n3)cc21,5.4089353929735005
CHEMBL5273791,IC50,nM,850.0,IC50,uM,0.85,CC(C)n1nc(N2CCOCC2)c2cnc(Nc3ccnc(-c4cnn(S(=O)(=O)C5CC5)c4)n3)cc21,6.070581074285707
CHEMBL5276357,IC50,nM,1500.0,IC50,uM,1.5,CC(C)n1nc(N2CCC(O)CC2)c2cnc(Nc3ccnc(-c4cnn(S(=O)(=O)C5CC5)c4)n3)cc21,5.823908740944319
CHEMBL5285503,IC50,nM,96.0,IC50,uM,0.096,CC(C)n1nc(N2CC(CO)C2)c2cnc(Nc3ccnc(-c4cnn(S(=O)(=O)C5CC5)c4)n3)cc21,7.017728766960431
CHEMBL5282716,IC50,nM,210.0,IC50,uM,0.21,CC(C)n1nc(N2CC(C(C)(C)O)C2)c2cnc(Nc3ccnc(-c4cnn(S(=O)(=O)C5CC5)c4)n3)cc21,6.6777807052660805
CHEMBL5280589,IC50,nM,580.0,IC50,uM,0.58,CC[C@@H](C)n1nc(N2CC(C(C)(C)O)C2)c2cnc(Nc3ccnc(-c4cnn(S(=O)(=O)C5CC5)c4)n3)cc21,6.236572006437063
CHEMBL5282118,IC50,nM,218.0,IC50,uM,0.218,CC[C@H](C)n1nc(N2CC(C(C)(C)O)C2)c2cnc(Nc3ccnc(-c4cnn(S(=O)(=O)C5CC5)c4)n3)cc21,6.661543506395395
CHEMBL5281446,IC50,nM,3000.0,IC50,uM,3.0,CC(C)c1nn(C(C)C)c2cc(Nc3ccnc(-c4cnn(S(=O)(=O)C5CC5)c4)n3)ncc12,5.522878745280337
CHEMBL5282641,IC50,nM,0.053,IC50,nM,0.053,C=CC(=O)N1CCC(Oc2cc3c(Nc4ccc(Cl)c(Cl)c4F)ncnc3cc2O[C@H]2CCOC2)CC1,10.275724130399212
CHEMBL5280967,IC50,nM,0.24,IC50,nM,0.24,C=CC(=O)N1CCC(Oc2cc3c(Nc4ccc(Cl)c(Cl)c4F)ncnc3cc2O[C@@H]2CCOC2)CC1,9.619788758288394
CHEMBL5281167,IC50,nM,0.551,IC50,nM,0.551,C=CC(=O)N1CCC(Oc2cc3c(Nc4ccc(Cl)c(Cl)c4F)ncnc3cc2OCC2CCOC2)CC1,9.258848401148216
CHEMBL5286007,IC50,nM,1.79,IC50,nM,1.79,C=CC(=O)N1CCC(Oc2cc3c(Nc4ccc(Cl)c(Cl)c4F)ncnc3cc2OC2CCOCC2)CC1,8.747146969020108
CHEMBL5284701,IC50,nM,18.9,IC50,nM,18.9,C=CC(=O)N1CCC(Oc2cc3c(Nc4ccc(Cl)c(Cl)c4F)ncnc3cc2OC[C@@H]2CCCN2C)CC1,7.723538195826756
CHEMBL5273261,IC50,nM,83.5,IC50,nM,83.5,C=CC(=O)N1CCC(Oc2cc3c(Nc4ccc(Cl)c(Cl)c4F)ncnc3cc2OC[C@H]2CCCN2C)CC1,7.078313524516398
CHEMBL5281140,IC50,nM,1.21,IC50,nM,1.21,C=CC(=O)N1CCC(Oc2cc3c(Nc4ccc(Cl)c(Cl)c4F)ncnc3cc2O[C@@H](C)CC)CC1,8.91721462968355
CHEMBL5266601,IC50,nM,10.8,IC50,nM,10.8,C=CC(=O)N1CCC(Oc2cc3c(Nc4ccc(Cl)c(Cl)c4F)ncnc3cc2O[C@H](C)CC)CC1,7.966576244513051
CHEMBL5281205,IC50,nM,1.67,IC50,nM,1.67,C=CC(=O)N1CCC(Oc2cc3c(Nc4ccc(Cl)c(Cl)c4F)ncnc3cc2O[C@H]2CCN(C)C2)CC1,8.777283528852417
CHEMBL5280664,IC50,nM,1.04,IC50,nM,1.04,C=CC(=O)N1CCC(Oc2cc3c(Nc4ccc(Cl)c(Cl)c4F)ncnc3cc2O[C@@H]2CCN(C)C2)CC1,8.98296666070122
CHEMBL5290095,IC50,nM,227.0,IC50,nM,227.0,C=CC(=O)N1CCC(Oc2cc3c(Nc4ccc(Cl)c(Cl)c4F)ncnc3cc2O[C@@H](C)CCCCCC)CC1,6.6439741428068775
CHEMBL5270309,IC50,nM,272.0,IC50,nM,272.0,C=CC(=O)N1CCC(Oc2cc3c(Nc4ccc(Cl)c(Cl)c4F)ncnc3cc2O[C@H](C)CCCCCC)CC1,6.565431095965801
CHEMBL5272004,IC50,nM,38.9,IC50,nM,38.9,C=CC(=O)N1CCC(Oc2cc3c(Nc4ccc(Cl)c(Cl)c4F)ncnc3cc2O[C@@H](C)CC(C)C)CC1,7.410050398674292
CHEMBL5288888,IC50,nM,0.027,IC50,nM,0.027,C=CC(=O)N1CCC(Oc2cc3c(Nc4cccc(Cl)c4F)ncnc3cc2O[C@H]2CCOC2)CC1,10.568636235841012
CHEMBL5268781,IC50,nM,0.34,IC50,nM,0.34,C=CC(=O)N1CCC(Oc2cc3c(Nc4ccc(Cl)cc4F)ncnc3cc2O[C@H]2CCOC2)CC1,9.468521082957745
CHEMBL5274692,IC50,nM,0.153,IC50,nM,0.153,C=CC(=O)N1CCC(Oc2cc3c(Nc4ccc(F)c(Cl)c4)ncnc3cc2O[C@H]2CCOC2)CC1,9.8153085691824
CHEMBL5271930,IC50,nM,0.403,IC50,nM,0.403,C=CC(=O)N1CCC(Oc2cc3c(Nc4ccc(F)c(F)c4F)ncnc3cc2O[C@H]2CCOC2)CC1,9.39469495385889
CHEMBL5266649,IC50,nM,1.67,IC50,nM,1.67,C#Cc1cccc(Nc2ncnc3cc(O[C@H]4CCOC4)c(OC4CCN(C(=O)C=C)CC4)cc23)c1,8.777283528852417
CHEMBL5288249,IC50,nM,10.7,IC50,nM,10.7,C=CC(=O)N1CCC(Oc2cc3c(Nc4cccc(C#N)c4)ncnc3cc2O[C@H]2CCOC2)CC1,7.97061622231479
CHEMBL5270938,IC50,nM,1.21,IC50,nM,1.21,C=CC(=O)N1CCC(Oc2cc3c(Nc4ccc(OCc5ccccn5)c(Cl)c4)ncnc3cc2O[C@H]2CCOC2)CC1,8.91721462968355
CHEMBL5290971,IC50,nM,227.0,IC50,nM,227.0,C=CC(=O)N1CCC(Oc2cc3c(Nc4ccc(OCc5cccc(F)c5)c(Cl)c4)ncnc3cc2O[C@H]2CCOC2)CC1,6.6439741428068775
CHEMBL5281741,IC50,nM,0.817,IC50,nM,0.817,O=C(/C=C/C(F)(F)F)N1CCC(Oc2cc3c(Nc4ccc(Cl)c(Cl)c4F)ncnc3cc2O[C@H]2CCOC2)CC1,9.087777943467584
CHEMBL5283507,IC50,nM,1.53,IC50,nM,1.53,O=C(/C=C/C(F)(F)F)N1CCC(Oc2cc3c(Nc4ccc(Cl)c(Cl)c4F)ncnc3cc2O[C@@H]2CCOC2)CC1,8.8153085691824
CHEMBL5277739,IC50,nM,0.81,IC50,nM,0.81,CN(C)C/C=C/C(=O)N1CCC(Oc2cc3c(Nc4ccc(Cl)c(Cl)c4F)ncnc3cc2O[C@H]2CCOC2)CC1,9.09151498112135
CHEMBL5281748,IC50,nM,12.8,IC50,nM,12.8,CN(C)C/C=C/C(=O)N1CCC(Oc2cc3c(Nc4ccc(Cl)c(Cl)c4F)ncnc3cc2O[C@@H]2CCOC2)CC1,7.892790030352131
CHEMBL5265881,IC50,nM,1.2,IC50,nM,1.2,C=CC(=O)N1CCC(n2cc(-c3cnc4ccccc4c3)c3c(N)ncnc32)C1,8.920818753952375
CHEMBL5291403,IC50,nM,0.4,IC50,nM,0.4,C=CC(=O)N1CC[C@@H](n2cc(-c3cnc4ccccc4c3)c3c(N)ncnc32)C1,9.397940008672037
CHEMBL5289003,IC50,nM,111.0,IC50,nM,111.0,C=CC(=O)N1CC[C@H](n2cc(-c3cnc4ccccc4c3)c3c(N)ncnc32)C1,6.954677021213342
CHEMBL5291034,IC50,nM,5.4,IC50,nM,5.4,C=CC(=O)N1CC[C@@H](n2nc(-c3cnc4ccccc4c3)c3c(N)ncnc32)C1,8.267606240177031
CHEMBL5272088,IC50,nM,741.0,IC50,nM,741.0,C=CC(=O)N1CC[C@H](n2nc(-c3cnc4ccccc4c3)c3c(N)ncnc32)C1,6.130181792020672
CHEMBL5287042,IC50,nM,134.0,IC50,nM,134.0,CCc1c(C(=O)NCCc2ccccc2)[nH]c2ccc(C)cc12,6.872895201635193
CHEMBL5287016,IC50,nM,117.0,IC50,nM,117.0,CCc1c(C(=O)NCCc2ccc(N3CCCCC3)cc2)[nH]c2ccc(C)cc12,6.931814138253839
CHEMBL5289560,IC50,nM,94.0,IC50,nM,94.0,CCc1c(C(=O)NCCc2ccc(N3CCOCC3)cc2)[nH]c2ccc(C(F)(F)F)cc12,7.026872146400302
CHEMBL5280635,IC50,nM,85.0,IC50,nM,85.0,CCc1c(C(=O)NCCc2ccc(N3CCOCC3)cc2)[nH]c2ccc(C)cc12,7.070581074285707
CHEMBL5281464,IC50,nM,89.0,IC50,nM,89.0,Cc1c(C(=O)NCCc2ccc(N3CCOCC3)cc2)[nH]c2ccc(Cl)cc12,7.050609993355087
CHEMBL5267773,IC50,nM,93.0,IC50,nM,93.0,Cc1c(C(=O)NCCc2ccc(N3CCCC3C)cc2)[nH]c2ccc(Cl)cc12,7.031517051446065
CHEMBL5280144,IC50,nM,98.0,IC50,nM,98.0,Cc1c(C(=O)NCCc2ccc(F)cc2)[nH]c2cc(F)ccc12,7.008773924307505
CHEMBL5275872,IC50,nM,500.0,IC50,uM,0.5,COc1cc(/C=C2\CC(C)C/C(=C\c3cc(OC)c(OC)c(OC)c3Br)C2=NO)c(Br)c(OC)c1OC,6.301029995663981
CHEMBL5279636,IC50,nM,70.0,IC50,uM,0.07,COc1cc(/C=C2\CN(C)C/C(=C\c3cc(OC)c(OC)c(OC)c3Br)C2=NO)c(Br)c(OC)c1OC,7.154901959985743
CHEMBL5285192,IC50,nM,3200.0,IC50,uM,3.2,COc1cc(/C=C2\CC(C)c3ccccc3\C2=N\O)c(Br)c(OC)c1OC,5.494850021680094
CHEMBL5286853,IC50,nM,4600.0,IC50,uM,4.6,COc1cc(/C=C2\CCc3c(O)cccc3\C2=N\O)c(Br)c(OC)c1OC,5.337242168318426
CHEMBL5278115,IC50,nM,2100.0,IC50,uM,2.1,COc1ccc2c(c1)CCC(=C\c1cc(OC)c(OC)c(OC)c1Br)/C2=N\O,5.6777807052660805
CHEMBL5279992,IC50,nM,8400.0,IC50,uM,8.4,COc1cc2c(cc1OC)C(=N/O)/C(=C/c1cc(OC)c(OC)c(OC)c1Br)CC2,5.075720713938118
CHEMBL5287962,IC50,nM,4200.0,IC50,uM,4.2,COc1ccc(OC)c2c1CCC(=C\c1cc(OC)c(OC)c(OC)c1Br)/C2=N\O,5.376750709602099
CHEMBL5281589,IC50,nM,2000.0,IC50,uM,2.0,COc1ccc(/C=C2\CCc3ccc([N+](=O)[O-])cc3\C2=N\O)c(Cl)c1OC,5.698970004336019
CHEMBL5281118,IC50,nM,1900.0,IC50,uM,1.9,COc1cc(/C=C2\CCc3ccc([N+](=O)[O-])cc3\C2=N\O)c(Br)c(OC)c1OC,5.721246399047171
CHEMBL5271106,IC50,nM,50.0,IC50,uM,0.05,CCN(CC)CCON=C1/C(=C/c2cc(OC)c(OC)c(OC)c2Br)CN(C)C/C1=C\c1cc(OC)c(OC)c(OC)c1Br,7.301029995663981
CHEMBL5271284,IC50,nM,197.0,IC50,nM,197.0,C=CC(=O)N1CCC[C@H](n2nc(-c3ccc(Oc4ccccc4)cc3C)c3c(N)ncnc32)C1,6.705533773838407
CHEMBL5276173,IC50,nM,131.0,IC50,uM,0.131,CC(=O)Nc1nc(C(=O)NNC(=O)CCN2CCN(C)CC2)cs1,6.882728704344236
CHEMBL5269071,IC50,nM,143.0,IC50,uM,0.143,CC(=O)Nc1nc(C(=O)NNC(=O)CCN2CCOCC2)cs1,6.844663962534939
CHEMBL5282535,IC50,nM,9202.0,IC50,uM,9.202,CC(=O)Nc1nc(C(=O)NNC(=O)CCN2CCCCC2)cs1,5.036117771071223
CHEMBL5284780,IC50,nM,1.08,IC50,nM,1.08,C=CC(=O)Nc1cc(Nc2ncc(Cl)c(Nc3ccccc3S(=O)(=O)NC3CC3)n2)c(OC)cc1N(C)CCN(C)C,8.96657624451305
CHEMBL5270693,IC50,nM,0.008,IC50,nM,0.008,COc1cc(N2CCC(N(C)C)CC2)ccc1Nc1ncc(C(=O)Oc2ccccc2)c(-c2c[nH]c3ccccc23)n1,11.096910013008056
CHEMBL5280082,IC50,nM,0.4,IC50,nM,0.4,COc1cc(N2CCC(N(C)C)CC2)ccc1Nc1ncc(C(=O)OC(C)C)c(-c2cn(C)c3ccccc23)n1,9.397940008672037
CHEMBL5285308,IC50,nM,34.0,IC50,nM,34.0,COc1cc(N2CCN(C)CC2)ccc1Nc1nccc(-c2cn(C)c3ccccc23)n1,7.468521082957745
CHEMBL5289859,IC50,nM,0.16,IC50,nM,0.16,COc1cc(N2CCC(N(C)C)CC2)ccc1Nc1ncc(C(=O)OC(C)C)c(-c2c[nH]c3ccccc23)n1,9.795880017344075
CHEMBL5284924,IC50,nM,0.053,IC50,nM,0.053,COc1cc(N2CCN(C)CC2)ccc1Nc1ncc(C(=O)Oc2ccccc2)c(-c2cn(C)c3ccccc23)n1,10.275724130399212
CHEMBL5285052,IC50,nM,0.28,IC50,nM,0.28,COc1cc(N2CCN(C)CC2)ccc1Nc1ncc(C(=O)Oc2ccc(F)cc2)c(-c2cn(C)c3ccccc23)n1,9.55284196865778
CHEMBL5288276,IC50,nM,0.86,IC50,nM,0.86,COc1cc(N2CCC(N(C)C)CC2)ccc1Nc1ncc(C(=O)OC(C)C)c(-c2cn(C(C)=O)c3ccccc23)n1,9.065501548756432
CHEMBL5287229,IC50,nM,0.35,IC50,nM,0.35,COc1cc(N2CCC(N)CC2)ccc1Nc1ncc(C(=O)OC(C)C)c(-c2cn(C)c3ccccc23)n1,9.455931955649724
CHEMBL5275642,IC50,nM,1.0,IC50,nM,1.0,COc1cc(N2CCN(C)CC2)ccc1Nc1ncc(C(=O)OC(C)C)c(-c2cn(C)c3ccccc23)n1,9.0
CHEMBL5278657,IC50,nM,5.2,IC50,nM,5.2,CCOC(=O)c1cnc(Nc2ccc(N3CCN(C)CC3)cc2OC)nc1-c1cn(C)c2ccccc12,8.2839966563652
CHEMBL5269375,IC50,nM,23.0,IC50,nM,23.0,COC(=O)c1cnc(Nc2ccc(N3CCN(C)CC3)cc2OC)nc1-c1cn(C)c2ccccc12,7.638272163982407
CHEMBL5284972,IC50,nM,46.0,IC50,uM,0.046,CN1CCN(c2ccc(Nc3ncc(Cl)c(Nc4ccc5[nH]ccc5c4)n3)cc2)CC1,7.337242168318426
CHEMBL5267338,IC50,nM,220.0,IC50,uM,0.22,CN1CCN(c2ccc(Nc3nccc(Nc4ccc5[nH]ccc5c4)n3)cc2)CC1,6.657577319177793
CHEMBL5282227,IC50,nM,121.0,IC50,uM,0.121,CN1CCN(c2ccc(Nc3ncc(C(F)(F)F)c(Nc4ccc5[nH]ccc5c4)n3)cc2)CC1,6.91721462968355
CHEMBL5272096,IC50,nM,906.0,IC50,uM,0.906,CN1CCN(c2ccc(Nc3ncc([N+](=O)[O-])c(Nc4ccc5[nH]ccc5c4)n3)cc2)CC1,6.042871802323187
CHEMBL5270506,IC50,nM,155.0,IC50,uM,0.155,COc1cnc(Nc2ccc(N3CCN(C)CC3)cc2)nc1Nc1ccc2[nH]ccc2c1,6.809668301829708
CHEMBL5198664,IC50,nM,171.0,IC50,uM,0.171,Cc1cnc(Nc2ccc(N3CCN(C)CC3)cc2)nc1Nc1ccc2[nH]ccc2c1,6.767003889607846
CHEMBL5271043,IC50,nM,181.0,IC50,uM,0.181,CN1CCN(c2ccc(Nc3ncc(F)c(Nc4ccc5[nH]ccc5c4)n3)cc2)CC1,6.7423214251308154
CHEMBL5287550,IC50,nM,35.0,IC50,uM,0.035,CN1CCN(c2ccc(Nc3ncc(Br)c(Nc4ccc5[nH]ccc5c4)n3)cc2)CC1,7.455931955649724
CHEMBL5267161,IC50,nM,140.0,IC50,uM,0.14,CN1CCN(c2ccc(Nc3nc(Nc4ccc5[nH]ccc5c4)c4cn[nH]c4n3)cc2)CC1,6.853871964321762
CHEMBL5287295,IC50,nM,19.0,IC50,uM,0.019,CN1CCN(c2ccc(Nc3ncc(Br)c(Nc4ccc5cc[nH]c5c4)n3)cc2)CC1,7.721246399047171
CHEMBL5277940,IC50,nM,39.0,IC50,uM,0.039,CN1CCN(c2ccc(Nc3ncc(Br)c(Nc4ccc5[nH]ncc5c4)n3)cc2)CC1,7.4089353929735005
CHEMBL5288264,IC50,nM,49.0,IC50,uM,0.049,CN1CCN(c2ccc(Nc3ncc(Br)c(Nc4ccc5[nH]c(Cc6cccc(F)c6)cc5c4)n3)cc2)CC1,7.309803919971486
CHEMBL5272533,IC50,nM,21.0,IC50,uM,0.021,CN1CCN(c2ccc(Nc3ncc(Br)c(Nc4ccc5ccn(C)c5c4)n3)cc2)CC1,7.6777807052660805
CHEMBL5274133,IC50,nM,35.0,IC50,uM,0.035,CN1CCN(c2ccc(Nc3ncc(Br)c(Nc4ccc5c(c4)CCC5)n3)cc2)CC1,7.455931955649724
CHEMBL5280953,IC50,nM,6000.0,IC50,uM,6.0,CC(=O)N1CCc2cc(Nc3nc(Nc4ccc(N5CCN(C)CC5)cc4)ncc3Br)ccc21,5.221848749616356
CHEMBL5275932,IC50,nM,8600.0,IC50,uM,8.6,CC(=O)N1CCc2ccc(Nc3nc(Nc4ccc(N5CCN(C)CC5)cc4)ncc3Br)cc21,5.0655015487564325
CHEMBL5275574,IC50,nM,7800.0,IC50,uM,7.8,CN1CCN(c2ccc(Nc3ncc(Br)c(Nc4ccc5ncccc5c4)n3)cc2)CC1,5.107905397309519
CHEMBL5272206,IC50,nM,236.0,IC50,uM,0.236,CN1CCN(c2ccc(Nc3ncc(Br)c(Nc4ccc5nccnc5c4)n3)cc2)CC1,6.627087997029894
CHEMBL5289059,IC50,nM,200.0,IC50,uM,0.2,C=CC(=O)Nc1cc(Nc2ncc(Br)c(Nc3ccc4cc[nH]c4c3)n2)ccc1N(C)CCN(C)C,6.698970004336019
CHEMBL5286092,IC50,nM,16.4,IC50,nM,16.4,C=CC(=O)Nc1cc(Nc2ncc(Br)c(Nc3ccc4cc[nH]c4c3)n2)ccc1N1CCN(C)CC1,7.785156151952302
CHEMBL5291434,IC50,nM,2.7,IC50,nM,2.7,CCC(=O)Nc1cc(Nc2ncc(Br)c(Nc3ccc4cc[nH]c4c3)n2)c(OC)cc1N1CCN(C)CC1,8.568636235841012
CHEMBL5272858,IC50,nM,27.8,IC50,nM,27.8,C=CC(=O)Nc1cc(Nc2ncc(Br)c(Nc3ccc4ccn(C)c4c3)n2)ccc1N1CCN(C)CC1,7.555955204081924
CHEMBL5270334,IC50,nM,4.1,IC50,nM,4.1,C=CC(=O)Nc1cc(Nc2ncc(Br)c(Nc3ccc4ccn(C)c4c3)n2)c(OC)cc1N1CCN(C)CC1,8.387216143280265
CHEMBL5271151,IC50,nM,0.6,IC50,nM,0.6,C=CC(=O)Nc1cc(Nc2ncc(Br)c(Nc3ccc4c(c3)CCC4)n2)ccc1N(C)CCN(C)C,9.221848749616356
CHEMBL5265870,IC50,nM,27.7,IC50,nM,27.7,C=CC(=O)Nc1cc(Nc2ncc(Br)c(Nc3ccc4c(c3)CCC4)n2)ccc1N1CCN(C)CC1,7.557520230935552
CHEMBL5269747,IC50,nM,3.2,IC50,nM,3.2,C=CC(=O)Nc1cc(Nc2ncc(Br)c(Nc3ccc4c(c3)CCC4)n2)c(OC)cc1N1CCN(C)CC1,8.494850021680094
CHEMBL5286080,IC50,nM,8.4,IC50,nM,8.4,C=CC(=O)Nc1cc(Nc2nccc(Nc3ccc4c(ccn4C)c3)n2)c(OC)cc1N1CCN(C)CC1,8.075720713938118
CHEMBL5398727,IC50,nM,100.0,IC50,uM,0.1,CN1C(=O)C(C(=O)NN)N(C)c2ccccc21,7.0
CHEMBL5431583,IC50,nM,20.0,IC50,nM,20.0,CN(Cc1ccccc1)c1ncnc2[nH]c(-c3ccc(CO)cc3)cc12,7.698970004336019
CHEMBL5413223,IC50,nM,109.0,IC50,nM,109.0,CN(Cc1ccccc1)c1ncnc2[nH]c(-c3ccc(CO)cc3)nc12,6.962573502059376
CHEMBL5439143,IC50,nM,24.0,IC50,nM,24.0,OCc1ccc(-c2nc3c(NCc4ccccc4)ncnc3[nH]2)cc1,7.619788758288394
CHEMBL5434495,IC50,nM,0.06,IC50,nM,0.06,COCC1CN(C2CCN(c3cc(OC)c(Nc4ncc(Br)c(Nc5ccc6nccnc6c5P(C)(C)=O)n4)cc3C)CC2)C1,10.221848749616356
CHEMBL5397801,IC50,nM,0.12,IC50,nM,0.12,COc1cc(N2CCC(N3CC(CC#N)C3)CC2)c(C)cc1Nc1ncc(Br)c(Nc2ccc3nccnc3c2P(C)(C)=O)n1,9.920818753952375
CHEMBL5435775,IC50,nM,0.34,IC50,nM,0.34,COc1cc(N2CCC(N3CC(CO)C3)CC2)c(C)cc1Nc1ncc(Br)c(Nc2ccc3nccnc3c2P(C)(C)=O)n1,9.468521082957745
CHEMBL5399653,IC50,nM,0.15,IC50,nM,0.15,COc1cc(N2CCC(N3CC(C(C)(C)O)C3)CC2)c(C)cc1Nc1ncc(Br)c(Nc2ccc3nccnc3c2P(C)(C)=O)n1,9.823908740944319
CHEMBL5416489,IC50,nM,0.81,IC50,nM,0.81,COCC1(C)CN(C2CCN(c3cc(OC)c(Nc4ncc(Br)c(Nc5ccc6nccnc6c5P(C)(C)=O)n4)cc3C)CC2)C1,9.09151498112135
CHEMBL5393923,IC50,nM,0.15,IC50,nM,0.15,COc1cc(N2CCC(N3CC(C)(CO)C3)CC2)c(C)cc1Nc1ncc(Br)c(Nc2ccc3nccnc3c2P(C)(C)=O)n1,9.823908740944319
CHEMBL5415311,IC50,nM,0.1,IC50,nM,0.1,COc1cc(N2CCC(N3CC(F)(CO)C3)CC2)c(C)cc1Nc1ncc(Br)c(Nc2ccc3nccnc3c2P(C)(C)=O)n1,10.0
CHEMBL5422588,IC50,nM,0.12,IC50,nM,0.12,COc1cc(N2CCC(N3CCN(C(C)=O)CC3)CC2)c(C)cc1Nc1ncc(Br)c(Nc2ccc3nccnc3c2P(C)(C)=O)n1,9.920818753952375
CHEMBL5431909,IC50,nM,0.13,IC50,nM,0.13,COc1cc(N2CCC(N3CC[C@@H](N(C)C)C3)CC2)c(C)cc1Nc1ncc(Br)c(Nc2ccc3nccnc3c2P(C)(C)=O)n1,9.886056647693163
CHEMBL5418539,IC50,nM,0.12,IC50,nM,0.12,COc1cc(N2CCC(N3C[C@H]4COC[C@H]4C3)CC2)c(C)cc1Nc1ncc(Br)c(Nc2ccc3nccnc3c2P(C)(C)=O)n1,9.920818753952375
CHEMBL5436031,IC50,nM,0.15,IC50,nM,0.15,COc1cc(N2CCC(N(C)CCN(C)C)CC2)c(C)cc1Nc1ncc(Br)c(Nc2ccc3nccnc3c2P(C)(C)=O)n1,9.823908740944319
CHEMBL5396086,IC50,nM,0.12,IC50,nM,0.12,COc1cc(N2CCC(N3CC(N(C)C)C3)CC2)c(C)cc1Nc1ncc(Cl)c(Nc2ccc3nccnc3c2P(C)(C)=O)n1,9.920818753952375
CHEMBL5432965,IC50,nM,0.05,IC50,nM,0.05,COc1cc(N2CCC(N3CC(N(C)C)C3)CC2)c(C)cc1Nc1ncc(SC)c(Nc2ccc3nccnc3c2P(C)(C)=O)n1,10.301029995663981
CHEMBL5415418,IC50,nM,0.4,IC50,nM,0.4,CCc1cc(Nc2ncc(Cl)c(Nc3ccc4nccnc4c3P(C)(C)=O)n2)c(OC)cc1N1CCC(N2CC(N(C)C)C2)CC1,9.397940008672037
CHEMBL5425947,IC50,nM,0.29,IC50,nM,0.29,CCc1cc(Nc2ncc(C(F)(F)F)c(Nc3ccc4nccnc4c3P(C)(C)=O)n2)c(OC)cc1N1CCC(N2CC(N(C)C)C2)CC1,9.537602002101044
CHEMBL5430683,IC50,nM,722.0,IC50,nM,722.0,Cn1cc(-c2ccnc(Nc3ccc(OCCOCCn4ccnc4[N+](=O)[O-])c(F)c3)n2)c2ccccc21,6.141462802430361
CHEMBL5418313,IC50,nM,456.0,IC50,nM,456.0,Cc1cc(Nc2nccc(-c3cn(C)c4ccccc34)n2)ccc1OCCOCCn1ccnc1[N+](=O)[O-],6.341035157335565
CHEMBL5401604,IC50,nM,1179.0,IC50,nM,1179.0,Cn1cc(-c2ccnc(Nc3ccc(OCCCCn4ccnc4[N+](=O)[O-])cc3)n2)c2ccccc21,5.928486194904911
CHEMBL5429694,IC50,nM,829.0,IC50,nM,829.0,Cn1cc(-c2ccnc(Nc3ccc(OCCCCn4cnc([N+](=O)[O-])c4)c(F)c3)n2)c2ccccc21,6.081445469449727
CHEMBL5441026,IC50,nM,233.0,IC50,nM,233.0,Cn1cc(-c2ccnc(Nc3cccc(OCCCCn4cnc([N+](=O)[O-])c4)c3)n2)c2ccccc21,6.632644078973981
CHEMBL5436634,IC50,nM,227.0,IC50,nM,227.0,Cn1cc(-c2ccnc(Nc3cccc(OCCCCn4ccnc4[N+](=O)[O-])c3)n2)c2ccccc21,6.6439741428068775
CHEMBL5396183,IC50,nM,442.0,IC50,nM,442.0,Cn1cc(-c2ccnc(Nc3cccc(OCCOCCn4ccnc4[N+](=O)[O-])c3)n2)c2ccccc21,6.354577730650908
CHEMBL5398855,IC50,nM,536.0,IC50,nM,536.0,Cc1ccc(Nc2nccc(-c3cn(C)c4ccccc34)n2)cc1OCCOCCn1ccnc1[N+](=O)[O-],6.27083521030723
CHEMBL5426036,IC50,nM,177.0,IC50,nM,177.0,COc1ccc(Nc2nccc(-c3cn(C)c4ccccc34)n2)cc1OCCOCCn1ccnc1[N+](=O)[O-],6.752026733638194
CHEMBL5397983,IC50,nM,2671.0,IC50,nM,2671.0,Cn1cc(-c2ccnc(Nc3ccc(Cl)c(OCCOCCn4ccnc4[N+](=O)[O-])c3)n2)c2ccccc21,5.573326111978627
CHEMBL5401943,IC50,nM,262.0,IC50,nM,262.0,CC(=O)c1ccc(Nc2nccc(-c3cn(C)c4ccccc34)n2)cc1OCCOCCn1ccnc1[N+](=O)[O-],6.581698708680254
CHEMBL5398800,IC50,nM,1308.0,IC50,nM,1308.0,Cc1ccc(OCCOCCn2ccnc2[N+](=O)[O-])cc1Nc1nccc(-c2cn(C)c3ccccc23)n1,5.883392256011752
CHEMBL5411535,IC50,nM,199.0,IC50,nM,199.0,Cn1cc(-c2ccnc(Nc3cc(OCCOCCn4ccnc4[N+](=O)[O-])ccc3F)n2)c2ccccc21,6.701146923590294
CHEMBL5419670,IC50,nM,4026.0,IC50,nM,4026.0,Cn1cc(-c2ccnc(Nc3cccc(COCCOCCn4ccnc4[N+](=O)[O-])c3)n2)c2ccccc21,5.3951262294473645
CHEMBL5401490,IC50,nM,818.0,IC50,nM,818.0,Cn1cc(-c2ccnc(Nc3cccc(C(=O)NCCOCCn4ccnc4[N+](=O)[O-])c3)n2)c2ccccc21,6.087246696328677
CHEMBL5421809,IC50,nM,512.0,IC50,nM,512.0,Cn1cc(-c2ccnc(Nc3ccc(OCCOCCn4ccnc4[N+](=O)[O-])cc3)n2)c2ccccc21,6.29073003902417
CHEMBL5424516,IC50,nM,12400.0,IC50,uM,12.4,COc1cc2ncnc(NCc3ccc(NC(=O)C(c4ccccc4)N4Cc5ccccc5C4=O)cc3)c2cc1OCCCN1CCOCC1,4.906578314837765
CHEMBL5429263,IC50,nM,32000.0,IC50,uM,32.0,C=CC(=O)Nc1cc(-c2ccccc2)ccn1,4.494850021680094
CHEMBL5420997,IC50,nM,9000.0,IC50,uM,9.0,C=CC(=O)Nc1cc(-c2cn(C)c3ccccc23)ccn1,5.045757490560675
CHEMBL5400930,IC50,nM,900.0,IC50,uM,0.9,C=CC(=O)Nc1cc(-c2cn(C)c3ccccc23)ncn1,6.045757490560675
CHEMBL5196318,IC50,nM,6.0,IC50,nM,6.0,Cc1ncsc1-c1ccc(CNC(=O)[C@@H]2C[C@@H](O)CN2C(=O)[C@@H](NC(=O)CCCCCCCCCCn2cc(COc3cc4ncnc(Nc5ccc(F)c(Cl)c5)c4cc3NC(=O)/C=C/CN3CCCCC3)nn2)C(C)(C)C)cc1,8.221848749616356
CHEMBL608533,IC50,nM,3000.0,IC50,uM,3.0,CO[C@@H]1[C@H](N(C)C(=O)c2ccccc2)C[C@H]2O[C@]1(C)n1c3ccccc3c3c4c(c5c6ccccc6n2c5c31)C(=O)NC4,5.522878745280337
CHEMBL5439991,IC50,nM,52.29,IC50,nM,52.29,COc1cc(N2CCC(N3CCN(C)CC3)CC2)c(C)cc1Nc1nccc(-n2cc(CNCCO)c(-c3ccccc3)n2)n1,7.281581358170344
CHEMBL5440989,IC50,nM,44.89,IC50,nM,44.89,COc1cc(N2CCC(N3CCN(C)CC3)CC2)c(C)cc1Nc1nccc(-n2cc(CNC(C)CO)c(-c3ccccc3)n2)n1,7.347850394598347
CHEMBL5435881,IC50,nM,70.42,IC50,nM,70.42,COc1cc(N2CCC(N3CCN(C)CC3)CC2)c(C)cc1Nc1nccc(-n2cc(CNC(CO)C(C)C)c(-c3ccccc3)n2)n1,7.1523039792658345
CHEMBL5435735,IC50,nM,71.85,IC50,nM,71.85,COc1cc(N2CCC(N3CCN(C)CC3)CC2)c(C)cc1Nc1nccc(-n2cc(CN[C@H](C)CO)c(-c3ccccc3)n2)n1,7.143573227529756
CHEMBL5423287,IC50,nM,33.26,IC50,nM,33.26,COc1cc(N2CCC(N3CCN(C)CC3)CC2)c(C)cc1Nc1nccc(-n2cc(CN[C@@H](C)CO)c(-c3ccccc3)n2)n1,7.4780777551165
CHEMBL5427561,IC50,nM,177.0,IC50,nM,177.0,C=CC(=O)Nc1cc(Nc2nccc(-c3cn(C)c4ccccc34)n2)cc2cnn(CCN(C)C)c12,6.752026733638194
CHEMBL5395370,IC50,nM,180.0,IC50,nM,180.0,C/C=C/C(=O)Nc1cc(Nc2nccc(-c3cn(C)c4ccccc34)n2)cc2cnn(CCN(C)C)c12,6.7447274948966935
CHEMBL5413239,IC50,nM,378.0,IC50,nM,378.0,CC(C)=CC(=O)Nc1cc(Nc2nccc(-c3cn(C)c4ccccc34)n2)cc2cnn(CCN(C)C)c12,6.422508200162775
CHEMBL5405276,IC50,nM,217.0,IC50,nM,217.0,CCC(=O)Nc1cc(Nc2nccc(-c3cn(C)c4ccccc34)n2)cc2cnn(CCN(C)C)c12,6.663540266151471
CHEMBL5418665,IC50,nM,242.0,IC50,nM,242.0,CC(=O)Nc1cc(Nc2nccc(-c3cn(C)c4ccccc34)n2)cc2cnn(CCN(C)C)c12,6.616184634019569
CHEMBL5412895,IC50,nM,572.0,IC50,nM,572.0,CC(C)C(=O)Nc1cc(Nc2nccc(-c3cn(C)c4ccccc34)n2)cc2cnn(CCN(C)C)c12,6.242603971206976
CHEMBL5396915,IC50,nM,31.0,IC50,nM,31.0,C=CC(=O)Nc1cc(Nc2nccc(-c3cn(S(=O)(=O)CC)c4ccccc34)n2)cc2cnn(CCN(C)C)c12,7.508638306165727
CHEMBL5438864,IC50,nM,22.0,IC50,nM,22.0,C/C=C/C(=O)Nc1cc(Nc2nccc(-c3cn(S(=O)(=O)CC)c4ccccc34)n2)cc2cnn(CCN(C)C)c12,7.657577319177793
CHEMBL5436545,IC50,nM,29.0,IC50,nM,29.0,CCS(=O)(=O)n1cc(-c2ccnc(Nc3cc(NC(=O)C=C(C)C)c4c(cnn4CCN(C)C)c3)n2)c2ccccc21,7.5376020021010435
CHEMBL5423465,IC50,nM,27.0,IC50,nM,27.0,CCC(=O)Nc1cc(Nc2nccc(-c3cn(S(=O)(=O)CC)c4ccccc34)n2)cc2cnn(CCN(C)C)c12,7.568636235841013
CHEMBL5407309,IC50,nM,11.0,IC50,nM,11.0,CCS(=O)(=O)n1cc(-c2ccnc(Nc3cc(NC(C)=O)c4c(cnn4CCN(C)C)c3)n2)c2ccccc21,7.958607314841775
CHEMBL5398953,IC50,nM,37.0,IC50,nM,37.0,CCn1ncc2cc(Nc3nccc(-c4cn(S(=O)(=O)CC)c5ccccc45)n3)cc(NC(=O)C(C)C)c21,7.431798275933005
CHEMBL5433585,IC50,nM,18.0,IC50,nM,18.0,CCS(=O)(=O)n1cc(-c2ccnc(Nc3cc(NC(=O)C4CC4)c4c(cnn4CCN(C)C)c3)n2)c2ccccc21,7.7447274948966935
CHEMBL5419099,IC50,nM,448.0,IC50,nM,448.0,[2H]C([2H])([2H])n1cc(-c2ccnc(Nc3cc(NC(=O)C=C)c4c(cnn4CCN(C)C)c3)n2)c2ccccc21,6.3487219860018556
CHEMBL5394752,IC50,nM,249.0,IC50,nM,249.0,[2H]C([2H])([2H])n1cc(-c2ccnc(Nc3cc(NC(=O)/C=C/C)c4c(cnn4CCN(C)C)c3)n2)c2ccccc21,6.603800652904264
CHEMBL5397111,IC50,nM,206.0,IC50,nM,206.0,[2H]C([2H])([2H])n1cc(-c2ccnc(Nc3cc(NC(=O)C=C(C)C)c4c(cnn4CCN(C)C)c3)n2)c2ccccc21,6.686132779630847
CHEMBL5397162,IC50,nM,256.0,IC50,nM,256.0,[2H]C([2H])([2H])n1cc(-c2ccnc(Nc3cc(NC(=O)CC)c4c(cnn4CCN(C)C)c3)n2)c2ccccc21,6.59176003468815
CHEMBL5436784,IC50,nM,158.0,IC50,nM,158.0,[2H]C([2H])([2H])n1cc(-c2ccnc(Nc3cc(NC(C)=O)c4c(cnn4CCN(C)C)c3)n2)c2ccccc21,6.801342913045577
CHEMBL5408433,IC50,nM,341.0,IC50,nM,341.0,[2H]C([2H])([2H])n1cc(-c2ccnc(Nc3cc(NC(=O)C(C)C)c4c(cnn4CCN(C)C)c3)n2)c2ccccc21,6.467245621007502
CHEMBL5431254,IC50,nM,261.0,IC50,nM,261.0,[2H]C([2H])([2H])n1cc(-c2ccnc(Nc3cc(NC(=O)C4CC4)c4c(cnn4CCN(C)C)c3)n2)c2ccccc21,6.583359492661719
CHEMBL5394606,IC50,nM,42.0,IC50,nM,42.0,C=CC(=O)Nc1cc(Nc2nccc(-c3cn(S(=O)(=O)CC)c4ccccc34)n2)cc2cnn(CCN(CC)CC)c12,7.376750709602099
CHEMBL5400219,IC50,nM,19.0,IC50,nM,19.0,C/C=C/C(=O)Nc1cc(Nc2nccc(-c3cn(S(=O)(=O)CC)c4ccccc34)n2)cc2cnn(CCN(CC)CC)c12,7.721246399047171
CHEMBL5402235,IC50,nM,23.0,IC50,nM,23.0,CCN(CC)CCn1ncc2cc(Nc3nccc(-c4cn(S(=O)(=O)CC)c5ccccc45)n3)cc(NC(=O)C=C(C)C)c21,7.638272163982407
CHEMBL5405341,IC50,nM,21.0,IC50,nM,21.0,CCC(=O)Nc1cc(Nc2nccc(-c3cn(S(=O)(=O)CC)c4ccccc34)n2)cc2cnn(CCN(CC)CC)c12,7.6777807052660805
CHEMBL5402031,IC50,nM,13.0,IC50,nM,13.0,CCN(CC)CCn1ncc2cc(Nc3nccc(-c4cn(S(=O)(=O)CC)c5ccccc45)n3)cc(NC(C)=O)c21,7.886056647693163
CHEMBL5406084,IC50,nM,60.0,IC50,nM,60.0,CCN(CC)CCn1ncc2cc(Nc3nccc(-c4cn(S(=O)(=O)CC)c5ccccc45)n3)cc(NC(=O)C(C)C)c21,7.221848749616356
CHEMBL5417219,IC50,nM,26.0,IC50,nM,26.0,CCN(CC)CCn1ncc2cc(Nc3nccc(-c4cn(S(=O)(=O)CC)c5ccccc45)n3)cc(NC(=O)C3CC3)c21,7.585026652029182
CHEMBL5436840,IC50,nM,375.0,IC50,nM,375.0,CN(C)CCn1ncc2cc(Nc3nccc(-c4cn(C)c5ccccc45)n3)ccc21,6.425968732272281
CHEMBL5428511,IC50,nM,1571.0,IC50,nM,1571.0,Cn1cc(-c2ccnc(Nc3ccc4c(cnn4CCN4CCOCC4)c3)n2)c2ccccc21,5.803823814960027
CHEMBL5414627,IC50,nM,170.0,IC50,nM,170.0,CN(C)CCn1ncc2cc(Nc3nccc(-c4cn(C)c5ccccc45)n3)cc(Cl)c21,6.769551078621726
CHEMBL5427045,IC50,nM,1963.0,IC50,nM,1963.0,Cn1cc(-c2ccnc(Nc3cc(Cl)c4c(cnn4CCN4CCOCC4)c3)n2)c2ccccc21,5.707079700399993
CHEMBL5406303,IC50,nM,7.6,IC50,nM,7.6,CCS(=O)(=O)n1cc(-c2ccnc(Nc3ccc4c(cnn4CCN(C)C)c3)n2)c2ccccc21,8.119186407719209
CHEMBL5428623,IC50,nM,56.0,IC50,nM,56.0,CCS(=O)(=O)n1cc(-c2ccnc(Nc3ccc4c(cnn4CCN4CCOCC4)c3)n2)c2ccccc21,7.251811972993799
CHEMBL5417458,IC50,nM,175.0,IC50,nM,175.0,CCS(=O)(=O)n1cc(-c2ccnc(Nc3cc(Cl)c4c(cnn4CCN4CCOCC4)c3)n2)c2ccccc21,6.756961951313706
CHEMBL5414512,IC50,nM,11.0,IC50,nM,11.0,CCN(CC)CCn1ncc2cc(Nc3nccc(-c4cn(S(=O)(=O)CC)c5ccccc45)n3)ccc21,7.958607314841775
CHEMBL5402816,IC50,nM,24.0,IC50,nM,24.0,CCN(CC)CCn1ncc2cc(Nc3nccc(-c4cn(S(=O)(=O)CC)c5ccccc45)n3)cc(Cl)c21,7.619788758288394
CHEMBL5430401,IC50,nM,38.0,IC50,nM,38.0,CCS(=O)(=O)n1cc(-c2ccnc(Nc3ccc4c(cnn4CC(=O)N(C)C)c3)n2)c2ccccc21,7.42021640338319
CHEMBL5439200,IC50,nM,71.0,IC50,nM,71.0,CN(C)CCn1ncc2cc(Nc3ncc(Cl)c(-c4cn(C)c5ccccc45)n3)ccc21,7.1487416512809245
CHEMBL5411347,IC50,nM,204.0,IC50,nM,204.0,COc1cnc(Nc2ccc3c(cnn3CCN(C)C)c2)nc1-c1cn(C)c2ccccc12,6.690369832574102
CHEMBL5420774,IC50,nM,4.6,IC50,nM,4.6,CCS(=O)(=O)n1cc(-c2nc(Nc3ccc4c(cnn4CCN(C)C)c3)ncc2Cl)c2ccccc21,8.337242168318426
CHEMBL5403588,IC50,nM,100.0,IC50,nM,100.0,CN(C)CCn1ncc2cc(Nc3ncc([N+](=O)[O-])c(-c4cn(C)c5ccccc45)n3)cc(Cl)c21,7.0
CHEMBL5418390,IC50,nM,1.9,IC50,nM,1.9,CCS(=O)(=O)n1cc(-c2ccnc(Nc3ccc4c(ccn4CCN(C)C)c3)n2)c2ccccc21,8.721246399047171
CHEMBL5435225,IC50,nM,2.81,IC50,nM,2.81,CCS(=O)(=O)n1cc(-c2nc(Nc3ccc4c(ccn4CCN(C)C)c3)ncc2Cl)c2ccccc21,8.55129368009492
CHEMBL5408941,IC50,nM,92.0,IC50,nM,92.0,CN(C)CCn1ncc2cc(Nc3ncc(C(F)(F)F)c(-c4cn(C)c5ccccc45)n3)cc(Cl)c21,7.036212172654444
CHEMBL5435033,IC50,nM,14.0,IC50,nM,14.0,CCS(=O)(=O)n1cc(-c2nc(Nc3ccc4c(ccn4CCN(C)C)c3)ncc2C(F)(F)F)c2ccccc21,7.853871964321762
CHEMBL5423464,IC50,nM,100.0,IC50,nM,100.0,CN(C)CCn1ccc2cc(Nc3ncc([N+](=O)[O-])c(-c4cn(C)c5ccccc45)n3)ccc21,7.0
CHEMBL5434169,IC50,nM,30.0,IC50,nM,30.0,CN(C)CCn1ccc2cc(Nc3nccc(-c4c[nH]c5ccccc45)n3)cc(N)c21,7.522878745280337
CHEMBL5411378,IC50,nM,73.0,IC50,nM,73.0,COc1ccc(-c2cc3c(N(C)Cc4ccccc4)ncnc3[nH]2)cc1,7.136677139879544
CHEMBL5436096,IC50,nM,23.0,IC50,nM,23.0,CN(Cc1ccccc1)c1ncnc2[nH]c(-c3ccc(O)cc3)cc12,7.638272163982407
CHEMBL5439547,IC50,nM,67.0,IC50,nM,67.0,COCCOc1ccc(-c2cc3c(N(C)Cc4ccccc4)ncnc3[nH]2)cc1,7.173925197299173
CHEMBL5406771,IC50,nM,45.0,IC50,nM,45.0,COCCOCCOCCOc1ccc(-c2cc3c(N(C)Cc4ccccc4)ncnc3[nH]2)cc1,7.346787486224656
CHEMBL5418474,IC50,nM,47.0,IC50,nM,47.0,CN(Cc1ccccc1)c1ncnc2[nH]c(-c3ccc(CO)c(F)c3)cc12,7.327902142064283
CHEMBL5432592,IC50,nM,53.0,IC50,nM,53.0,CN(Cc1ccccc1)c1ncnc2[nH]c(-c3ccc(F)c(CO)c3)cc12,7.275724130399211
CHEMBL5417607,IC50,nM,2.0,IC50,nM,2.0,CN(C)CCNCc1ccc(-c2cc3c(N(C)Cc4ccccc4)ncnc3[nH]2)cc1F,8.698970004336019
CHEMBL5422465,IC50,nM,18.0,IC50,nM,18.0,CN(C)CCNCc1cc(-c2cc3c(N(C)Cc4ccccc4)ncnc3[nH]2)ccc1F,7.7447274948966935
CHEMBL5397557,IC50,nM,1.0,IC50,nM,1.0,OCc1ccc(-c2cc3c(NCc4ccccc4)ncnc3[nH]2)cc1,9.0
CHEMBL5418732,IC50,nM,0.8,IC50,nM,0.8,CCN(Cc1ccccc1)c1ncnc2[nH]c(-c3ccc(CO)cc3)cc12,9.096910013008056
CHEMBL5404799,IC50,nM,4.5,IC50,nM,4.5,CC(C)N(Cc1ccccc1)c1ncnc2[nH]c(-c3ccc(CO)cc3)cc12,8.346787486224656
CHEMBL5403510,IC50,nM,0.3,IC50,nM,0.3,C[C@@H](Nc1ncnc2[nH]c(-c3ccc(CO)cc3)cc12)c1ccccc1,9.522878745280337
CHEMBL5440766,IC50,nM,22.0,IC50,nM,22.0,C[C@H](c1ccccc1)N(C)c1ncnc2[nH]c(-c3ccc(CO)cc3)cc12,7.657577319177793
CHEMBL5398686,IC50,nM,17.0,IC50,nM,17.0,[2H]C([2H])([2H])N(Cc1ccccc1)c1ncnc2[nH]c(-c3ccc(CO)cc3)cc12,7.769551078621726
CHEMBL5417494,IC50,nM,7.4,IC50,nM,7.4,Cc1ccccc1CN(C)c1ncnc2[nH]c(-c3ccc(CO)cc3)cc12,8.130768280269024
CHEMBL5406924,IC50,nM,133.0,IC50,nM,133.0,Cc1cccc(CN(C)c2ncnc3[nH]c(-c4ccc(CO)cc4)cc23)c1,6.876148359032914
CHEMBL5414964,IC50,nM,50.0,IC50,nM,50.0,Cc1ccc(CN(C)c2ncnc3[nH]c(-c4ccc(CO)cc4)cc23)cc1,7.301029995663981
CHEMBL5403478,IC50,nM,133.0,IC50,nM,133.0,CN(Cc1ccccn1)c1ncnc2[nH]c(-c3ccc(CO)cc3)cc12,6.876148359032914
CHEMBL5424694,IC50,nM,236.0,IC50,nM,236.0,CN(Cc1ccncc1)c1ncnc2[nH]c(-c3ccc(CO)cc3)cc12,6.627087997029894
CHEMBL5428404,IC50,nM,78.0,IC50,nM,78.0,Cc1cccc(CN(C)c2ncnc3[nH]c(-c4ccc(CO)cc4)cc23)n1,7.107905397309519
CHEMBL5434318,IC50,nM,45.0,IC50,nM,45.0,CN(Cc1ccccc1F)c1ncnc2[nH]c(-c3ccc(CO)cc3)cc12,7.346787486224656
CHEMBL5406951,IC50,nM,3.7,IC50,nM,3.7,CN(c1ncnc2[nH]c(-c3ccc(CO)cc3)cc12)[C@H](CO)c1ccccc1,8.431798275933005
CHEMBL5419520,IC50,nM,65.0,IC50,nM,65.0,CN(c1ncnc2[nH]c(-c3ccc(CO)cc3)cc12)[C@@H](CO)c1ccccc1,7.187086643357144
CHEMBL5397490,IC50,nM,745.0,IC50,nM,745.0,Cc1cccc(CN(C)c2ncnc3[nH]c(-c4ccc(O)cc4)cc23)c1,6.127843727251707
CHEMBL5436321,IC50,nM,413.0,IC50,nM,413.0,Cc1cccc(CN(C)c2ncnc3[nH]c(-c4cccnc4)cc23)c1,6.384049948343599
CHEMBL5425883,IC50,nM,117.0,IC50,nM,117.0,COCCOCCOCCOc1ccc(-c2cc3c(N(C)Cc4cccc(C)c4)ncnc3[nH]2)cc1,6.931814138253839
CHEMBL5439126,IC50,nM,53.0,IC50,nM,53.0,Cc1cccc(CN(C)c2ncnc3[nH]c(-c4ccc(C(=O)O)cc4)cc23)c1,7.275724130399211
CHEMBL5418087,IC50,nM,30.0,IC50,nM,30.0,Cc1cccc(CN(C)c2ncnc3[nH]c(-c4ccc(CCC(=O)O)cc4)cc23)c1,7.522878745280337
CHEMBL5411617,IC50,nM,98.0,IC50,nM,98.0,Cc1cccc(CN(C)c2ncnc3[nH]c(-c4ccc(S(N)(=O)=O)cc4)cc23)c1,7.008773924307505
CHEMBL5404033,IC50,nM,127.0,IC50,nM,127.0,Cc1cccc(CN(C)c2ncnc3[nH]c(-c4cccc(C(=O)O)c4)cc23)c1,6.896196279044043
CHEMBL5400975,IC50,nM,60.0,IC50,uM,0.06,CC1=NNC2Oc3ncn(N)c(=N)c3C(c3ccccc3Br)C12,7.221848749616356
CHEMBL5404368,IC50,nM,712.0,IC50,nM,712.0,C=CC(=O)N1CC[C@@H](N2N=C(Nc3ccc(Oc4ccccc4)cc3)c3c[nH]c4ncnc2c34)C1,6.147520006363144
CHEMBL5427952,IC50,nM,30.0,IC50,nmol/L,30.0,CC[C@H](C)Nc1cc(Nc2ccnc(-c3cnn(S(=O)(=O)C4CC4)c3)n2)ncc1C(=O)N1CC(C(C)(C)O)C1,7.522878745280337
CHEMBL5403085,IC50,nM,72.0,IC50,nmol/L,72.0,CC(C)Nc1cc(Nc2ccnc(-c3cnn(S(=O)(=O)C4CC4)c3)n2)ncc1C(=O)N1CC(C(C)(C)O)C1,7.142667503568732
CHEMBL5401125,IC50,nM,450.0,IC50,nmol/L,450.0,CC[C@H](C)Nc1cc(Nc2ccnc(-c3cnn(S(=O)(=O)C4CC4)c3)n2)ncc1C(=O)N(C)C,6.346787486224656
CHEMBL5410422,IC50,nM,3.6,IC50,nmol/L,3.6,CC[C@H](C)Nc1cc(Nc2ccnc(-c3cnn(S(=O)(=O)C4CC4)c3)n2)ncc1C(=O)NC,8.443697499232712
CHEMBL5413772,IC50,nM,13.0,IC50,nmol/L,13.0,CCC(=O)c1cnc(Nc2ccnc(-c3cnn(S(=O)(=O)C4CC4)c3)n2)cc1N[C@@H](C)CC,7.886056647693163
CHEMBL5415613,IC50,nM,6.0,IC50,nmol/L,6.0,CCNC(=O)c1cnc(Nc2ccnc(-c3cnn(S(=O)(=O)C4CC4)c3)n2)cc1N[C@@H](C)CC,8.221848749616356
CHEMBL5434067,IC50,nM,13.0,IC50,nmol/L,13.0,CC[C@H](C)Nc1cc(Nc2ccnc(-c3cnn(S(=O)(=O)C4CC4)c3)n2)ncc1C(=O)NC1CCOCC1,7.886056647693163
CHEMBL5401619,IC50,nM,11.0,IC50,nmol/L,11.0,CC[C@H](C)Nc1cc(Nc2ccnc(-c3cnn(S(=O)(=O)C4CC4)c3)n2)ncc1C(=O)NCCN(C)C,7.958607314841775
CHEMBL5405737,IC50,nM,4.5,IC50,nmol/L,4.5,CC[C@H](C)Nc1cc(Nc2ccnc(-c3cnn(S(=O)(=O)C4CC4)c3)n2)ncc1C(=O)NCCCF,8.346787486224656
CHEMBL5405222,IC50,nM,6.5,IC50,nmol/L,6.5,CC[C@H](C)Nc1cc(Nc2ccnc(-c3cnn(S(=O)(=O)C4CC4)c3)n2)ncc1C(=O)NCCC(F)F,8.187086643357144
CHEMBL5415774,IC50,nM,4875.0,IC50,nmol/L,4875.0,CCNS(=O)(=O)c1cnc(Nc2ccnc(-c3cnn(S(=O)(=O)C4CC4)c3)n2)cc1N[C@@H](C)CC,5.312025379965444
CHEMBL5425121,IC50,nM,32.0,IC50,nM,32.0,c1ccc2c(c1)CCN2c1ncnc2cc3c(cc12)NCN3CCN1CCCC1,7.494850021680094
CHEMBL5400539,IC50,nM,6.3,IC50,nM,6.3,O=C(N/N=C/c1cnc(N2CCCC2)nc1)Nc1cc2c(Nc3ccc(F)c(Cl)c3)ncnc2cc1O[C@@H]1CCOC1,8.200659450546418
CHEMBL5439652,IC50,nM,94.44,IC50,nM,94.44,Cc1sc([Se]c2sc(C)c(-c3cccc(Br)c3)c2C(=O)NC(CO)C(=O)N2CCCC2)c(C(=O)NC(CO)C(=O)N2CCCC2)c1-c1cccc(Br)c1,7.024844021593311
CHEMBL5395404,IC50,nM,727.13,IC50,nM,727.13,Cc1sc([Se]c2sc(C)c(-c3cccc(Cl)c3)c2C(=O)NC(CO)C(=O)N2CCCC2)c(C(=O)NC(CO)C(=O)N2CCCC2)c1-c1cccc(Cl)c1,6.138387936822672
CHEMBL5425169,IC50,nM,835.3,IC50,nM,835.3,Cc1sc([Se]c2sc(C)c(-c3cccc(F)c3)c2C(=O)NC(C)C(=O)N2CCCC2)c(C(=O)NC(C)C(=O)N2CCCC2)c1-c1cccc(F)c1,6.078157518594142
CHEMBL5405436,IC50,nM,5900.0,IC50,uM,5.9,CCN(CC)CCNC(=O)c1c(C)[nH]c(/C=C2\CNc3ccc(F)cc32)c1C,5.229147988357856
CHEMBL5409736,IC50,nM,18800.0,IC50,uM,18.8,Cc1nc2c(c(C)c1O)/C(=C/c1ccc3ccccc3n1)C(=O)N2,4.72584215073632
CHEMBL5420857,IC50,nM,17.0,IC50,nM,17.0,CN(C)CCn1ccc2cc(Nc3nccc(-n4ccnc4-c4ccc(F)cc4)n3)ccc21,7.769551078621726
CHEMBL5409629,IC50,nM,86.0,IC50,nM,86.0,CN(C)CCn1ccc2cc(Nc3nccc(-n4ccnc4-c4ccc(Cl)cc4)n3)ccc21,7.0655015487564325
CHEMBL5401705,IC50,nM,289.0,IC50,nM,289.0,COc1ccc(-c2nccn2-c2ccnc(Nc3ccc4c(ccn4CCN(C)C)c3)n2)cc1,6.539102157243452
CHEMBL5404315,IC50,nM,90.0,IC50,nM,90.0,CN(C)CCn1ccc2cc(Nc3nccc(-n4ccnc4-c4cccc(F)c4)n3)ccc21,7.045757490560675
CHEMBL5420945,IC50,nM,63.0,IC50,nM,63.0,CN1CCN(c2ccc(Nc3nccc(-n4ccnc4-c4ccc(F)cc4)n3)cc2)CC1,7.200659450546418
CHEMBL5419934,IC50,nM,127.0,IC50,nM,127.0,COc1cc(N2CCN(C)CC2)ccc1Nc1nccc(-n2ccnc2-c2ccc(F)cc2)n1,6.896196279044043
CHEMBL5401094,IC50,nM,28.0,IC50,nM,28.0,COc1cc(N2CCC(N3CCN(C)CC3)CC2)c(C)cc1Nc1nccc(-n2ccnc2-c2ccc(F)cc2)n1,7.552841968657781
CHEMBL5406587,IC50,nM,2.1,IC50,nM,2.1,CN(C)CCn1ccc2cc(Nc3nccc(-c4sc(N)nc4-c4ccc(F)cc4)n3)ccc21,8.67778070526608
CHEMBL5430071,IC50,nM,19.0,IC50,nM,19.0,CNc1nc(-c2ccc(F)cc2)c(-c2ccnc(Nc3ccc4c(ccn4CCN(C)C)c3)n2)s1,7.721246399047171
CHEMBL5433431,IC50,nM,11.0,IC50,nM,11.0,Cc1nc(-c2ccc(F)cc2)c(-c2ccnc(Nc3ccc4c(ccn4CCN(C)C)c3)n2)s1,7.958607314841775
CHEMBL5408900,IC50,nM,20.0,IC50,nM,20.0,CC(C)c1nc(-c2ccc(F)cc2)c(-c2ccnc(Nc3ccc4c(ccn4CCN(C)C)c3)n2)s1,7.698970004336019
CHEMBL5412108,IC50,nM,26.0,IC50,nM,26.0,CN(C)CCn1ccc2cc(Nc3nccc(-c4sc(N5CCOCC5)nc4-c4ccc(F)cc4)n3)ccc21,7.585026652029182
CHEMBL5414782,IC50,nM,3.2,IC50,nM,3.2,CC(=O)Nc1nc(-c2ccc(F)cc2)c(-c2ccnc(Nc3ccc4c(ccn4CCN(C)C)c3)n2)s1,8.494850021680094
CHEMBL5407489,IC50,nM,2.5,IC50,nM,2.5,CN(C)CCn1ccc2cc(Nc3nccc(-c4sc(NS(C)(=O)=O)nc4-c4ccc(F)cc4)n3)ccc21,8.602059991327963
CHEMBL5411886,IC50,nM,0.9,IC50,nM,0.9,CCS(=O)(=O)Nc1nc(-c2ccc(F)cc2)c(-c2ccnc(Nc3ccc4c(ccn4CCN(C)C)c3)n2)s1,9.045757490560675
CHEMBL5412305,IC50,nM,3.4,IC50,nM,3.4,CC(C)S(=O)(=O)Nc1nc(-c2ccc(F)cc2)c(-c2ccnc(Nc3ccc4c(ccn4CCN(C)C)c3)n2)s1,8.468521082957745
CHEMBL5432141,IC50,nM,4.3,IC50,nM,4.3,CCCCS(=O)(=O)Nc1nc(-c2ccc(F)cc2)c(-c2ccnc(Nc3ccc4c(ccn4CCN(C)C)c3)n2)s1,8.366531544420413
CHEMBL5440481,IC50,nM,15.0,IC50,nM,15.0,CN(C)CCn1ccc2cc(Nc3nccc(-c4sc(NS(=O)(=O)c5ccc(F)cc5)nc4-c4ccc(F)cc4)n3)ccc21,7.823908740944319
CHEMBL5398817,IC50,nM,20.0,IC50,nM,20.0,CN(C)CCn1ccc2cc(Nc3nccc(-c4sc(NS(=O)(=O)C5CCCCC5)nc4-c4ccc(F)cc4)n3)ccc21,7.698970004336019
CHEMBL5419895,IC50,nM,4.1,IC50,nM,4.1,CCN(CC)CCn1ccc2cc(Nc3nccc(-c4sc(NS(=O)(=O)CC)nc4-c4ccc(F)cc4)n3)ccc21,8.387216143280265
CHEMBL5401500,IC50,nM,6.3,IC50,nM,6.3,CCS(=O)(=O)Nc1nc(-c2ccc(F)cc2)c(-c2ccnc(Nc3ccc4c(ccn4CCN4CCOCC4)c3)n2)s1,8.200659450546418
CHEMBL5420623,IC50,nM,1.8,IC50,nM,1.8,CCS(=O)(=O)Nc1nc(-c2ccc(F)cc2)c(-c2ccnc(Nc3ccc(N4CCN(C)CC4)cc3)n2)s1,8.744727494896694
CHEMBL5416812,IC50,nM,2.2,IC50,nM,2.2,CCN1CCN(c2ccc(Nc3nccc(-c4sc(NS(=O)(=O)CC)nc4-c4ccc(F)cc4)n3)cc2)CC1,8.657577319177793
CHEMBL5439238,IC50,nM,3.7,IC50,nM,3.7,CCS(=O)(=O)Nc1nc(-c2ccc(F)cc2)c(-c2ccnc(Nc3ccc(N4CCN(C(C)C)CC4)cc3)n2)s1,8.431798275933005
CHEMBL5436254,IC50,nM,2.1,IC50,nM,2.1,CCS(=O)(=O)Nc1nc(-c2ccc(F)cc2)c(-c2ccnc(Nc3ccc(C4CCN(C)CC4)cc3)n2)s1,8.67778070526608
CHEMBL5420820,IC50,nM,3.6,IC50,nM,3.6,CCS(=O)(=O)Nc1nc(-c2ccc(F)cc2)c(-c2ccnc(Nc3ccc(N4CCN(C)CC4)c(C)c3)n2)s1,8.443697499232712
CHEMBL5436965,IC50,nM,2.5,IC50,nM,2.5,CCS(=O)(=O)Nc1nc(-c2ccc(F)cc2)c(-c2ccnc(Nc3ccc(N4CCN(C)CC4)cc3OC)n2)s1,8.602059991327963
CHEMBL5431378,IC50,nM,10.0,IC50,nM,10.0,CCS(=O)(=O)Nc1nc(-c2ccc(F)cc2)c(-c2ccnc(Nc3cc(C)c(N4CCC(N5CCN(C)CC5)CC4)cc3OC)n2)s1,8.0
CHEMBL5414141,IC50,nM,37.0,IC50,nM,37.0,CCS(=O)(=O)Nc1nc(-c2ccc(F)cc2)c(-c2ccnc(Nc3ccc(N4CCOCC4)cc3)n2)s1,7.431798275933005
CHEMBL5397642,IC50,nM,8.5,IC50,nM,8.5,CCS(=O)(=O)Nc1nc(-c2ccc(F)cc2)c(-c2ccnc(Nc3ccc(N4CCOCC4)cc3OC)n2)s1,8.070581074285707
CHEMBL5431377,IC50,nM,4.1,IC50,nM,4.1,CCS(=O)(=O)Nc1nc(-c2ccc(F)cc2)c(-c2ccnc(Nc3ccc(N4CCOCC4)c(F)c3)n2)s1,8.387216143280265
CHEMBL5411267,IC50,nM,70.1,IC50,nM,70.1,CCS(=O)(=O)Nc1nc(-c2ccc(F)cc2)c(-c2ccnc(Nc3cc(-c4cnn(C)c4)c(N4CCOCC4)cc3OC)n2)s1,7.154281982033341
CHEMBL5430547,IC50,nM,5.1,IC50,nM,5.1,CCS(=O)(=O)N1CCC(c2nc(-c3ccc(F)cc3)c(-c3ccnc(Nc4ccc5c(ccn5CCN(C)C)c4)n3)s2)CC1,8.292429823902063
CHEMBL5414792,IC50,nM,34.0,IC50,nM,34.0,CCN(CC)CCn1ccc2cc(Nc3nccc(-c4sc(C5CCN(S(=O)(=O)CC)CC5)nc4-c4ccc(F)cc4)n3)ccc21,7.468521082957745
CHEMBL5419002,IC50,nM,71.0,IC50,nM,71.0,CCS(=O)(=O)N1CCC(c2nc(-c3ccc(F)cc3)c(-c3ccnc(Nc4ccc5c(ccn5CCN5CCOCC5)c4)n3)s2)CC1,7.1487416512809245
CHEMBL5416252,IC50,nM,7.9,IC50,nM,7.9,CCS(=O)(=O)N1CCC(c2nc(-c3ccc(F)cc3)c(-c3ccnc(Nc4ccc(N5CCNCC5)cc4)n3)s2)CC1,8.102372908709558
CHEMBL5395951,IC50,nM,18.0,IC50,nM,18.0,CCS(=O)(=O)N1CCC(c2nc(-c3ccc(F)cc3)c(-c3ccnc(Nc4ccc(N5CCN(C)CC5)cc4)n3)s2)CC1,7.7447274948966935
CHEMBL5422383,IC50,nM,26.0,IC50,nM,26.0,CCN1CCN(c2ccc(Nc3nccc(-c4sc(C5CCN(S(=O)(=O)CC)CC5)nc4-c4ccc(F)cc4)n3)cc2)CC1,7.585026652029182
CHEMBL5411377,IC50,nM,49.0,IC50,nM,49.0,CCS(=O)(=O)N1CCC(c2nc(-c3ccc(F)cc3)c(-c3ccnc(Nc4ccc(N5CCN(C(C)C)CC5)cc4)n3)s2)CC1,7.309803919971486
CHEMBL5400143,IC50,nM,15.0,IC50,nM,15.0,CCS(=O)(=O)N1CCC(c2nc(-c3ccc(F)cc3)c(-c3ccnc(Nc4ccc(C5CCN(C)CC5)cc4)n3)s2)CC1,7.823908740944319
CHEMBL5413341,IC50,nM,36.0,IC50,nM,36.0,CCS(=O)(=O)N1CCC(c2nc(-c3ccc(F)cc3)c(-c3ccnc(Nc4ccc(N5CCN(C)CC5)c(C)c4)n3)s2)CC1,7.443697499232712
CHEMBL5440559,IC50,nM,71.0,IC50,nM,71.0,CCS(=O)(=O)N1CCC(c2nc(-c3ccc(F)cc3)c(-c3ccnc(Nc4ccc(N5CCN(C)CC5)cc4OC)n3)s2)CC1,7.1487416512809245
CHEMBL5435941,IC50,nM,58.0,IC50,nM,58.0,CCS(=O)(=O)N1CCC(c2nc(-c3ccc(F)cc3)c(-c3ccnc(Nc4ccc(N5CCOCC5)cc4)n3)s2)CC1,7.236572006437063
CHEMBL5419101,IC50,nM,71.0,IC50,nM,71.0,CCS(=O)(=O)N1CCC(c2nc(-c3ccc(F)cc3)c(-c3ccnc(Nc4ccc(N5CCOCC5)cc4OC)n3)s2)CC1,7.1487416512809245
CHEMBL5438643,IC50,nM,77.0,IC50,nM,77.0,CCS(=O)(=O)N1CCC(c2nc(-c3ccc(F)cc3)c(-c3ccnc(Nc4ccc(N5CCOCC5)c(F)c4)n3)s2)CC1,7.113509274827518
CHEMBL5424597,IC50,nM,409.0,IC50,nM,409.0,CN(C)CCn1ccc2cc(Nc3nccc(-n4ccc(-c5ccc(F)cc5)n4)n3)ccc21,6.388276691992658
CHEMBL5408586,IC50,nM,44.0,IC50,nM,44.0,C=CC(=O)Nc1cccc(-c2c(-c3ccccc3)oc3ncnc(N[C@H](CO)C(C)C)c23)c1,7.356547323513812
CHEMBL5437252,IC50,nM,71.0,IC50,nM,71.0,C=CC(=O)Nc1cccc(-c2c(-c3ccccc3)oc3ncnc(N[C@@H](C)CO)c23)c1,7.1487416512809245
CHEMBL5429210,IC50,nM,393.0,IC50,nM,393.0,C=CC(=O)Nc1cccc(-c2c(-c3ccccc3)oc3ncnc(NCCO)c23)c1,6.405607449624573
CHEMBL5434109,IC50,nM,387.0,IC50,nM,387.0,C=CC(=O)Nc1cccc(-c2c(-c3ccccc3)oc3ncnc(NCCCO)c23)c1,6.412289034981089
CHEMBL5425734,IC50,nM,208.0,IC50,nM,208.0,C=CC(=O)Nc1cccc(-c2c(-c3ccccc3)oc3ncnc(NCCOC)c23)c1,6.681936665037238
CHEMBL5420947,IC50,nM,376.0,IC50,nM,376.0,C=CC(=O)Nc1cccc(-c2c(-c3ccccc3)oc3ncnc(NCCC(=O)OCC)c23)c1,6.424812155072339
CHEMBL5420051,IC50,nM,89.0,IC50,nM,89.0,C=CC(=O)Nc1cccc(-c2c(-c3ccccc3)oc3ncnc(NCCC(=O)O)c23)c1,7.050609993355087
CHEMBL5432017,IC50,nM,237.0,IC50,nM,237.0,C=CC(=O)Nc1cccc(-c2c(-c3ccccc3)oc3ncnc(NC)c23)c1,6.6252516539898965
CHEMBL5438475,IC50,nM,352.0,IC50,nM,352.0,C=CC(=O)Nc1cccc(-c2c(-c3ccccc3)oc3ncnc(N(C)C)c23)c1,6.453457336521869
CHEMBL5436101,IC50,nM,202.0,IC50,nM,202.0,C=CC(=O)Nc1cccc(-c2c(-c3ccccc3)oc3ncnc(NC(C)C)c23)c1,6.694648630553377
CHEMBL5394139,IC50,nM,39.0,IC50,nM,39.0,C=CC(=O)Nc1cccc(-c2c(-c3ccccc3)oc3ncnc(NC4CC4)c23)c1,7.4089353929735005
CHEMBL5423938,IC50,nM,617.0,IC50,nM,617.0,C=CC(=O)Nc1cccc(-c2c(-c3ccccc3)oc3ncnc(NC4CCC4)c23)c1,6.209714835966758
CHEMBL5437181,IC50,nM,2500.0,IC50,nM,2500.0,C=CC(=O)Nc1cccc(-c2c(-c3ccccc3)oc3ncnc(NC4CCCC4)c23)c1,5.6020599913279625
CHEMBL5417638,IC50,nM,258.0,IC50,nM,258.0,C=CC(=O)Nc1cccc(-c2c(-c3ccccc3)oc3ncnc(NC4CCCCC4)c23)c1,6.58838029403677
CHEMBL5436057,IC50,nM,4230.0,IC50,nM,4230.0,CN(C)C/C=C/C(=O)Nc1cccc(-c2c(-c3ccccc3)oc3ncnc(NCCO)c23)c1,5.373659632624958
CHEMBL5427116,IC50,nM,975.0,IC50,nM,975.0,CN(C)C/C=C/C(=O)Nc1cccc(-c2c(-c3ccccc3)oc3ncnc(NC4CCCC4)c23)c1,6.010995384301463
CHEMBL5406494,IC50,nM,69.0,IC50,nM,69.0,C=CC(=O)Nc1cccc(-c2c(-c3ccc(N(C)C)cc3)oc3ncnc(NCCO)c23)c1,7.161150909262744
CHEMBL5435463,IC50,nM,43.0,IC50,nM,43.0,C=CC(=O)Nc1cccc(-c2c(-c3ccc(N4CCOCC4)cc3)oc3ncnc(NCCO)c23)c1,7.366531544420414
CHEMBL5430958,IC50,nM,25.0,IC50,nM,25.0,C=CC(=O)Nc1cccc(-c2c(-c3ccc(N4CCN(C)CC4)cc3)oc3ncnc(NCCO)c23)c1,7.6020599913279625
CHEMBL5409123,IC50,nM,25.0,IC50,nM,25.0,C=CC(=O)Nc1cccc(-c2c(-c3ccc(N(C)CCN(C)C)cc3)oc3ncnc(NCCO)c23)c1,7.6020599913279625
CHEMBL5428368,IC50,nM,71.0,IC50,nM,71.0,C=CC(=O)Nc1cccc(-c2c(-c3ccc(N4CCOCC4)cc3)oc3ncnc(NC4CCCC4)c23)c1,7.1487416512809245
CHEMBL5440626,IC50,nM,16.0,IC50,nM,16.0,C=CC(=O)Nc1cccc(-c2c(-c3ccc(N4CCN(C)CC4)cc3)oc3ncnc(NC4CCCC4)c23)c1,7.795880017344075
CHEMBL5422135,IC50,nM,8.0,IC50,nM,8.0,C=CC(=O)Nc1cccc(-c2c(-c3ccc(N4CCN(C)CC4)cc3)oc3ncnc(N[C@H](CO)c4ccccc4)c23)c1,8.096910013008056
CHEMBL5437343,IC50,nM,31.0,IC50,nM,31.0,C=CC(=O)Nc1cccc(-c2c(-c3ccc(N4CCN(C)CC4)cc3)oc3ncnc(NC4CCCCC4)c23)c1,7.508638306165727
CHEMBL5406792,IC50,nM,19.0,IC50,nM,19.0,C=CC(=O)Nc1cccc(-c2c(-c3ccc(N4CCN(C)CC4)cc3)oc3ncnc(NC)c23)c1,7.721246399047171
CHEMBL5429838,IC50,nM,235.0,IC50,nM,235.0,C=CC(=O)Nc1cccc(-c2c(-c3ccncc3)oc3ncnc(NC4CCCC4)c23)c1,6.628932137728263
CHEMBL5400012,IC50,nM,285.0,IC50,nM,285.0,C=CC(=O)Nc1cccc(-c2c(-c3ccc(N4CCOCC4)nc3)oc3ncnc(NC4CCCC4)c23)c1,6.54515513999149
CHEMBL5441041,IC50,nM,53.0,IC50,nM,53.0,C=CC(=O)Nc1cccc(-c2c(-c3ccc(N4CCN(C)CC4)nc3)oc3ncnc(NC4CCCC4)c23)c1,7.275724130399211
CHEMBL5432716,IC50,nM,115.0,IC50,nM,115.0,C=CC(=O)Nc1cc(-c2c(-c3ccccc3)oc3ncnc(NC4CCCC4)c23)ccc1N1CCOCC1,6.939302159646388
CHEMBL5431658,IC50,nM,110.0,IC50,nM,110.0,C=CC(=O)Nc1cc(-c2c(-c3ccccc3)oc3ncnc(NC4CCCC4)c23)ccc1N1CCN(C)CC1,6.958607314841775
CHEMBL5398132,IC50,nM,223.0,IC50,nM,223.0,C=CC(=O)Nc1cc(-c2c(-c3ccccc3)oc3ncnc(NC4CCCC4)c23)ccc1OCCN(C)C,6.651695136951839
CHEMBL5435372,IC50,nM,340.0,IC50,nM,340.0,C=CC(=O)Nc1cc(-c2c(-c3ccccc3)oc3ncnc(NC4CCCC4)c23)ccc1OC1CCN(C)CC1,6.468521082957745
CHEMBL5432280,IC50,nM,32.0,IC50,nM,32.0,C=CC(=O)Nc1cc(-c2c(-c3ccccc3)oc3ncnc(NC4CCCC4)c23)ccc1N(C)CCN(C)C,7.494850021680094
CHEMBL5415196,IC50,nM,112.0,IC50,nM,112.0,C=CC(=O)Nc1cc(-c2c(-c3ccccc3)oc3ncnc(NC)c23)ccc1N(C)CCN(C)C,6.950781977329818
CHEMBL5413423,IC50,nM,57.0,IC50,nM,57.0,C=CC(=O)Nc1cc(-c2c(-c3ccccc3)oc3ncnc(NCC)c23)ccc1N(C)CCN(C)C,7.2441251443275085
CHEMBL5420948,IC50,nM,25.0,IC50,nM,25.0,C=CC(=O)Nc1cc(-c2c(-c3ccccc3)oc3ncnc(NC(C)C)c23)ccc1N(C)CCN(C)C,7.6020599913279625
CHEMBL5427961,IC50,nM,25.0,IC50,nM,25.0,C=CC(=O)Nc1cc(-c2c(-c3ccccc3)oc3ncnc(NC4CC4)c23)ccc1N(C)CCN(C)C,7.6020599913279625
CHEMBL5416719,IC50,nM,168.0,IC50,nM,168.0,C=CC(=O)Nc1cc(-c2c(-c3ccccc3)oc3ncnc(NCCO)c23)ccc1N(C)CCN(C)C,6.774690718274137
CHEMBL5426811,IC50,nM,28.0,IC50,nM,28.0,C=CC(=O)Nc1cc(-c2c(-c3ccccc3)oc3ncnc(N[C@H]4CCC[C@H]4O)c23)ccc1N(C)CCN(C)C,7.552841968657781
CHEMBL5422592,IC50,nM,25.0,IC50,nM,25.0,C=CC(=O)Nc1cc(-c2c(-c3ccccc3)oc3ncnc(N[C@H]4CCC[C@@H]4O)c23)ccc1N(C)CCN(C)C,7.6020599913279625
CHEMBL5403023,IC50,nM,76.0,IC50,nM,76.0,C=CC(=O)Nc1cc(-c2c(-c3ccccc3)oc3ncnc(N[C@H]4C[C@@H](O)C4)c23)ccc1N(C)CCN(C)C,7.119186407719209
CHEMBL5437854,IC50,nM,78.0,IC50,nM,78.0,C=CC(=O)Nc1cc(-c2c(-c3ccccc3)oc3ncnc(N[C@H]4C[C@H](O)C4)c23)ccc1N(C)CCN(C)C,7.107905397309519
CHEMBL5415565,IC50,nM,606.0,IC50,nM,606.0,C=CC(=O)Nc1cccc(-c2c(-c3ccccc3)oc3ncnc(NCCOc4ccccc4)c23)c1,6.217527375833714
CHEMBL5400371,IC50,nM,210.0,IC50,uM,0.21,C#CCCC(=O)N1CCN(c2ccc(Nc3ncc(Cl)c(Oc4cccc(NC(=O)CCCCc5cc5=O)c4)n3)c(OC)c2)CC1,6.6777807052660805
CHEMBL5412768,IC50,nM,580.0,IC50,nM,580.0,COc1cc2ncnc(N[C@H](C)c3cccc4ccccc34)c2cc1OC,6.236572006437063
CHEMBL5408234,IC50,nM,1800.0,IC50,uM,1.8,C=CC(=O)Nc1cccc(Nc2nc(Nc3ccc(N(C)C)cc3)nc3ccc(Cl)cc23)c1,5.7447274948966935
CHEMBL5404639,IC50,nM,3.5,IC50,nM,3.5,C=CC(=O)Nc1cccc(Nc2nc(Nc3ccc(N4CCN(C)CC4)cc3)nc3ccc(F)cc23)c1,8.455931955649724
CHEMBL5408255,IC50,nM,152.0,IC50,nM,152.0,CCOC(=O)c1c(-n2ccnc2)nc2ccc(Br)cc2c1N1CCN(c2ccccc2NS(=O)(=O)c2ccc(F)cc2)CC1,6.818156412055227
CHEMBL5438940,IC50,nM,159.0,IC50,nM,159.0,CCOC(=O)c1c(-n2ccnc2)nc2ccc(Br)cc2c1N1CCN(c2ccccc2NS(=O)(=O)c2ccc(F)c(F)c2)CC1,6.798602875679548
CHEMBL5404784,IC50,nM,144.0,IC50,nM,144.0,CCOC(=O)c1c(-n2ccnc2)nc2ccc(Br)cc2c1N1CCN(c2ccccc2NS(=O)(=O)c2ccccc2F)CC1,6.841637507904751
CHEMBL5410384,IC50,nM,138.0,IC50,nM,138.0,CCOC(=O)c1c(-n2ccnc2)nc2ccc(Br)cc2c1N1CCN(c2ccccc2NS(=O)(=O)c2ccc(C(F)(F)F)cc2)CC1,6.860120913598763
CHEMBL5416668,IC50,nM,490.0,IC50,uM,0.49,N#Cc1c(-c2ccc3ncc(C(N)=O)c(Nc4cccc(Br)c4)c3c2)csc1N,6.309803919971486
CHEMBL5398753,IC50,nM,98.0,IC50,nM,98.0,O=C(CSc1nc2ccccc2c(=O)n1CCc1ccccc1)Nc1ccc(S(=O)(=O)Nc2ccc(Cl)nn2)cc1,7.008773924307505
CHEMBL178654,IC50,nM,34.0,IC50,nM,34.0,CCOc1cc2ncc(C#N)c(Nc3ccc(OCc4cccc(F)c4)c(Cl)c3)c2cc1NC(=O)/C=C/CN(C)C,7.468521082957745
CHEMBL4091991,IC50,nM,4280.0,IC50,nM,4280.0,C=CC(=O)Nc1cc(-n2c(=O)ccc3cnc4ccc(-c5ccc(NS(C)(=O)=O)cc5)cc4c32)ccc1C,5.368556230986828
