molecule_chembl_id,standard_type,standard_units,IC50,type,units,value,canonical_smiles,pIC50,ROMol,is_pains,has_unwanted_substructure
CHEMBL76587,IC50,nM,6500000.0,IC50,uM,6500.0,N#CC(C#N)Cc1ccc(O)cc1,2.1870866433571443,<rdkit.Chem.rdchem.Mol object at 0x000001D689DFD2E0>,False,False
CHEMBL47940,IC50,nM,3200.0,IC50,uM,3.2,Nc1ncnc2c1c(-c1ccc(Oc3ccccc3)cc1)cn2C1CCCC1,5.494850021680094,<rdkit.Chem.rdchem.Mol object at 0x000001D689DFD350>,False,False
CHEMBL322395,IC50,nM,3000.0,IC50,nM,3000.0,COc1cc(Nc2c(C#N)cnc3cc(-c4ccc(CN5CCOCC5)cc4)ccc23)c(Cl)cc1Cl,5.522878745280337,<rdkit.Chem.rdchem.Mol object at 0x000001D689DFF660>,False,False
CHEMBL322298,IC50,nM,200.0,IC50,uM,0.2,CCn1c(=O)c(-c2c(Cl)cccc2Cl)cc2cnc(Nc3ccccc3)nc21,6.698970004336019,<rdkit.Chem.rdchem.Mol object at 0x000001D689DFF430>,False,False
CHEMBL111434,IC50,nM,670.0,IC50,uM,0.67,Cn1c(=O)c(-c2c(Cl)cccc2Cl)cc2cnc(Nc3cccc(Br)c3)nc21,6.173925197299173,<rdkit.Chem.rdchem.Mol object at 0x000001D689DFF350>,False,False
CHEMBL111197,IC50,nM,30.0,IC50,uM,0.03,COc1cccc(Nc2ncc3cc(-c4c(Cl)cccc4Cl)c(=O)n(C)c3n2)c1,7.522878745280337,<rdkit.Chem.rdchem.Mol object at 0x000001D689DFF2E0>,False,False
CHEMBL111365,IC50,nM,1300.0,IC50,uM,1.3,COc1ccc(Nc2ncc3cc(-c4c(Cl)cccc4Cl)c(=O)n(C)c3n2)cn1,5.886056647693163,<rdkit.Chem.rdchem.Mol object at 0x000001D689DFF040>,False,False
CHEMBL113023,IC50,nM,250.0,IC50,uM,0.25,COc1ccc(Nc2ncc3cc(-c4c(Cl)cccc4Cl)c(=O)n(C)c3n2)cc1C,6.6020599913279625,<rdkit.Chem.rdchem.Mol object at 0x000001D689DF7BA0>,False,False
CHEMBL327127,IC50,nM,90.0,IC50,uM,0.09,Cn1c(=O)c(-c2c(Cl)cccc2Cl)cc2cnc(Nc3cccc(CO)c3)nc21,7.045757490560675,<rdkit.Chem.rdchem.Mol object at 0x000001D689DF75F0>,False,False
CHEMBL324926,IC50,nM,330.0,IC50,uM,0.33,COc1cc(Nc2ncc3cc(-c4c(Cl)cccc4Cl)c(=O)n(C)c3n2)cc(OC)c1,6.481486060122113,<rdkit.Chem.rdchem.Mol object at 0x000001D689DF7F90>,False,False
CHEMBL321193,IC50,nM,150.0,IC50,uM,0.15,Cn1c(=O)c(-c2c(Cl)cccc2Cl)cc2cnc(Nc3cccc(O)c3)nc21,6.823908740944319,<rdkit.Chem.rdchem.Mol object at 0x000001D689DF7820>,False,False
CHEMBL419022,IC50,nM,700.0,IC50,uM,0.7,CCOC(=O)CCCc1ccc(Nc2ncc3cc(-c4c(Cl)cccc4Cl)c(=O)n(C)c3n2)cc1,6.154901959985743,<rdkit.Chem.rdchem.Mol object at 0x000001D689DF77B0>,False,False
CHEMBL136511,IC50,nM,2.7,IC50,nM,2.7,C=CS(=O)(=O)Nc1ccc2ncnc(Nc3cccc(Br)c3)c2c1,8.568636235841012,<rdkit.Chem.rdchem.Mol object at 0x000001D689DF70B0>,False,False
CHEMBL44,IC50,nM,1000.0,IC50,uM,1.0,O=c1c(-c2ccc(O)cc2)coc2cc(O)cc(O)c12,6.0,<rdkit.Chem.rdchem.Mol object at 0x000001D689DF7040>,False,False
CHEMBL104153,IC50,nM,220.0,IC50,uM,0.22,COc1ccc(Nc2ncc3cc(-c4c(Cl)cccc4Cl)c(=O)n(C)c3n2)cc1,6.657577319177793,<rdkit.Chem.rdchem.Mol object at 0x000001D689DF7B30>,False,False
CHEMBL50647,IC50,nM,220.0,IC50,uM,0.22,Cn1c(=O)c(-c2c(Cl)cccc2Cl)cc2cnc(Nc3ccc(CC(=O)O)cc3)nc21,6.657577319177793,<rdkit.Chem.rdchem.Mol object at 0x000001D689DF7900>,False,False
CHEMBL320705,IC50,nM,66.0,IC50,uM,0.066,COc1ccccc1Nc1ncc2cc(-c3c(Cl)cccc3Cl)c(=O)n(C)c2n1,7.180456064458132,<rdkit.Chem.rdchem.Mol object at 0x000001D689DF7890>,False,False
CHEMBL109631,IC50,nM,190.0,IC50,uM,0.19,Cn1c(=O)c(-c2c(Cl)cccc2Cl)cc2cnc(Nc3cccc(C(=O)O)c3)nc21,6.721246399047171,<rdkit.Chem.rdchem.Mol object at 0x000001D689DFCF20>,False,False
CHEMBL325589,IC50,nM,510.0,IC50,uM,0.51,Cn1c(=O)c(-c2c(Cl)cccc2Cl)cc2cnc(Nc3cccnc3)nc21,6.292429823902063,<rdkit.Chem.rdchem.Mol object at 0x000001D689DFCD60>,False,False
CHEMBL49596,IC50,nM,5600.0,IC50,uM,5.6,Cn1c(=O)c(-c2c(Cl)cccc2Cl)cc2cnc(N)nc21,5.251811972993799,<rdkit.Chem.rdchem.Mol object at 0x000001D689DFCAC0>,False,False
CHEMBL448154,IC50,nM,490.0,IC50,uM,0.49,CCn1c(=O)c(-c2c(Cl)cccc2Cl)cc2cnc(Nc3ccncc3)nc21,6.309803919971486,<rdkit.Chem.rdchem.Mol object at 0x000001D689DFC820>,False,False
CHEMBL107472,IC50,nM,7500.0,IC50,uM,7.5,CNc1ncc2cc(-c3c(Cl)cccc3Cl)c(=O)n(C)c2n1,5.1249387366083,<rdkit.Chem.rdchem.Mol object at 0x000001D689DFC580>,False,False
CHEMBL139095,IC50,nM,2.4,IC50,nM,2.4,C=CS(=O)(=O)Nc1cc2c(Nc3cccc(Br)c3)ncnc2cn1,8.619788758288394,<rdkit.Chem.rdchem.Mol object at 0x000001D689DFC4A0>,False,False
CHEMBL113070,IC50,nM,80.0,IC50,uM,0.08,Cn1c(=O)c(-c2c(Cl)cccc2Cl)cc2cnc(Nc3ccc(CCCC(=O)O)cc3)nc21,7.096910013008056,<rdkit.Chem.rdchem.Mol object at 0x000001D689DFC430>,False,False
CHEMBL104779,IC50,nM,910.0,IC50,uM,0.91,Cn1c(=O)c(-c2c(Cl)cccc2Cl)cc2cnc(Nc3ccncc3)nc21,6.040958607678906,<rdkit.Chem.rdchem.Mol object at 0x000001D689DFC3C0>,False,False
CHEMBL301612,IC50,nM,260.0,IC50,uM,0.26,Cn1c(=O)c(-c2c(Cl)cccc2Cl)cc2cnc(Nc3ccccc3)nc21,6.585026652029182,<rdkit.Chem.rdchem.Mol object at 0x000001D689DFC350>,False,False
CHEMBL109296,IC50,nM,4500.0,IC50,uM,4.5,CCNc1ncc2cc(-c3c(Cl)cccc3Cl)c(=O)n(C)c2n1,5.346787486224656,<rdkit.Chem.rdchem.Mol object at 0x000001D689DFCB30>,False,False
CHEMBL111339,IC50,nM,480.0,IC50,uM,0.48,Cc1ccc(Nc2ncc3cc(-c4c(Cl)cccc4Cl)c(=O)n(C)c3n2)cc1,6.318758762624412,<rdkit.Chem.rdchem.Mol object at 0x000001D689DFC0B0>,False,False
CHEMBL428690,IC50,nM,7600.0,IC50,nM,7600.0,CN1CC[C@H](c2c(O)cc(O)c3c(=O)cc(-c4ccccc4Cl)oc23)[C@H](O)C1,5.119186407719209,<rdkit.Chem.rdchem.Mol object at 0x000001D689E00BA0>,False,False
CHEMBL14932,IC50,nM,98.0,IC50,nM,98.0,Oc1ccc2ncnc(Nc3ccc(OCc4ccccc4)cc3)c2c1,7.008773924307505,<rdkit.Chem.rdchem.Mol object at 0x000001D689E00B30>,False,False
CHEMBL38199,IC50,nM,3.7,IC50,nM,3.7,Brc1cccc(Nc2ncnc3cc4c(cnn4CCN4CCOCC4)cc23)c1,8.431798275933005,<rdkit.Chem.rdchem.Mol object at 0x000001D689E00580>,False,False
CHEMBL29197,IC50,nM,0.025,IC50,nM,0.025,COc1cc2ncnc(Nc3cccc(Br)c3)c2cc1OC,10.602059991327964,<rdkit.Chem.rdchem.Mol object at 0x000001D689E00510>,False,False
CHEMBL287007,IC50,nM,2.6,IC50,nM,2.6,CN(C)Cc1c[nH]c2cc3ncnc(Nc4cccc(Br)c4)c3cc12,8.585026652029182,<rdkit.Chem.rdchem.Mol object at 0x000001D689E004A0>,False,False
CHEMBL37346,IC50,nM,5500.0,IC50,nM,5500.0,Brc1cccc(Nc2ccnc3ccccc23)c1,5.259637310505756,<rdkit.Chem.rdchem.Mol object at 0x000001D689E00430>,False,False
CHEMBL15202,IC50,nM,68.0,IC50,nM,68.0,COc1ccc2ncnc(Nc3ccc(OCc4ccccc4)cc3)c2c1,7.167491087293763,<rdkit.Chem.rdchem.Mol object at 0x000001D689E00120>,False,False
CHEMBL36819,IC50,nM,53.0,IC50,nM,53.0,O=C(O)Cn1ncc2cc3c(Nc4cccc(Br)c4)ncnc3cc21,7.275724130399211,<rdkit.Chem.rdchem.Mol object at 0x000001D689E00040>,False,False
CHEMBL40130,IC50,nM,3.7,IC50,nM,3.7,Brc1cccc(Nc2ncnc3cc4c(ccn4CCN4CCOCC4)cc23)c1,8.431798275933005,<rdkit.Chem.rdchem.Mol object at 0x000001D689E00E40>,False,False
CHEMBL35820,IC50,nM,0.006,IC50,nM,0.006,CCOc1cc2ncnc(Nc3cccc(Br)c3)c2cc1OCC,11.221848749616356,<rdkit.Chem.rdchem.Mol object at 0x000001D689E00D60>,False,False
CHEMBL290096,IC50,nM,27.0,IC50,nM,27.0,Brc1cccc(Nc2ncnc3ccccc23)c1,7.568636235841013,<rdkit.Chem.rdchem.Mol object at 0x000001D689E00A50>,False,False
CHEMBL37543,IC50,nM,12.0,IC50,nM,12.0,OCC(O)Cn1ncc2cc3c(Nc4cccc(Br)c4)ncnc3cc21,7.920818753952375,<rdkit.Chem.rdchem.Mol object at 0x000001D689E00900>,False,False
CHEMBL287289,IC50,nM,21.0,IC50,nM,21.0,CN(C)CCCn1ccc2cc3c(Nc4cccc(Br)c4)ncnc3cc21,7.67778070526608,<rdkit.Chem.rdchem.Mol object at 0x000001D689E00890>,False,False
CHEMBL39320,IC50,nM,0.37,IC50,nM,0.37,Cn1ncc2cc3c(Nc4cccc(Br)c4)ncnc3cc21,9.431798275933003,<rdkit.Chem.rdchem.Mol object at 0x000001D689E007B0>,False,False
CHEMBL289162,IC50,nM,5.1,IC50,nM,5.1,O=C(O)Cn1ccc2cc3c(Nc4cccc(Br)c4)ncnc3cc21,8.292429823902063,<rdkit.Chem.rdchem.Mol object at 0x000001D689E00740>,False,False
CHEMBL37373,IC50,nM,41.0,IC50,nM,41.0,CN(C)CCn1ccc2cc3c(Nc4cccc(Br)c4)ncnc3cc21,7.387216143280264,<rdkit.Chem.rdchem.Mol object at 0x000001D689E00350>,False,False
CHEMBL39715,IC50,nM,3.4,IC50,nM,3.4,COC(=O)CN(C)Cc1c[nH]c2cc3ncnc(Nc4cccc(Br)c4)c3cc12,8.468521082957745,<rdkit.Chem.rdchem.Mol object at 0x000001D689E002E0>,False,False
CHEMBL289213,IC50,nM,0.72,IC50,nM,0.72,CN(CC(=O)O)Cc1c[nH]c2cc3ncnc(Nc4cccc(Br)c4)c3cc12,9.142667503568733,<rdkit.Chem.rdchem.Mol object at 0x000001D689E00F90>,False,False
CHEMBL287832,IC50,nM,40.0,IC50,nM,40.0,CN(C)CCn1ncc2cc3c(Nc4cccc(Br)c4)ncnc3cc21,7.397940008672037,<rdkit.Chem.rdchem.Mol object at 0x000001D689E00200>,False,False
CHEMBL39337,IC50,nM,0.44,IC50,nM,0.44,Brc1cccc(Nc2ncnc3cc4[nH]ncc4cc23)c1,9.356547323513812,<rdkit.Chem.rdchem.Mol object at 0x000001D689E00190>,False,False
CHEMBL40734,IC50,nM,0.44,IC50,nM,0.44,Brc1cccc(Nc2ncnc3cc4[nH]ccc4cc23)c1,9.356547323513812,<rdkit.Chem.rdchem.Mol object at 0x000001D689E02F20>,False,False
CHEMBL39811,IC50,nM,7.5,IC50,nM,7.5,CN(C)CCN(C)Cc1c[nH]c2cc3ncnc(Nc4cccc(Br)c4)c3cc12,8.1249387366083,<rdkit.Chem.rdchem.Mol object at 0x000001D689E02D60>,False,False
CHEMBL36727,IC50,nM,0.8,IC50,nM,0.8,Cn1ccc2cc3c(Nc4cccc(Br)c4)ncnc3cc21,9.096910013008056,<rdkit.Chem.rdchem.Mol object at 0x000001D689E02CF0>,False,False
CHEMBL39355,IC50,nM,8.8,IC50,nM,8.8,Brc1cccc(Nc2ncnc3cc4c(cnn4CCCN4CCOCC4)cc23)c1,8.05551732784983,<rdkit.Chem.rdchem.Mol object at 0x000001D689E02C80>,False,False
CHEMBL289959,IC50,nM,346.0,IC50,nM,346.0,c1ccc(Nc2ncnc3ccccc23)cc1,6.460923901207224,<rdkit.Chem.rdchem.Mol object at 0x000001D689E022E0>,False,False
CHEMBL416611,IC50,nM,1.6,IC50,nM,1.6,OCC(O)Cn1ccc2cc3c(Nc4cccc(Br)c4)ncnc3cc21,8.795880017344075,<rdkit.Chem.rdchem.Mol object at 0x000001D689E02120>,False,False
CHEMBL36967,IC50,nM,4.8,IC50,nM,4.8,Brc1cccc(Nc2ncnc3cc4[nH]cc(CN5CCOCC5)c4cc23)c1,8.318758762624412,<rdkit.Chem.rdchem.Mol object at 0x000001D689E02040>,False,False
CHEMBL36164,IC50,nM,3.5,IC50,nM,3.5,OCCN(CCO)Cc1c[nH]c2cc3ncnc(Nc4cccc(Br)c4)c3cc12,8.455931955649724,<rdkit.Chem.rdchem.Mol object at 0x000001D689E02F90>,False,False
CHEMBL280074,IC50,nM,440000.0,IC50,uM,440.0,Cn1cnc2c(NCc3ccccc3)nc(NCCO)nc21,3.356547323513813,<rdkit.Chem.rdchem.Mol object at 0x000001D689E02B30>,False,False
CHEMBL338448,IC50,nM,1900.0,IC50,uM,1.9,CO[C@H]1[C@@H](N(C)C(=O)c2ccccc2)C[C@@H]2O[C@@]1(C)n1c3ccccc3c3c4c(c5c6ccccc6n2c5c31)C(=O)NC4,5.721246399047171,<rdkit.Chem.rdchem.Mol object at 0x000001D689E02AC0>,False,False
CHEMBL131715,IC50,nM,7000.0,IC50,uM,7.0,CO[C@H]1[C@@H](N(C)C(=O)c2ccc(Cl)cc2)C[C@@H]2O[C@@]1(C)n1c3ccccc3c3c4c(c5c6ccccc6n2c5c31)C(=O)NC4,5.154901959985743,<rdkit.Chem.rdchem.Mol object at 0x000001D689E02A50>,False,False
CHEMBL435809,IC50,nM,110.0,IC50,uM,0.11,CO[C@H]1[C@@H](N(C)C(=O)c2ccc(C(=O)O)cc2)C[C@@H]2O[C@@]1(C)n1c3ccccc3c3c4c(c5c6ccccc6n2c5c31)C(=O)NC4,6.958607314841775,<rdkit.Chem.rdchem.Mol object at 0x000001D689E029E0>,False,False
CHEMBL57323,IC50,nM,610.0,IC50,uM,0.61,Cc1cccc(C)c1-c1cc2cnc(N)nc2nc1NC(=O)NC(C)(C)C,6.214670164989233,<rdkit.Chem.rdchem.Mol object at 0x000001D689E02970>,False,False
CHEMBL131020,IC50,nM,1100.0,IC50,uM,1.1,CO[C@H]1[C@@H](N(C)S(C)(=O)=O)C[C@@H]2O[C@@]1(C)n1c3ccccc3c3c4c(c5c6ccccc6n2c5c31)C(=O)NC4,5.958607314841775,<rdkit.Chem.rdchem.Mol object at 0x000001D689E02820>,False,False
CHEMBL131590,IC50,nM,4700.0,IC50,uM,4.7,CO[C@H]1[C@@H](N(C)C(=O)c2ccccc2Cl)C[C@@H]2O[C@@]1(C)n1c3ccccc3c3c4c(c5c6ccccc6n2c5c31)C(=O)NC4,5.327902142064283,<rdkit.Chem.rdchem.Mol object at 0x000001D689E02740>,False,False
CHEMBL160846,IC50,nM,8.0,IC50,uM,0.008,CS(=O)(=O)CCNc1nc(-c2ccc3ncnc(Nc4ccc(OCc5ccccc5)c(Cl)c4)c3c2)cs1,8.096910013008056,<rdkit.Chem.rdchem.Mol object at 0x000001D689E026D0>,False,False
CHEMBL26001,IC50,nM,250000.0,IC50,uM,250.0,O=P(O)(O)C(O)c1ccc2ccccc2c1,3.6020599913279625,<rdkit.Chem.rdchem.Mol object at 0x000001D689E02660>,False,False
CHEMBL444337,IC50,nM,1300.0,IC50,uM,1.3,COC(=O)CN(C)[C@H]1C[C@@H]2O[C@](C)([C@H]1OC)n1c3ccccc3c3c4c(c5c6ccccc6n2c5c31)C(=O)NC4,5.886056647693163,<rdkit.Chem.rdchem.Mol object at 0x000001D689E025F0>,False,False
CHEMBL422347,IC50,nM,82.0,IC50,uM,0.082,CS(=O)(=O)CCNc1nc(-c2ccc3ncnc(Nc4ccc(OCc5ccccc5)cc4)c3c2)cs1,7.086186147616283,<rdkit.Chem.rdchem.Mol object at 0x000001D689E02580>,False,False
CHEMBL131426,IC50,nM,1100.0,IC50,uM,1.1,CO[C@H]1[C@@H](N(C)CCC#N)C[C@@H]2O[C@@]1(C)n1c3ccccc3c3c4c(c5c6ccccc6n2c5c31)C(=O)NC4,5.958607314841775,<rdkit.Chem.rdchem.Mol object at 0x000001D689E02510>,False,False
CHEMBL160303,IC50,nM,71.0,IC50,uM,0.071,CS(=O)(=O)CCNc1nc(-c2ccc3ncnc(Nc4ccc5c(cnn5Cc5ccccc5)c4)c3c2)cs1,7.1487416512809245,<rdkit.Chem.rdchem.Mol object at 0x000001D689E024A0>,False,False
CHEMBL338935,IC50,nM,220.0,IC50,uM,0.22,CO[C@H]1[C@@H](N(C)C(=O)CN)C[C@@H]2O[C@@]1(C)n1c3ccccc3c3c4c(c5c6ccccc6n2c5c31)C(=O)NC4,6.657577319177793,<rdkit.Chem.rdchem.Mol object at 0x000001D689E02430>,False,False
CHEMBL269620,IC50,nM,540.0,IC50,uM,0.54,CS(=O)(=O)CCNc1nc(-c2ccc3ncnc(Nc4ccc(OCc5cccc(C(F)(F)F)c5)cc4)c3c2)cs1,6.267606240177032,<rdkit.Chem.rdchem.Mol object at 0x000001D689E023C0>,False,False
CHEMBL335012,IC50,nM,8180.0,IC50,uM,8.18,CO[C@H]1[C@@H](N(C)C(=O)c2cccnc2)C[C@@H]2O[C@@]1(C)n1c3ccccc3c3c4c(c5c6ccccc6n2c5c31)C(=O)NC4,5.087246696328677,<rdkit.Chem.rdchem.Mol object at 0x000001D689E02350>,False,False
CHEMBL76599,IC50,nM,5530.0,IC50,uM,5.53,CC(C)(C)NC(=O)Nc1nc2nc(N)ncc2cc1-c1ccccc1,5.257274868695302,<rdkit.Chem.rdchem.Mol object at 0x000001D689E02200>,False,False
CHEMBL132348,IC50,nM,31.0,IC50,uM,0.031,CO[C@H]1[C@@H](N(C)CC(=O)O)C[C@@H]2O[C@@]1(C)n1c3ccccc3c3c4c(c5c6ccccc6n2c5c31)C(=O)NC4,7.508638306165727,<rdkit.Chem.rdchem.Mol object at 0x000001D689E020B0>,False,False
CHEMBL132169,IC50,nM,3600.0,IC50,uM,3.6,COc1ccc(C(=O)N(C)[C@H]2C[C@@H]3O[C@](C)([C@H]2OC)n2c4ccccc4c4c5c(c6c7ccccc7n3c6c42)C(=O)NC5)cc1,5.443697499232712,<rdkit.Chem.rdchem.Mol object at 0x000001D689E02EB0>,False,False
CHEMBL155761,IC50,nM,10.0,IC50,uM,0.01,CS(=O)(=O)CCNc1nc(-c2ccc3ncnc(Nc4ccc(OCc5cccc(F)c5)c(Cl)c4)c3c2)cs1,8.0,<rdkit.Chem.rdchem.Mol object at 0x000001D689E02DD0>,False,False
CHEMBL335718,IC50,nM,1300.0,IC50,uM,1.3,CCCCC(O)CN(C)[C@H]1C[C@@H]2O[C@](C)([C@H]1OC)n1c3ccccc3c3c4c(c5c6ccccc6n2c5c31)C(=O)NC4,5.886056647693163,<rdkit.Chem.rdchem.Mol object at 0x000001D689E01F90>,False,False
CHEMBL130163,IC50,nM,2600.0,IC50,uM,2.6,CO[C@H]1[C@@H](N(C)C(C)=O)C[C@@H]2O[C@@]1(C)n1c3ccccc3c3c4c(c5c6ccccc6n2c5c31)C(=O)NC4,5.585026652029182,<rdkit.Chem.rdchem.Mol object at 0x000001D689E01F20>,False,False
CHEMBL335932,IC50,nM,6400.0,IC50,uM,6.4,CO[C@H]1[C@@H](N(C)C(=O)C(F)(F)F)C[C@@H]2O[C@@]1(C)n1c3ccccc3c3c4c(c5c6ccccc6n2c5c31)C(=O)NC4,5.1938200260161125,<rdkit.Chem.rdchem.Mol object at 0x000001D689E01E40>,False,False
CHEMBL336192,IC50,nM,7400.0,IC50,uM,7.4,COC(=O)c1ccc(C(=O)N(C)[C@H]2C[C@@H]3O[C@](C)([C@H]2OC)n2c4ccccc4c4c5c(c6c7ccccc7n3c6c42)C(=O)NC5)cc1,5.130768280269024,<rdkit.Chem.rdchem.Mol object at 0x000001D689E01DD0>,False,False
CHEMBL157084,IC50,nM,35.0,IC50,uM,0.035,CS(=O)(=O)CCNc1nc(-c2ccc3ncnc(Nc4ccc(F)c(Cl)c4)c3c2)cs1,7.455931955649724,<rdkit.Chem.rdchem.Mol object at 0x000001D689E01190>,False,False
CHEMBL388978,IC50,nM,100.0,IC50,uM,0.1,CN[C@@H]1C[C@H]2O[C@@](C)([C@@H]1OC)n1c3ccccc3c3c4c(c5c6ccccc6n2c5c31)C(=O)NC4,7.0,<rdkit.Chem.rdchem.Mol object at 0x000001D689E010B0>,False,False
CHEMBL129946,IC50,nM,330.0,IC50,uM,0.33,CCN(C)[C@H]1C[C@@H]2O[C@](C)([C@H]1OC)n1c3ccccc3c3c4c(c5c6ccccc6n2c5c31)C(=O)NC4,6.481486060122113,<rdkit.Chem.rdchem.Mol object at 0x000001D689E01CF0>,False,False
CHEMBL337027,IC50,nM,160.0,IC50,uM,0.16,CO[C@H]1[C@@H](N(C)C(=O)CCC(=O)O)C[C@@H]2O[C@@]1(C)n1c3ccccc3c3c4c(c5c6ccccc6n2c5c31)C(=O)NC4,6.795880017344075,<rdkit.Chem.rdchem.Mol object at 0x000001D689E01BA0>,False,False
CHEMBL338449,IC50,nM,13500.0,IC50,uM,13.5,CO[C@H]1[C@@H](N(C)C(=O)OC(C)(C)C)C[C@@H]2O[C@@]1(C)n1c3ccccc3c3c4c(c5c6ccccc6n2c5c31)C(=O)NC4,4.8696662315049934,<rdkit.Chem.rdchem.Mol object at 0x000001D689E01B30>,False,False
CHEMBL130049,IC50,nM,2400.0,IC50,uM,2.4,COC(=O)N(C)[C@H]1C[C@@H]2O[C@](C)([C@H]1OC)n1c3ccccc3c3c4c(c5c6ccccc6n2c5c31)C(=O)NC4,5.619788758288394,<rdkit.Chem.rdchem.Mol object at 0x000001D689E01AC0>,False,False
CHEMBL56236,IC50,nM,6680.0,IC50,uM,6.68,Cc1cc(C)c(C)c(-c2cc3cnc(N)nc3nc2NC(=O)NC(C)(C)C)c1C,5.175223537524454,<rdkit.Chem.rdchem.Mol object at 0x000001D689E01A50>,False,False
CHEMBL335931,IC50,nM,3500.0,IC50,uM,3.5,CO[C@H]1[C@@H](N(C)C(=O)CNC(=O)OC(C)(C)C)C[C@@H]2O[C@@]1(C)n1c3ccccc3c3c4c(c5c6ccccc6n2c5c31)C(=O)NC4,5.455931955649724,<rdkit.Chem.rdchem.Mol object at 0x000001D689E01820>,False,False
CHEMBL338944,IC50,nM,4600.0,IC50,uM,4.6,CO[C@H]1[C@@H](N(C)C(=O)c2cccc(Cl)c2)C[C@@H]2O[C@@]1(C)n1c3ccccc3c3c4c(c5c6ccccc6n2c5c31)C(=O)NC4,5.337242168318426,<rdkit.Chem.rdchem.Mol object at 0x000001D689E016D0>,False,False
CHEMBL57366,IC50,nM,450.0,IC50,uM,0.45,CC(C)(C)NC(=O)Nc1nc2nc(N)ncc2cc1-c1c(Cl)cccc1Cl,6.346787486224656,<rdkit.Chem.rdchem.Mol object at 0x000001D689E01660>,False,False
CHEMBL337297,IC50,nM,8180.0,IC50,uM,8.18,CO[C@H]1[C@@H](N(C)C(=O)c2cnccn2)C[C@@H]2O[C@@]1(C)n1c3ccccc3c3c4c(c5c6ccccc6n2c5c31)C(=O)NC4,5.087246696328677,<rdkit.Chem.rdchem.Mol object at 0x000001D689E015F0>,False,False
CHEMBL338049,IC50,nM,17.0,IC50,uM,0.017,CN[C@H]1C[C@@H]2O[C@](C)([C@H]1OC)n1c3ccccc3c3c4c(c5c6ccccc6n2c5c31)C(=O)N[C@@H]4O,7.769551078621726,<rdkit.Chem.rdchem.Mol object at 0x000001D689E01580>,False,False
CHEMBL432738,IC50,nM,1360.0,IC50,uM,1.36,CCNC(=O)Nc1nc2nc(N)ncc2cc1-c1c(Cl)cccc1Cl,5.866461091629782,<rdkit.Chem.rdchem.Mol object at 0x000001D689E01510>,False,False
CHEMBL131193,IC50,nM,910.0,IC50,uM,0.91,CO[C@H]1[C@@H](N(C)Cc2ccccc2)C[C@@H]2O[C@@]1(C)n1c3ccccc3c3c4c(c5c6ccccc6n2c5c31)C(=O)NC4,6.040958607678906,<rdkit.Chem.rdchem.Mol object at 0x000001D689E014A0>,False,False
CHEMBL338155,IC50,nM,260.0,IC50,uM,0.26,CN[C@H]1C[C@@H]2O[C@](C)([C@H]1OC)n1c3ccccc3c3c4c(c5c6ccccc6n2c5c31)[C@H](O)NC4=O,6.585026652029182,<rdkit.Chem.rdchem.Mol object at 0x000001D689E013C0>,False,False
CHEMBL2448064,IC50,nM,300.0,IC50,uM,0.3,COc1cc2c(Nc3ccc(Cl)cc3F)ncnc2cc1OCC1CCNCC1.Cl,6.522878745280337,<rdkit.Chem.rdchem.Mol object at 0x000001D689E01270>,False,False
CHEMBL25579,IC50,nM,300.0,IC50,uM,0.3,COc1cc2c(Nc3ccc(Cl)cc3F)ncnc2cc1OCCN(C)c1ccncc1,6.522878745280337,<rdkit.Chem.rdchem.Mol object at 0x000001D689E01200>,False,False
CHEMBL428534,IC50,nM,500.0,IC50,uM,0.5,COc1cc2c(Nc3ccc(C)cc3F)ncnc2cc1OCC1CCNCC1,6.301029995663981,<rdkit.Chem.rdchem.Mol object at 0x000001D689E01EB0>,False,False
CHEMBL281872,IC50,nM,400.0,IC50,uM,0.4,COc1cc2c(Nc3ccc(Br)cc3F)ncnc2cc1OCCn1ccnn1,6.3979400086720375,<rdkit.Chem.rdchem.Mol object at 0x000001D689E01D60>,False,False
CHEMBL281990,IC50,nM,1000.0,IC50,uM,1.0,COc1cc2c(Nc3ccc(C)cc3F)ncnc2cc1OCC1CCN(C)CC1,6.0,<rdkit.Chem.rdchem.Mol object at 0x000001D689E01C80>,False,False
CHEMBL422758,IC50,nM,450.0,IC50,uM,0.45,COc1cc2c(Nc3c(F)cc(Cl)cc3F)ncnc2cc1OCC1CCN(C)CC1,6.346787486224656,<rdkit.Chem.rdchem.Mol object at 0x000001D689E01C10>,False,False
CHEMBL25450,IC50,nM,500.0,IC50,uM,0.5,COc1cc2c(Nc3c(F)cc(Cl)cc3F)ncnc2cc1OCC1CCNCC1,6.301029995663981,<rdkit.Chem.rdchem.Mol object at 0x000001D689E019E0>,False,False
CHEMBL1907763,IC50,nM,100.0,IC50,uM,0.1,COc1cc2c(Nc3ccc(Cl)cc3F)ncnc2cc1OC[C@@H]1CCCN(C)C1,7.0,<rdkit.Chem.rdchem.Mol object at 0x000001D689E01970>,False,False
CHEMBL24828,IC50,nM,200.0,IC50,uM,0.2,COc1cc2/c(=N/c3ccc(Br)cc3F)nc[nH]c2cc1OCC1CCN(C)CC1,6.698970004336019,<rdkit.Chem.rdchem.Mol object at 0x000001D689E06CF0>,False,False
CHEMBL24979,IC50,nM,200.0,IC50,uM,0.2,COc1cc2c(Nc3ccc(Br)cc3F)ncnc2cc1OCCC1CCN(C)CC1,6.698970004336019,<rdkit.Chem.rdchem.Mol object at 0x000001D689E06C10>,False,False
CHEMBL2448065,IC50,nM,300.0,IC50,uM,0.3,COc1cc2c(Nc3ccc(Cl)cc3F)ncnc2cc1OCC1CCN(C)CC1.Cl,6.522878745280337,<rdkit.Chem.rdchem.Mol object at 0x000001D689E06BA0>,False,False
CHEMBL1907764,IC50,nM,200.0,IC50,uM,0.2,COc1cc2c(Nc3ccc(Br)cc3F)ncnc2cc1OC[C@@H]1CCCN(C)C1,6.698970004336019,<rdkit.Chem.rdchem.Mol object at 0x000001D689E06A50>,False,False
CHEMBL283088,IC50,nM,200.0,IC50,uM,0.2,COc1cc2c(Nc3ccc(Cl)cc3F)ncnc2cc1OCCN1CCN(C)CC1,6.698970004336019,<rdkit.Chem.rdchem.Mol object at 0x000001D689E069E0>,False,False
CHEMBL416191,IC50,nM,300.0,IC50,uM,0.3,COc1cc2c(Nc3c(F)cc(Br)cc3F)ncnc2cc1OCC1CCN(C)CC1,6.522878745280337,<rdkit.Chem.rdchem.Mol object at 0x000001D689E06EB0>,False,False
CHEMBL533849,IC50,nM,500.0,IC50,uM,0.5,COc1cc2c(Nc3ccc(Br)cc3F)ncnc2cc1OCC1CCN(C)CC1.Cl,6.301029995663981,<rdkit.Chem.rdchem.Mol object at 0x000001D689E06DD0>,False,False
CHEMBL1907944,IC50,nM,100.0,IC50,uM,0.1,COc1cc2c(Nc3ccc(Br)cc3F)ncnc2cc1OC[C@H]1CCCN(C)C1,7.0,<rdkit.Chem.rdchem.Mol object at 0x000001D689E06D60>,False,False
CHEMBL25610,IC50,nM,400.0,IC50,uM,0.4,COc1cc2c(Nc3ccc(Cl)cc3F)ncnc2cc1OCCN1CCOCC1,6.3979400086720375,<rdkit.Chem.rdchem.Mol object at 0x000001D689E06660>,False,False
CHEMBL26641,IC50,nM,200.0,IC50,uM,0.2,COc1cc2c(Nc3ccc(Br)cc3F)ncnc2cc1OCCC1CCNCC1,6.698970004336019,<rdkit.Chem.rdchem.Mol object at 0x000001D689E063C0>,False,False
CHEMBL66101,IC50,nM,20000.0,IC50,uM,20.0,COc1ccc(/C=C/c2cnc3cc(OC)c(OC)cc3c2)cc1,4.698970004336019,<rdkit.Chem.rdchem.Mol object at 0x000001D689E062E0>,False,False
CHEMBL279459,IC50,nM,450.0,IC50,uM,0.45,COc1cc2c(Nc3c(F)cc(Br)cc3F)ncnc2cc1OCC1CCNCC1,6.346787486224656,<rdkit.Chem.rdchem.Mol object at 0x000001D689E06270>,False,False
CHEMBL1202473,IC50,nM,300.0,IC50,uM,0.3,COc1cc2c(Nc3cc(O)c(C)cc3F)ncnc2cc1OCC1CCN(C)CC1.Cl,6.522878745280337,<rdkit.Chem.rdchem.Mol object at 0x000001D689E06190>,False,False
CHEMBL25425,IC50,nM,300.0,IC50,uM,0.3,COc1cc2c(Nc3ccc(Cl)cc3F)ncnc2cc1OCCC1CCN(C)CC1,6.522878745280337,<rdkit.Chem.rdchem.Mol object at 0x000001D689E06120>,False,False
CHEMBL2448066,IC50,nM,100.0,IC50,uM,0.1,COc1cc2c(Nc3cc(O)c(Cl)cc3F)ncnc2cc1OCC1CCN(C)CC1.Cl,7.0,<rdkit.Chem.rdchem.Mol object at 0x000001D689E067B0>,False,False
CHEMBL126137,IC50,nM,40.0,IC50,nM,40.0,CN(C)CCN(C)c1cc2ncnc(Nc3cccc(Br)c3)c2cn1,7.397940008672037,<rdkit.Chem.rdchem.Mol object at 0x000001D689E03970>,False,False
CHEMBL128987,IC50,nM,3.2,IC50,nM,3.2,Brc1cccc(Nc2ncnc3cc(NCCN4CCOCC4)ncc23)c1,8.494850021680094,<rdkit.Chem.rdchem.Mol object at 0x000001D689E03900>,False,False
CHEMBL435993,IC50,nM,9.2,IC50,nM,9.2,OCCN(CCO)CCNc1cc2ncnc(Nc3cccc(Br)c3)c2cn1,8.036212172654444,<rdkit.Chem.rdchem.Mol object at 0x000001D689E03F90>,False,False
CHEMBL340700,IC50,nM,3.2,IC50,nM,3.2,CN(CC(O)CO)c1cc2ncnc(Nc3cccc(Br)c3)c2cn1,8.494850021680094,<rdkit.Chem.rdchem.Mol object at 0x000001D689E03BA0>,False,False
CHEMBL338114,IC50,nM,0.91,IC50,nM,0.91,Brc1cccc(Nc2ncnc3cc(NCCc4c[nH]cn4)ncc23)c1,9.040958607678906,<rdkit.Chem.rdchem.Mol object at 0x000001D689E03B30>,False,False
CHEMBL341319,IC50,nM,2.6,IC50,nM,2.6,CN(CCO)c1cc2ncnc(Nc3cccc(Br)c3)c2cn1,8.585026652029182,<rdkit.Chem.rdchem.Mol object at 0x000001D689E03AC0>,False,False
CHEMBL127041,IC50,nM,0.24,IC50,nM,0.24,OCCNc1cc2ncnc(Nc3cccc(Br)c3)c2cn1,9.619788758288394,<rdkit.Chem.rdchem.Mol object at 0x000001D689E035F0>,False,False
CHEMBL54400,IC50,nM,0.13,IC50,nM,0.13,CNc1cc2ncnc(Nc3cccc(Br)c3)c2cn1,9.886056647693165,<rdkit.Chem.rdchem.Mol object at 0x000001D689E034A0>,False,False
CHEMBL111038,IC50,nM,190.0,IC50,uM,0.19,COc1cc2ncc(C#N)c(Nc3cccc(Br)c3)c2cc1OC,6.721246399047171,<rdkit.Chem.rdchem.Mol object at 0x000001D689E03350>,False,False
CHEMBL92812,IC50,nM,4.0,IC50,nM,4.0,CNc1ccc2c(Nc3cccc(Br)c3)ncnc2c1,8.397940008672037,<rdkit.Chem.rdchem.Mol object at 0x000001D689E030B0>,False,False
CHEMBL129579,IC50,nM,4.8,IC50,nM,4.8,OCC(O)C(O)C(O)C(O)CNc1cc2ncnc(Nc3cccc(Br)c3)c2cn1,8.318758762624412,<rdkit.Chem.rdchem.Mol object at 0x000001D689E08660>,False,False
CHEMBL127082,IC50,nM,1.4,IC50,nM,1.4,CNc1cc2ncnc(Nc3cccc(C)c3)c2cn1,8.853871964321762,<rdkit.Chem.rdchem.Mol object at 0x000001D689E08580>,False,False
CHEMBL128759,IC50,nM,12.0,IC50,nM,12.0,OCCN(CCO)c1cc2ncnc(Nc3cccc(Br)c3)c2cn1,7.920818753952375,<rdkit.Chem.rdchem.Mol object at 0x000001D689E08510>,False,False
CHEMBL126372,IC50,nM,0.92,IC50,nM,0.92,OCC(O)CNc1cc2ncnc(Nc3cccc(Br)c3)c2cn1,9.036212172654444,<rdkit.Chem.rdchem.Mol object at 0x000001D689E084A0>,False,False
CHEMBL53428,IC50,nM,0.09,IC50,nM,0.09,CN(C)c1cc2ncnc(Nc3cccc(Br)c3)c2cn1,10.045757490560677,<rdkit.Chem.rdchem.Mol object at 0x000001D689E08200>,False,False
CHEMBL125568,IC50,nM,14.0,IC50,nM,14.0,OCC(CO)Nc1cc2ncnc(Nc3cccc(Br)c3)c2cn1,7.853871964321762,<rdkit.Chem.rdchem.Mol object at 0x000001D689E08F90>,False,False
CHEMBL128432,IC50,nM,45.0,IC50,nM,45.0,CN(C)CCNc1cc2ncnc(Nc3cccc(Br)c3)c2cn1,7.346787486224656,<rdkit.Chem.rdchem.Mol object at 0x000001D689E08E40>,False,False
CHEMBL340399,IC50,nM,7.2,IC50,nM,7.2,Cc1cccc(Nc2ncnc3cc(NCCc4c[nH]cn4)ncc23)c1,8.142667503568731,<rdkit.Chem.rdchem.Mol object at 0x000001D689E08A50>,False,False
CHEMBL52076,IC50,nM,10.0,IC50,nM,10.0,Nc1cc2ncnc(Nc3cccc(Br)c3)c2cn1,8.0,<rdkit.Chem.rdchem.Mol object at 0x000001D689E089E0>,False,False
CHEMBL127611,IC50,nM,3.2,IC50,nM,3.2,CN(CC(O)C(O)C(O)C(O)CO)c1cc2ncnc(Nc3cccc(Br)c3)c2cn1,8.494850021680094,<rdkit.Chem.rdchem.Mol object at 0x000001D689E08970>,False,False
CHEMBL126903,IC50,nM,16.0,IC50,nM,16.0,CN(CC(=O)O)c1cc2ncnc(Nc3cccc(Br)c3)c2cn1,7.795880017344075,<rdkit.Chem.rdchem.Mol object at 0x000001D689E087B0>,False,False
CHEMBL127086,IC50,nM,0.61,IC50,nM,0.61,O=C(O)CCNc1cc2ncnc(Nc3cccc(Br)c3)c2cn1,9.214670164989233,<rdkit.Chem.rdchem.Mol object at 0x000001D689E08740>,False,False
CHEMBL338175,IC50,nM,1.5,IC50,nM,1.5,O=C(O)CNc1cc2ncnc(Nc3cccc(Br)c3)c2cn1,8.823908740944319,<rdkit.Chem.rdchem.Mol object at 0x000001D689E08270>,False,False
CHEMBL355330,IC50,nM,300.0,IC50,uM,0.3,Nc1ncnc2c1c(-c1cccc(O)c1)cn2C1CCC1,6.522878745280337,<rdkit.Chem.rdchem.Mol object at 0x000001D689E08120>,False,False
CHEMBL170724,IC50,nM,570.0,IC50,uM,0.57,COc1ccc(-c2cn(C3CCCC3)c3ncnc(N)c23)cc1,6.2441251443275085,<rdkit.Chem.rdchem.Mol object at 0x000001D689E080B0>,False,False
CHEMBL153525,IC50,nM,1.24,IC50,nM,1.24,Brc1cccc(Nc2ncnc3ccc4cc[nH]c4c23)c1,8.906578314837764,<rdkit.Chem.rdchem.Mol object at 0x000001D689E07E40>,False,False
CHEMBL3085277,IC50,nM,538.0,IC50,nM,538.0,C[C@H](Nc1ncnc2c1sc1ccccc12)c1ccccc1,6.269217724333611,<rdkit.Chem.rdchem.Mol object at 0x000001D689E07DD0>,False,False
CHEMBL168555,IC50,nM,9700.0,IC50,uM,9.7,COc1ccc(CC(CO)n2cc(-c3cccc(OC)c3)c3c(N)ncnc32)cc1,5.013228265733755,<rdkit.Chem.rdchem.Mol object at 0x000001D689E07CF0>,False,False
CHEMBL168382,IC50,nM,460.0,IC50,uM,0.46,COc1cccc(-c2cn(C3CCCC3)c3ncnc(N)c23)c1,6.337242168318426,<rdkit.Chem.rdchem.Mol object at 0x000001D689E07C80>,False,False
CHEMBL168285,IC50,nM,790.0,IC50,uM,0.79,Nc1ncnc2c1c(-c1ccccc1)cn2C1CCC(O)C1,6.102372908709558,<rdkit.Chem.rdchem.Mol object at 0x000001D689E07C10>,False,False
CHEMBL352801,IC50,nM,420.0,IC50,uM,0.42,COc1cccc(-c2cn(C3CC(CO)C3)c3ncnc(N)c23)c1,6.376750709602099,<rdkit.Chem.rdchem.Mol object at 0x000001D689E07BA0>,False,False
CHEMBL448730,IC50,nM,4100.0,IC50,nM,4100.0,CCN(CC)CCn1c2ccccc2c2c(Nc3cccc(Br)c3)ncnc21,5.3872161432802645,<rdkit.Chem.rdchem.Mol object at 0x000001D689E07B30>,False,False
CHEMBL542755,IC50,nM,20.0,IC50,nM,20.0,COc1cccc2sc3c(Nc4cccc(Br)c4)ncnc3c12.Cl,7.698970004336019,<rdkit.Chem.rdchem.Mol object at 0x000001D689E079E0>,False,False
CHEMBL53753,IC50,nM,0.008,IC50,nM,0.008,CNc1cc2c(Nc3cccc(Br)c3)ncnc2cn1,11.096910013008056,<rdkit.Chem.rdchem.Mol object at 0x000001D689E07900>,False,False
CHEMBL153206,IC50,nM,1.2,IC50,nM,1.2,COc1ccc2[nH]c3ncnc(Nc4cccc(Br)c4)c3c2c1,8.920818753952375,<rdkit.Chem.rdchem.Mol object at 0x000001D689E07890>,False,False
CHEMBL346846,IC50,nM,80.0,IC50,nM,80.0,COc1ccc2c(c1)sc1c(Nc3cccc(Br)c3)ncnc12,7.096910013008056,<rdkit.Chem.rdchem.Mol object at 0x000001D689E07820>,False,False
CHEMBL169467,IC50,nM,3400.0,IC50,uM,3.4,COc1ccc(CC(CO)n2cc(-c3cccc(O)c3)c3c(N)ncnc32)cc1,5.468521082957745,<rdkit.Chem.rdchem.Mol object at 0x000001D689E077B0>,False,False
CHEMBL168266,IC50,nM,2820.0,IC50,uM,2.82,Nc1ncnc2c1c(-c1ccccc1)cn2C1CC(O)C1,5.549750891680639,<rdkit.Chem.rdchem.Mol object at 0x000001D689E07740>,False,False
CHEMBL153739,IC50,nM,19.8,IC50,nM,19.8,CN(C)c1ccc2sc3c(Nc4cccc(Br)c4)ncnc3c2c1,7.703334809738469,<rdkit.Chem.rdchem.Mol object at 0x000001D689E076D0>,False,False
CHEMBL354310,IC50,nM,330.0,IC50,uM,0.33,COc1cccc(-c2cn(C3CC(C(=O)NCCO)C3)c3ncnc(N)c23)c1,6.481486060122113,<rdkit.Chem.rdchem.Mol object at 0x000001D689E07660>,False,False
CHEMBL152984,IC50,nM,742.0,IC50,nM,742.0,Cn1c2ccccc2c2c(Nc3cccc(Br)c3)ncnc21,6.129596094720973,<rdkit.Chem.rdchem.Mol object at 0x000001D689E075F0>,False,False
CHEMBL544640,IC50,nM,2110.0,IC50,nM,2110.0,Cl.c1ccc(Nc2[nH]cnc3c4ccccc4nc2-3)cc1,5.675717544702307,<rdkit.Chem.rdchem.Mol object at 0x000001D689E07580>,False,False
CHEMBL150280,IC50,nM,264.0,IC50,nM,264.0,c1ccc(Nc2[nH]cnc3nc4ccccc4c2-3)cc1,6.578396073130169,<rdkit.Chem.rdchem.Mol object at 0x000001D689E07510>,False,False
CHEMBL423224,IC50,nM,31.0,IC50,nM,31.0,Brc1cccc(Nc2[nH]cnc3nc4ccccc4c2-3)c1,7.508638306165727,<rdkit.Chem.rdchem.Mol object at 0x000001D689E07430>,False,False
CHEMBL357097,IC50,nM,460.0,IC50,nM,460.0,c1ccc(CNc2[nH]cnc3c4ccccc4nc2-3)cc1,6.337242168318426,<rdkit.Chem.rdchem.Mol object at 0x000001D689E07350>,False,False
CHEMBL346863,IC50,nM,40.0,IC50,nM,40.0,Brc1cccc(Nc2ncnc3c2sc2ncsc23)c1.CO,7.397940008672037,<rdkit.Chem.rdchem.Mol object at 0x000001D689E072E0>,False,False
CHEMBL169570,IC50,nM,250.0,IC50,uM,0.25,Nc1ncnc2c1c(-c1ccc(O)cc1)cn2C1CCCC1,6.6020599913279625,<rdkit.Chem.rdchem.Mol object at 0x000001D689E07270>,False,False
CHEMBL415738,IC50,nM,1.0,IC50,nM,1.0,Cc1cccc(Nc2cc(NCCO)ncn2)c1,9.0,<rdkit.Chem.rdchem.Mol object at 0x000001D689E07200>,False,False
CHEMBL153409,IC50,nM,732.0,IC50,nM,732.0,Brc1cccc(Nc2ncnc3c2sc2ncccc23)c1,6.135488918941608,<rdkit.Chem.rdchem.Mol object at 0x000001D689E07190>,False,False
CHEMBL171256,IC50,nM,14400.0,IC50,uM,14.4,COc1ccc(CC(CO)n2cc(-c3ccccc3)c3c(N)ncnc32)cc1,4.841637507904751,<rdkit.Chem.rdchem.Mol object at 0x000001D689E07F90>,False,False
CHEMBL329672,IC50,nM,23.0,IC50,nM,23.0,Clc1cccc(Nc2ncnc3ccccc23)c1,7.638272163982407,<rdkit.Chem.rdchem.Mol object at 0x000001D689E07F20>,False,False
CHEMBL166765,IC50,nM,600.0,IC50,uM,0.6,Nc1ncnc2c1c(-c1ccc(O)cc1)cn2C1CCC1,6.221848749616356,<rdkit.Chem.rdchem.Mol object at 0x000001D689E07EB0>,False,False
CHEMBL553137,IC50,nM,132.0,IC50,nM,132.0,Cl.Cn1c2ccccc2c2ncnc(Nc3cccc(Br)c3)c21,6.87942606879415,<rdkit.Chem.rdchem.Mol object at 0x000001D689E07970>,False,False
CHEMBL169390,IC50,nM,80.0,IC50,uM,0.08,Nc1ncnc2c1c(-c1cccc(O)c1)cn2C1CCCC1,7.096910013008056,<rdkit.Chem.rdchem.Mol object at 0x000001D689E07120>,False,False
CHEMBL153170,IC50,nM,29.0,IC50,nM,29.0,Brc1cccc(Nc2ncnc3ccc4[nH]cnc4c23)c1,7.5376020021010435,<rdkit.Chem.rdchem.Mol object at 0x000001D689E070B0>,False,False
CHEMBL355982,IC50,nM,35.0,IC50,nM,35.0,Brc1cccc(Nc2ncnc3sccc23)c1,7.455931955649724,<rdkit.Chem.rdchem.Mol object at 0x000001D689E07040>,False,False
CHEMBL345988,IC50,nM,147.0,IC50,nM,147.0,Nc1nc(Nc2cccc(Br)c2)c2c(n1)[nH]c1ccccc12,6.832682665251824,<rdkit.Chem.rdchem.Mol object at 0x000001D689E05CF0>,False,False
CHEMBL153518,IC50,nM,4270.0,IC50,nM,4270.0,CCN(CC)CCn1c2ccc(OC)cc2c2c(Nc3cccc(Br)c3)ncnc21,5.369572124974976,<rdkit.Chem.rdchem.Mol object at 0x000001D689E05C80>,False,False
CHEMBL97162,IC50,nM,83.0,IC50,nM,83.0,COc1nccc(-c2c(-c3ccc(F)cc3)ncn2[C@H]2CC[C@H](O)CC2)n1,7.080921907623926,<rdkit.Chem.rdchem.Mol object at 0x000001D689E05BA0>,False,False
CHEMBL345294,IC50,nM,11.0,IC50,nM,11.0,Brc1cccc(Nc2ncnc3ccsc23)c1,7.958607314841775,<rdkit.Chem.rdchem.Mol object at 0x000001D689E05B30>,False,False
CHEMBL2093928,IC50,nM,419.0,IC50,nM,419.0,C[C@H](Nc1[nH]cnc2c3ccccc3nc1-2)c1ccccc1.Cl,6.377785977033705,<rdkit.Chem.rdchem.Mol object at 0x000001D689E05AC0>,False,False
CHEMBL149512,IC50,nM,740.0,IC50,nM,740.0,Brc1cccc(Nc2ncnc3c2oc2ccccc23)c1,6.130768280269024,<rdkit.Chem.rdchem.Mol object at 0x000001D689E055F0>,False,False
CHEMBL170438,IC50,nM,13200.0,IC50,uM,13.2,Nc1ncnc2c1c(-c1ccccc1)cn2C(CO)Cc1ccc(O)cc1,4.87942606879415,<rdkit.Chem.rdchem.Mol object at 0x000001D689E05510>,False,False
CHEMBL356850,IC50,nM,1.8,IC50,nM,1.8,Brc1cccc(Nc2ncnc3c2sc2ccccc23)c1,8.744727494896694,<rdkit.Chem.rdchem.Mol object at 0x000001D689E05120>,False,False
CHEMBL153419,IC50,nM,191.0,IC50,nM,191.0,c1ccc(CNc2ncnc3c2sc2ccccc23)cc1,6.718966632752273,<rdkit.Chem.rdchem.Mol object at 0x000001D689E05F90>,False,False
CHEMBL357570,IC50,nM,7.9,IC50,nM,7.9,CCNc1cc2sc3c(Nc4cccc(Br)c4)ncnc3c2cc1F.CCO,8.102372908709558,<rdkit.Chem.rdchem.Mol object at 0x000001D689E05EB0>,False,False
CHEMBL352954,IC50,nM,500.0,IC50,uM,0.5,Nc1ncnc2c1c(-c1ccccc1)cn2C1CCCC1,6.301029995663981,<rdkit.Chem.rdchem.Mol object at 0x000001D689E05E40>,False,False
CHEMBL554983,IC50,nM,72.0,IC50,nM,72.0,Brc1cccc(Nc2[nH]cnc3c4ccccc4nc2-3)c1.Cl,7.142667503568732,<rdkit.Chem.rdchem.Mol object at 0x000001D689E05DD0>,False,False
CHEMBL358934,IC50,nM,1.1,IC50,nM,1.1,CCO.CNc1ccc2sc3c(Nc4cccc(Br)c4)ncnc3c2c1,8.958607314841775,<rdkit.Chem.rdchem.Mol object at 0x000001D689E05D60>,False,False
CHEMBL355191,IC50,nM,450.0,IC50,uM,0.45,COc1cccc(-c2cn(C3CCC3)c3ncnc(N)c23)c1,6.346787486224656,<rdkit.Chem.rdchem.Mol object at 0x000001D689E059E0>,False,False
CHEMBL544865,IC50,nM,444.0,IC50,nM,444.0,COc1cc2sc3c(Nc4cccc(Br)c4)ncnc3c2cc1OC.Cl,6.35261702988538,<rdkit.Chem.rdchem.Mol object at 0x000001D689E05900>,False,False
CHEMBL66031,IC50,nM,0.008,IC50,nM,0.008,Brc1cccc(Nc2ncnc3cc4[nH]cnc4cc23)c1,11.096910013008056,<rdkit.Chem.rdchem.Mol object at 0x000001D689E05890>,False,False
CHEMBL555921,IC50,nM,12.6,IC50,nM,12.6,COc1cccc2c1sc1c(Nc3cccc(Br)c3)ncnc12.Cl,7.899629454882437,<rdkit.Chem.rdchem.Mol object at 0x000001D689E05820>,False,False
CHEMBL171311,IC50,nM,440.0,IC50,uM,0.44,Nc1ncnc2c1c(-c1ccccc1)cn2C(CO)Cc1ccccc1,6.356547323513812,<rdkit.Chem.rdchem.Mol object at 0x000001D689E05740>,False,False
CHEMBL166766,IC50,nM,730.0,IC50,uM,0.73,Nc1ncnc2c1c(-c1ccccc1)cn2C1CCC1,6.136677139879544,<rdkit.Chem.rdchem.Mol object at 0x000001D689E056D0>,False,False
CHEMBL155100,IC50,nM,272.0,IC50,nM,272.0,Brc1cccc(Nc2ncnc3c2ccc2[nH]cnc23)c1,6.565431095965801,<rdkit.Chem.rdchem.Mol object at 0x000001D689E05660>,False,False
CHEMBL169780,IC50,nM,2540.0,IC50,uM,2.54,Nc1ncnc2c1c(-c1cccc(O)c1)cn2C1CCN(CCO)CC1,5.5951662833800615,<rdkit.Chem.rdchem.Mol object at 0x000001D689E05430>,False,False
CHEMBL355269,IC50,nM,750.0,IC50,uM,0.75,COc1cccc(-c2cn(C3CCN(CC(=O)N(C)C)CC3)c3ncnc(N)c23)c1,6.1249387366083,<rdkit.Chem.rdchem.Mol object at 0x000001D689E053C0>,False,False
CHEMBL169200,IC50,nM,900.0,IC50,uM,0.9,COc1cccc(-c2cn(C3CCN(CCO)CC3)c3ncnc(N)c23)c1,6.045757490560675,<rdkit.Chem.rdchem.Mol object at 0x000001D689E05350>,False,False
CHEMBL168829,IC50,nM,13400.0,IC50,uM,13.4,Nc1ncnc2c1c(-c1ccccc1)cn2C1CCNC1,4.872895201635193,<rdkit.Chem.rdchem.Mol object at 0x000001D689E052E0>,False,False
CHEMBL262276,IC50,nM,800.0,IC50,uM,0.8,COC(=O)CN1CCC(n2cc(-c3cccc(O)c3)c3c(N)ncnc32)CC1,6.096910013008056,<rdkit.Chem.rdchem.Mol object at 0x000001D689E05200>,False,False
CHEMBL169920,IC50,nM,500.0,IC50,uM,0.5,CN(C)C(=O)CN1CCC(n2cc(-c3cccc(O)c3)c3c(N)ncnc32)CC1,6.301029995663981,<rdkit.Chem.rdchem.Mol object at 0x000001D689E057B0>,False,False
CHEMBL408683,IC50,nM,400.0,IC50,uM,0.4,NC(=O)CN1CCC(n2cc(-c3cccc(O)c3)c3c(N)ncnc32)C1,6.3979400086720375,<rdkit.Chem.rdchem.Mol object at 0x000001D689E05580>,False,False
CHEMBL355891,IC50,nM,830.0,IC50,uM,0.83,COC(=O)CN1CCC(n2cc(-c3cccc(OC)c3)c3c(N)ncnc32)C1,6.080921907623926,<rdkit.Chem.rdchem.Mol object at 0x000001D689E05190>,False,False
CHEMBL168661,IC50,nM,295.0,IC50,uM,0.295,COc1cccc(-c2cn(C3CCN(CCN(C)CCO)CC3)c3ncnc(N)c23)c1,6.530177984021837,<rdkit.Chem.rdchem.Mol object at 0x000001D689E0BF90>,False,False
CHEMBL355019,IC50,nM,740.0,IC50,uM,0.74,COC(=O)CN1CCC(n2cc(-c3cccc(O)c3)c3c(N)ncnc32)C1,6.130768280269024,<rdkit.Chem.rdchem.Mol object at 0x000001D689E0BF20>,False,False
CHEMBL354033,IC50,nM,2670.0,IC50,uM,2.67,Nc1ncnc2c1c(-c1ccc(O)cc1)cn2C1CCNC1,5.573488738635425,<rdkit.Chem.rdchem.Mol object at 0x000001D689E0BAC0>,False,False
CHEMBL355322,IC50,nM,440.0,IC50,uM,0.44,COc1cccc(-c2cn(C3CCN(CC(N)=O)C3)c3ncnc(N)c23)c1,6.356547323513812,<rdkit.Chem.rdchem.Mol object at 0x000001D689E0B350>,False,False
CHEMBL169519,IC50,nM,1120.0,IC50,uM,1.12,COc1cccc(-c2cn(C3CCNC3)c3ncnc(N)c23)c1,5.950781977329818,<rdkit.Chem.rdchem.Mol object at 0x000001D689E0B2E0>,False,False
CHEMBL263528,IC50,nM,170.0,IC50,uM,0.17,NC(=O)CN1CCC(n2cc(-c3cccc(O)c3)c3c(N)ncnc32)CC1,6.769551078621726,<rdkit.Chem.rdchem.Mol object at 0x000001D689E0B270>,False,False
CHEMBL274732,IC50,nM,930.0,IC50,uM,0.93,COCCN(C)CCN1CCC(n2cc(-c3cccc(OC)c3)c3c(N)ncnc32)CC1,6.031517051446065,<rdkit.Chem.rdchem.Mol object at 0x000001D689E0B200>,False,False
CHEMBL171545,IC50,nM,1530.0,IC50,uM,1.53,Nc1ncnc2c1c(-c1cccc(O)c1)cn2C1CCNC1,5.815308569182402,<rdkit.Chem.rdchem.Mol object at 0x000001D689E0B190>,False,False
CHEMBL169064,IC50,nM,350.0,IC50,uM,0.35,COc1cccc(-c2cn(C3CCN(CC(N)=O)CC3)c3ncnc(N)c23)c1,6.455931955649724,<rdkit.Chem.rdchem.Mol object at 0x000001D689E0B120>,False,False
CHEMBL168921,IC50,nM,2200.0,IC50,uM,2.2,CC(C)(C)OC(=O)N1CCC(n2cc(-c3cccc(O)c3)c3c(N)ncnc32)C1,5.657577319177793,<rdkit.Chem.rdchem.Mol object at 0x000001D689E0BE40>,False,False
CHEMBL169065,IC50,nM,1470.0,IC50,uM,1.47,COC(=O)CN1CCC(n2cc(-c3cccc(OC)c3)c3c(N)ncnc32)CC1,5.832682665251824,<rdkit.Chem.rdchem.Mol object at 0x000001D689E0BDD0>,False,False
CHEMBL353823,IC50,nM,8300.0,IC50,uM,8.3,CC(C)(C)OC(=O)N1CCC(n2cc(-c3ccccc3)c3c(N)ncnc32)C1,5.080921907623926,<rdkit.Chem.rdchem.Mol object at 0x000001D689E0BCF0>,False,False
CHEMBL168656,IC50,nM,2100.0,IC50,uM,2.1,COc1cccc(-c2cn(C3CCN(C(=O)OC(C)(C)C)C3)c3ncnc(N)c23)c1,5.6777807052660805,<rdkit.Chem.rdchem.Mol object at 0x000001D689E0BC80>,False,False
CHEMBL113185,IC50,nM,5100.0,IC50,nM,5100.0,COc1cc(Nc2nccc(-c3ccc(NCCN)nc3)n2)cc(OC)c1OC,5.292429823902063,<rdkit.Chem.rdchem.Mol object at 0x000001D689E0BC10>,False,False
CHEMBL543661,IC50,nM,3000.0,IC50,uM,3.0,COc1cc(Nc2ncnc3cc(OC)c(OC)cc23)cc(OC)c1.Cl,5.522878745280337,<rdkit.Chem.rdchem.Mol object at 0x000001D689E0BBA0>,False,False
CHEMBL545541,IC50,nM,4.0,IC50,uM,0.004,COc1cc2ncnc(NCc3ccccc3)c2cc1OC.Cl,8.397940008672037,<rdkit.Chem.rdchem.Mol object at 0x000001D689E0BB30>,False,False
CHEMBL541586,IC50,nM,25.0,IC50,uM,0.025,COc1cc2ncnc(Nc3cccc(F)c3)c2cc1OC.Cl,7.602059991327962,<rdkit.Chem.rdchem.Mol object at 0x000001D689E0BA50>,False,False
CHEMBL540068,IC50,nM,30.0,IC50,uM,0.03,COc1cc2ncnc(Nc3cccc(Cl)c3)c2cc1OC.Cl,7.522878745280337,<rdkit.Chem.rdchem.Mol object at 0x000001D689E0B9E0>,False,False
CHEMBL135853,IC50,nM,20.0,IC50,uM,0.02,COc1cc2ncnc(Oc3cccc(Cl)c3)c2cc1OC,7.698970004336019,<rdkit.Chem.rdchem.Mol object at 0x000001D689E0B970>,False,False
CHEMBL544833,IC50,nM,350.0,IC50,uM,0.35,COc1ccc(Nc2ncnc3cc(OC)c(OC)cc23)cc1OC.Cl,6.455931955649724,<rdkit.Chem.rdchem.Mol object at 0x000001D689E0B900>,False,False
CHEMBL542484,IC50,nM,50.0,IC50,uM,0.05,COc1cc2ncnc(Nc3ccccc3)c2cc1OC.Cl,7.301029995663981,<rdkit.Chem.rdchem.Mol object at 0x000001D689E0B820>,False,False
CHEMBL322066,IC50,nM,1704.0,IC50,nM,1704.0,COc1cc(Nc2nccc(-c3ccc(N4CCNCC4)nc3)n2)cc(OC)c1OC,5.768530409569319,<rdkit.Chem.rdchem.Mol object at 0x000001D689E0B7B0>,False,False
CHEMBL543669,IC50,nM,4000.0,IC50,uM,4.0,COc1cc2ncnc(N(C)c3ccccc3)c2cc1OC.Cl,5.3979400086720375,<rdkit.Chem.rdchem.Mol object at 0x000001D689E0B6D0>,False,False
CHEMBL135902,IC50,nM,10.0,IC50,uM,0.01,COc1cc2ncnc(Sc3cccc(Cl)c3)c2cc1OC,8.0,<rdkit.Chem.rdchem.Mol object at 0x000001D689E0B660>,False,False
CHEMBL543904,IC50,nM,500.0,IC50,uM,0.5,COc1cc2ncnc(Nc3cc(OC)c(OC)c(OC)c3)c2cc1OC.Cl,6.301029995663981,<rdkit.Chem.rdchem.Mol object at 0x000001D689E0B5F0>,False,False
CHEMBL555797,IC50,nM,600.0,IC50,uM,0.6,COc1cc2ncnc(Nc3ccc4c(c3)CCC4)c2cc1OC.Cl,6.221848749616356,<rdkit.Chem.rdchem.Mol object at 0x000001D689E0B580>,False,False
CHEMBL542729,IC50,nM,100.0,IC50,uM,0.1,COc1ccc2ncnc(Nc3cc(OC)c(OC)c(OC)c3)c2c1.Cl,7.0,<rdkit.Chem.rdchem.Mol object at 0x000001D689E0B510>,False,False
CHEMBL555321,IC50,nM,50.0,IC50,uM,0.05,Cl.Clc1cccc(Nc2ncnc3ccccc23)c1,7.301029995663981,<rdkit.Chem.rdchem.Mol object at 0x000001D689E0B4A0>,False,False
CHEMBL542733,IC50,nM,250.0,IC50,uM,0.25,COc1ccc(Nc2ncnc3cc(OC)c(OC)cc23)cc1.Cl,6.6020599913279625,<rdkit.Chem.rdchem.Mol object at 0x000001D689E0B430>,False,False
CHEMBL131577,IC50,nM,10000.0,IC50,uM,10.0,Cc1cccc(Cl)c1NC(=O)c1cnc(NC(=O)C2CC2)s1,5.0,<rdkit.Chem.rdchem.Mol object at 0x000001D689E0B3C0>,False,False
CHEMBL418203,IC50,nM,4600.0,IC50,uM,4.6,CN1CCC(c2c(O)cc(O)c3c(=O)cc(-c4ccccc4Cl)oc23)[C@@H](O)C1,5.337242168318426,<rdkit.Chem.rdchem.Mol object at 0x000001D689E0B040>,False,False
CHEMBL56505,IC50,nM,35.0,IC50,uM,0.035,COc1cc2ncnc(Nc3ccc(F)c(Cl)c3)c2cc1OCCN(CCO)CCO,7.455931955649724,<rdkit.Chem.rdchem.Mol object at 0x000001D689E04EB0>,False,False
CHEMBL56802,IC50,nM,5.0,IC50,nM,5.0,COc1cc2ncnc(Nc3cccc(C)c3)c2cc1OC,8.301029995663981,<rdkit.Chem.rdchem.Mol object at 0x000001D689E04E40>,False,False
CHEMBL294395,IC50,nM,61.0,IC50,uM,0.061,COCCN(CCOC)CCOc1cc2c(Nc3ccc(F)c(Cl)c3)ncnc2cc1OC,7.214670164989233,<rdkit.Chem.rdchem.Mol object at 0x000001D689E04740>,False,False
CHEMBL7699,IC50,nM,58800.0,IC50,uM,58.8,O=c1c(-c2cccc(Cl)c2)coc2cc(O)ccc12,4.230622673923861,<rdkit.Chem.rdchem.Mol object at 0x000001D689E04580>,False,False
CHEMBL301018,IC50,nM,9.0,IC50,uM,0.009,COc1cc2ncnc(Nc3ccc(F)c(Cl)c3)c2cc1OC,8.045757490560675,<rdkit.Chem.rdchem.Mol object at 0x000001D689E04510>,False,False
CHEMBL7917,IC50,nM,6.0,IC50,uM,0.006,COc1cc2ncnc(Nc3cccc(Cl)c3)c2cc1OC,8.221848749616356,<rdkit.Chem.rdchem.Mol object at 0x000001D689E04350>,False,False
CHEMBL1788321,IC50,nM,67.0,IC50,uM,0.067,COc1cc2ncnc(Nc3ccc(F)c(Cl)c3)c2cc1OC[C@H](O)CN1CCOCC1,7.173925197299173,<rdkit.Chem.rdchem.Mol object at 0x000001D689E04CF0>,False,False
CHEMBL7827,IC50,nM,95.0,IC50,uM,0.095,O=c1c(-c2cccc(Cl)c2)coc2cc(O)cc(O)c12,7.022276394711152,<rdkit.Chem.rdchem.Mol object at 0x000001D689E04C80>,False,False
CHEMBL60826,IC50,nM,8.0,IC50,uM,0.008,COc1cc2ncnc(Nc3ccc(F)c(Cl)c3)c2cc1OCC(O)Cn1ccnc1,8.096910013008056,<rdkit.Chem.rdchem.Mol object at 0x000001D689E04BA0>,False,False
CHEMBL440453,IC50,nM,38.0,IC50,uM,0.038,COc1cc(O)c2c(O)c(-c3cccc(Cl)c3)cnc2c1,7.42021640338319,<rdkit.Chem.rdchem.Mol object at 0x000001D689E04B30>,False,False
CHEMBL14699,IC50,nM,10.0,IC50,uM,0.01,COc1cc2ncnc(Nc3ccc(F)c(Cl)c3)c2cc1OCCN1CCOCC1,8.0,<rdkit.Chem.rdchem.Mol object at 0x000001D689E04A50>,False,False
CHEMBL7810,IC50,nM,4000.0,IC50,uM,4.0,COc1cc(O)c2c(=O)c(-c3cccc(Cl)c3)cn(CCc3ccccc3)c2c1,5.3979400086720375,<rdkit.Chem.rdchem.Mol object at 0x000001D689E04890>,False,False
CHEMBL294034,IC50,nM,66.0,IC50,uM,0.066,COc1cc2ncnc(Nc3ccc(F)c(Cl)c3)c2cc1OCCn1ccnc1,7.180456064458132,<rdkit.Chem.rdchem.Mol object at 0x000001D689E046D0>,False,False
CHEMBL7981,IC50,nM,500000.0,IC50,uM,500.0,COc1cc(OC)c2c(=O)c(-c3cccc(Cl)c3)coc2c1,3.3010299956639813,<rdkit.Chem.rdchem.Mol object at 0x000001D689E04660>,False,False
CHEMBL7866,IC50,nM,64.0,IC50,uM,0.064,COC(=O)Cn1cc(-c2cccc(Cl)c2)c(=O)c2c(O)cc(OC)cc21,7.1938200260161125,<rdkit.Chem.rdchem.Mol object at 0x000001D689E045F0>,False,False
CHEMBL56142,IC50,nM,98.0,IC50,uM,0.098,COc1cc2ncnc(Nc3ccc(F)c(Cl)c3)c2cc1OCCN1CCCCC1,7.008773924307505,<rdkit.Chem.rdchem.Mol object at 0x000001D689E042E0>,False,False
CHEMBL293064,IC50,nM,93.0,IC50,uM,0.093,CCN(CC)CCOc1cc2c(Nc3ccc(F)c(Cl)c3)ncnc2cc1OC,7.031517051446065,<rdkit.Chem.rdchem.Mol object at 0x000001D689E04200>,False,False
CHEMBL56502,IC50,nM,6.0,IC50,uM,0.006,COc1cc2ncnc(Nc3ccc(F)c(Cl)c3)c2cc1OCC(O)CN,8.221848749616356,<rdkit.Chem.rdchem.Mol object at 0x000001D689E04190>,False,False
CHEMBL7819,IC50,nM,170.0,IC50,uM,0.17,COc1cc(O)c2c(=O)c(-c3cccc(Cl)c3)cn(C)c2c1,6.769551078621726,<rdkit.Chem.rdchem.Mol object at 0x000001D689E040B0>,False,False
CHEMBL1744086,IC50,nM,95.0,IC50,uM,0.095,COc1cc2ncnc(Nc3ccc(F)c(Cl)c3)c2cc1OC[C@@H](O)CN1CCOCC1,7.022276394711152,<rdkit.Chem.rdchem.Mol object at 0x000001D689E0A900>,False,False
CHEMBL7339,IC50,nM,1270.0,IC50,uM,1.27,COc1cc(O)c2c(=O)c(-c3cccc(Cl)c3)coc2c1,5.896196279044043,<rdkit.Chem.rdchem.Mol object at 0x000001D689E0AF90>,False,False
CHEMBL57759,IC50,nM,7.0,IC50,uM,0.007,COc1cc2ncnc(Nc3ccc(F)c(Cl)c3)c2cc1OCCN(C)C,8.154901959985743,<rdkit.Chem.rdchem.Mol object at 0x000001D689E0AF20>,False,False
CHEMBL300791,IC50,nM,10.0,IC50,uM,0.01,COc1cc2ncnc(Nc3ccc(F)c(Cl)c3)c2cc1OCCN1CCN(C)CC1,8.0,<rdkit.Chem.rdchem.Mol object at 0x000001D689E0AEB0>,False,False
CHEMBL57758,IC50,nM,87.0,IC50,uM,0.087,COc1cc2ncnc(Nc3ccc(F)c(Cl)c3)c2cc1OCCN1CCCC1,7.060480747381382,<rdkit.Chem.rdchem.Mol object at 0x000001D689E0ADD0>,False,False
CHEMBL56266,IC50,nM,5.0,IC50,uM,0.005,CNCC(O)COc1cc2c(Nc3ccc(F)c(Cl)c3)ncnc2cc1OC,8.301029995663981,<rdkit.Chem.rdchem.Mol object at 0x000001D689E0AD60>,False,False
CHEMBL266995,IC50,nM,8.0,IC50,uM,0.008,Oc1cc(O)c2c(O)c(-c3cccc(Cl)c3)cnc2c1,8.096910013008056,<rdkit.Chem.rdchem.Mol object at 0x000001D689E0ACF0>,False,False
CHEMBL299893,IC50,nM,5.0,IC50,uM,0.005,COc1cc2ncnc(Nc3ccc(F)c(Cl)c3)c2cc1OCC(O)CN(CCO)CCO,8.301029995663981,<rdkit.Chem.rdchem.Mol object at 0x000001D689E0AC80>,False,False
CHEMBL538757,IC50,nM,8800.0,IC50,uM,8.8,COC(=O)c1ccccc1SCC(CN(C)C)C(=O)c1ccc(OCc2ccccc2)cc1.Cl,5.055517327849832,<rdkit.Chem.rdchem.Mol object at 0x000001D689E0A7B0>,False,False
CHEMBL538507,IC50,nM,2100.0,IC50,uM,2.1,Cc1ccc(SCC(CN(C)C)C(=O)c2ccc(OCc3ccccc3)cc2)cc1C.Cl,5.6777807052660805,<rdkit.Chem.rdchem.Mol object at 0x000001D689E0A6D0>,False,False
CHEMBL414013,IC50,nM,75000.0,IC50,uM,75.0,COc1cc2c(cc1OC)Nc1ncnc(O)c1C2,4.1249387366083,<rdkit.Chem.rdchem.Mol object at 0x000001D689E0A580>,False,False
CHEMBL545006,IC50,nM,1800.0,IC50,uM,1.8,Cl.O=C(CCN1CCCCC1)c1ccc(OCc2ccccc2)cc1,5.7447274948966935,<rdkit.Chem.rdchem.Mol object at 0x000001D689E0A3C0>,False,False
CHEMBL542891,IC50,nM,300.0,IC50,uM,0.3,CCOC(=O)C1CCN(CCC(=O)c2ccc(OCc3ccccc3)cc2)CC1.Cl,6.522878745280337,<rdkit.Chem.rdchem.Mol object at 0x000001D689E0A350>,False,False
CHEMBL544770,IC50,nM,1500.0,IC50,uM,1.5,CN(C)CCC(=O)c1ccc(OCc2ccccc2)cc1.Cl,5.823908740944319,<rdkit.Chem.rdchem.Mol object at 0x000001D689E09200>,False,False
CHEMBL542893,IC50,nM,1500.0,IC50,uM,1.5,Cl.O=C(CCN1CCOCC1)c1ccc(OCc2ccccc2)cc1,5.823908740944319,<rdkit.Chem.rdchem.Mol object at 0x000001D689E09120>,False,False
CHEMBL540292,IC50,nM,7300.0,IC50,uM,7.3,CN(C)CC(CSc1ccccc1)C(=O)c1ccc(OCc2ccccc2)cc1.Cl,5.136677139879544,<rdkit.Chem.rdchem.Mol object at 0x000001D689E090B0>,False,False
CHEMBL552860,IC50,nM,360.0,IC50,uM,0.36,CN(C)CCC(=O)c1ccc(OCc2ccccc2)c(O)c1.Cl,6.443697499232712,<rdkit.Chem.rdchem.Mol object at 0x000001D689E09BA0>,False,False
CHEMBL6976,IC50,nM,160000.0,IC50,uM,160.0,COc1cc2c(cc1OC)Nc1ncn(C)c(=O)c1C2,3.795880017344075,<rdkit.Chem.rdchem.Mol object at 0x000001D689E099E0>,False,False
CHEMBL30432,IC50,nM,1.0,IC50,uM,0.001,CN(C)c1cc2c(Nc3ccc4c(cnn4Cc4ccccc4)c3)ncnc2cn1,9.0,<rdkit.Chem.rdchem.Mol object at 0x000001D689E09660>,False,False
CHEMBL76432,IC50,nM,68.0,IC50,uM,0.068,c1ccc(-c2cc3ncnc(Nc4ccc5[nH]ccc5c4)c3s2)cc1,7.167491087293763,<rdkit.Chem.rdchem.Mol object at 0x000001D689E0D740>,False,False
CHEMBL312818,IC50,nM,5.0,IC50,uM,0.005,c1ccc(CCCN(c2cc3ncnc(Nc4ccc5[nH]ccc5c4)c3s2)n2ccnc2)cc1,8.301029995663981,<rdkit.Chem.rdchem.Mol object at 0x000001D689E0D6D0>,False,False
CHEMBL311111,IC50,nM,1250.0,IC50,uM,1.25,Cc1cc2cc(Nc3ccnc4cc(-c5ccc(CN6CCOCC6)cc5)sc34)ccc2[nH]1,5.903089986991944,<rdkit.Chem.rdchem.Mol object at 0x000001D689E0D660>,False,False
CHEMBL312753,IC50,nM,1.0,IC50,uM,0.001,OCc1ccc(-c2cc3ncnc(Nc4ccc5[nH]ccc5c4)c3s2)cc1,9.0,<rdkit.Chem.rdchem.Mol object at 0x000001D689E0D270>,False,False
CHEMBL308498,IC50,nM,1.0,IC50,uM,0.001,CC(C)(CO)NCc1ccc(-c2cc3ncnc(Nc4ccc5[nH]ccc5c4)c3s2)cc1,9.0,<rdkit.Chem.rdchem.Mol object at 0x000001D689E0D040>,False,False
CHEMBL78018,IC50,nM,4.0,IC50,uM,0.004,NCc1ccc(-c2cc3ncnc(Nc4ccc5[nH]ccc5c4)c3s2)cc1,8.397940008672037,<rdkit.Chem.rdchem.Mol object at 0x000001D689E0D900>,False,False
CHEMBL79206,IC50,nM,3.0,IC50,uM,0.003,CN(CCO)Cc1ccc(-c2cc3nccc(Nc4ccc5[nH]ccc5c4)c3s2)cc1,8.522878745280337,<rdkit.Chem.rdchem.Mol object at 0x000001D689E0D350>,False,False
CHEMBL76751,IC50,nM,1.0,IC50,uM,0.001,c1csc(-c2cc3ncnc(Nc4ccc5[nH]ccc5c4)c3s2)c1,9.0,<rdkit.Chem.rdchem.Mol object at 0x000001D689E0D2E0>,False,False
CHEMBL311109,IC50,nM,7.0,IC50,uM,0.007,NC(=O)C1CCN(Cc2ccc(-c3cc4ncnc(Nc5ccc6[nH]ccc6c5)c4s3)cc2)CC1,8.154901959985743,<rdkit.Chem.rdchem.Mol object at 0x000001D689E0D120>,False,False
CHEMBL312482,IC50,nM,30.0,IC50,uM,0.03,c1cc(Nc2ccc3[nH]ccc3c2)c2sc(-c3ccc(CN4CCOCC4)cc3)cc2n1,7.522878745280337,<rdkit.Chem.rdchem.Mol object at 0x000001D689E0DF90>,False,False
CHEMBL79215,IC50,nM,1.0,IC50,uM,0.001,c1ccc(NCCN(c2cc3ncnc(Nc4ccc5[nH]ccc5c4)c3s2)n2cccc2)cc1,9.0,<rdkit.Chem.rdchem.Mol object at 0x000001D689E0DF20>,False,False
CHEMBL431977,IC50,nM,1.0,IC50,uM,0.001,NC(=O)C1CCN(Cc2ccc(-c3cc4nccc(Nc5ccc6[nH]ccc6c5)c4s3)cc2)CC1,9.0,<rdkit.Chem.rdchem.Mol object at 0x000001D689E0DEB0>,False,False
CHEMBL81712,IC50,nM,9.0,IC50,uM,0.009,O=C(c1ccccc1)c1cc2ncnc(Nc3ccc4[nH]ccc4c3)c2s1,8.045757490560675,<rdkit.Chem.rdchem.Mol object at 0x000001D689E0DE40>,False,False
CHEMBL310853,IC50,nM,1.0,IC50,uM,0.001,c1csc(-c2cc3nccc(Nc4ccc5[nH]ccc5c4)c3s2)c1,9.0,<rdkit.Chem.rdchem.Mol object at 0x000001D689E0DDD0>,False,False
CHEMBL80302,IC50,nM,100.0,IC50,uM,0.1,Cc1cc2cc(Nc3ncnc4cc(-c5ccccc5)sc34)ccc2[nH]1,7.0,<rdkit.Chem.rdchem.Mol object at 0x000001D689E0DD60>,False,False
CHEMBL310827,IC50,nM,5.0,IC50,uM,0.005,Cc1c[nH]c2ccc(Nc3ncnc4cc(-c5ccccc5)sc34)cc12,8.301029995663981,<rdkit.Chem.rdchem.Mol object at 0x000001D689E0DCF0>,False,False
CHEMBL81375,IC50,nM,140.0,IC50,uM,0.14,Cc1cc2cc(Nc3ccnc4cc(-c5ccc(CN(C)CCO)cc5)sc34)ccc2[nH]1,6.853871964321762,<rdkit.Chem.rdchem.Mol object at 0x000001D689E0DC80>,False,False
CHEMBL77782,IC50,nM,5.0,IC50,uM,0.005,CN(C)CCc1ccc(-c2cc3ncnc(Nc4ccc5[nH]ccc5c4)c3s2)cc1,8.301029995663981,<rdkit.Chem.rdchem.Mol object at 0x000001D689E0DBA0>,False,False
CHEMBL78685,IC50,nM,1600.0,IC50,uM,1.6,c1ccc(-c2cc3ncnc(Nc4ccc5[nH]ncc5c4)c3s2)cc1,5.795880017344075,<rdkit.Chem.rdchem.Mol object at 0x000001D689E0C430>,False,False
CHEMBL442749,IC50,nM,600.0,IC50,uM,0.6,c1nc(Nc2ccc3[nH]ccc3c2)c2sccc2n1,6.221848749616356,<rdkit.Chem.rdchem.Mol object at 0x000001D689E0C2E0>,False,False
CHEMBL174634,IC50,nM,2650.0,IC50,uM,2.65,Cc1ccccc1-c1cn(-c2ccccc2)c2ncnc(N)c12,5.576754126063192,<rdkit.Chem.rdchem.Mol object at 0x000001D689E0C200>,False,False
CHEMBL429057,IC50,nM,1100.0,IC50,uM,1.1,Nc1ncnc2c1c(-c1ccccc1)cn2-c1ccccc1CO,5.958607314841775,<rdkit.Chem.rdchem.Mol object at 0x000001D689E0C190>,False,False
CHEMBL161956,IC50,nM,0.22,IC50,nM,0.22,CN(CCO)c1cc2c(Nc3cccc(Br)c3)ncnc2cn1,9.657577319177792,<rdkit.Chem.rdchem.Mol object at 0x000001D689E0C0B0>,False,False
CHEMBL367442,IC50,nM,700.0,IC50,uM,0.7,Nc1ncnc2c1c(-c1ccccc1)cn2-c1ccc(CO)cc1,6.154901959985743,<rdkit.Chem.rdchem.Mol object at 0x000001D689E0C040>,False,False
CHEMBL351629,IC50,nM,0.44,IC50,nM,0.44,CN(CC(=O)O)c1cc2c(Nc3cccc(Br)c3)ncnc2cn1,9.356547323513812,<rdkit.Chem.rdchem.Mol object at 0x000001D689E0CEB0>,False,False
CHEMBL165731,IC50,nM,1.5,IC50,nM,1.5,Cc1cccc(Nc2ncnc3cnc(NCCN4CCOCC4)cc23)c1,8.823908740944319,<rdkit.Chem.rdchem.Mol object at 0x000001D689E0CE40>,False,False
CHEMBL53711,IC50,nM,0.006,IC50,nM,0.006,CN(C)c1cc2c(Nc3cccc(Br)c3)ncnc2cn1,11.221848749616356,<rdkit.Chem.rdchem.Mol object at 0x000001D689E0CDD0>,False,False
CHEMBL165228,IC50,nM,117.0,IC50,nM,117.0,Cc1nc(Nc2cccc(Br)c2)c2cc(NCCN3CCOCC3)ncc2n1,6.931814138253839,<rdkit.Chem.rdchem.Mol object at 0x000001D689E0CD60>,False,False
CHEMBL176705,IC50,nM,350.0,IC50,uM,0.35,COc1ccc(-c2cn(-c3ccccc3)c3ncnc(N)c23)cc1,6.455931955649724,<rdkit.Chem.rdchem.Mol object at 0x000001D689E0CCF0>,False,False
CHEMBL166255,IC50,nM,1.7,IC50,nM,1.7,CN(CCO)CCNc1cc2c(Nc3cccc(Br)c3)ncnc2cn1,8.769551078621726,<rdkit.Chem.rdchem.Mol object at 0x000001D689E0CC10>,False,False
CHEMBL165630,IC50,nM,0.93,IC50,nM,0.93,OCCN(CCO)CCNc1cc2c(Nc3cccc(Br)c3)ncnc2cn1,9.031517051446064,<rdkit.Chem.rdchem.Mol object at 0x000001D689E0CBA0>,False,False
CHEMBL176309,IC50,nM,700.0,IC50,uM,0.7,Nc1ncnc2c1c(-c1cccc(Cl)c1)cn2-c1ccccc1,6.154901959985743,<rdkit.Chem.rdchem.Mol object at 0x000001D689E0CB30>,False,False
CHEMBL165495,IC50,nM,3.1,IC50,nM,3.1,Cc1cccc(Nc2ncnc3cnc(N)cc23)c1,8.508638306165727,<rdkit.Chem.rdchem.Mol object at 0x000001D689E0CAC0>,False,False
CHEMBL369014,IC50,nM,1300.0,IC50,uM,1.3,CCOC(=O)c1ccc(-c2cn(-c3ccccc3)c3ncnc(N)c23)cc1,5.886056647693163,<rdkit.Chem.rdchem.Mol object at 0x000001D689E0C9E0>,False,False
CHEMBL162223,IC50,nM,1.2,IC50,nM,1.2,Brc1cccc(Nc2ncnc3cnc(NCCc4ccccn4)cc23)c1,8.920818753952375,<rdkit.Chem.rdchem.Mol object at 0x000001D689E0C890>,False,False
CHEMBL172973,IC50,nM,500.0,IC50,uM,0.5,COc1cccc(-c2cn(-c3ccccc3)c3ncnc(N)c23)c1,6.301029995663981,<rdkit.Chem.rdchem.Mol object at 0x000001D689E0C820>,False,False
CHEMBL162719,IC50,nM,6.4,IC50,nM,6.4,CN1CCN(c2cc3c(Nc4cccc(Br)c4)ncnc3cn2)CC1,8.193820026016112,<rdkit.Chem.rdchem.Mol object at 0x000001D689E0C740>,False,False
CHEMBL162821,IC50,nM,0.45,IC50,nM,0.45,CNc1cc2c(Nc3cccc(C)c3)ncnc2cn1,9.346787486224656,<rdkit.Chem.rdchem.Mol object at 0x000001D689E0C6D0>,False,False
CHEMBL105436,IC50,nM,300.0,IC50,uM,0.3,COc1cccc(-c2cn(-c3ccc(CCN(C)CCO)cc3)c3ncnc(N)c23)c1,6.522878745280337,<rdkit.Chem.rdchem.Mol object at 0x000001D689E0C660>,False,False
CHEMBL162053,IC50,nM,8.1,IC50,nM,8.1,CN(C)CCN(C)c1cc2c(Nc3cccc(Br)c3)ncnc2cn1,8.09151498112135,<rdkit.Chem.rdchem.Mol object at 0x000001D689E0C5F0>,False,False
CHEMBL53940,IC50,nM,9.0,IC50,nM,9.0,CNc1cc2c(Nc3ccccc3)ncnc2cn1,8.045757490560675,<rdkit.Chem.rdchem.Mol object at 0x000001D689E0C510>,False,False
CHEMBL165788,IC50,nM,1.1,IC50,nM,1.1,CNc1cc2c(Nc3cccc(C(F)(F)F)c3)ncnc2cn1,8.958607314841775,<rdkit.Chem.rdchem.Mol object at 0x000001D689E0C4A0>,False,False
CHEMBL166093,IC50,nM,0.18,IC50,nM,0.18,OCC(O)CNc1cc2c(Nc3cccc(Br)c3)ncnc2cn1,9.744727494896694,<rdkit.Chem.rdchem.Mol object at 0x000001D689E0EF90>,False,False
CHEMBL175409,IC50,nM,800.0,IC50,uM,0.8,COc1cccc(-c2cn(-c3ccc(CC(=O)NCCO)cc3)c3ncnc(N)c23)c1,6.096910013008056,<rdkit.Chem.rdchem.Mol object at 0x000001D689E0EEB0>,False,False
CHEMBL22978,IC50,nM,797.0,IC50,uM,0.797,CN1CCC(O)(c2nc(-c3ccc(F)cc3)c(-c3ccncc3)o2)CC1,6.098541678603888,<rdkit.Chem.rdchem.Mol object at 0x000001D689E0EE40>,False,False
CHEMBL162142,IC50,nM,0.78,IC50,nM,0.78,Brc1cccc(Nc2ncnc3cnc(NCCc4c[nH]cn4)cc23)c1,9.10790539730952,<rdkit.Chem.rdchem.Mol object at 0x000001D689E0EDD0>,False,False
CHEMBL165508,IC50,nM,1.5,IC50,nM,1.5,Brc1cccc(Nc2ncnc3cnc(NCc4cccnc4)cc23)c1,8.823908740944319,<rdkit.Chem.rdchem.Mol object at 0x000001D689E0ED60>,False,False
CHEMBL165547,IC50,nM,0.56,IC50,nM,0.56,CN(CC(O)CO)c1cc2c(Nc3cccc(Br)c3)ncnc2cn1,9.2518119729938,<rdkit.Chem.rdchem.Mol object at 0x000001D689E0ECF0>,False,False
CHEMBL165864,IC50,nM,0.19,IC50,nM,0.19,OCCNc1cc2c(Nc3cccc(Br)c3)ncnc2cn1,9.721246399047171,<rdkit.Chem.rdchem.Mol object at 0x000001D689E0EC80>,False,False
CHEMBL161895,IC50,nM,1.3,IC50,nM,1.3,Cc1cccc(Nc2ncnc3cnc(NCCc4c[nH]cn4)cc23)c1,8.886056647693163,<rdkit.Chem.rdchem.Mol object at 0x000001D689E0E6D0>,False,False
CHEMBL433520,IC50,nM,4.6,IC50,nM,4.6,CCN(CC)CC(O)CNc1cc2c(Nc3cccc(Br)c3)ncnc2cn1,8.337242168318426,<rdkit.Chem.rdchem.Mol object at 0x000001D689E0E660>,False,False
CHEMBL176815,IC50,nM,800.0,IC50,uM,0.8,COc1cccc(-c2cn(-c3cccc(CO)c3)c3ncnc(N)c23)c1,6.096910013008056,<rdkit.Chem.rdchem.Mol object at 0x000001D689E0E5F0>,False,False
CHEMBL366831,IC50,nM,31000.0,IC50,uM,31.0,CNc1ncnc2c1c(-c1ccccc1)cn2-c1ccccc1,4.508638306165727,<rdkit.Chem.rdchem.Mol object at 0x000001D689E0EC10>,False,False
CHEMBL173478,IC50,nM,600.0,IC50,uM,0.6,Nc1ncnc2c1c(-c1ccccc1)cn2-c1cccc(CO)c1,6.221848749616356,<rdkit.Chem.rdchem.Mol object at 0x000001D689E0EBA0>,False,False
CHEMBL355816,IC50,nM,0.28,IC50,nM,0.28,O=C(O)CNc1cc2c(Nc3cccc(Br)c3)ncnc2cn1,9.55284196865778,<rdkit.Chem.rdchem.Mol object at 0x000001D689E0EB30>,False,False
CHEMBL166154,IC50,nM,0.19,IC50,nM,0.19,CNc1cc2c(Nc3cccc(Cl)c3)ncnc2cn1,9.721246399047171,<rdkit.Chem.rdchem.Mol object at 0x000001D689E0EAC0>,False,False
CHEMBL163188,IC50,nM,2.8,IC50,nM,2.8,Cc1cccc(Nc2ncnc3cnc(N(C)C)cc23)c1,8.55284196865778,<rdkit.Chem.rdchem.Mol object at 0x000001D689E0EA50>,False,False
CHEMBL163168,IC50,nM,27.0,IC50,nM,27.0,O=C(O)CCNc1cc2c(Nc3cccc(Br)c3)ncnc2cn1,7.568636235841013,<rdkit.Chem.rdchem.Mol object at 0x000001D689E0E9E0>,False,False
CHEMBL169757,IC50,nM,500.0,IC50,uM,0.5,Nc1ncnc2c1c(-c1ccccc1)cn2-c1ccccc1,6.301029995663981,<rdkit.Chem.rdchem.Mol object at 0x000001D689E0E970>,False,False
CHEMBL51853,IC50,nM,0.13,IC50,nM,0.13,Nc1cc2c(Nc3cccc(Br)c3)ncnc2cn1,9.886056647693165,<rdkit.Chem.rdchem.Mol object at 0x000001D689E0E7B0>,False,False
CHEMBL162034,IC50,nM,1.1,IC50,nM,1.1,CN(C)CCNc1cc2c(Nc3cccc(Br)c3)ncnc2cn1,8.958607314841775,<rdkit.Chem.rdchem.Mol object at 0x000001D689E0E740>,False,False
CHEMBL162622,IC50,nM,0.65,IC50,nM,0.65,Brc1cccc(Nc2ncnc3cnc(NCCN4CCOCC4)cc23)c1,9.187086643357144,<rdkit.Chem.rdchem.Mol object at 0x000001D689E0E510>,False,False
CHEMBL477,IC50,nM,195000.0,IC50,uM,195.0,Nc1ncnc2c1ncn2[C@@H]1O[C@H](CO)[C@@H](O)[C@H]1O,3.709965388637482,<rdkit.Chem.rdchem.Mol object at 0x000001D689DF8E40>,False,False
CHEMBL299763,IC50,nM,50000.0,IC50,uM,50.0,COc1cc(OC)cc(-c2cc3cnc(N)nc3nc2NC(=O)NC(C)(C)C)c1,4.301029995663981,<rdkit.Chem.rdchem.Mol object at 0x000001D689E0F120>,False,False
CHEMBL126192,IC50,nM,2.0,IC50,uM,0.002,CCOc1cc2ncnc(Nc3cccc(-c4nccs4)c3)c2cc1OCC,8.698970004336019,<rdkit.Chem.rdchem.Mol object at 0x000001D689E0FC10>,False,False
CHEMBL126483,IC50,nM,9300.0,IC50,uM,9.3,CCOc1cc2nc(CC)nc(Nc3cccc(-c4csc(C)n4)c3)c2cc1OCC,5.031517051446065,<rdkit.Chem.rdchem.Mol object at 0x000001D689E0FA50>,False,False
CHEMBL117710,IC50,nM,756.0,IC50,nM,756.0,Brc1cccc(Oc2ncnc3ccccc23)c1,6.121478204498794,<rdkit.Chem.rdchem.Mol object at 0x000001D6E22340B0>,False,False
CHEMBL119033,IC50,nM,139.0,IC50,nM,139.0,COc1cccc2ncnc(Nc3cccc(Br)c3)c12,6.856985199745905,<rdkit.Chem.rdchem.Mol object at 0x000001D6E2234120>,False,False
CHEMBL116919,IC50,nM,10000.0,IC50,nM,10000.0,COc1ccc(CNc2ncnc3ccccc23)cc1,5.0,<rdkit.Chem.rdchem.Mol object at 0x000001D6E22342E0>,False,False
CHEMBL340660,IC50,nM,560.0,IC50,uM,0.56,CCOc1cc2ncnc(Nc3cccc(-c4csc(N)n4)c3)c2cc1OCC,6.251811972993799,<rdkit.Chem.rdchem.Mol object at 0x000001D6E2234350>,False,False
CHEMBL330882,IC50,nM,4900.0,IC50,nM,4900.0,COc1cccc2ncnc(NCc3ccccc3)c12,5.309803919971486,<rdkit.Chem.rdchem.Mol object at 0x000001D6E2234430>,False,False
CHEMBL326596,IC50,nM,58.0,IC50,nM,58.0,COc1ccc2c(NCc3ccccc3)ncnc2c1,7.236572006437063,<rdkit.Chem.rdchem.Mol object at 0x000001D6E22344A0>,False,False
CHEMBL441083,IC50,nM,910.0,IC50,nM,910.0,Cc1cccc(Nc2ncnc3ccccc23)c1,6.040958607678906,<rdkit.Chem.rdchem.Mol object at 0x000001D6E22345F0>,False,False
CHEMBL52197,IC50,nM,348.0,IC50,nM,348.0,COc1ccc2ncnc(Nc3cccc(Br)c3)c2c1,6.458420756053419,<rdkit.Chem.rdchem.Mol object at 0x000001D6E2234890>,False,False
CHEMBL117697,IC50,nM,842.0,IC50,nM,842.0,COc1cccc(Nc2ncnc3ccccc23)c1,6.074687908500351,<rdkit.Chem.rdchem.Mol object at 0x000001D6E2234900>,False,False
CHEMBL333851,IC50,nM,588.0,IC50,nM,588.0,COc1cc2c(NCc3ccccc3)ncnc2cc1O,6.230622673923862,<rdkit.Chem.rdchem.Mol object at 0x000001D6E2234B30>,False,False
CHEMBL126456,IC50,nM,4800.0,IC50,uM,4.8,CCOc1cc2ncnc(Nc3cccc(-c4csc(C)n4)c3)c2cc1OCC,5.318758762624412,<rdkit.Chem.rdchem.Mol object at 0x000001D6E2234C10>,False,False
CHEMBL93181,IC50,nM,10.0,IC50,nM,10.0,COc1ccc2c(Nc3cccc(Br)c3)ncnc2c1,8.0,<rdkit.Chem.rdchem.Mol object at 0x000001D6E2234CF0>,False,False
CHEMBL278287,IC50,nM,49000.0,IC50,uM,49.0,Cc1ccc(N(C)C(=O)c2ccccc2)cc1Nc1nccc(-c2cccnc2)n1,4.309803919971486,<rdkit.Chem.rdchem.Mol object at 0x000001D6E2234D60>,False,False
CHEMBL289787,IC50,nM,974.0,IC50,nM,974.0,COc1cccc2c(Nc3cccc(Br)c3)ncnc12,6.011441043121384,<rdkit.Chem.rdchem.Mol object at 0x000001D6E2234E40>,False,False
CHEMBL325245,IC50,nM,10.0,IC50,nM,10.0,COc1cc2ncnc(NCc3ccccc3)c2cc1OC,8.0,<rdkit.Chem.rdchem.Mol object at 0x000001D6E225E040>,False,False
CHEMBL117804,IC50,nM,4100.0,IC50,nM,4100.0,c1ccc(CCNc2ncnc3ccccc23)cc1,5.3872161432802645,<rdkit.Chem.rdchem.Mol object at 0x000001D6E225E200>,False,False
CHEMBL324371,IC50,nM,100000.0,IC50,nM,100000.0,CN(c1ccccc1)c1ncnc2ccccc12,4.0,<rdkit.Chem.rdchem.Mol object at 0x000001D6E225E270>,False,False
CHEMBL340862,IC50,nM,11.0,IC50,uM,0.011,CCOc1cc2ncnc(Nc3cccc(-c4cncs4)c3)c2cc1OCC,7.958607314841775,<rdkit.Chem.rdchem.Mol object at 0x000001D6E225E2E0>,False,False
CHEMBL115745,IC50,nM,56.0,IC50,nM,56.0,COc1cc2ncnc(NCc3ccccc3)c2cc1O,7.251811972993799,<rdkit.Chem.rdchem.Mol object at 0x000001D6E225E430>,False,False
CHEMBL332938,IC50,nM,200.0,IC50,nM,200.0,COc1ccc2ncnc(NCc3ccccc3)c2c1,6.698970004336019,<rdkit.Chem.rdchem.Mol object at 0x000001D6E225E660>,False,False
CHEMBL125920,IC50,nM,11.0,IC50,uM,0.011,CCOc1cc2ncnc(Nc3cccc(-c4cc[nH]n4)c3)c2cc1OCC,7.958607314841775,<rdkit.Chem.rdchem.Mol object at 0x000001D6E225E740>,False,False
CHEMBL117554,IC50,nM,7000.0,IC50,nM,7000.0,Clc1ccc(CNc2ncnc3ccccc23)cc1,5.154901959985743,<rdkit.Chem.rdchem.Mol object at 0x000001D6E225E900>,False,False
CHEMBL102726,IC50,nM,320.0,IC50,nM,320.0,c1ccc(CNc2ncnc3ccccc23)cc1,6.494850021680094,<rdkit.Chem.rdchem.Mol object at 0x000001D6E225E970>,False,False
CHEMBL125086,IC50,nM,3.0,IC50,uM,0.003,CCOc1cc2ncnc(Nc3cccc(-c4ccco4)c3)c2cc1OCC,8.522878745280337,<rdkit.Chem.rdchem.Mol object at 0x000001D6E225EC80>,False,False
CHEMBL127223,IC50,nM,18.0,IC50,uM,0.018,CCOc1cc2ncnc(Nc3cccc(-c4cscn4)c3)c2cc1OCC,7.744727494896693,<rdkit.Chem.rdchem.Mol object at 0x000001D6E225ECF0>,False,False
CHEMBL127367,IC50,nM,390.0,IC50,uM,0.39,CCOc1cc2ncnc(Nc3cccc(-c4nc[nH]n4)c3)c2cc1OCC,6.4089353929735005,<rdkit.Chem.rdchem.Mol object at 0x000001D6E225EDD0>,False,False
CHEMBL126974,IC50,nM,1100.0,IC50,uM,1.1,CCOc1cc2ncnc(Nc3cccc(-c4cncnc4)c3)c2cc1OCC,5.958607314841775,<rdkit.Chem.rdchem.Mol object at 0x000001D6E225EE40>,False,False
CHEMBL128027,IC50,nM,9000.0,IC50,uM,9.0,CCOc1cc2nc(C)nc(Nc3cccc(-c4csc(C)n4)c3)c2cc1OCC,5.045757490560675,<rdkit.Chem.rdchem.Mol object at 0x000001D6E225EF20>,False,False
CHEMBL92824,IC50,nM,577.0,IC50,nM,577.0,FC(F)(F)c1cccc(Nc2ncnc3ccccc23)c1,6.238824186844268,<rdkit.Chem.rdchem.Mol object at 0x000001D6E2247120>,False,False
CHEMBL126996,IC50,nM,720.0,IC50,uM,0.72,CCOc1cc2ncnc(Nc3cccc(-c4cocn4)c3)c2cc1OCC,6.142667503568732,<rdkit.Chem.rdchem.Mol object at 0x000001D6E2247190>,False,False
CHEMBL58436,IC50,nM,7100.0,IC50,uM,7.1,c1cc(Nc2nccc(-c3cccnc3)n2)cc(OCCn2ccnc2)c1,5.1487416512809245,<rdkit.Chem.rdchem.Mol object at 0x000001D6E2247580>,False,False
CHEMBL299707,IC50,nM,100000.0,IC50,uM,100.0,COc1ccccc1C(=O)Nc1cccc(Nc2nccc(-c3cccnc3)n2)c1,4.0,<rdkit.Chem.rdchem.Mol object at 0x000001D6E22475F0>,False,False
CHEMBL20926,IC50,nM,65000.0,IC50,uM,65.0,Cc1ccc(NC(=O)c2ccccc2)cc1Nc1nccc(-c2cccnc2)n1,4.187086643357144,<rdkit.Chem.rdchem.Mol object at 0x000001D6E2247740>,False,False
CHEMBL57690,IC50,nM,100000.0,IC50,uM,100.0,c1ccc(Nc2nccc(-c3cccnc3)n2)cc1,4.0,<rdkit.Chem.rdchem.Mol object at 0x000001D6E22477B0>,False,False
CHEMBL93173,IC50,nM,170.0,IC50,uM,0.17,COc1cc2ncnc(NCc3cccc(C)c3)c2cc1OC,6.769551078621726,<rdkit.Chem.rdchem.Mol object at 0x000001D6E2247970>,False,False
CHEMBL90541,IC50,nM,820.0,IC50,uM,0.82,COc1cc2ncnc(Nc3nnc4ccccc4n3)c2cc1OC,6.086186147616283,<rdkit.Chem.rdchem.Mol object at 0x000001D6E22479E0>,False,False
CHEMBL330323,IC50,nM,200.0,IC50,uM,0.2,COc1cc2ncnc(Nc3nccc4ccccc34)c2cc1OC,6.698970004336019,<rdkit.Chem.rdchem.Mol object at 0x000001D6E2247A50>,False,False
CHEMBL94019,IC50,nM,910.0,IC50,uM,0.91,COc1cc2ncnc(NC3CCc4ccccc43)c2cc1OC,6.040958607678906,<rdkit.Chem.rdchem.Mol object at 0x000001D6E2247C10>,False,False
CHEMBL93423,IC50,nM,390.0,IC50,uM,0.39,COc1cc2ncnc(NC3CC3c3ccccc3)c2cc1O,6.4089353929735005,<rdkit.Chem.rdchem.Mol object at 0x000001D6E2247C80>,False,False
CHEMBL91428,IC50,nM,660.0,IC50,uM,0.66,COc1cc2ncnc(Nc3cc4ccccc4cn3)c2cc1OC,6.180456064458132,<rdkit.Chem.rdchem.Mol object at 0x000001D6E2247DD0>,False,False
CHEMBL330668,IC50,nM,780.0,IC50,uM,0.78,COc1cc2ncnc(Nc3cnc4ccccc4n3)c2cc1OC,6.107905397309519,<rdkit.Chem.rdchem.Mol object at 0x000001D6E2247E40>,False,False
CHEMBL329867,IC50,nM,6.4,IC50,uM,0.0064,COc1cc2ncnc(Nc3cncc4ccccc34)c2cc1OC,8.193820026016112,<rdkit.Chem.rdchem.Mol object at 0x000001D6E2247F20>,False,False
CHEMBL420059,IC50,nM,300.0,IC50,uM,0.3,COc1cc2ncnc(NC3CC3c3ccccc3)c2cc1OCCN1CCOCC1,6.522878745280337,<rdkit.Chem.rdchem.Mol object at 0x000001D6E2247F90>,False,False
CHEMBL419137,IC50,nM,10.0,IC50,uM,0.01,COc1cc2ncnc(NC3CC3c3ccccc3)c2cc1OC,8.0,<rdkit.Chem.rdchem.Mol object at 0x000001D6E2256040>,False,False
CHEMBL328277,IC50,nM,820.0,IC50,uM,0.82,COc1cc2ncnc(N3CCc4ccccc43)c2cc1OC,6.086186147616283,<rdkit.Chem.rdchem.Mol object at 0x000001D6E2256120>,False,False
CHEMBL328106,IC50,nM,0.96,IC50,nM,0.96,COc1cc2ncnc(Nc3ccc(Br)cc3)c2cc1OC,9.017728766960431,<rdkit.Chem.rdchem.Mol object at 0x000001D6E2256200>,False,False
CHEMBL316064,IC50,nM,0.24,IC50,nM,0.24,COc1cc2ncnc(Nc3cccc(C(F)(F)F)c3)c2cc1OC,9.619788758288394,<rdkit.Chem.rdchem.Mol object at 0x000001D6E2256270>,False,False
CHEMBL93302,IC50,nM,4.7,IC50,nM,4.7,Oc1ccc2c(Nc3cccc(Br)c3)ncnc2c1,8.327902142064282,<rdkit.Chem.rdchem.Mol object at 0x000001D6E2256350>,False,False
CHEMBL418967,IC50,nM,0.17,IC50,nM,0.17,CCCOc1cc2ncnc(Nc3cccc(Br)c3)c2cc1OCCC,9.769551078621726,<rdkit.Chem.rdchem.Mol object at 0x000001D6E22563C0>,False,False
CHEMBL96627,IC50,nM,1367.0,IC50,nM,1367.0,COc1ccc2ncnc(Nc3cccc(Br)c3)c2c1OC,5.864231485432177,<rdkit.Chem.rdchem.Mol object at 0x000001D6E2256430>,False,False
CHEMBL94191,IC50,nM,29.0,IC50,nM,29.0,COc1cc2ncnc(Nc3ccccc3)c2cc1OC,7.5376020021010435,<rdkit.Chem.rdchem.Mol object at 0x000001D6E22564A0>,False,False
CHEMBL328879,IC50,nM,55.0,IC50,nM,55.0,COc1ccc2ncnc(Nc3ccccc3)c2c1,7.259637310505756,<rdkit.Chem.rdchem.Mol object at 0x000001D6E2256510>,False,False
CHEMBL90013,IC50,nM,11.0,IC50,nM,11.0,CN(C)c1ccc2c(Nc3cccc(Br)c3)ncnc2c1,7.958607314841775,<rdkit.Chem.rdchem.Mol object at 0x000001D6E2256660>,False,False
CHEMBL93051,IC50,nM,15.0,IC50,nM,15.0,Brc1cccc(Nc2ncnc3cc4c(cc23)OCO4)c1,7.823908740944319,<rdkit.Chem.rdchem.Mol object at 0x000001D6E2256820>,False,False
CHEMBL92174,IC50,nM,128.0,IC50,nM,128.0,COc1cc2ncnc(Nc3ccccc3Br)c2cc1OC,6.892790030352131,<rdkit.Chem.rdchem.Mol object at 0x000001D6E22569E0>,False,False
CHEMBL367625,IC50,nM,5100.0,IC50,uM,5.1,CCn1cnc2c(Nc3cccc(Cl)c3)nc(N[C@@H]3CCCC[C@@H]3N)nc21,5.292429823902063,<rdkit.Chem.rdchem.Mol object at 0x000001D6E2256A50>,False,False
CHEMBL368278,IC50,nM,5300.0,IC50,uM,5.3,CCn1cnc2c(Nc3cccc(Cl)c3)nc(N[C@H]3CCC[C@@H](N)C3)nc21,5.275724130399211,<rdkit.Chem.rdchem.Mol object at 0x000001D6E2256AC0>,False,False
CHEMBL93461,IC50,nM,40.0,IC50,nM,40.0,CC(=O)Nc1ccc2c(Nc3cccc(Br)c3)ncnc2c1,7.397940008672037,<rdkit.Chem.rdchem.Mol object at 0x000001D6E2256B30>,False,False
CHEMBL420254,IC50,nM,12.0,IC50,nM,12.0,CCNc1ccc2c(Nc3cccc(Br)c3)ncnc2c1,7.920818753952375,<rdkit.Chem.rdchem.Mol object at 0x000001D6E2256BA0>,False,False
CHEMBL52015,IC50,nM,84.0,IC50,nM,84.0,CN(C)c1ccc2ncnc(Nc3cccc(Br)c3)c2c1,7.075720713938118,<rdkit.Chem.rdchem.Mol object at 0x000001D6E2256CF0>,False,False
CHEMBL92985,IC50,nM,56.0,IC50,nM,56.0,Fc1cccc(Nc2ncnc3ccccc23)c1,7.251811972993799,<rdkit.Chem.rdchem.Mol object at 0x000001D6E2256DD0>,False,False
CHEMBL447230,IC50,nM,152.0,IC50,nM,152.0,COc1cc2ncnc(N(C)c3cccc(Br)c3)c2cc1OC,6.818156412055227,<rdkit.Chem.rdchem.Mol object at 0x000001D6E2256F20>,False,False
CHEMBL94431,IC50,nM,3.8,IC50,nM,3.8,COc1cc2ncnc(Nc3cccc(F)c3)c2cc1OC,8.42021640338319,<rdkit.Chem.rdchem.Mol object at 0x000001D6E2256F90>,False,False
CHEMBL50344,IC50,nM,4.0,IC50,nM,4.0,CNc1ccc2ncnc(Nc3cccc(Br)c3)c2c1,8.397940008672037,<rdkit.Chem.rdchem.Mol object at 0x000001D6E2233190>,False,False
CHEMBL93295,IC50,nM,463.0,IC50,nM,463.0,COc1cc2nc(N)nc(Nc3cccc(Br)c3)c2cc1OC,6.334419008982047,<rdkit.Chem.rdchem.Mol object at 0x000001D6E2233350>,False,False
CHEMBL328691,IC50,nM,12.0,IC50,nM,12.0,COC(=O)Nc1ccc2ncnc(Nc3cccc(Br)c3)c2c1,7.920818753952375,<rdkit.Chem.rdchem.Mol object at 0x000001D6E2233430>,False,False
CHEMBL92709,IC50,nM,113.0,IC50,nM,113.0,COc1cc2ncnc(Nc3cc(Br)cc(Br)c3)c2cc1OC,6.94692155651658,<rdkit.Chem.rdchem.Mol object at 0x000001D6E22334A0>,False,False
CHEMBL317925,IC50,nM,0.67,IC50,nM,0.67,COc1cc2ncnc(Nc3cccc(Br)c3)c2c(OC)c1OC,9.173925197299171,<rdkit.Chem.rdchem.Mol object at 0x000001D6E2233580>,False,False
CHEMBL92398,IC50,nM,120.0,IC50,nM,120.0,COc1ccc2c(Nc3ccccc3)ncnc2c1,6.920818753952375,<rdkit.Chem.rdchem.Mol object at 0x000001D6E22335F0>,False,False
CHEMBL327307,IC50,nM,0.072,IC50,nM,0.072,COc1cc2ncnc(Nc3ccc(Br)c(Br)c3)c2cc1OC,10.142667503568733,<rdkit.Chem.rdchem.Mol object at 0x000001D6E22336D0>,False,False
CHEMBL177053,IC50,nM,44.0,IC50,nM,44.0,Brc1cccc(Nc2ncnc3cc4ncsc4cc23)c1,7.356547323513812,<rdkit.Chem.rdchem.Mol object at 0x000001D6E2233820>,False,False
CHEMBL426580,IC50,nM,0.29,IC50,nM,0.29,Cc1nc2cc3c(Nc4cccc(Br)c4)ncnc3cc2[nH]1,9.537602002101044,<rdkit.Chem.rdchem.Mol object at 0x000001D6E2233890>,False,False
CHEMBL92902,IC50,nM,115.0,IC50,uM,0.115,CN1CCC=C(C(=O)Nc2ccc3ncnc(Nc4cccc(Br)c4)c3c2)C1,6.939302159646388,<rdkit.Chem.rdchem.Mol object at 0x000001D6E2233900>,False,False
CHEMBL172652,IC50,nM,4.1,IC50,nM,4.1,Brc1cccc(Nc2ncnc3cc4[nH]nnc4cc23)c1,8.387216143280265,<rdkit.Chem.rdchem.Mol object at 0x000001D6E2233AC0>,False,False
CHEMBL366580,IC50,nM,0.34,IC50,nM,0.34,Brc1cccc(Nc2ncnc3cc4c[nH]nc4cc23)c1,9.468521082957745,<rdkit.Chem.rdchem.Mol object at 0x000001D6E2233BA0>,False,False
CHEMBL176582,IC50,nM,0.01,IC50,nM,0.01,Cn1cnc2cc3ncnc(Nc4cccc(Br)c4)c3cc21,11.0,<rdkit.Chem.rdchem.Mol object at 0x000001D6E2233E40>,False,False
CHEMBL175101,IC50,nM,22.0,IC50,nM,22.0,CN(C)CCn1cnc2cc3c(Nc4cccc(Br)c4)ncnc3cc21,7.657577319177793,<rdkit.Chem.rdchem.Mol object at 0x000001D6E223F350>,False,False
CHEMBL174426,IC50,nM,0.025,IC50,nM,0.025,Cn1cnc2cc3c(Nc4cccc(Br)c4)ncnc3cc21,10.602059991327964,<rdkit.Chem.rdchem.Mol object at 0x000001D6E223F5F0>,False,False
CHEMBL427298,IC50,nM,203.0,IC50,nM,203.0,CN(C)CCn1cnc2c(Cl)c3c(Nc4cccc(Br)c4)ncnc3cc21,6.692503962086787,<rdkit.Chem.rdchem.Mol object at 0x000001D6E223FAC0>,False,False
CHEMBL176891,IC50,nM,1.32,IC50,nM,1.32,CN(C)CCn1cnc2cc3ncnc(Nc4cccc(Br)c4)c3cc21,8.87942606879415,<rdkit.Chem.rdchem.Mol object at 0x000001D6E223FDD0>,False,False
CHEMBL101683,IC50,nM,7300.0,IC50,uM,7.3,O=C(Nc1ccc(Cl)cc1)c1ccccc1NCc1ccncc1,5.136677139879544,<rdkit.Chem.rdchem.Mol object at 0x000001D6E223FEB0>,False,False
CHEMBL301359,IC50,nM,27.0,IC50,nM,27.0,c1ccc2ncncc2c1,7.568636235841013,<rdkit.Chem.rdchem.Mol object at 0x000001D6E223FF20>,False,False
CHEMBL53375,IC50,nM,39.0,IC50,nM,39.0,COc1cc2ncnc(Nc3cccc(Br)c3)c2cn1,7.4089353929735005,<rdkit.Chem.rdchem.Mol object at 0x000001D6E223FF90>,False,False
CHEMBL52472,IC50,nM,30.0,IC50,nM,30.0,COc1ccc2ncncc2c1,7.522878745280337,<rdkit.Chem.rdchem.Mol object at 0x000001D6E225B040>,False,False
CHEMBL301549,IC50,nM,263.0,IC50,nM,263.0,COc1ccc2c(Nc3cccc(Br)c3)ncnc2n1,6.580044251510242,<rdkit.Chem.rdchem.Mol object at 0x000001D6E225B0B0>,False,False
CHEMBL53796,IC50,nM,9.6,IC50,nM,9.6,CN(C)c1ccc2ncnc(Nc3cccc(Br)c3)c2n1,8.017728766960431,<rdkit.Chem.rdchem.Mol object at 0x000001D6E225B120>,False,False
CHEMBL53299,IC50,nM,2.3,IC50,nM,2.3,COc1ccc(CNc2cc3c(Nc4cccc(Br)c4)ncnc3cn2)cc1,8.638272163982407,<rdkit.Chem.rdchem.Mol object at 0x000001D6E225B190>,False,False
CHEMBL298637,IC50,nM,52.0,IC50,nM,52.0,CNc1ccc2c(Nc3cccc(Br)c3)ncnc2n1,7.2839966563652,<rdkit.Chem.rdchem.Mol object at 0x000001D6E225B200>,False,False
CHEMBL50519,IC50,nM,4.3,IC50,nM,4.3,COc1ccc2ncnc(Nc3cccc(Br)c3)c2n1,8.366531544420413,<rdkit.Chem.rdchem.Mol object at 0x000001D6E225B270>,False,False
CHEMBL53062,IC50,nM,2.6,IC50,nM,2.6,COc1cc2c(Nc3cccc(Br)c3)ncnc2cn1,8.585026652029182,<rdkit.Chem.rdchem.Mol object at 0x000001D6E225B2E0>,False,False
CHEMBL54805,IC50,nM,34.0,IC50,nM,34.0,Brc1cccc(Nc2ncnc3cccnc23)c1,7.468521082957745,<rdkit.Chem.rdchem.Mol object at 0x000001D6E225B350>,False,False
CHEMBL300083,IC50,nM,578.0,IC50,nM,578.0,Nc1cc2ncnc(NCc3ccccc3)c2cn1,6.238072161579471,<rdkit.Chem.rdchem.Mol object at 0x000001D6E225B4A0>,False,False
CHEMBL52418,IC50,nM,29.0,IC50,nM,29.0,CC(=O)Nc1cc2ncnc(Nc3cccc(Br)c3)c2cn1,7.5376020021010435,<rdkit.Chem.rdchem.Mol object at 0x000001D6E225B510>,False,False
CHEMBL53156,IC50,nM,3.1,IC50,nM,3.1,CNc1ccc2ncnc(Nc3cccc(Br)c3)c2n1,8.508638306165727,<rdkit.Chem.rdchem.Mol object at 0x000001D6E225B580>,False,False
CHEMBL54784,IC50,nM,1460.0,IC50,nM,1460.0,c1ccc(CNc2ncnc3ccncc23)cc1,5.835647144215563,<rdkit.Chem.rdchem.Mol object at 0x000001D6E225B5F0>,False,False
CHEMBL54474,IC50,nM,940.0,IC50,nM,940.0,Nc1ccc2c(Nc3cccc(Br)c3)ncnc2n1,6.026872146400302,<rdkit.Chem.rdchem.Mol object at 0x000001D6E225B6D0>,False,False
CHEMBL51320,IC50,nM,2030.0,IC50,nM,2030.0,c1ccc(CNc2ncnc3cnccc23)cc1,5.692503962086787,<rdkit.Chem.rdchem.Mol object at 0x000001D6E225B740>,False,False
CHEMBL51265,IC50,nM,51.0,IC50,nM,51.0,Brc1cccc(Nc2ncnc3cnccc23)c1,7.292429823902063,<rdkit.Chem.rdchem.Mol object at 0x000001D6E225B820>,False,False
CHEMBL50245,IC50,nM,324.0,IC50,nM,324.0,CN(C)c1ccc2c(Nc3cccc(Br)c3)ncnc2n1,6.489454989793388,<rdkit.Chem.rdchem.Mol object at 0x000001D6E225B890>,False,False
CHEMBL53552,IC50,nM,603.0,IC50,nM,603.0,c1ccc(CNc2ncnc3cccnc23)cc1,6.219682687859849,<rdkit.Chem.rdchem.Mol object at 0x000001D6E225B900>,False,False
CHEMBL55150,IC50,nM,120.0,IC50,nM,120.0,CN(C)c1ccc2ncncc2c1,6.920818753952375,<rdkit.Chem.rdchem.Mol object at 0x000001D6E225B970>,False,False
CHEMBL53850,IC50,nM,7.0,IC50,nM,7.0,CNc1ccc2ncncc2c1,8.154901959985743,<rdkit.Chem.rdchem.Mol object at 0x000001D6E225BA50>,False,False
CHEMBL52784,IC50,nM,11.0,IC50,nM,11.0,CN(C)c1ccc2cncnc2c1,7.958607314841775,<rdkit.Chem.rdchem.Mol object at 0x000001D6E225BB30>,False,False
CHEMBL54475,IC50,nM,688.0,IC50,nM,688.0,Brc1cccc(Nc2ncnc3ncccc23)c1,6.162411561764489,<rdkit.Chem.rdchem.Mol object at 0x000001D6E225BC10>,False,False
CHEMBL295961,IC50,nM,4.0,IC50,nM,4.0,CNc1ccc2cncnc2c1,8.397940008672037,<rdkit.Chem.rdchem.Mol object at 0x000001D6E225BC80>,False,False
CHEMBL52665,IC50,nM,35.0,IC50,nM,35.0,Brc1cccc(Nc2ncnc3ccncc23)c1,7.455931955649724,<rdkit.Chem.rdchem.Mol object at 0x000001D6E225BCF0>,False,False
CHEMBL300217,IC50,nM,7.6,IC50,nM,7.6,Nc1ccc2ncnc(Nc3cccc(Br)c3)c2n1,8.119186407719209,<rdkit.Chem.rdchem.Mol object at 0x000001D6E225BD60>,False,False
CHEMBL300491,IC50,nM,10.0,IC50,nM,10.0,COc1ccc2cncnc2c1,8.0,<rdkit.Chem.rdchem.Mol object at 0x000001D6E225BDD0>,False,False
CHEMBL53404,IC50,nM,100.0,IC50,nM,100.0,CC(=O)Nc1cc2ncnc(NCc3ccccc3)c2cn1,7.0,<rdkit.Chem.rdchem.Mol object at 0x000001D6E225BEB0>,False,False
CHEMBL109372,IC50,nM,5170.0,IC50,uM,5.17,COc1cc2ncc(C#N)c(Nc3ccc(F)c(Cl)c3)c2cc1OC,5.286509456906058,<rdkit.Chem.rdchem.Mol object at 0x000001D6E2231040>,False,False
CHEMBL358092,IC50,nM,14000.0,IC50,uM,14.0,COC(=O)c1ccc(-c2ccc(-c3ccccc3)cc2O)cc1,4.853871964321762,<rdkit.Chem.rdchem.Mol object at 0x000001D6E22310B0>,False,False
CHEMBL332333,IC50,nM,58.0,IC50,uM,0.058,c1ccc(Nc2nc[nH]c3nnc(Nc4ccccc4)c2-3)cc1,7.236572006437063,<rdkit.Chem.rdchem.Mol object at 0x000001D6E22313C0>,False,False
CHEMBL62756,IC50,nM,15000.0,IC50,uM,15.0,Nc1ncnc2c1ncn2-c1ccccc1,4.823908740944319,<rdkit.Chem.rdchem.Mol object at 0x000001D6E2231580>,False,False
CHEMBL120979,IC50,nM,8.0,IC50,uM,0.008,COc1cccc(Nc2[nH]nc3ncnc(Nc4cccc(Cl)c4)c23)c1,8.096910013008056,<rdkit.Chem.rdchem.Mol object at 0x000001D6E2231660>,False,False
CHEMBL122243,IC50,nM,800.0,IC50,uM,0.8,Nc1ncnc2c1c(-c1ccccc1)nn2-c1ccccc1,6.096910013008056,<rdkit.Chem.rdchem.Mol object at 0x000001D6E2231740>,False,False
CHEMBL122245,IC50,nM,7.0,IC50,uM,0.007,COc1ccc(CNc2[nH]nc3ncnc(Nc4cccc(Cl)c4)c23)cc1,8.154901959985743,<rdkit.Chem.rdchem.Mol object at 0x000001D6E22317B0>,False,False
CHEMBL49120,IC50,nM,350.0,IC50,uM,0.35,CCN(CC)CCOc1ccc(Nc2ncc3cc(-c4c(Cl)cccc4Cl)c(=O)n(C)c3n2)cc1,6.455931955649724,<rdkit.Chem.rdchem.Mol object at 0x000001D6E2231820>,False,False
CHEMBL153843,IC50,nM,10400.0,IC50,nM,10400.0,O=C(Nc1cccc(C(F)(F)F)c1)c1ccccc1NCc1ccncc1,4.982966660701219,<rdkit.Chem.rdchem.Mol object at 0x000001D6E2231900>,False,False
CHEMBL306081,IC50,nM,27000.0,IC50,uM,27.0,Cc1[nH]c2ncnc(Nc3cccc(Cl)c3)c2c1C,4.568636235841013,<rdkit.Chem.rdchem.Mol object at 0x000001D6E2231A50>,False,False
CHEMBL121796,IC50,nM,7.0,IC50,uM,0.007,Clc1cccc(Nc2[nH]cnc3nnc(NCc4ccccc4)c2-3)c1,8.154901959985743,<rdkit.Chem.rdchem.Mol object at 0x000001D6E2231C80>,False,False
CHEMBL121190,IC50,nM,160.0,IC50,uM,0.16,Nc1[nH]cnc2nnc(Nc3cccc(Cl)c3)c1-2,6.795880017344075,<rdkit.Chem.rdchem.Mol object at 0x000001D6E2231CF0>,False,False
CHEMBL331906,IC50,nM,26.0,IC50,uM,0.026,Oc1cccc(-c2[nH]nc3ncnc(Nc4cccc(Cl)c4)c23)c1,7.585026652029182,<rdkit.Chem.rdchem.Mol object at 0x000001D6E2231D60>,False,False
CHEMBL122068,IC50,nM,220.0,IC50,uM,0.22,Nc1nc(N)c2c(Nc3cccc(Cl)c3)[nH]nc2n1,6.657577319177793,<rdkit.Chem.rdchem.Mol object at 0x000001D6E2232040>,False,False
CHEMBL333231,IC50,nM,26.0,IC50,uM,0.026,Clc1cccc(CNc2[nH]nc3ncnc(Nc4cccc(Cl)c4)c23)c1,7.585026652029182,<rdkit.Chem.rdchem.Mol object at 0x000001D6E22320B0>,False,False
CHEMBL332971,IC50,nM,96.0,IC50,uM,0.096,COc1ccc(-c2[nH]nc3ncnc(Nc4cccc(Cl)c4)c23)cc1,7.017728766960431,<rdkit.Chem.rdchem.Mol object at 0x000001D6E2232120>,False,False
CHEMBL65063,IC50,nM,2700.0,IC50,uM,2.7,Nc1ncnc2c1cnn2-c1ccccc1,5.568636235841013,<rdkit.Chem.rdchem.Mol object at 0x000001D6E2232430>,False,False
CHEMBL120667,IC50,nM,450000.0,IC50,uM,450.0,Cc1c(C)n(C)c2ncnc(Nc3cccc(Cl)c3)c12,3.3467874862246565,<rdkit.Chem.rdchem.Mol object at 0x000001D6E22324A0>,False,False
CHEMBL123189,IC50,nM,8.0,IC50,uM,0.008,COc1cccc(CNc2[nH]nc3ncnc(Nc4cccc(Cl)c4)c23)c1,8.096910013008056,<rdkit.Chem.rdchem.Mol object at 0x000001D6E2232510>,False,False
CHEMBL420885,IC50,nM,270.0,IC50,uM,0.27,CC(C)(C)OC(=O)Nc1ccc(-c2[nH]nc3ncnc(Nc4cccc(Cl)c4)c23)cc1,6.568636235841013,<rdkit.Chem.rdchem.Mol object at 0x000001D6E22325F0>,False,False
CHEMBL334026,IC50,nM,24200.0,IC50,uM,24.2,Clc1cccc(Nc2[nH]nc3ncnc(Oc4cccc(Cl)c4)c23)c1,4.616184634019569,<rdkit.Chem.rdchem.Mol object at 0x000001D6E2232660>,False,False
CHEMBL333038,IC50,nM,330.0,IC50,uM,0.33,Clc1cccc(Nc2nc[nH]c3nnc(Nc4cccc(Cl)c4)c2-3)c1,6.481486060122113,<rdkit.Chem.rdchem.Mol object at 0x000001D6E22327B0>,False,False
CHEMBL119982,IC50,nM,870.0,IC50,uM,0.87,Clc1cccc(Nc2[nH]nc3ncnc(NCc4ccccc4)c23)c1,6.060480747381382,<rdkit.Chem.rdchem.Mol object at 0x000001D6E2232820>,False,False
CHEMBL120319,IC50,nM,130.0,IC50,uM,0.13,Clc1cccc(Nc2[nH]nc3ncnc(Nc4cccc(Br)c4)c23)c1,6.886056647693163,<rdkit.Chem.rdchem.Mol object at 0x000001D6E2232900>,False,False
CHEMBL121260,IC50,nM,84.0,IC50,uM,0.084,Clc1cccc(Nc2[nH]nc3ncnc(Nc4ccccc4)c23)c1,7.075720713938118,<rdkit.Chem.rdchem.Mol object at 0x000001D6E2232A50>,False,False
CHEMBL121954,IC50,nM,1.0,IC50,uM,0.001,Oc1cccc(Nc2[nH]nc3ncnc(Nc4cccc(Cl)c4)c23)c1,9.0,<rdkit.Chem.rdchem.Mol object at 0x000001D6E2232AC0>,False,False
CHEMBL319540,IC50,nM,2710.0,IC50,uM,2.71,Cc1c(C)n(-c2ccccc2)c2ncnc(N)c12,5.567030709125595,<rdkit.Chem.rdchem.Mol object at 0x000001D6E2232BA0>,False,False
CHEMBL122411,IC50,nM,30.0,IC50,uM,0.03,COc1ccc(Nc2[nH]nc3ncnc(Nc4cccc(Cl)c4)c23)cc1,7.522878745280337,<rdkit.Chem.rdchem.Mol object at 0x000001D6E2232C10>,False,False
CHEMBL120069,IC50,nM,130.0,IC50,uM,0.13,Cc1cccc(Nc2[nH]cnc3nnc(Nc4cccc(Cl)c4)c2-3)c1,6.886056647693163,<rdkit.Chem.rdchem.Mol object at 0x000001D6E2232EB0>,False,False
CHEMBL119977,IC50,nM,19.0,IC50,uM,0.019,Clc1cccc(Nc2[nH]cnc3nnc(-c4ccccc4)c2-3)c1,7.721246399047171,<rdkit.Chem.rdchem.Mol object at 0x000001D6E2232F20>,False,False
CHEMBL118130,IC50,nM,6.0,IC50,uM,0.006,Oc1ccc(-c2[nH]nc3ncnc(Nc4cccc(Cl)c4)c23)cc1,8.221848749616356,<rdkit.Chem.rdchem.Mol object at 0x000001D6E2232F90>,False,False
CHEMBL2111784,IC50,nM,1100.0,IC50,uM,1.1,C[C@H](Nc1cc(-c2sc(C3CCN(C)CC3)nc2-c2ccc(F)cc2)ccn1)c1ccccc1,5.958607314841775,<rdkit.Chem.rdchem.Mol object at 0x000001D6E2236040>,False,False
CHEMBL120185,IC50,nM,8700.0,IC50,uM,8.7,CN1CCN(c2ccc3c(n2)nc(-c2ccc(F)cc2)n3-c2ccnc(NC3CCCC3)n2)CC1,5.060480747381382,<rdkit.Chem.rdchem.Mol object at 0x000001D6E2236190>,False,False
CHEMBL121405,IC50,nM,2000.0,IC50,uM,2.0,OC1(c2nc(-c3ccc(F)cc3)c(-c3ccnc(NC4CCCCC4)c3)o2)CCNCC1,5.698970004336019,<rdkit.Chem.rdchem.Mol object at 0x000001D6E2236270>,False,False
CHEMBL27085,IC50,nM,100000.0,IC50,uM,100.0,Cc1nc(O)c2c(ccc3[nH]c(Nc4c(Cl)cccc4Cl)nc32)c1C,4.0,<rdkit.Chem.rdchem.Mol object at 0x000001D6E22363C0>,False,False
CHEMBL104466,IC50,nM,3700.0,IC50,uM,3.7,COc1cc2ncc(N[C@H]3CC[C@H](O)CC3)nc2cc1OC,5.431798275933005,<rdkit.Chem.rdchem.Mol object at 0x000001D6E2236430>,False,False
CHEMBL75208,IC50,nM,200.0,IC50,uM,0.2,Cc1[nH]c2ncnc(Nc3cccc(C#N)c3)c2c1C,6.698970004336019,<rdkit.Chem.rdchem.Mol object at 0x000001D6E22364A0>,False,False
CHEMBL76444,IC50,nM,500.0,IC50,uM,0.5,Cc1[nH]c2ncnc(N(C)c3cccc(Cl)c3)c2c1C,6.301029995663981,<rdkit.Chem.rdchem.Mol object at 0x000001D6E2236510>,False,False
CHEMBL306315,IC50,nM,6.0,IC50,uM,0.006,Clc1cccc(Nc2ncnc3[nH]c4ccccc4c23)c1,8.221848749616356,<rdkit.Chem.rdchem.Mol object at 0x000001D6E2236580>,False,False
CHEMBL433305,IC50,nM,310.0,IC50,uM,0.31,c1ccc(Nc2ncnc3[nH]c4c(c23)CCCC4)cc1,6.508638306165727,<rdkit.Chem.rdchem.Mol object at 0x000001D6E22365F0>,False,False
CHEMBL421686,IC50,nM,1080.0,IC50,uM,1.08,Cc1[nH]c2ncnc(NCc3ccccc3)c2c1C,5.966576244513051,<rdkit.Chem.rdchem.Mol object at 0x000001D6E2236660>,False,False
CHEMBL307062,IC50,nM,820.0,IC50,uM,0.82,Cc1cccc(Nc2ncnc3[nH]c4c(c23)CCCC4)c1,6.086186147616283,<rdkit.Chem.rdchem.Mol object at 0x000001D6E22366D0>,False,False
CHEMBL74645,IC50,nM,25700.0,IC50,uM,25.7,O=C(O)c1cccc(Nc2ncnc3[nH]c4c(c23)CCCC4)c1,4.590066876668706,<rdkit.Chem.rdchem.Mol object at 0x000001D6E2236740>,False,False
CHEMBL74778,IC50,nM,1250.0,IC50,uM,1.25,Cc1[nH]c2ncnc(Nc3cccc(O)c3)c2c1C,5.903089986991944,<rdkit.Chem.rdchem.Mol object at 0x000001D6E22367B0>,False,False
CHEMBL307209,IC50,nM,96.0,IC50,uM,0.096,Clc1cccc(Nc2ncnc3[nH]c(-c4ccccc4)c(-c4ccccc4)c23)c1,7.017728766960431,<rdkit.Chem.rdchem.Mol object at 0x000001D6E2236820>,False,False
CHEMBL73406,IC50,nM,170.0,IC50,uM,0.17,Cc1[nH]c2ncnc(Nc3cc(Cl)cc(Cl)c3)c2c1C,6.769551078621726,<rdkit.Chem.rdchem.Mol object at 0x000001D6E2236890>,False,False
CHEMBL72393,IC50,nM,46.0,IC50,uM,0.046,Brc1cccc(Nc2ncnc3[nH]c4c(c23)CCCC4)c1,7.337242168318426,<rdkit.Chem.rdchem.Mol object at 0x000001D6E2236900>,False,False
CHEMBL307599,IC50,nM,2100.0,IC50,uM,2.1,Cc1ccc(Nc2ncnc3[nH]c(C)c(C)c23)cc1,5.6777807052660805,<rdkit.Chem.rdchem.Mol object at 0x000001D6E2236970>,False,False
CHEMBL440873,IC50,nM,360.0,IC50,uM,0.36,FC(F)(F)c1cccc(Nc2ncnc3[nH]c4c(c23)CCCC4)c1,6.443697499232712,<rdkit.Chem.rdchem.Mol object at 0x000001D6E22369E0>,False,False
CHEMBL308593,IC50,nM,230.0,IC50,uM,0.23,Cc1[nH]c2ncnc(Nc3cccc(Cl)c3)c2c1-c1ccccc1,6.638272163982407,<rdkit.Chem.rdchem.Mol object at 0x000001D6E2236A50>,False,False
CHEMBL4106341,IC50,nM,6920.0,IC50,uM,6.92,Cc1[nH]c2ncnc(NC3CCCCC3)c2c1C,5.1598939055432425,<rdkit.Chem.rdchem.Mol object at 0x000001D6E2236AC0>,False,False
CHEMBL74481,IC50,nM,110.0,IC50,uM,0.11,Cc1ccc(Nc2ncnc3[nH]c4c(c23)CCCC4)cc1,6.958607314841775,<rdkit.Chem.rdchem.Mol object at 0x000001D6E2236B30>,False,False
CHEMBL75177,IC50,nM,29.0,IC50,uM,0.029,Clc1cccc(Nc2ncnc3[nH]c4c(c23)CCCC4)c1,7.5376020021010435,<rdkit.Chem.rdchem.Mol object at 0x000001D6E2236BA0>,False,False
CHEMBL306029,IC50,nM,1900.0,IC50,uM,1.9,Cc1[nH]c2ncnc(Nc3cccc(C(F)(F)F)c3)c2c1C,5.721246399047171,<rdkit.Chem.rdchem.Mol object at 0x000001D6E2236C10>,False,False
CHEMBL431191,IC50,nM,860.0,IC50,uM,0.86,COc1cccc(Nc2ncnc3[nH]c4c(c23)CCCC4)c1,6.0655015487564325,<rdkit.Chem.rdchem.Mol object at 0x000001D6E2236C80>,False,False
CHEMBL73301,IC50,nM,1200.0,IC50,uM,1.2,COc1cccc(Nc2ncnc3[nH]c(C)c(C)c23)c1,5.920818753952375,<rdkit.Chem.rdchem.Mol object at 0x000001D6E2236CF0>,False,False
CHEMBL73710,IC50,nM,560.0,IC50,uM,0.56,Cc1[nH]c2ncnc(Nc3ccc(F)cc3)c2c1C,6.251811972993799,<rdkit.Chem.rdchem.Mol object at 0x000001D6E2236D60>,False,False
CHEMBL73625,IC50,nM,75100.0,IC50,uM,75.1,Cc1[nH]c2ncnc(Nc3ccccc3Cl)c2c1C,4.124360062995832,<rdkit.Chem.rdchem.Mol object at 0x000001D6E2236DD0>,False,False
CHEMBL72322,IC50,nM,420.0,IC50,uM,0.42,Oc1cccc(Nc2ncnc3[nH]c4c(c23)CCCC4)c1,6.376750709602099,<rdkit.Chem.rdchem.Mol object at 0x000001D6E2236E40>,False,False
CHEMBL431001,IC50,nM,16300.0,IC50,uM,16.3,Cc1[nH]c2ncnc(Nc3cccc(C(=O)O)c3)c2c1C,4.787812395596042,<rdkit.Chem.rdchem.Mol object at 0x000001D6E2236EB0>,False,False
CHEMBL75049,IC50,nM,1900.0,IC50,uM,1.9,Cc1[nH]c2ncnc(Nc3ccccc3)c2c1C,5.721246399047171,<rdkit.Chem.rdchem.Mol object at 0x000001D6E2236F20>,False,False
CHEMBL309937,IC50,nM,77500.0,IC50,uM,77.5,CCc1ccc(Nc2ncnc3[nH]c(C)c(C)c23)cc1,4.110698297493689,<rdkit.Chem.rdchem.Mol object at 0x000001D6E2236F90>,False,False
CHEMBL74722,IC50,nM,25.0,IC50,uM,0.025,Cc1[nH]c2ncnc(Nc3cccc(Br)c3)c2c1C,7.602059991327962,<rdkit.Chem.rdchem.Mol object at 0x000001D6E223C040>,False,False
CHEMBL76116,IC50,nM,2500.0,IC50,uM,2.5,Cc1[nH]c2ncnc(Oc3cccc(Cl)c3)c2c1C,5.6020599913279625,<rdkit.Chem.rdchem.Mol object at 0x000001D6E223C0B0>,False,False
CHEMBL307026,IC50,nM,570.0,IC50,uM,0.57,Cc1cccc(Nc2ncnc3[nH]c(C)c(C)c23)c1,6.2441251443275085,<rdkit.Chem.rdchem.Mol object at 0x000001D6E223C120>,False,False
CHEMBL308582,IC50,nM,550.0,IC50,uM,0.55,Cc1[nH]c2ncnc(Nc3cccc(F)c3)c2c1C,6.259637310505756,<rdkit.Chem.rdchem.Mol object at 0x000001D6E223C190>,False,False
CHEMBL311129,IC50,nM,10.0,IC50,uM,0.01,Cc1c(-c2ccccc2)[nH]c2ncnc(Nc3cccc(Cl)c3)c12,8.0,<rdkit.Chem.rdchem.Mol object at 0x000001D6E223C200>,False,False
CHEMBL181275,IC50,nM,200.0,IC50,uM,0.2,Fc1ccc(Nc2ncnc3nn4ccccc4c23)cc1Cl,6.698970004336019,<rdkit.Chem.rdchem.Mol object at 0x000001D6E223C2E0>,False,False
CHEMBL182254,IC50,nM,32.0,IC50,uM,0.032,Fc1cccc(COc2ccc(Nc3ncnc4nn5ccccc5c34)cc2Cl)c1,7.494850021680094,<rdkit.Chem.rdchem.Mol object at 0x000001D6E223C350>,False,False
CHEMBL181742,IC50,nM,50.0,IC50,uM,0.05,Clc1cc(Nc2ncnc3nn4ccccc4c23)ccc1OCc1ccccc1,7.301029995663981,<rdkit.Chem.rdchem.Mol object at 0x000001D6E223C3C0>,False,False
CHEMBL361322,IC50,nM,5010.0,IC50,uM,5.01,c1ccc(Cc2nc3cc(Nc4ncnc5nn6ccccc6c45)ccc3[nH]2)cc1,5.300162274132754,<rdkit.Chem.rdchem.Mol object at 0x000001D6E223C430>,False,False
CHEMBL186802,IC50,nM,5600.0,IC50,uM,5.6,COc1cc2ncnc(Nc3cccc(NC(=O)c4ccccc4)c3)c2cc1OC,5.251811972993799,<rdkit.Chem.rdchem.Mol object at 0x000001D6E223C580>,False,False
CHEMBL186580,IC50,nM,490.0,IC50,uM,0.49,COc1cc2ncnc(Nc3cc(NC(=O)c4ccccc4)c(F)cc3F)c2cc1OC,6.309803919971486,<rdkit.Chem.rdchem.Mol object at 0x000001D6E223C5F0>,False,False
CHEMBL185327,IC50,nM,11000.0,IC50,uM,11.0,COc1cc2ncnc(Nc3cc(NC(=O)c4ccccc4)ccc3Cl)c2cc1OC,4.958607314841775,<rdkit.Chem.rdchem.Mol object at 0x000001D6E223C660>,False,False
CHEMBL186747,IC50,nM,3200.0,IC50,uM,3.2,COc1cc2ncnc(Nc3ccc(C)c(NC(=O)c4ccccc4)c3)c2cc1OC,5.494850021680094,<rdkit.Chem.rdchem.Mol object at 0x000001D6E223C6D0>,False,False
CHEMBL182397,IC50,nM,2800.0,IC50,uM,2.8,COc1cc2ncnc(Nc3cccc(NC(=O)c4ccccc4)c3F)c2cc1OC,5.552841968657781,<rdkit.Chem.rdchem.Mol object at 0x000001D6E223C740>,False,False
CHEMBL360209,IC50,nM,2200.0,IC50,uM,2.2,COc1cc2ncnc(Nc3ccc(Cl)c(NC(=O)c4ccccc4)c3)c2cc1OC,5.657577319177793,<rdkit.Chem.rdchem.Mol object at 0x000001D6E223C7B0>,False,False
CHEMBL187007,IC50,nM,29000.0,IC50,uM,29.0,COc1cc2ncnc(Nc3cc(NC(=O)c4cccc(N(C)C)c4)ccc3Cl)c2cc1OC,4.537602002101044,<rdkit.Chem.rdchem.Mol object at 0x000001D6E223C820>,False,False
CHEMBL184682,IC50,nM,1000.0,IC50,uM,1.0,COc1cc2ncnc(Nc3ccc(Cl)c(NC(=O)c4cccc(N(C)C)c4)c3)c2cc1OC,6.0,<rdkit.Chem.rdchem.Mol object at 0x000001D6E223C890>,False,False
CHEMBL185637,IC50,nM,110.0,IC50,uM,0.11,Fc1ccc(Nc2ncnn3cccc23)cc1Cl,6.958607314841775,<rdkit.Chem.rdchem.Mol object at 0x000001D6E223C900>,False,False
CHEMBL188304,IC50,nM,100.0,IC50,uM,0.1,Cc1ccn2ncnc(Nc3ccc(F)c(Cl)c3)c12,7.0,<rdkit.Chem.rdchem.Mol object at 0x000001D6E223C970>,False,False
CHEMBL186080,IC50,nM,150.0,IC50,uM,0.15,Cc1cc2c(Nc3ccc(F)c(Cl)c3)ncnn2c1,6.823908740944319,<rdkit.Chem.rdchem.Mol object at 0x000001D6E223C9E0>,False,False
CHEMBL184311,IC50,nM,3250.0,IC50,uM,3.25,Cc1ccc2c(Nc3ccc(F)c(Cl)c3)ncnn12,5.488116639021126,<rdkit.Chem.rdchem.Mol object at 0x000001D6E223CA50>,False,False
CHEMBL185853,IC50,nM,510.0,IC50,uM,0.51,Cc1ccc(Nc2ncnn3cccc23)cc1O,6.292429823902063,<rdkit.Chem.rdchem.Mol object at 0x000001D6E223CAC0>,False,False
CHEMBL188522,IC50,nM,340.0,IC50,uM,0.34,Cc1ccc(Nc2ncnn3ccc(C)c23)cc1O,6.468521082957745,<rdkit.Chem.rdchem.Mol object at 0x000001D6E223CB30>,False,False
CHEMBL184750,IC50,nM,650.0,IC50,uM,0.65,Cc1cc2c(Nc3ccc(C)c(O)c3)ncnn2c1,6.187086643357144,<rdkit.Chem.rdchem.Mol object at 0x000001D6E223CBA0>,False,False
CHEMBL187431,IC50,nM,29400.0,IC50,uM,29.4,Cc1ccc(Nc2ncnn3c(C)ccc23)cc1O,4.531652669587842,<rdkit.Chem.rdchem.Mol object at 0x000001D6E223CC10>,False,False
CHEMBL186001,IC50,nM,200.0,IC50,uM,0.2,Cc1ccc(Nc2ncnn3cc(C)c(C)c23)cc1O,6.698970004336019,<rdkit.Chem.rdchem.Mol object at 0x000001D6E223CC80>,False,False
CHEMBL363130,IC50,nM,8400.0,IC50,uM,8.4,Cc1ccsc1C(=O)n1nc(Nc2ccc(S(N)(=O)=O)cc2)nc1N,5.075720713938118,<rdkit.Chem.rdchem.Mol object at 0x000001D6E223CD60>,False,False
CHEMBL363607,IC50,nM,45800.0,IC50,uM,45.8,Cc1ccc(F)c(C(=O)n2nc(Nc3ccc(S(N)(=O)=O)cc3)nc2C)c1F,4.33913452199613,<rdkit.Chem.rdchem.Mol object at 0x000001D6E223CDD0>,False,False
CHEMBL192737,IC50,nM,174.0,IC50,nM,174.0,COCC(=O)Nc1ccc2ncnc(Nc3cccc(Br)c3)c2c1,6.7594507517174005,<rdkit.Chem.rdchem.Mol object at 0x000001D6E223CEB0>,False,False
CHEMBL196018,IC50,nM,90.0,IC50,uM,0.09,CCOC(=O)c1cn2ncnc(Nc3ccc(F)c(Cl)c3)c2c1CC,7.045757490560675,<rdkit.Chem.rdchem.Mol object at 0x000001D6E223D4A0>,False,False
CHEMBL370934,IC50,nM,60.0,IC50,uM,0.06,CCOC(=O)c1cn2ncnc(Nc3cccc(Br)c3)c2c1CC,7.221848749616356,<rdkit.Chem.rdchem.Mol object at 0x000001D6E223D510>,False,False
CHEMBL372112,IC50,nM,50.0,IC50,uM,0.05,CCOC(=O)c1cn2ncnc(Nc3ccc4[nH]ncc4c3)c2c1CC,7.301029995663981,<rdkit.Chem.rdchem.Mol object at 0x000001D6E223D580>,False,False
CHEMBL371863,IC50,nM,200.0,IC50,uM,0.2,CCOC(=O)c1cn2ncnc(NCc3ccccc3)c2c1CC,6.698970004336019,<rdkit.Chem.rdchem.Mol object at 0x000001D6E223D5F0>,False,False
CHEMBL196925,IC50,nM,120.0,IC50,uM,0.12,CCOC(=O)c1cn2ncnc(Nc3ccc4c(cnn4Cc4ccccc4)c3)c2c1CC,6.920818753952375,<rdkit.Chem.rdchem.Mol object at 0x000001D6E223D660>,False,False
CHEMBL194349,IC50,nM,610.0,IC50,uM,0.61,CCOC(=O)c1cn2ncnc(Nc3ccc(Oc4ccccc4)cc3)c2c1CC,6.214670164989233,<rdkit.Chem.rdchem.Mol object at 0x000001D6E223D6D0>,False,False
CHEMBL425738,IC50,nM,120.0,IC50,uM,0.12,CCOC(=O)c1cc2c(Nc3ccc4c(cnn4Cc4ccccc4)c3)ncnn2c1,6.920818753952375,<rdkit.Chem.rdchem.Mol object at 0x000001D6E223D740>,False,False
CHEMBL196738,IC50,nM,200.0,IC50,uM,0.2,CCOC(=O)c1cn2ncnc(Nc3ccc4c(cnn4Cc4ccccc4)c3)c2c1C,6.698970004336019,<rdkit.Chem.rdchem.Mol object at 0x000001D6E223D7B0>,False,False
CHEMBL365606,IC50,nM,200.0,IC50,uM,0.2,CCOC(=O)c1cn2ncnc(Nc3ccc4c(cnn4Cc4ccccc4)c3)c2c1C(C)C,6.698970004336019,<rdkit.Chem.rdchem.Mol object at 0x000001D6E223D820>,False,False
CHEMBL438805,IC50,nM,950.0,IC50,uM,0.95,CCCc1c(C(=O)OCC)cn2ncnc(Nc3ccc4c(cnn4Cc4ccccc4)c3)c12,6.022276394711152,<rdkit.Chem.rdchem.Mol object at 0x000001D6E223D890>,False,False
CHEMBL196438,IC50,nM,20.0,IC50,uM,0.02,CCc1c(C(=O)O)cn2ncnc(Nc3ccc4c(cnn4Cc4ccccc4)c3)c12,7.698970004336019,<rdkit.Chem.rdchem.Mol object at 0x000001D6E223D900>,False,False
CHEMBL194958,IC50,nM,120.0,IC50,uM,0.12,CCc1c(C(N)=O)cn2ncnc(Nc3ccc4c(cnn4Cc4ccccc4)c3)c12,6.920818753952375,<rdkit.Chem.rdchem.Mol object at 0x000001D6E223D970>,False,False
CHEMBL197689,IC50,nM,70.0,IC50,uM,0.07,CCc1c(C(=O)NC)cn2ncnc(Nc3ccc4c(cnn4Cc4ccccc4)c3)c12,7.154901959985743,<rdkit.Chem.rdchem.Mol object at 0x000001D6E223D9E0>,False,False
CHEMBL372293,IC50,nM,200.0,IC50,uM,0.2,CCc1c(C(=O)N(C)C)cn2ncnc(Nc3ccc4c(cnn4Cc4ccccc4)c3)c12,6.698970004336019,<rdkit.Chem.rdchem.Mol object at 0x000001D6E223DA50>,False,False
CHEMBL372523,IC50,nM,210.0,IC50,uM,0.21,CCc1c(NC(=O)OCc2ccccc2)cn2ncnc(Nc3ccc4c(cnn4Cc4ccccc4)c3)c12,6.6777807052660805,<rdkit.Chem.rdchem.Mol object at 0x000001D6E223DAC0>,False,False
CHEMBL373025,IC50,nM,490.0,IC50,uM,0.49,CCc1c(CO)cn2ncnc(Nc3ccc4c(cnn4Cc4ccccc4)c3)c12,6.309803919971486,<rdkit.Chem.rdchem.Mol object at 0x000001D6E223DB30>,False,False
CHEMBL369967,IC50,nM,7400.0,IC50,uM,7.4,CCNCc1cn2ncnc(Nc3ccc4c(cnn4Cc4ccccc4)c3)c2c1CC,5.130768280269024,<rdkit.Chem.rdchem.Mol object at 0x000001D6E223DBA0>,False,False
CHEMBL196548,IC50,nM,950.0,IC50,uM,0.95,CCOCc1cn2ncnc(Nc3ccc4c(cnn4Cc4ccccc4)c3)c2c1CC,6.022276394711152,<rdkit.Chem.rdchem.Mol object at 0x000001D6E223DC10>,False,False
CHEMBL194160,IC50,nM,1100.0,IC50,uM,1.1,CCc1c(CC(N)=O)cn2ncnc(Nc3ccc4c(cnn4Cc4ccccc4)c3)c12,5.958607314841775,<rdkit.Chem.rdchem.Mol object at 0x000001D6E223DC80>,False,False
CHEMBL372692,IC50,nM,1600.0,IC50,uM,1.6,CCc1c(CC(=O)O)cn2ncnc(Nc3ccc4c(cnn4Cc4ccccc4)c3)c12,5.795880017344075,<rdkit.Chem.rdchem.Mol object at 0x000001D6E223DCF0>,False,False
CHEMBL412367,IC50,nM,40.0,IC50,uM,0.04,CCc1c(NC(=O)OCCn2ccnc2)cn2ncnc(Nc3ccc4c(cnn4Cc4ccccc4)c3)c12,7.397940008672037,<rdkit.Chem.rdchem.Mol object at 0x000001D6E223DE40>,False,False
CHEMBL371888,IC50,nM,59.0,IC50,uM,0.059,COc1cc2ncnc(Nc3ccc(OCc4ccccn4)c(C)c3)c2cc1OC,7.229147988357855,<rdkit.Chem.rdchem.Mol object at 0x000001D6E223DEB0>,False,False
CHEMBL444619,IC50,nM,5.0,IC50,uM,0.005,COc1cc(ON2CCC(C)CC2)c2c(Nc3ccc(OCc4ccccn4)c(Cl)c3)ncnc2c1,8.301029995663981,<rdkit.Chem.rdchem.Mol object at 0x000001D6E223DF20>,False,False
CHEMBL197640,IC50,nM,5.0,IC50,uM,0.005,CN1CCC(Oc2cccc3ncnc(Nc4ccc(OCc5cccc(F)c5)c(Cl)c4)c23)CC1,8.301029995663981,<rdkit.Chem.rdchem.Mol object at 0x000001D6E223DF90>,False,False
CHEMBL197525,IC50,nM,1800.0,IC50,uM,1.8,COc1ccc(Nc2ncnc3cccc(OC4CCN(C)CC4)c23)cc1Cl,5.7447274948966935,<rdkit.Chem.rdchem.Mol object at 0x000001D6E2235040>,False,False
CHEMBL193578,IC50,nM,2400.0,IC50,uM,2.4,Clc1cc(Nc2ncnc3cccc(OC4CCOCC4)c23)ccc1OCc1ccccn1,5.619788758288394,<rdkit.Chem.rdchem.Mol object at 0x000001D6E22350B0>,False,False
CHEMBL193544,IC50,nM,140.0,IC50,uM,0.14,CN1CCC(Oc2cccc3ncnc(Nc4ccc(OCc5ccccn5)c(Cl)c4)c23)CC1,6.853871964321762,<rdkit.Chem.rdchem.Mol object at 0x000001D6E2235120>,False,False
CHEMBL436511,IC50,nM,690.0,IC50,uM,0.69,CN1CCC(Oc2cccc3ncnc(Nc4ccc(OCc5cnccn5)c(Cl)c4)c23)CC1,6.161150909262744,<rdkit.Chem.rdchem.Mol object at 0x000001D6E2235190>,False,False
CHEMBL195204,IC50,nM,698.0,IC50,uM,0.698,CN1CCC(Oc2cccc3ncnc(Nc4ccc(OCc5cscn5)c(Cl)c4)c23)CC1,6.156144577376839,<rdkit.Chem.rdchem.Mol object at 0x000001D6E2235200>,False,False
CHEMBL194337,IC50,nM,2100.0,IC50,uM,2.1,CN1CCC(Oc2cccc3ncnc(Nc4ccc(OCc5ccccn5)cc4)c23)CC1,5.6777807052660805,<rdkit.Chem.rdchem.Mol object at 0x000001D6E2235270>,False,False
CHEMBL194389,IC50,nM,440.0,IC50,uM,0.44,COc1cccc2ncnc(Nc3ccc(OCc4ccccn4)c(Cl)c3)c12,6.356547323513812,<rdkit.Chem.rdchem.Mol object at 0x000001D6E22352E0>,False,False
CHEMBL401930,IC50,nM,1600.0,IC50,nM,1600.0,Cc1cc(N2CCOCC2)cc2[nH]c(-c3c(NC[C@@H](O)c4cccc(Cl)c4)cc[nH]c3=O)nc12,5.795880017344075,<rdkit.Chem.rdchem.Mol object at 0x000001D6E2235350>,False,False
CHEMBL382862,IC50,nM,10000.0,IC50,uM,10.0,Brc1ccc2c(c1)CNc1c(Nc3ccccc3)ncnc1O2,5.0,<rdkit.Chem.rdchem.Mol object at 0x000001D6E223E120>,False,False
CHEMBL203295,IC50,nM,21.0,IC50,nM,21.0,COc1cc(OC2CCN(C)CC2)c2c(Nc3ccc(F)c(Cl)c3)ncnc2c1,7.67778070526608,<rdkit.Chem.rdchem.Mol object at 0x000001D6E223E190>,False,False
CHEMBL379017,IC50,nM,9601.0,IC50,nM,9601.0,COc1cc(OC2CCN(S(C)(=O)=O)CC2)c2c(Nc3ccc(F)c(Cl)c3)ncnc2c1,5.017683530307934,<rdkit.Chem.rdchem.Mol object at 0x000001D6E223E2E0>,False,False
CHEMBL204330,IC50,nM,873.0,IC50,nM,873.0,COc1cc(OC2CCN(C(C)=O)CC2)c2c(Nc3ccc(F)c(Cl)c3)ncnc2c1,6.058985756294431,<rdkit.Chem.rdchem.Mol object at 0x000001D6E223E350>,False,False
CHEMBL205149,IC50,nM,10.0,IC50,nM,10.0,COc1cc(OC2CCNCC2)c2c(Nc3ccc(F)c(Cl)c3)ncnc2c1,8.0,<rdkit.Chem.rdchem.Mol object at 0x000001D6E223E3C0>,False,False
CHEMBL203725,IC50,nM,3.0,IC50,nM,3.0,CN1CCC(Oc2cccc3ncnc(Nc4ccc(F)c(Cl)c4)c23)CC1,8.522878745280337,<rdkit.Chem.rdchem.Mol object at 0x000001D6E223E430>,False,False
CHEMBL203936,IC50,nM,225.0,IC50,nM,225.0,COc1ccc2ncnc(Nc3ccc(F)c(Cl)c3)c2c1OC1CCN(C)CC1,6.647817481888637,<rdkit.Chem.rdchem.Mol object at 0x000001D6E223E4A0>,False,False
CHEMBL377277,IC50,nM,8068.0,IC50,nM,8068.0,COc1cc(OC(C)C)c2c(Nc3ccc(F)c(Cl)c3)ncnc2c1,5.093234110459272,<rdkit.Chem.rdchem.Mol object at 0x000001D6E223E510>,False,False
CHEMBL204268,IC50,nM,187.0,IC50,nM,187.0,COc1cc(OC2CCOC2)c2c(Nc3ccc(F)c(Cl)c3)ncnc2c1,6.728158393463501,<rdkit.Chem.rdchem.Mol object at 0x000001D6E223E580>,False,False
CHEMBL205783,IC50,nM,1384.0,IC50,nM,1384.0,COc1cc(OC2CCOCC2)c2c(Nc3ccc(F)c(Cl)c3)ncnc2c1,5.858863909879261,<rdkit.Chem.rdchem.Mol object at 0x000001D6E223E5F0>,False,False
CHEMBL381306,IC50,nM,6000.0,IC50,uM,6.0,Brc1ccc2c(c1)CNc1c(NCc3ccccc3)ncnc1O2,5.221848749616356,<rdkit.Chem.rdchem.Mol object at 0x000001D6E223E660>,False,False
CHEMBL204223,IC50,nM,6300.0,IC50,uM,6.3,COc1cc(OC)c2c(c1)Oc1ncnc(Nc3cccc(Br)c3)c1NC2,5.200659450546418,<rdkit.Chem.rdchem.Mol object at 0x000001D6E223E6D0>,False,False
CHEMBL202970,IC50,nM,1200.0,IC50,uM,1.2,COc1cc2c(cc1OC)Oc1ncnc(Nc3ccc(F)c(Cl)c3)c1NC2,5.920818753952375,<rdkit.Chem.rdchem.Mol object at 0x000001D6E223E740>,False,False
CHEMBL380972,IC50,nM,340.0,IC50,uM,0.34,COc1cc2c(cc1OC)Oc1ncnc(Nc3cccc(Br)c3)c1NC2,6.468521082957745,<rdkit.Chem.rdchem.Mol object at 0x000001D6E223E7B0>,False,False
CHEMBL425402,IC50,nM,1100.0,IC50,uM,1.1,Fc1ccc(Nc2ncnc3c2NCc2ccccc2O3)cc1Cl,5.958607314841775,<rdkit.Chem.rdchem.Mol object at 0x000001D6E223E820>,False,False
CHEMBL203219,IC50,nM,3400.0,IC50,uM,3.4,Brc1cccc(Nc2ncnc3c2NCc2ccccc2O3)c1,5.468521082957745,<rdkit.Chem.rdchem.Mol object at 0x000001D6E223E890>,False,False
CHEMBL382186,IC50,nM,4100.0,IC50,uM,4.1,CS(=O)(=O)Nc1ccc2c(c1)CNc1c(Nc3cccc(Br)c3)ncnc1O2,5.3872161432802645,<rdkit.Chem.rdchem.Mol object at 0x000001D6E223E9E0>,False,False
CHEMBL206848,IC50,nM,4400.0,IC50,uM,4.4,O=C(O)c1ccc2c(c1)CNc1c(Nc3ccc(F)c(Cl)c3)ncnc1O2,5.356547323513812,<rdkit.Chem.rdchem.Mol object at 0x000001D6E223EB30>,False,False
CHEMBL205148,IC50,nM,1000.0,IC50,uM,1.0,O=C(O)c1ccc2c(c1)CNc1c(Nc3cccc(Br)c3)ncnc1O2,6.0,<rdkit.Chem.rdchem.Mol object at 0x000001D6E223EBA0>,False,False
CHEMBL206320,IC50,nM,2000.0,IC50,uM,2.0,Fc1ccc2c(c1)CNc1c(Nc3cccc(-c4ccccc4)c3)ncnc1O2,5.698970004336019,<rdkit.Chem.rdchem.Mol object at 0x000001D6E223EC10>,False,False
CHEMBL426124,IC50,nM,900.0,IC50,uM,0.9,COc1ccc2c(c1)CNc1c(Nc3ccc(F)c(Cl)c3)ncnc1O2,6.045757490560675,<rdkit.Chem.rdchem.Mol object at 0x000001D6E223EC80>,False,False
CHEMBL206347,IC50,nM,1000.0,IC50,uM,1.0,COc1ccc2c(c1)Oc1ncnc(Nc3ccc(F)c(Cl)c3)c1NC2,6.0,<rdkit.Chem.rdchem.Mol object at 0x000001D6E223ECF0>,False,False
CHEMBL424853,IC50,nM,1000.0,IC50,uM,1.0,Fc1ccc2c(c1)CNc1c(Nc3ccc(F)c(Cl)c3)ncnc1O2,6.0,<rdkit.Chem.rdchem.Mol object at 0x000001D6E223ED60>,False,False
CHEMBL205676,IC50,nM,1000.0,IC50,uM,1.0,Fc1ccc(Nc2ncnc3c2NCc2cc(Cl)ccc2O3)cc1Cl,6.0,<rdkit.Chem.rdchem.Mol object at 0x000001D6E223EDD0>,False,False
CHEMBL206280,IC50,nM,2000.0,IC50,uM,2.0,Fc1ccc(Nc2ncnc3c2NCc2cc(Br)ccc2O3)cc1Cl,5.698970004336019,<rdkit.Chem.rdchem.Mol object at 0x000001D6E223EE40>,False,False
CHEMBL383444,IC50,nM,3100.0,IC50,uM,3.1,COc1ccc2c(c1)CNc1c(Nc3cccc(Br)c3)ncnc1O2,5.508638306165727,<rdkit.Chem.rdchem.Mol object at 0x000001D6E223EEB0>,False,False
CHEMBL204715,IC50,nM,3000.0,IC50,uM,3.0,COc1ccc2c(c1)Oc1ncnc(Nc3cccc(Br)c3)c1NC2,5.522878745280337,<rdkit.Chem.rdchem.Mol object at 0x000001D6E223EF20>,False,False
CHEMBL204965,IC50,nM,1500.0,IC50,uM,1.5,Fc1ccc2c(c1)CNc1c(Nc3cccc(Br)c3)ncnc1O2,5.823908740944319,<rdkit.Chem.rdchem.Mol object at 0x000001D6E223EF90>,False,False
CHEMBL378145,IC50,nM,3400.0,IC50,uM,3.4,Clc1ccc2c(c1)CNc1c(Nc3cccc(Br)c3)ncnc1O2,5.468521082957745,<rdkit.Chem.rdchem.Mol object at 0x000001D6E2246040>,False,False
CHEMBL383614,IC50,nM,1000.0,IC50,uM,1.0,Brc1cccc(Nc2ncnc3c2NCc2cc(Br)ccc2O3)c1,6.0,<rdkit.Chem.rdchem.Mol object at 0x000001D6E22460B0>,False,False
CHEMBL205454,IC50,nM,5800.0,IC50,uM,5.8,COc1ccc2c(c1)CNc1c(Nc3ccc(Cl)cc3)ncnc1O2,5.236572006437063,<rdkit.Chem.rdchem.Mol object at 0x000001D6E2246120>,False,False
CHEMBL383121,IC50,nM,7500.0,IC50,uM,7.5,COc1ccc2c(c1)CNc1c(Nc3ccccc3)ncnc1O2,5.1249387366083,<rdkit.Chem.rdchem.Mol object at 0x000001D6E2246190>,False,False
CHEMBL203529,IC50,nM,7000.0,IC50,uM,7.0,Fc1ccc2c(c1)CNc1c(Nc3ccccc3)ncnc1O2,5.154901959985743,<rdkit.Chem.rdchem.Mol object at 0x000001D6E2246200>,False,False
CHEMBL204335,IC50,nM,2000.0,IC50,uM,2.0,COc1ccc2c(c1)CNc1c(NCc3ccccc3)ncnc1O2,5.698970004336019,<rdkit.Chem.rdchem.Mol object at 0x000001D6E2246270>,False,False
CHEMBL206370,IC50,nM,9800.0,IC50,uM,9.8,COc1ccc2c(c1)CNc1c(Nc3cccc(-c4ccccc4)c3)ncnc1O2,5.008773924307505,<rdkit.Chem.rdchem.Mol object at 0x000001D6E22462E0>,False,False
CHEMBL379041,IC50,nM,8900.0,IC50,uM,8.9,Fc1ccc2c(c1)CNc1c(NCc3ccccc3)ncnc1O2,5.050609993355087,<rdkit.Chem.rdchem.Mol object at 0x000001D6E2246350>,False,False
CHEMBL606964,IC50,nM,545.0,IC50,nM,545.0,COc1ccc(N2Cc3cnc(Nc4ccc(F)cc4)nc3N([C@@H]3CC[C@@H](O)C3)C2=O)cc1,6.263603497723357,<rdkit.Chem.rdchem.Mol object at 0x000001D6E22463C0>,False,False
CHEMBL206483,IC50,nM,15000.0,IC50,uM,15.0,Cc1cccc(-n2ncc3c(NCc4ccc5c(c4)OCO5)ncnc32)c1,4.823908740944319,<rdkit.Chem.rdchem.Mol object at 0x000001D6E2246430>,False,False
CHEMBL205652,IC50,nM,320.0,IC50,uM,0.32,Fc1cccc(COc2ccc(Nc3ccncn3)cc2Cl)c1,6.494850021680094,<rdkit.Chem.rdchem.Mol object at 0x000001D6E2246F20>,False,False
CHEMBL207815,IC50,nM,6.0,IC50,uM,0.006,COCCN1CC(C(N)=O)(N(C)Cc2cc3c(Nc4cccc(Cl)c4F)ncnc3cc2OC)C1,8.221848749616356,<rdkit.Chem.rdchem.Mol object at 0x000001D6E2246F90>,False,False
CHEMBL425601,IC50,nM,9.0,IC50,uM,0.009,COc1cc2ncnc(Nc3cccc(Cl)c3F)c2cc1CN(C)C1(C(N)=O)CN(C(C)C)C1,8.045757490560675,<rdkit.Chem.rdchem.Mol object at 0x000001D6E2257040>,False,False
CHEMBL207718,IC50,nM,20.0,IC50,uM,0.02,COc1cc2ncnc(Nc3cccc(Cl)c3F)c2cc1CN(C)C1(C(N)=O)CN(C)C1,7.698970004336019,<rdkit.Chem.rdchem.Mol object at 0x000001D6E22570B0>,False,False
CHEMBL383246,IC50,nM,25.0,IC50,uM,0.025,COc1cc2ncnc(Nc3cccc(Cl)c3F)c2cc1CN(C)C1(C(N)=O)CCN(C(C)C)CC1,7.602059991327962,<rdkit.Chem.rdchem.Mol object at 0x000001D6E2257120>,False,False
CHEMBL207130,IC50,nM,9.0,IC50,uM,0.009,COc1cc2ncnc(Nc3cccc(Cl)c3F)c2cc1CN(C)C1(C(N)=O)CCN(C)CC1,8.045757490560675,<rdkit.Chem.rdchem.Mol object at 0x000001D6E2257190>,False,False
CHEMBL380889,IC50,nM,50.0,IC50,uM,0.05,COc1cc2ncnc(Nc3cccc(Cl)c3F)c2cc1CN(C)[C@@H](CN(C)C)C(N)=O,7.301029995663981,<rdkit.Chem.rdchem.Mol object at 0x000001D6E2257200>,False,False
CHEMBL207445,IC50,nM,10.0,IC50,uM,0.01,COCC[C@@H](C(N)=O)N(C)Cc1cc2c(Nc3cccc(Cl)c3F)ncnc2cc1OC,8.0,<rdkit.Chem.rdchem.Mol object at 0x000001D6E2257270>,False,False
CHEMBL379905,IC50,nM,30.0,IC50,uM,0.03,COC[C@@H](C(N)=O)N(C)Cc1cc2c(Nc3cccc(Cl)c3F)ncnc2cc1OC,7.522878745280337,<rdkit.Chem.rdchem.Mol object at 0x000001D6E22572E0>,False,False
CHEMBL208286,IC50,nM,20.0,IC50,uM,0.02,COc1cc2ncnc(Nc3cccc(Cl)c3F)c2cc1CN(C)[C@@H](CO)C(N)=O,7.698970004336019,<rdkit.Chem.rdchem.Mol object at 0x000001D6E2257350>,False,False
CHEMBL376967,IC50,nM,120.0,IC50,uM,0.12,COc1cc2ncnc(Nc3cccc(Cl)c3F)c2cc1CN(CCN(C)C)[C@@H](C)C(N)=O,6.920818753952375,<rdkit.Chem.rdchem.Mol object at 0x000001D6E22573C0>,False,False
CHEMBL382823,IC50,nM,10.0,IC50,uM,0.01,COCCN(Cc1cc2c(Nc3cccc(Cl)c3F)ncnc2cc1OC)[C@@H](C)C(N)=O,8.0,<rdkit.Chem.rdchem.Mol object at 0x000001D6E2257430>,False,False
CHEMBL378370,IC50,nM,20.0,IC50,uM,0.02,COc1cc2ncnc(Nc3cccc(Cl)c3F)c2cc1CN(C)C1CCNC1=O,7.698970004336019,<rdkit.Chem.rdchem.Mol object at 0x000001D6E22574A0>,False,False
CHEMBL380006,IC50,nM,40.0,IC50,uM,0.04,COc1cc2ncnc(Nc3cccc(Cl)c3F)c2cc1CN(C)[C@H](C)C(=O)N(C)C,7.397940008672037,<rdkit.Chem.rdchem.Mol object at 0x000001D6E2257510>,False,False
CHEMBL211003,IC50,nM,30.0,IC50,uM,0.03,CNC(=O)[C@@H](C)N(C)Cc1cc2c(Nc3cccc(Cl)c3F)ncnc2cc1OC,7.522878745280337,<rdkit.Chem.rdchem.Mol object at 0x000001D6E2257580>,False,False
CHEMBL207687,IC50,nM,8.0,IC50,uM,0.008,COc1cc2ncnc(Nc3cccc(Cl)c3F)c2cc1CN(C)[C@@H](C)C(N)=O,8.096910013008056,<rdkit.Chem.rdchem.Mol object at 0x000001D6E22575F0>,False,False
CHEMBL208118,IC50,nM,9.0,IC50,uM,0.009,COc1cc2ncnc(Nc3cccc(Cl)c3F)c2cc1CN(C)[C@H](C)C(N)=O,8.045757490560675,<rdkit.Chem.rdchem.Mol object at 0x000001D6E2257660>,False,False
CHEMBL379601,IC50,nM,20.0,IC50,uM,0.02,COc1cc2ncnc(Nc3cccc(Cl)c3F)c2cc1CN(C)CC(N)=O,7.698970004336019,<rdkit.Chem.rdchem.Mol object at 0x000001D6E22576D0>,False,False
CHEMBL380386,IC50,nM,150.0,IC50,uM,0.15,COc1cc2ncnc(Nc3cccc(Cl)c3F)c2cc1CN[C@H](C)C(N)=O,6.823908740944319,<rdkit.Chem.rdchem.Mol object at 0x000001D6E2257740>,False,False
CHEMBL207037,IC50,nM,50.0,IC50,uM,0.05,COc1cc2ncnc(Nc3cccc(Cl)c3F)c2cc1CN1CC(C(N)=O)C1,7.301029995663981,<rdkit.Chem.rdchem.Mol object at 0x000001D6E22577B0>,False,False
CHEMBL207246,IC50,nM,70.0,IC50,uM,0.07,COc1cc2ncnc(Nc3cccc(Cl)c3F)c2cc1CN1CCC1C(N)=O,7.154901959985743,<rdkit.Chem.rdchem.Mol object at 0x000001D6E2257820>,False,False
CHEMBL207674,IC50,nM,50.0,IC50,uM,0.05,COc1cc2ncnc(Nc3cccc(Cl)c3F)c2cc1CN1CCOCC1C(N)=O,7.301029995663981,<rdkit.Chem.rdchem.Mol object at 0x000001D6E2257890>,False,False
CHEMBL206783,IC50,nM,8.0,IC50,uM,0.008,COc1cc2ncnc(Nc3cccc(Cl)c3F)c2cc1CN1CCCC[C@@H]1C(N)=O,8.096910013008056,<rdkit.Chem.rdchem.Mol object at 0x000001D6E2257900>,False,False
CHEMBL204420,IC50,nM,30.0,IC50,uM,0.03,COc1cc2ncnc(Nc3cccc(Cl)c3F)c2cc1CN1CCN(C)CC1C(N)=O,7.522878745280337,<rdkit.Chem.rdchem.Mol object at 0x000001D6E2257970>,False,False
CHEMBL377772,IC50,nM,170.0,IC50,uM,0.17,COc1cc2ncnc(Nc3cccc(Cl)c3F)c2cc1CN1CCC[C@H]1CC(N)=O,6.769551078621726,<rdkit.Chem.rdchem.Mol object at 0x000001D6E22579E0>,False,False
CHEMBL380454,IC50,nM,80.0,IC50,uM,0.08,COc1cc2ncnc(Nc3cccc(Cl)c3F)c2cc1CN1CC[C@H](C(N)=O)C1,7.096910013008056,<rdkit.Chem.rdchem.Mol object at 0x000001D6E2257A50>,False,False
CHEMBL382822,IC50,nM,450.0,IC50,uM,0.45,COc1cc2ncnc(Nc3cccc(Cl)c3F)c2cc1CN1CCC[C@@H]1C(=O)N(C)C,6.346787486224656,<rdkit.Chem.rdchem.Mol object at 0x000001D6E2257AC0>,False,False
CHEMBL383760,IC50,nM,50.0,IC50,uM,0.05,CNC(=O)[C@H]1CCCN1Cc1cc2c(Nc3cccc(Cl)c3F)ncnc2cc1OC,7.301029995663981,<rdkit.Chem.rdchem.Mol object at 0x000001D6E2257B30>,False,False
CHEMBL207235,IC50,nM,10.0,IC50,uM,0.01,COc1cc2ncnc(Nc3cccc(Cl)c3F)c2cc1CN1C[C@H](OC)C[C@@H]1C(N)=O,8.0,<rdkit.Chem.rdchem.Mol object at 0x000001D6E2257BA0>,False,False
CHEMBL208292,IC50,nM,10.0,IC50,uM,0.01,COc1cc2ncnc(Nc3cccc(Cl)c3F)c2cc1CN1CCC[C@@H]1C(N)=O,8.0,<rdkit.Chem.rdchem.Mol object at 0x000001D6E2257C10>,False,False
CHEMBL207584,IC50,nM,30.0,IC50,uM,0.03,COc1cc2ncnc(Nc3cccc(Cl)c3F)c2cc1CN1CCC[C@H]1C(N)=O,7.522878745280337,<rdkit.Chem.rdchem.Mol object at 0x000001D6E2257C80>,False,False
CHEMBL382638,IC50,nM,20.0,IC50,uM,0.02,COc1cc2ncnc(Nc3ccc(F)c(Cl)c3)c2cc1CN1CCC[C@H]1C(N)=O,7.698970004336019,<rdkit.Chem.rdchem.Mol object at 0x000001D6E2257CF0>,False,False
CHEMBL206955,IC50,nM,6.0,IC50,uM,0.006,COc1cc2ncnc(Nc3ccc(F)c(Cl)c3)c2cc1CN1CCC[C@@H]1C(N)=O,8.221848749616356,<rdkit.Chem.rdchem.Mol object at 0x000001D6E2257D60>,False,False
CHEMBL437885,IC50,nM,360.0,IC50,uM,0.36,COc1cc2ncnc(Nc3cccc(Cl)c3F)c2cc1CN1CCCC1,6.443697499232712,<rdkit.Chem.rdchem.Mol object at 0x000001D6E2257DD0>,False,False
CHEMBL209343,IC50,nM,4.0,IC50,nM,4.0,CNc1ccc2ncnc(Nc3cccc(Cl)c3)c2c1,8.397940008672037,<rdkit.Chem.rdchem.Mol object at 0x000001D6E22483C0>,False,False
CHEMBL208594,IC50,nM,11.0,IC50,nM,11.0,CNc1ccc2ncnc(Nc3cccc(C)c3)c2c1,7.958607314841775,<rdkit.Chem.rdchem.Mol object at 0x000001D6E2248430>,False,False
CHEMBL445572,IC50,nM,90.0,IC50,uM,0.09,CS(=O)(=O)CCN(Cc1ccccc1)Cc1ccc(-c2ccc3ncnc(Nc4ccc(OCc5cccc(F)c5)c(Cl)c4)c3c2)o1,7.045757490560675,<rdkit.Chem.rdchem.Mol object at 0x000001D6E22486D0>,False,False
CHEMBL212251,IC50,nM,85.0,IC50,uM,0.085,CCCN(CCS(C)(=O)=O)Cc1ccc(-c2ccc3ncnc(Nc4ccc(OCc5cccc(F)c5)c(Cl)c4)c3c2)o1,7.070581074285707,<rdkit.Chem.rdchem.Mol object at 0x000001D6E22487B0>,False,False
CHEMBL213874,IC50,nM,2.0,IC50,nM,2.0,COc1cc2ncnc(Nc3cccc(Cl)c3F)c2cc1OCC1CCN(C)CC1,8.698970004336019,<rdkit.Chem.rdchem.Mol object at 0x000001D6E22490B0>,False,False
CHEMBL214631,IC50,nM,106.0,IC50,nM,106.0,COc1cc2ncnc(Nc3cc(Cl)ccc3F)c2cc1OC1CCN(C)CC1,6.97469413473523,<rdkit.Chem.rdchem.Mol object at 0x000001D6E2249120>,False,False
CHEMBL385471,IC50,nM,9.0,IC50,nM,9.0,COc1cc2ncnc(Nc3cc(Cl)ccc3F)c2cc1OCC1CCN(C)CC1,8.045757490560675,<rdkit.Chem.rdchem.Mol object at 0x000001D6E2249190>,False,False
CHEMBL276154,IC50,nM,10.0,IC50,nM,10.0,COc1cc2ncnc(Nc3ccc(F)c(Cl)c3)c2cc1OC1CCN(C)CC1,8.0,<rdkit.Chem.rdchem.Mol object at 0x000001D6E2249200>,False,False
CHEMBL215786,IC50,nM,3.0,IC50,nM,3.0,COc1cc2ncnc(Nc3ccc(F)c(Cl)c3)c2cc1OCC1CCN(C)CC1,8.522878745280337,<rdkit.Chem.rdchem.Mol object at 0x000001D6E2249270>,False,False
CHEMBL214798,IC50,nM,2.0,IC50,nM,2.0,COc1cc2ncnc(Nc3cccc(Cl)c3F)c2cc1OC1CCN(C)CC1,8.698970004336019,<rdkit.Chem.rdchem.Mol object at 0x000001D6E22492E0>,False,False
CHEMBL213007,IC50,nM,1.0,IC50,nM,1.0,COc1cc2ncnc(Nc3cc(Cl)ccc3F)c2cc1OC1CCN(S(C)(=O)=O)CC1,9.0,<rdkit.Chem.rdchem.Mol object at 0x000001D6E2249350>,False,False
CHEMBL214478,IC50,nM,9.0,IC50,nM,9.0,COc1cc2ncnc(Nc3cc(Cl)ccc3F)c2cc1OC1CCN(CC(N)=O)CC1,8.045757490560675,<rdkit.Chem.rdchem.Mol object at 0x000001D6E22493C0>,False,False
CHEMBL215559,IC50,nM,114.0,IC50,nM,114.0,COCCN1CCC(Oc2cc3c(Nc4cc(Cl)ccc4F)ncnc3cc2OC)CC1,6.943095148663527,<rdkit.Chem.rdchem.Mol object at 0x000001D6E2249430>,False,False
CHEMBL387265,IC50,nM,2.0,IC50,nM,2.0,COc1cc2ncnc(Nc3cccc(Cl)c3F)c2cc1OC1CCN(S(C)(=O)=O)CC1,8.698970004336019,<rdkit.Chem.rdchem.Mol object at 0x000001D6E22494A0>,False,False
CHEMBL218677,IC50,nM,2.0,IC50,nM,2.0,COc1cc2ncnc(Nc3cccc(Cl)c3F)c2cc1OC1CCN(CC(N)=O)CC1,8.698970004336019,<rdkit.Chem.rdchem.Mol object at 0x000001D6E2249510>,False,False
CHEMBL214857,IC50,nM,3.0,IC50,nM,3.0,COCCN1CCC(Oc2cc3c(Nc4cccc(Cl)c4F)ncnc3cc2OC)CC1,8.522878745280337,<rdkit.Chem.rdchem.Mol object at 0x000001D6E2249580>,False,False
CHEMBL364623,IC50,nM,5200.0,IC50,nM,5200.0,Cc1cc(Nc2ncc(C(=O)Nc3c(C)cccc3Cl)s2)nc(C)n1,5.2839966563652006,<rdkit.Chem.rdchem.Mol object at 0x000001D6E2249660>,False,False
CHEMBL5416410,IC50,nM,180.0,IC50,nM,180.0,Cc1nc(Nc2ncc(C(=O)Nc3c(C)cccc3Cl)s2)cc(N2CCN(CCO)CC2)n1.O,6.7447274948966935,<rdkit.Chem.rdchem.Mol object at 0x000001D6E22496D0>,False,False
CHEMBL217092,IC50,nM,2590.0,IC50,uM,2.59,CN1CCN(CCOc2cc(OC3CCOCC3)c3c(Nc4c(Cl)ccc5c4OCO5)ncnc3c2)CC1,5.586700235918748,<rdkit.Chem.rdchem.Mol object at 0x000001D6E22497B0>,False,False
CHEMBL387187,IC50,nM,21.0,IC50,nM,21.0,O=C(Nc1cccc(Nc2cc(Nc3cccc(C(F)(F)F)c3)ncn2)c1)C1CC1,7.67778070526608,<rdkit.Chem.rdchem.Mol object at 0x000001D6E2249890>,False,False
CHEMBL219557,IC50,nM,230.0,IC50,nM,230.0,COc1cc(Nc2c(C#N)cnc3cc(-c4coc(CN5CCN(C)CC5)c4)c(OC)cc23)c(Cl)cc1Cl,6.638272163982407,<rdkit.Chem.rdchem.Mol object at 0x000001D6E2249900>,False,False
CHEMBL436137,IC50,nM,965.0,IC50,uM,0.965,Cc1cccc(C)c1-c1cc(C)c2nc(Nc3ccc(OCCN4CCCC4)cc3)nnc2c1,6.015472686656207,<rdkit.Chem.rdchem.Mol object at 0x000001D6E2249970>,False,False
CHEMBL373882,IC50,nM,25000.0,IC50,nM,25000.0,CNc1ncnc(-c2cccnc2Oc2ccc(F)c(C(=O)Nc3cc(C(F)(F)F)ccc3N(C)CCCN(C)C)c2)n1,4.6020599913279625,<rdkit.Chem.rdchem.Mol object at 0x000001D6E22499E0>,False,False
CHEMBL1204261,IC50,nM,8.17,IC50,nM,8.17,CCOc1cc2ncnc(Nc3cccc(F)c3)c2cc1OCC.Cl,8.087777943467584,<rdkit.Chem.rdchem.Mol object at 0x000001D6E2249A50>,False,False
CHEMBL1203934,IC50,nM,51.0,IC50,nM,51.0,COc1cc2ncnc(Nc3ccc(F)cc3)c2cc1OC.Cl,7.292429823902063,<rdkit.Chem.rdchem.Mol object at 0x000001D6E2249AC0>,False,False
CHEMBL1204360,IC50,nM,32.2,IC50,nM,32.2,COc1cc2ncnc(Nc3ccccc3F)c2cc1OC.Cl,7.492144128304169,<rdkit.Chem.rdchem.Mol object at 0x000001D6E2249B30>,False,False
CHEMBL1203940,IC50,nM,16.0,IC50,nM,16.0,CCOc1cc2ncnc(Nc3ccc(F)cc3)c2cc1OCC.Cl,7.795880017344075,<rdkit.Chem.rdchem.Mol object at 0x000001D6E2249BA0>,False,False
CHEMBL1203939,IC50,nM,9.31,IC50,nM,9.31,CCOc1cc2ncnc(Nc3ccccc3F)c2cc1OCC.Cl,8.031050319018657,<rdkit.Chem.rdchem.Mol object at 0x000001D6E2249C10>,False,False
CHEMBL1203938,IC50,nM,47.7,IC50,nM,47.7,COc1cc2ncnc(NCc3ccc(F)cc3)c2cc1OC.Cl,7.321481620959886,<rdkit.Chem.rdchem.Mol object at 0x000001D6E2249C80>,False,False
CHEMBL1203937,IC50,nM,17.0,IC50,nM,17.0,CCOc1cc2ncnc(NCc3ccc(F)cc3)c2cc1OCC.Cl,7.769551078621726,<rdkit.Chem.rdchem.Mol object at 0x000001D6E2249CF0>,False,False
CHEMBL1203936,IC50,nM,20.0,IC50,nM,20.0,COc1cc2ncnc(Nc3cc(F)cc(C(F)(F)F)c3)c2cc1OC.Cl,7.698970004336019,<rdkit.Chem.rdchem.Mol object at 0x000001D6E2249D60>,False,False
CHEMBL1203935,IC50,nM,8.95,IC50,nM,8.95,CCOc1cc2ncnc(Nc3cc(F)cc(C(F)(F)F)c3)c2cc1OCC.Cl,8.048176964684089,<rdkit.Chem.rdchem.Mol object at 0x000001D6E2249DD0>,False,False
CHEMBL1204168,IC50,nM,0.66,IC50,nM,0.66,COc1cc2ncnc(Nc3cccc(Br)c3)c2cc1OC.Cl,9.18045606445813,<rdkit.Chem.rdchem.Mol object at 0x000001D6E2249EB0>,False,False
CHEMBL1204199,IC50,nM,0.41,IC50,nM,0.41,CCOc1cc2ncnc(Nc3cccc(Br)c3)c2cc1OCC.Cl,9.387216143280265,<rdkit.Chem.rdchem.Mol object at 0x000001D6E2249F90>,False,False
CHEMBL2447950,IC50,nM,0.38,IC50,nM,0.38,CCOc1cc2ncnc(Nc3cccc(Cl)c3)c2cc1OCC.Cl,9.42021640338319,<rdkit.Chem.rdchem.Mol object at 0x000001D6E2253040>,False,False
CHEMBL534948,IC50,nM,2730.0,IC50,uM,2.73,Cc1cccc(C)c1Nc1ncc(-c2ccc(OCC3CCCN(C)C3)cc2)n2cncc12.Cl,5.563837352959244,<rdkit.Chem.rdchem.Mol object at 0x000001D6E22530B0>,False,False
CHEMBL101253,IC50,nM,457.7,IC50,nM,457.7,Clc1ccc(Nc2nnc(Cc3ccncc3)c3ccccc23)cc1,6.339419087572701,<rdkit.Chem.rdchem.Mol object at 0x000001D6E2253430>,False,False
CHEMBL427671,IC50,nM,81.0,IC50,uM,0.081,Cc1ccn2ncnc(Nc3ccc4c(cnn4Cc4cccc(F)c4)c3)c12,7.091514981121351,<rdkit.Chem.rdchem.Mol object at 0x000001D6E22539E0>,False,False
CHEMBL398793,IC50,nM,130.0,IC50,uM,0.13,CC1CNCCN(Cc2ccn3ncnc(Nc4ccc5c(cnn5Cc5cccc(F)c5)c4)c23)C1,6.886056647693163,<rdkit.Chem.rdchem.Mol object at 0x000001D6E2253A50>,False,False
CHEMBL392774,IC50,nM,190.0,IC50,uM,0.19,COC1CNCCN(Cc2ccn3ncnc(Nc4ccc5c(cnn5Cc5cccc(F)c5)c4)c23)C1,6.721246399047171,<rdkit.Chem.rdchem.Mol object at 0x000001D6E2253AC0>,False,False
CHEMBL234580,IC50,nM,780.0,IC50,uM,0.78,O=C1CNCCN(Cc2ccn3ncnc(Nc4ccc5c(cnn5Cc5cccc(F)c5)c4)c23)C1,6.107905397309519,<rdkit.Chem.rdchem.Mol object at 0x000001D6E2253B30>,False,False
CHEMBL393787,IC50,nM,200.0,IC50,uM,0.2,O[C@@H]1CNCCN(Cc2ccn3ncnc(Nc4ccc5c(cnn5Cc5cccc(F)c5)c4)c23)C1,6.698970004336019,<rdkit.Chem.rdchem.Mol object at 0x000001D6E2253BA0>,False,False
CHEMBL233325,IC50,nM,26.0,IC50,uM,0.026,O[C@H]1CNCCN(Cc2ccn3ncnc(Nc4ccc5c(cnn5Cc5cccc(F)c5)c4)c23)C1,7.585026652029182,<rdkit.Chem.rdchem.Mol object at 0x000001D6E2253C10>,False,False
CHEMBL233324,IC50,nM,240.0,IC50,uM,0.24,O=C1CCN(Cc2ccn3ncnc(Nc4ccc5c(cnn5Cc5cccc(F)c5)c4)c23)CCN1,6.619788758288394,<rdkit.Chem.rdchem.Mol object at 0x000001D6E2253C80>,False,False
CHEMBL400413,IC50,nM,210.0,IC50,uM,0.21,CS(=O)(=O)N1CCCN(Cc2ccn3ncnc(Nc4ccc5c(cnn5Cc5cccc(F)c5)c4)c23)CC1,6.6777807052660805,<rdkit.Chem.rdchem.Mol object at 0x000001D6E2253CF0>,False,False
CHEMBL234577,IC50,nM,130.0,IC50,uM,0.13,CN1CCCN(Cc2ccn3ncnc(Nc4ccc5c(cnn5Cc5cccc(F)c5)c4)c23)CC1,6.886056647693163,<rdkit.Chem.rdchem.Mol object at 0x000001D6E2253D60>,False,False
CHEMBL392273,IC50,nM,33.0,IC50,uM,0.033,Fc1cccc(Cn2ncc3cc(Nc4ncnn5ccc(CN6CCCNCC6)c45)ccc32)c1,7.481486060122112,<rdkit.Chem.rdchem.Mol object at 0x000001D6E2253DD0>,False,False
CHEMBL231885,IC50,nM,710.0,IC50,uM,0.71,CC(=O)N1CCN(Cc2ccn3ncnc(Nc4ccc5c(cnn5Cc5cccc(F)c5)c4)c23)CC1,6.1487416512809245,<rdkit.Chem.rdchem.Mol object at 0x000001D6E2253E40>,False,False
CHEMBL265629,IC50,nM,350.0,IC50,uM,0.35,O=C1CN(Cc2ccn3ncnc(Nc4ccc5c(cnn5Cc5cccc(F)c5)c4)c23)CCN1,6.455931955649724,<rdkit.Chem.rdchem.Mol object at 0x000001D6E2253EB0>,False,False
CHEMBL232082,IC50,nM,170.0,IC50,uM,0.17,CN1CCN(Cc2ccn3ncnc(Nc4ccc5c(cnn5Cc5cccc(F)c5)c4)c23)CC1,6.769551078621726,<rdkit.Chem.rdchem.Mol object at 0x000001D6E2253F20>,False,False
CHEMBL231875,IC50,nM,90.0,IC50,uM,0.09,Fc1cccc(Cn2ncc3cc(Nc4ncnn5ccc(CN6CCNCC6)c45)ccc32)c1,7.045757490560675,<rdkit.Chem.rdchem.Mol object at 0x000001D6E2253F90>,False,False
CHEMBL398388,IC50,nM,140.0,IC50,uM,0.14,NC(=O)C1CCN(Cc2ccn3ncnc(Nc4ccc5c(cnn5Cc5cccc(F)c5)c4)c23)CC1,6.853871964321762,<rdkit.Chem.rdchem.Mol object at 0x000001D6E2252040>,False,False
CHEMBL231663,IC50,nM,1000.0,IC50,uM,1.0,COC(=O)C1CCN(Cc2ccn3ncnc(Nc4ccc5c(cnn5Cc5cccc(F)c5)c4)c23)CC1,6.0,<rdkit.Chem.rdchem.Mol object at 0x000001D6E22520B0>,False,False
CHEMBL234772,IC50,nM,220.0,IC50,uM,0.22,O=C(O)C1CCN(Cc2ccn3ncnc(Nc4ccc5c(cnn5Cc5cccc(F)c5)c4)c23)CC1,6.657577319177793,<rdkit.Chem.rdchem.Mol object at 0x000001D6E2252120>,False,False
CHEMBL401443,IC50,nM,68.0,IC50,uM,0.068,OC1CCN(Cc2ccn3ncnc(Nc4ccc5c(cnn5Cc5cccc(F)c5)c4)c23)CC1,7.167491087293763,<rdkit.Chem.rdchem.Mol object at 0x000001D6E2252190>,False,False
CHEMBL391675,IC50,nM,500.0,IC50,uM,0.5,Fc1cccc(Cn2ncc3cc(Nc4ncnn5ccc(CN6CCCC6)c45)ccc32)c1,6.301029995663981,<rdkit.Chem.rdchem.Mol object at 0x000001D6E2252200>,False,False
CHEMBL391521,IC50,nM,110.0,IC50,uM,0.11,CN(CCO)Cc1ccn2ncnc(Nc3ccc4c(cnn4Cc4cccc(F)c4)c3)c12,6.958607314841775,<rdkit.Chem.rdchem.Mol object at 0x000001D6E2252270>,False,False
CHEMBL220037,IC50,nM,30.0,IC50,uM,0.03,N#Cc1cnc2ccc(NCc3c[nH]cn3)cc2c1Nc1ccc(F)c(Cl)c1,7.522878745280337,<rdkit.Chem.rdchem.Mol object at 0x000001D6E2252350>,False,False
CHEMBL394463,IC50,nM,1800.0,IC50,uM,1.8,Cc1ccn2ncnc(Nc3ccc4c(cnn4Cc4cccnc4)c3)c12,5.7447274948966935,<rdkit.Chem.rdchem.Mol object at 0x000001D6E2252430>,False,False
CHEMBL394462,IC50,nM,200.0,IC50,uM,0.2,Cc1ccn2ncnc(Nc3ccc4c(cnn4Cc4ccccn4)c3)c12,6.698970004336019,<rdkit.Chem.rdchem.Mol object at 0x000001D6E22524A0>,False,False
CHEMBL429827,IC50,nM,86.0,IC50,uM,0.086,Cc1ccn2ncnc(Nc3ccc4c(cnn4Cc4ccccc4)c3)c12,7.0655015487564325,<rdkit.Chem.rdchem.Mol object at 0x000001D6E2252510>,False,False
CHEMBL247101,IC50,nM,250.0,IC50,uM,0.25,Cc1ccn2ncnc(Nc3ccc(OCc4cccc(F)c4)c(Cl)c3)c12,6.6020599913279625,<rdkit.Chem.rdchem.Mol object at 0x000001D6E2252580>,False,False
CHEMBL247100,IC50,nM,210.0,IC50,uM,0.21,Cc1ccn2ncnc(Nc3ccc4[nH]ncc4c3)c12,6.6777807052660805,<rdkit.Chem.rdchem.Mol object at 0x000001D6E22525F0>,False,False
CHEMBL246276,IC50,nM,120.0,IC50,uM,0.12,OCc1ccn2ncnc(Nc3ccc4c(cnn4Cc4cccc(F)c4)c3)c12,6.920818753952375,<rdkit.Chem.rdchem.Mol object at 0x000001D6E2252660>,False,False
CHEMBL395591,IC50,nM,210.0,IC50,uM,0.21,Fc1cccc(Cn2ncc3cc(Nc4ncnn5ccc(COCC6CNCCOC6)c45)ccc32)c1,6.6777807052660805,<rdkit.Chem.rdchem.Mol object at 0x000001D6E22526D0>,False,False
CHEMBL246492,IC50,nM,640.0,IC50,uM,0.64,Fc1cccc(Cn2ncc3cc(Nc4ncnn5ccc(COC[C@@H]6COCCN6)c45)ccc32)c1,6.1938200260161125,<rdkit.Chem.rdchem.Mol object at 0x000001D6E2252740>,False,False
CHEMBL428046,IC50,nM,83.0,IC50,uM,0.083,Fc1cccc(Cn2ncc3cc(Nc4ncnn5ccc(COC[C@H]6CNCCO6)c45)ccc32)c1,7.080921907623926,<rdkit.Chem.rdchem.Mol object at 0x000001D6E22527B0>,False,False
CHEMBL246284,IC50,nM,61.0,IC50,uM,0.061,Fc1cccc(Cn2ncc3cc(Nc4ncnn5ccc(COC[C@@H]6CNCCO6)c45)ccc32)c1,7.214670164989233,<rdkit.Chem.rdchem.Mol object at 0x000001D6E2252820>,False,False
CHEMBL246073,IC50,nM,190.0,IC50,uM,0.19,Fc1cccc(Cn2ncc3cc(Nc4ncnn5ccc(COC[C@H]6CCCNC6)c45)ccc32)c1,6.721246399047171,<rdkit.Chem.rdchem.Mol object at 0x000001D6E2252890>,False,False
CHEMBL246072,IC50,nM,130.0,IC50,uM,0.13,Fc1cccc(Cn2ncc3cc(Nc4ncnn5ccc(COCC6CCNCC6)c45)ccc32)c1,6.886056647693163,<rdkit.Chem.rdchem.Mol object at 0x000001D6E2252900>,False,False
CHEMBL245869,IC50,nM,73.0,IC50,uM,0.073,Fc1cccc(Cn2ncc3cc(Nc4ncnn5ccc(COC6CCNCC6)c45)ccc32)c1,7.136677139879544,<rdkit.Chem.rdchem.Mol object at 0x000001D6E2252970>,False,False
CHEMBL246694,IC50,nM,140.0,IC50,uM,0.14,NC(=O)COCc1ccn2ncnc(Nc3ccc4c(cnn4Cc4cccc(F)c4)c3)c12,6.853871964321762,<rdkit.Chem.rdchem.Mol object at 0x000001D6E2252BA0>,False,False
CHEMBL246491,IC50,nM,460.0,IC50,uM,0.46,COC(=O)COCc1ccn2ncnc(Nc3ccc4c(cnn4Cc4cccc(F)c4)c3)c12,6.337242168318426,<rdkit.Chem.rdchem.Mol object at 0x000001D6E2252C10>,False,False
CHEMBL394057,IC50,nM,30.0,IC50,uM,0.03,O=C(O)COCc1ccn2ncnc(Nc3ccc4c(cnn4Cc4cccc(F)c4)c3)c12,7.522878745280337,<rdkit.Chem.rdchem.Mol object at 0x000001D6E2252C80>,False,False
CHEMBL394056,IC50,nM,340.0,IC50,uM,0.34,COCc1ccn2ncnc(Nc3ccc4c(cnn4Cc4cccc(F)c4)c3)c12,6.468521082957745,<rdkit.Chem.rdchem.Mol object at 0x000001D6E2252D60>,False,False
CHEMBL246493,IC50,nM,570.0,IC50,uM,0.57,Fc1cccc(COc2ccc(Nc3ncnn4ccc(COC[C@@H]5CNCCO5)c34)cc2Cl)c1,6.2441251443275085,<rdkit.Chem.rdchem.Mol object at 0x000001D6E2252DD0>,False,False
CHEMBL397122,IC50,nM,400.0,IC50,uM,0.4,C[C@@H](c1cccc(F)c1)n1ncc2cc(Nc3ncnn4ccc(COC[C@@H]5CNCCO5)c34)ccc21,6.3979400086720375,<rdkit.Chem.rdchem.Mol object at 0x000001D6E2252E40>,False,False
CHEMBL245278,IC50,nM,68.0,IC50,uM,0.068,C[C@H](c1cccc(F)c1)n1ncc2cc(Nc3ncnn4ccc(COC[C@@H]5CNCCO5)c34)ccc21,7.167491087293763,<rdkit.Chem.rdchem.Mol object at 0x000001D6E2252EB0>,False,False
CHEMBL245277,IC50,nM,690.0,IC50,uM,0.69,C[C@@H](c1ccccc1)n1ncc2cc(Nc3ncnn4ccc(COC[C@@H]5CNCCO5)c34)ccc21,6.161150909262744,<rdkit.Chem.rdchem.Mol object at 0x000001D6E2252F20>,False,False
CHEMBL394495,IC50,nM,120.0,IC50,uM,0.12,C[C@H](c1ccccc1)n1ncc2cc(Nc3ncnn4ccc(COC[C@@H]5CNCCO5)c34)ccc21,6.920818753952375,<rdkit.Chem.rdchem.Mol object at 0x000001D6E2252F90>,False,False
CHEMBL247127,IC50,nM,810.0,IC50,uM,0.81,c1cncc(Cn2ncc3cc(Nc4ncnn5ccc(COC[C@@H]6CNCCO6)c45)ccc32)c1,6.091514981121351,<rdkit.Chem.rdchem.Mol object at 0x000001D6E2264040>,False,False
CHEMBL396079,IC50,nM,500.0,IC50,uM,0.5,c1ccc(Cn2ncc3cc(Nc4ncnn5ccc(COC[C@@H]6CNCCO6)c45)ccc32)nc1,6.301029995663981,<rdkit.Chem.rdchem.Mol object at 0x000001D6E22640B0>,False,False
CHEMBL395883,IC50,nM,430.0,IC50,uM,0.43,COc1cn2ncnc(Nc3ccc4c(cnn4Cc4cccc(F)c4)c3)c2c1COC[C@@H]1CNCCO1,6.366531544420414,<rdkit.Chem.rdchem.Mol object at 0x000001D6E2264120>,False,False
CHEMBL247468,IC50,nM,397.0,IC50,uM,0.397,c1ccc(-c2c(-c3ccc(OCCN4CCCC4)cc3)oc3ncnc(NCCN4CCNCC4)c23)cc1,6.401209493236885,<rdkit.Chem.rdchem.Mol object at 0x000001D6E2264190>,False,False
CHEMBL247866,IC50,nM,1029.0,IC50,uM,1.029,CC(C)Nc1ncnc2oc(-c3ccc(OCCN4CCCC4)cc3)c(-c3ccccc3)c12,5.987584625237567,<rdkit.Chem.rdchem.Mol object at 0x000001D6E2264200>,False,False
CHEMBL248321,IC50,nM,32.0,IC50,uM,0.032,NC1CCN(Cc2ccn3ncnc(Nc4ccc(OCc5cnccn5)c(Cl)c4)c23)CC1,7.494850021680094,<rdkit.Chem.rdchem.Mol object at 0x000001D6E2264350>,False,False
CHEMBL248116,IC50,nM,36.0,IC50,uM,0.036,NC1CCN(Cc2ccn3ncnc(Nc4ccc(OCc5ccccn5)c(Cl)c4)c23)CC1,7.443697499232712,<rdkit.Chem.rdchem.Mol object at 0x000001D6E22643C0>,False,False
CHEMBL248115,IC50,nM,85.0,IC50,uM,0.085,Cc1cncc(COc2ccc(Nc3ncnn4ccc(CN5CCC(N)CC5)c34)cc2Cl)c1,7.070581074285707,<rdkit.Chem.rdchem.Mol object at 0x000001D6E2264430>,False,False
CHEMBL391387,IC50,nM,150.0,IC50,uM,0.15,NC1CCN(Cc2ccn3ncnc(Nc4ccc(OCc5cccnc5)c(Cl)c4)c23)CC1,6.823908740944319,<rdkit.Chem.rdchem.Mol object at 0x000001D6E22644A0>,False,False
CHEMBL248114,IC50,nM,19.0,IC50,uM,0.019,Cc1cncc(Cn2ncc3cc(Nc4ncnn5ccc(CN6CCC(N)CC6)c45)ccc32)c1,7.721246399047171,<rdkit.Chem.rdchem.Mol object at 0x000001D6E2264510>,False,False
CHEMBL247916,IC50,nM,530.0,IC50,uM,0.53,NC1CCN(Cc2ccn3ncnc(Nc4ccc5c(cnn5Cc5ccncc5)c4)c23)CC1,6.275724130399211,<rdkit.Chem.rdchem.Mol object at 0x000001D6E2264580>,False,False
CHEMBL247915,IC50,nM,190.0,IC50,uM,0.19,NC1CCN(Cc2ccn3ncnc(Nc4ccc5c(cnn5Cc5cccnc5)c4)c23)CC1,6.721246399047171,<rdkit.Chem.rdchem.Mol object at 0x000001D6E22645F0>,False,False
CHEMBL247914,IC50,nM,47.0,IC50,uM,0.047,NC1CCN(Cc2ccn3ncnc(Nc4ccc5c(cnn5Cc5ccccn5)c4)c23)CC1,7.327902142064283,<rdkit.Chem.rdchem.Mol object at 0x000001D6E2264660>,False,False
CHEMBL391181,IC50,nM,40.0,IC50,uM,0.04,COc1cn2ncnc(Nc3ccc4c(cnn4Cc4cccc(F)c4)c3)c2c1CN1CCC(N)CC1,7.397940008672037,<rdkit.Chem.rdchem.Mol object at 0x000001D6E22646D0>,False,False
CHEMBL247711,IC50,nM,190.0,IC50,uM,0.19,COc1cn2ncnc(Nc3ccc4c(cnn4Cc4cccc(F)c4)c3)c2c1CN1CCCNCC1,6.721246399047171,<rdkit.Chem.rdchem.Mol object at 0x000001D6E2264740>,False,False
CHEMBL247710,IC50,nM,38.0,IC50,uM,0.038,NC1CCN(Cc2ccn3ncnc(Nc4ccc(OCc5cccc(F)c5)c(Cl)c4)c23)CC1,7.42021640338319,<rdkit.Chem.rdchem.Mol object at 0x000001D6E22647B0>,False,False
CHEMBL247709,IC50,nM,48.0,IC50,uM,0.048,Fc1cccc(COc2ccc(Nc3ncnn4ccc(CN5CCCNCC5)c34)cc2Cl)c1,7.318758762624412,<rdkit.Chem.rdchem.Mol object at 0x000001D6E2264820>,False,False
CHEMBL393264,IC50,nM,50.0,IC50,uM,0.05,CC1(N)CCN(Cc2ccn3ncnc(Nc4ccc5c(cnn5Cc5cccc(F)c5)c4)c23)CC1,7.301029995663981,<rdkit.Chem.rdchem.Mol object at 0x000001D6E2264890>,False,False
CHEMBL247513,IC50,nM,110.0,IC50,uM,0.11,O=C(CO)NC1CCN(Cc2ccn3ncnc(Nc4ccc5c(cnn5Cc5cccc(F)c5)c4)c23)CC1,6.958607314841775,<rdkit.Chem.rdchem.Mol object at 0x000001D6E2264900>,False,False
CHEMBL247512,IC50,nM,380.0,IC50,uM,0.38,CC(=O)NC1CCN(Cc2ccn3ncnc(Nc4ccc5c(cnn5Cc5cccc(F)c5)c4)c23)CC1,6.42021640338319,<rdkit.Chem.rdchem.Mol object at 0x000001D6E2264970>,False,False
CHEMBL247309,IC50,nM,100.0,IC50,uM,0.1,CN(C)C1CCN(Cc2ccn3ncnc(Nc4ccc5c(cnn5Cc5cccc(F)c5)c4)c23)CC1,7.0,<rdkit.Chem.rdchem.Mol object at 0x000001D6E22649E0>,False,False
CHEMBL246898,IC50,nM,200.0,IC50,uM,0.2,CS(=O)(=O)CCNC1CCN(Cc2ccn3ncnc(Nc4ccc5c(cnn5Cc5cccc(F)c5)c4)c23)CC1,6.698970004336019,<rdkit.Chem.rdchem.Mol object at 0x000001D6E2264A50>,False,False
CHEMBL247104,IC50,nM,48.0,IC50,uM,0.048,OCCNC1CCN(Cc2ccn3ncnc(Nc4ccc5c(cnn5Cc5cccc(F)c5)c4)c23)CC1,7.318758762624412,<rdkit.Chem.rdchem.Mol object at 0x000001D6E2264AC0>,False,False
CHEMBL391779,IC50,nM,63.0,IC50,uM,0.063,CNC1CCN(Cc2ccn3ncnc(Nc4ccc5c(cnn5Cc5cccc(F)c5)c4)c23)CC1,7.200659450546418,<rdkit.Chem.rdchem.Mol object at 0x000001D6E2264B30>,False,False
CHEMBL391778,IC50,nM,35.0,IC50,uM,0.035,NCC1CCN(Cc2ccn3ncnc(Nc4ccc5c(cnn5Cc5cccc(F)c5)c4)c23)CC1,7.455931955649724,<rdkit.Chem.rdchem.Mol object at 0x000001D6E2264BA0>,False,False
CHEMBL246687,IC50,nM,50.0,IC50,uM,0.05,N[C@H]1CCN(Cc2ccn3ncnc(Nc4ccc5c(cnn5Cc5cccc(F)c5)c4)c23)C1,7.301029995663981,<rdkit.Chem.rdchem.Mol object at 0x000001D6E2264C10>,False,False
CHEMBL393848,IC50,nM,60.0,IC50,uM,0.06,N[C@@H]1CCN(Cc2ccn3ncnc(Nc4ccc5c(cnn5Cc5cccc(F)c5)c4)c23)C1,7.221848749616356,<rdkit.Chem.rdchem.Mol object at 0x000001D6E2264C80>,False,False
CHEMBL392664,IC50,nM,110.0,IC50,uM,0.11,Fc1cccc(Cn2ncc3cc(Nc4ncnn5ccc(CNC6CCNCC6)c45)ccc32)c1,6.958607314841775,<rdkit.Chem.rdchem.Mol object at 0x000001D6E2264CF0>,False,False
CHEMBL248108,IC50,nM,35.0,IC50,uM,0.035,NC1CCN(Cc2ccn3ncnc(Nc4ccc5c(cnn5Cc5cccc(F)c5)c4)c23)CC1,7.455931955649724,<rdkit.Chem.rdchem.Mol object at 0x000001D6E2264D60>,False,False
CHEMBL248044,IC50,nM,90.0,IC50,nM,90.0,COc1cc2ncc(C#N)c(N[C@@H]3C[C@H]3c3ccccc3)c2cc1OC,7.045757490560675,<rdkit.Chem.rdchem.Mol object at 0x000001D6E2264DD0>,False,False
CHEMBL399438,IC50,nM,234.0,IC50,nM,234.0,N#Cc1cnc2cc(-c3ccc(CN4CCOCC4)cc3)ccc2c1N[C@@H]1C[C@H]1c1ccccc1,6.6307841425898575,<rdkit.Chem.rdchem.Mol object at 0x000001D6E2264E40>,False,False
CHEMBL247024,IC50,nM,2530.0,IC50,nM,2530.0,N#Cc1cnc2ccc(-c3ccc(CN4CCOCC4)cc3)cc2c1N[C@@H]1C[C@H]1c1ccccc1,5.596879478824183,<rdkit.Chem.rdchem.Mol object at 0x000001D6E2264EB0>,False,False
CHEMBL245800,IC50,nM,2100.0,IC50,nM,2100.0,N#Cc1cnc2ccc(-c3ccc(CN)cc3)cc2c1N[C@@H]1C[C@H]1c1ccccc1,5.6777807052660805,<rdkit.Chem.rdchem.Mol object at 0x000001D6E2264F20>,False,False
CHEMBL245799,IC50,nM,5260.0,IC50,nM,5260.0,N#Cc1cnc2ccc(-c3cccc(CN4CCOCC4)c3)cc2c1N[C@@H]1C[C@H]1c1ccccc1,5.279014255846261,<rdkit.Chem.rdchem.Mol object at 0x000001D6E2264F90>,False,False
CHEMBL245798,IC50,nM,360.0,IC50,nM,360.0,COc1cc2c(N[C@@H]3C[C@H]3c3ccccc3)c(C#N)cnc2cc1OC1CCN(C)CC1,6.443697499232712,<rdkit.Chem.rdchem.Mol object at 0x000001D6E224F040>,False,False
CHEMBL401054,IC50,nM,405.0,IC50,nM,405.0,COc1cc2ncc(C#N)c(N[C@@H]3C[C@H]3c3ccccc3)c2cc1OCCN1CCOCC1,6.392544976785332,<rdkit.Chem.rdchem.Mol object at 0x000001D6E224F2E0>,False,False
CHEMBL248220,IC50,nM,1610.0,IC50,nM,1610.0,COc1cc2ncc(C#N)c(N[C@@H]3C[C@H]3c3ccccc3)c2cc1OCc1ccccc1,5.79317412396815,<rdkit.Chem.rdchem.Mol object at 0x000001D6E224F350>,False,False
CHEMBL401644,IC50,nM,8270.0,IC50,nM,8270.0,COc1ccc2ncc(C#N)c(N[C@@H]3C[C@H]3c3ccccc3)c2c1,5.082494490447453,<rdkit.Chem.rdchem.Mol object at 0x000001D6E224F3C0>,False,False
CHEMBL248045,IC50,nM,2580.0,IC50,nM,2580.0,COc1ccc2c(N[C@@H]3C[C@H]3c3ccccc3)c(C#N)cnc2c1,5.58838029403677,<rdkit.Chem.rdchem.Mol object at 0x000001D6E224F430>,False,False
CHEMBL399371,IC50,nM,5.0,IC50,nM,5.0,CCOc1cc2ncnc(/C=C/CCc3ccccc3)c2cc1OCC,8.301029995663981,<rdkit.Chem.rdchem.Mol object at 0x000001D6E224F820>,False,False
CHEMBL250925,IC50,nM,15.0,IC50,nM,15.0,CCOc1cc2ncnc(/C=C/c3ccccc3)c2cc1OCC,7.823908740944319,<rdkit.Chem.rdchem.Mol object at 0x000001D6E224F890>,False,False
CHEMBL250923,IC50,nM,4.0,IC50,nM,4.0,COc1cc2ncnc(/C=C/CCc3ccccc3)c2cc1OC,8.397940008672037,<rdkit.Chem.rdchem.Mol object at 0x000001D6E224F970>,False,False
CHEMBL3085381,IC50,nM,130.0,IC50,nM,130.0,CCN(CC)[C@@](C)(CCc1ncnc2cc(OC)c(OC)cc12)Cc1ccccc1,6.886056647693163,<rdkit.Chem.rdchem.Mol object at 0x000001D6E224F9E0>,False,False
CHEMBL249927,IC50,nM,97.0,IC50,nM,97.0,O=C(CO)N1CCC[C@@H]1COc1cccc2ncnc(Nc3ccc(OCc4ccccn4)c(Cl)c3)c12,7.013228265733755,<rdkit.Chem.rdchem.Mol object at 0x000001D6E224FF20>,False,False
CHEMBL413987,IC50,nM,191.0,IC50,nM,191.0,C[C@@H](CN(C)C(=O)CO)Oc1cccc2ncnc(Nc3ccc(OCc4ccccn4)c(Cl)c3)c12,6.718966632752273,<rdkit.Chem.rdchem.Mol object at 0x000001D6E224FF90>,False,False
CHEMBL250132,IC50,nM,2.0,IC50,nM,2.0,C[C@H](CN(C)C(=O)CO)Oc1cccc2ncnc(Nc3ccc(OCc4ccccn4)c(Cl)c3)c12,8.698970004336019,<rdkit.Chem.rdchem.Mol object at 0x000001D6E2255040>,False,False
CHEMBL403785,IC50,nM,2580.0,IC50,nM,2580.0,C[C@@H](COc1cccc2ncnc(Nc3ccc(OCc4ccccn4)c(Cl)c3)c12)N(C)C(=O)CO,5.58838029403677,<rdkit.Chem.rdchem.Mol object at 0x000001D6E22550B0>,False,False
CHEMBL250130,IC50,nM,3.0,IC50,nM,3.0,C[C@H](COc1cccc2ncnc(Nc3ccc(OCc4ccccn4)c(Cl)c3)c12)N(C)C(=O)CO,8.522878745280337,<rdkit.Chem.rdchem.Mol object at 0x000001D6E2255120>,False,False
CHEMBL249928,IC50,nM,35.0,IC50,nM,35.0,CN(CCOc1cccc2ncnc(Nc3ccc(OCc4ccccn4)c(Cl)c3)c12)C(=O)CO,7.455931955649724,<rdkit.Chem.rdchem.Mol object at 0x000001D6E2255190>,False,False
CHEMBL403569,IC50,nM,327.0,IC50,nM,327.0,O=C(CO)N1CCC[C@H]1COc1cccc2ncnc(Nc3ccc(OCc4ccccn4)c(Cl)c3)c12,6.485452247339714,<rdkit.Chem.rdchem.Mol object at 0x000001D6E2255200>,False,False
CHEMBL253292,IC50,nM,380.0,IC50,uM,0.38,CCN(CC)CCOc1ccc(Nc2cc(NC(=O)Nc3c(Cl)cccc3Cl)ncn2)cc1,6.42021640338319,<rdkit.Chem.rdchem.Mol object at 0x000001D6E2255970>,False,False
CHEMBL402011,IC50,nM,180.0,IC50,uM,0.18,C[C@@H](Oc1cccc2ncnc(Nc3ccc4c(cnn4Cc4ccccn4)c3)c12)C(=O)N(C)C,6.7447274948966935,<rdkit.Chem.rdchem.Mol object at 0x000001D6E22559E0>,False,False
CHEMBL257411,IC50,nM,366.0,IC50,uM,0.366,C[C@@H](Oc1cccc2ncnc(Nc3ccc4c(cnn4Cc4nccs4)c3)c12)C(=O)N1CCOCC1,6.436518914605589,<rdkit.Chem.rdchem.Mol object at 0x000001D6E2255A50>,False,False
CHEMBL428777,IC50,nM,22.0,IC50,uM,0.022,C[C@@H](Oc1cccc2ncnc(Nc3ccc(OCc4ccccn4)c(Cl)c3)c12)C(=O)N(C)C,7.657577319177793,<rdkit.Chem.rdchem.Mol object at 0x000001D6E2255AC0>,False,False
CHEMBL256362,IC50,nM,1100.0,IC50,uM,1.1,Cc1ccc(Oc2ccc(Nc3ncnc4cccc(O[C@H](C)C(=O)N(C)C)c34)cc2C)cn1,5.958607314841775,<rdkit.Chem.rdchem.Mol object at 0x000001D6E2255B30>,False,False
CHEMBL257478,IC50,nM,2000.0,IC50,uM,2.0,Cc1ccc(Oc2ccc(Nc3ncnc4cccc(O[C@H](C)C(=O)N(C)CCO)c34)cc2C)cn1,5.698970004336019,<rdkit.Chem.rdchem.Mol object at 0x000001D6E2255BA0>,False,False
CHEMBL257861,IC50,nM,16.0,IC50,uM,0.016,OCCOc1n[nH]c2ncnc(Nc3ccc(OCc4ccccn4)c(Cl)c3)c12,7.795880017344075,<rdkit.Chem.rdchem.Mol object at 0x000001D6E2255D60>,False,False
CHEMBL271705,IC50,nM,1.0,IC50,uM,0.001,Clc1cc(Nc2ncnc3[nH]nc(OCCN4CCOCC4)c23)ccc1OCc1ccccn1,9.0,<rdkit.Chem.rdchem.Mol object at 0x000001D6E2255DD0>,False,False
CHEMBL411897,IC50,nM,28.0,IC50,uM,0.028,COC1CCN(CCOc2n[nH]c3ncnc(Nc4ccc(OCc5ccccn5)c(Cl)c4)c23)CC1,7.552841968657781,<rdkit.Chem.rdchem.Mol object at 0x000001D6E2255E40>,False,False
CHEMBL257430,IC50,nM,8.0,IC50,uM,0.008,Clc1cc(Nc2ncnc3[nH]nc(OCCN4CCNCC4)c23)ccc1OCc1ccccn1,8.096910013008056,<rdkit.Chem.rdchem.Mol object at 0x000001D6E2255EB0>,False,False
CHEMBL402553,IC50,nM,8.0,IC50,uM,0.008,Clc1cc(Nc2ncnc3[nH]nc(OCCN4CCCC4)c23)ccc1OCc1ccccn1,8.096910013008056,<rdkit.Chem.rdchem.Mol object at 0x000001D6E2255F20>,False,False
CHEMBL258270,IC50,nM,3.0,IC50,uM,0.003,CC(=O)N1CCN(CCOc2n[nH]c3ncnc(Nc4ccc(OCc5ccccn5)c(Cl)c4)c23)CC1,8.522878745280337,<rdkit.Chem.rdchem.Mol object at 0x000001D6E2255F90>,False,False
CHEMBL258282,IC50,nM,5.0,IC50,uM,0.005,CN1CCN(CCOc2n[nH]c3ncnc(Nc4ccc(OCc5ccccn5)c(Cl)c4)c23)CC1,8.301029995663981,<rdkit.Chem.rdchem.Mol object at 0x000001D6E2237040>,False,False
CHEMBL401713,IC50,nM,104.0,IC50,uM,0.104,COc1cc(Nc2ncnc3[nH]nc(OCCN4CCC(O)CC4)c23)ccc1OCc1ccccn1,6.982966660701219,<rdkit.Chem.rdchem.Mol object at 0x000001D6E2237120>,False,False
CHEMBL402339,IC50,nM,13.0,IC50,uM,0.013,COc1cc(Nc2ncnc3[nH]nc(OCCN4CCC(O)CC4)c23)ccc1OCc1cccc(F)c1,7.886056647693163,<rdkit.Chem.rdchem.Mol object at 0x000001D6E2237190>,False,False
CHEMBL257873,IC50,nM,1430.0,IC50,uM,1.43,Cc1ccc(Oc2ccc(Nc3ncnc4[nH]nc(OCCN5CCC(O)CC5)c34)cc2F)cn1,5.844663962534939,<rdkit.Chem.rdchem.Mol object at 0x000001D6E2237200>,False,False
CHEMBL257872,IC50,nM,216.0,IC50,uM,0.216,Cc1ccc(Oc2ccc(Nc3ncnc4[nH]nc(OCCN5CCC(O)CC5)c34)cc2C)cn1,6.665546248849069,<rdkit.Chem.rdchem.Mol object at 0x000001D6E2237270>,False,False
CHEMBL403435,IC50,nM,18.0,IC50,uM,0.018,Cc1cc(Nc2ncnc3[nH]nc(OCCN4CCC(O)CC4)c23)ccc1OCc1ccccn1,7.744727494896693,<rdkit.Chem.rdchem.Mol object at 0x000001D6E22372E0>,False,False
CHEMBL255170,IC50,nM,7.0,IC50,uM,0.007,Cc1ccc(Oc2ccc(Nc3ncnc4[nH]nc(OCCN5CCC(O)CC5)c34)cc2Cl)cn1,8.154901959985743,<rdkit.Chem.rdchem.Mol object at 0x000001D6E2237350>,False,False
CHEMBL404405,IC50,nM,13.0,IC50,uM,0.013,OC1CCN(CCOc2n[nH]c3ncnc(Nc4ccc(OCc5ccccn5)c(Cl)c4)c23)CC1,7.886056647693163,<rdkit.Chem.rdchem.Mol object at 0x000001D6E22373C0>,False,False
CHEMBL410659,IC50,nM,9600.0,IC50,uM,9.6,Nc1nccn2c1c(-c1ccc3ccc(-c4ccccc4)nc3c1)nc2[C@H]1C[C@@H](CN2CCC2)C1,5.017728766960431,<rdkit.Chem.rdchem.Mol object at 0x000001D6E2237430>,False,False
CHEMBL260861,IC50,nM,2400.0,IC50,uM,2.4,COc1cc(Nc2nn3c(N[C@H](CO)Cc4ccccc4)cc(C4CC4)nc3c2C(N)=O)cc(OC)c1,5.619788758288394,<rdkit.Chem.rdchem.Mol object at 0x000001D6E22374A0>,False,False
CHEMBL406845,IC50,nM,480.0,IC50,nM,480.0,CC(C)(C)n1nc(-c2ccc(Cl)cc2)c2c(N)ncnc21,6.318758762624412,<rdkit.Chem.rdchem.Mol object at 0x000001D6E2237580>,False,False
CHEMBL258940,IC50,nM,3.0,IC50,nM,3.0,CN1CCC(Nc2ncc3ncnc(Nc4ccc(F)c(Cl)c4)c3n2)CC1,8.522878745280337,<rdkit.Chem.rdchem.Mol object at 0x000001D6E22375F0>,False,False
CHEMBL261238,IC50,nM,5000000.0,IC50,uM,5000.0,CN(c1cccnc1)c1cc2c(Nc3ccc(F)c(Cl)c3)c(C#N)cnc2cn1,2.3010299956639813,<rdkit.Chem.rdchem.Mol object at 0x000001D6E2237740>,False,False
CHEMBL258694,IC50,nM,150.0,IC50,nM,150.0,Cc1nnc(-c2cn3ncnc(Nc4cnc5[nH]ccc5c4)c3c2C(C)C)o1,6.823908740944319,<rdkit.Chem.rdchem.Mol object at 0x000001D6E2237890>,False,False
CHEMBL188762,IC50,nM,0.43,IC50,nM,0.43,CCC(=O)Nc1ccc2ncnc(Nc3cccc(Br)c3)c2c1,9.366531544420411,<rdkit.Chem.rdchem.Mol object at 0x000001D6E225A510>,False,False
CHEMBL472545,IC50,nM,30.0,IC50,uM,0.03,Nc1ncnc(Nc2ccc(OCc3ccccc3)c(Cl)c2)c1-c1nnc(CCN2CCOCC2)o1,7.522878745280337,<rdkit.Chem.rdchem.Mol object at 0x000001D6E2258430>,False,False
CHEMBL500591,IC50,nM,27.0,IC50,uM,0.027,N#Cc1c(N)ncnc1Nc1ccc(OCc2ccccc2)c(Cl)c1,7.568636235841013,<rdkit.Chem.rdchem.Mol object at 0x000001D6E2258580>,False,False
CHEMBL461114,IC50,nM,76.0,IC50,uM,0.076,Nc1ncnc(Nc2ccc(OCc3ccccc3)c(Cl)c2)c1C(=O)Nc1ccccc1,7.119186407719209,<rdkit.Chem.rdchem.Mol object at 0x000001D6E22585F0>,False,False
CHEMBL461113,IC50,nM,150.0,IC50,uM,0.15,Nc1ncnc(Nc2ccc(OCc3ccccc3)c(Cl)c2)c1C(=O)OCCN1CCOCC1,6.823908740944319,<rdkit.Chem.rdchem.Mol object at 0x000001D6E2258660>,False,False
CHEMBL516487,IC50,nM,54.0,IC50,uM,0.054,COC(=O)c1c(N)ncnc1Nc1ccc(OCc2ccccc2)c(Cl)c1,7.267606240177032,<rdkit.Chem.rdchem.Mol object at 0x000001D6E22586D0>,False,False
CHEMBL512391,IC50,nM,41.0,IC50,uM,0.041,Nc1ncnc(Nc2ccc(OCc3ccccc3)c(Cl)c2)c1C(=O)O,7.387216143280264,<rdkit.Chem.rdchem.Mol object at 0x000001D6E2258740>,False,False
CHEMBL521887,IC50,nM,700.0,IC50,uM,0.7,Cc1ccc(NC(=O)c2ccc(CN3CCN(C)CC3)cc2)cc1-c1ccc2ccncc2c1,6.154901959985743,<rdkit.Chem.rdchem.Mol object at 0x000001D6E2260120>,False,False
CHEMBL485745,IC50,nM,6300.0,IC50,uM,6.3,Fc1ccc(-c2nn3ccccc3c2-c2ccncc2)cc1,5.200659450546418,<rdkit.Chem.rdchem.Mol object at 0x000001D6E2260740>,False,False
CHEMBL515598,IC50,nM,7800.0,IC50,uM,7.8,c1ccc2sc(-c3ccc(Nc4ncnc5[nH]cnc45)cc3)nc2c1,5.107905397309519,<rdkit.Chem.rdchem.Mol object at 0x000001D6E2259120>,False,False
CHEMBL462338,IC50,nM,7700.0,IC50,uM,7.7,COc1nc(Nc2ccc(-c3nc4ccccc4s3)cc2)c2cc[nH]c2n1,5.113509274827518,<rdkit.Chem.rdchem.Mol object at 0x000001D6E2259190>,False,False
CHEMBL474543,IC50,nM,5300.0,IC50,uM,5.3,Clc1ccc2c(Nc3ccc(-c4nc5ccccc5s4)cc3)ccnc2c1,5.275724130399211,<rdkit.Chem.rdchem.Mol object at 0x000001D6E2259200>,False,False
CHEMBL475351,IC50,nM,5100.0,IC50,uM,5.1,COc1nc(Nc2ccc(-c3nc4ccccc4s3)c(OC)c2)c2cc[nH]c2n1,5.292429823902063,<rdkit.Chem.rdchem.Mol object at 0x000001D6E2259270>,False,False
CHEMBL522785,IC50,nM,3300.0,IC50,uM,3.3,COc1cc2nc(Nc3cc(C)[nH]n3)nc(Nc3cccc(-c4nc5ccccc5s4)c3)c2cc1OC,5.481486060122113,<rdkit.Chem.rdchem.Mol object at 0x000001D6E22592E0>,False,False
CHEMBL475352,IC50,nM,2600.0,IC50,uM,2.6,COc1cc(Nc2ncnc3[nH]cnc23)ccc1-c1nc2ccccc2s1,5.585026652029182,<rdkit.Chem.rdchem.Mol object at 0x000001D6E2259350>,False,False
CHEMBL473351,IC50,nM,2200.0,IC50,uM,2.2,COc1cc2ncnc(Nc3ccc(-c4nc5ccccc5s4)c(O)c3)c2cc1OC,5.657577319177793,<rdkit.Chem.rdchem.Mol object at 0x000001D6E22593C0>,False,False
CHEMBL464210,IC50,nM,2000.0,IC50,uM,2.0,CNC(=O)c1cc(Nc2ccc(-c3nc4ccccc4s3)cc2)ccn1,5.698970004336019,<rdkit.Chem.rdchem.Mol object at 0x000001D6E2259430>,False,False
CHEMBL491686,IC50,nM,1900.0,IC50,uM,1.9,Cc1cc(Nc2ccnc(Nc3cccc(-c4nc5ccccc5s4)c3)n2)n[nH]1,5.721246399047171,<rdkit.Chem.rdchem.Mol object at 0x000001D6E22594A0>,False,False
CHEMBL443906,IC50,nM,1700.0,IC50,uM,1.7,c1cc(Nc2ncnc3[nH]cnc23)cc(-c2nc3ccccc3s2)c1,5.769551078621726,<rdkit.Chem.rdchem.Mol object at 0x000001D6E2259510>,False,False
CHEMBL473556,IC50,nM,1500.0,IC50,uM,1.5,COc1cc2ncnc(Nc3ccc(-c4nc5ccccc5s4)cc3)c2cc1OC,5.823908740944319,<rdkit.Chem.rdchem.Mol object at 0x000001D6E22595F0>,False,False
CHEMBL518803,IC50,nM,1300.0,IC50,uM,1.3,c1ccc2sc(-c3ccc(Nc4ncnc5[nH]ccc45)cc3)nc2c1,5.886056647693163,<rdkit.Chem.rdchem.Mol object at 0x000001D6E2259660>,False,False
CHEMBL514016,IC50,nM,800.0,IC50,uM,0.8,Clc1ccc2c(Nc3ccc(-c4nc5ccccc5s4)c(Cl)c3)ncnc2c1,6.096910013008056,<rdkit.Chem.rdchem.Mol object at 0x000001D6E22596D0>,False,False
CHEMBL462162,IC50,nM,720.0,IC50,uM,0.72,COc1cc(Nc2ncnc3[nH]ccc23)ccc1-c1nc2ccccc2s1,6.142667503568732,<rdkit.Chem.rdchem.Mol object at 0x000001D6E2259740>,False,False
CHEMBL514942,IC50,nM,240.0,IC50,uM,0.24,COc1cc2ncnc(Nc3ccc(-c4nc5ccccc5s4)cc3C)c2cc1OC,6.619788758288394,<rdkit.Chem.rdchem.Mol object at 0x000001D6E2259820>,False,False
CHEMBL473553,IC50,nM,63.0,IC50,uM,0.063,COc1cc2ncnc(Nc3ccc(-c4nc5ccccc5s4)c(OC)c3)c2cc1OC,7.200659450546418,<rdkit.Chem.rdchem.Mol object at 0x000001D6E2259890>,False,False
CHEMBL249496,IC50,nM,270.0,IC50,nM,270.0,Nc1ncnc2c1c(-c1ccc3nc(Cc4ccccc4)[nH]c3c1)nn2[C@H]1CC[C@H](N2CCOCC2)CC1,6.568636235841013,<rdkit.Chem.rdchem.Mol object at 0x000001D6E2259900>,False,False
CHEMBL248877,IC50,nM,361.0,IC50,nM,361.0,Nc1ncnc2c1c(-c1ccc3nc(Cc4cccs4)[nH]c3c1)nn2[C@H]1CC[C@H](N2CCOCC2)CC1,6.442492798094342,<rdkit.Chem.rdchem.Mol object at 0x000001D6E2259970>,False,False
CHEMBL251732,IC50,nM,65.0,IC50,nM,65.0,Nc1ncnc2c1c(-c1ccc3nc(Cc4ccccc4Cl)[nH]c3c1)nn2[C@H]1CC[C@H](N2CCOCC2)CC1,7.187086643357144,<rdkit.Chem.rdchem.Mol object at 0x000001D6E22599E0>,False,False
CHEMBL437584,IC50,nM,58.0,IC50,nM,58.0,COc1ccccc1Cc1nc2ccc(-c3nn([C@H]4CC[C@H](N5CCOCC5)CC4)c4ncnc(N)c34)cc2[nH]1,7.236572006437063,<rdkit.Chem.rdchem.Mol object at 0x000001D6E2259A50>,False,False
CHEMBL455208,IC50,nM,30.0,IC50,nM,30.0,COc1ccccc1Cc1nc2ccc(-c3nn([C@H]4CC[C@H](N5CCNCC5)CC4)c4ncnc(N)c34)cc2[nH]1,7.522878745280337,<rdkit.Chem.rdchem.Mol object at 0x000001D6E2259AC0>,False,False
CHEMBL452717,IC50,nM,130.0,IC50,nM,130.0,COc1ccccc1Cc1nc2ccc(-c3nn([C@H]4CC[C@H](N5CCN(C(C)=O)CC5)CC4)c4ncnc(N)c34)cc2[nH]1,6.886056647693163,<rdkit.Chem.rdchem.Mol object at 0x000001D6E2259B30>,False,False
CHEMBL503638,IC50,nM,30.0,IC50,nM,30.0,CCOC(=O)N1CCN([C@H]2CC[C@H](n3nc(-c4ccc5nc(Cc6ccccc6OC)[nH]c5c4)c4c(N)ncnc43)CC2)CC1,7.522878745280337,<rdkit.Chem.rdchem.Mol object at 0x000001D6E2259BA0>,False,False
CHEMBL448628,IC50,nM,25.0,IC50,nM,25.0,COc1ccccc1Cc1nc2ccc(-c3nn([C@H]4CC[C@H](N5CCN(C(=O)N(C)C)CC5)CC4)c4ncnc(N)c34)cc2[nH]1,7.602059991327962,<rdkit.Chem.rdchem.Mol object at 0x000001D6E2259C10>,False,False
CHEMBL446250,IC50,nM,3.0,IC50,nM,3.0,COc1ccccc1Cc1nc2ccc(-c3nn([C@H]4CC[C@H](N5CCN(CC6CC6)CC5)CC4)c4ncnc(N)c34)cc2[nH]1,8.522878745280337,<rdkit.Chem.rdchem.Mol object at 0x000001D6E2259CF0>,False,False
CHEMBL501256,IC50,nM,93000.0,IC50,uM,93.0,Nc1ncnc2c1ncn2CC(=O)c1cccnc1,4.031517051446065,<rdkit.Chem.rdchem.Mol object at 0x000001D6E2259D60>,False,False
CHEMBL504135,IC50,nM,89000.0,IC50,uM,89.0,Nc1ncnc2c1ncn2CC(=O)c1ccccn1,4.050609993355087,<rdkit.Chem.rdchem.Mol object at 0x000001D6E2259DD0>,False,False
CHEMBL520515,IC50,nM,75000.0,IC50,uM,75.0,Nc1ncnc2c1ncn2CC(=O)c1ccccc1,4.1249387366083,<rdkit.Chem.rdchem.Mol object at 0x000001D6E2259E40>,False,False
CHEMBL485246,IC50,nM,82000.0,IC50,uM,82.0,Nc1ncnc2ncn(CC(=O)c3c[nH]c4ccccc34)c12,4.086186147616283,<rdkit.Chem.rdchem.Mol object at 0x000001D6E2259EB0>,False,False
CHEMBL521155,IC50,nM,35000.0,IC50,uM,35.0,Nc1ncnc2c1ncn2CC(=O)c1c[nH]c2ccccc12,4.455931955649724,<rdkit.Chem.rdchem.Mol object at 0x000001D6E2259F20>,False,False
CHEMBL485320,IC50,nM,300.0,IC50,uM,0.3,Nc1nc(Nc2cccc(Br)c2)c2cc(CCc3ccccc3)[nH]c2n1,6.522878745280337,<rdkit.Chem.rdchem.Mol object at 0x000001D6E2263040>,False,False
CHEMBL482715,IC50,nM,122000.0,IC50,uM,122.0,Nc1nc(Nc2ccc(F)c(C(F)(F)F)c2)c2cc(CCc3ccccc3)[nH]c2n1,3.913640169325252,<rdkit.Chem.rdchem.Mol object at 0x000001D6E22630B0>,False,False
CHEMBL519147,IC50,nM,3180.0,IC50,uM,3.18,Nc1nc(Nc2ccc(Cl)cc2)c2cc(CCc3ccccc3)[nH]c2n1,5.497572880015567,<rdkit.Chem.rdchem.Mol object at 0x000001D6E2263120>,False,False
CHEMBL483313,IC50,nM,1320.0,IC50,uM,1.32,Nc1nc(Nc2ccc(Cl)cc2F)c2cc(CCc3ccccc3)[nH]c2n1,5.87942606879415,<rdkit.Chem.rdchem.Mol object at 0x000001D6E2263190>,False,False
CHEMBL504416,IC50,nM,22800.0,IC50,uM,22.8,Nc1nc(Nc2ccc(F)c(Cl)c2)c2cc(CCc3ccccc3)[nH]c2n1,4.642065152999546,<rdkit.Chem.rdchem.Mol object at 0x000001D6E2263200>,False,False
CHEMBL484109,IC50,nM,4700.0,IC50,uM,4.7,Nc1nc(Nc2cccc(Br)c2)c2cc(CCc3ccc4ccccc4c3)[nH]c2n1,5.327902142064283,<rdkit.Chem.rdchem.Mol object at 0x000001D6E2263270>,False,False
CHEMBL484108,IC50,nM,4800.0,IC50,uM,4.8,Nc1nc(Nc2cccc(Br)c2)c2cc(CCc3cccc4ccccc34)[nH]c2n1,5.318758762624412,<rdkit.Chem.rdchem.Mol object at 0x000001D6E22632E0>,False,False
CHEMBL482489,IC50,nM,3400.0,IC50,uM,3.4,Nc1nc(Nc2cccc(Br)c2)c2cc(CCc3ccccc3Cl)[nH]c2n1,5.468521082957745,<rdkit.Chem.rdchem.Mol object at 0x000001D6E2263350>,False,False
CHEMBL485321,IC50,nM,2200.0,IC50,uM,2.2,COc1ccc(CCc2cc3c(Nc4cccc(Br)c4)nc(N)nc3[nH]2)cc1,5.657577319177793,<rdkit.Chem.rdchem.Mol object at 0x000001D6E22633C0>,False,False
CHEMBL502015,IC50,nM,1240.0,IC50,uM,1.24,Nc1nc(Nc2cccc(Br)c2)c2cc(Cc3ccc4ccccc4c3)[nH]c2n1,5.906578314837765,<rdkit.Chem.rdchem.Mol object at 0x000001D6E2263430>,False,False
CHEMBL499345,IC50,nM,4310.0,IC50,uM,4.31,Nc1nc(Nc2cccc(Br)c2)c2cc(Cc3ccccc3Cl)[nH]c2n1,5.3655227298392685,<rdkit.Chem.rdchem.Mol object at 0x000001D6E22634A0>,False,False
CHEMBL499344,IC50,nM,1670.0,IC50,uM,1.67,Nc1nc(Nc2cccc(Br)c2)c2cc(Cc3ccccc3)[nH]c2n1,5.777283528852417,<rdkit.Chem.rdchem.Mol object at 0x000001D6E2263510>,False,False
CHEMBL459729,IC50,nM,21000.0,IC50,uM,21.0,Cc1cc(C2CCN(CCCF)CC2)cc2[nH]c(-c3c(NCCn4cc(Cl)cn4)cc[nH]c3=O)nc12,4.6777807052660805,<rdkit.Chem.rdchem.Mol object at 0x000001D6E2263660>,False,False
CHEMBL461571,IC50,nM,2240.0,IC50,uM,2.24,Cc1c(C(=O)c2ccc(Cl)cc2)c2ccc(OC(F)(F)F)cc2n1Cc1cccc(O[C@H](C)C(=O)O)c1,5.649751981665837,<rdkit.Chem.rdchem.Mol object at 0x000001D6E22636D0>,False,False
CHEMBL461792,IC50,nM,10.08,IC50,nM,10.08,COC[C@H]1Oc2cc3ncnc(Nc4cccc(Cl)c4)c3cc2O[C@@H]1COC,7.996539467890494,<rdkit.Chem.rdchem.Mol object at 0x000001D6E2263740>,False,False
CHEMBL461795,IC50,nM,6.0,IC50,nM,6.0,COc1cc2ncnc(Nc3ccc(F)c(Cl)c3)c2cc1CN1CC[C@@H](C(N)=O)C1,8.221848749616356,<rdkit.Chem.rdchem.Mol object at 0x000001D6E2263890>,False,False
CHEMBL461967,IC50,nM,8.0,IC50,nM,8.0,COc1cc2ncnc(Nc3ccc(F)c(Cl)c3)c2cc1CNC(=O)[C@H]1CCCCN1C,8.096910013008056,<rdkit.Chem.rdchem.Mol object at 0x000001D6E2263900>,False,False
CHEMBL517130,IC50,nM,9.0,IC50,nM,9.0,COc1cc2ncnc(Nc3ccc(F)c(Cl)c3)c2cc1CN(C)[C@H](C)C(N)=O,8.045757490560675,<rdkit.Chem.rdchem.Mol object at 0x000001D6E2263970>,False,False
CHEMBL461968,IC50,nM,8.0,IC50,nM,8.0,COc1cc2ncnc(Nc3ccc(F)c(Cl)c3)c2cc1CN(C)[C@@H](C)C(N)=O,8.096910013008056,<rdkit.Chem.rdchem.Mol object at 0x000001D6E22639E0>,False,False
CHEMBL461781,IC50,nM,6300.0,IC50,uM,6.3,FC(F)(F)c1ccc(-n2cnnc2SCc2nc(COc3c(Cl)cccc3Cl)no2)cc1,5.200659450546418,<rdkit.Chem.rdchem.Mol object at 0x000001D6E2263CF0>,False,False
CHEMBL461782,IC50,nM,11100.0,IC50,uM,11.1,CCOC(=O)c1ccc(N2CCOCC2)c(NS(=O)(=O)c2cc(Br)c(Cl)s2)c1,4.954677021213342,<rdkit.Chem.rdchem.Mol object at 0x000001D6E2263D60>,False,False
CHEMBL523586,IC50,nM,10000.0,IC50,nM,10000.0,NC[C@H](Cc1cccc(F)c1)NC(=O)c1cc(Br)c(-c2ccnc3[nH]ccc23)s1,5.0,<rdkit.Chem.rdchem.Mol object at 0x000001D6E2263DD0>,False,False
CHEMBL470219,IC50,nM,4.0,IC50,nM,4.0,Fc1ccc(Nc2ncnc3nc(Nc4ccc(CN5CCCC5)cc4)sc23)cc1Cl,8.397940008672037,<rdkit.Chem.rdchem.Mol object at 0x000001D6E2263E40>,False,False
CHEMBL471058,IC50,nM,6.0,IC50,nM,6.0,CCc1nccn1Cc1ccc(Nc2nc3ncnc(Nc4ccc(F)c(Cl)c4)c3s2)cc1,8.221848749616356,<rdkit.Chem.rdchem.Mol object at 0x000001D6E2263EB0>,False,False
CHEMBL513418,IC50,nM,7.0,IC50,nM,7.0,NS(=O)(=O)c1ccc(Nc2nc3ncnc(Nc4cccc(Cl)c4)c3s2)cc1,8.154901959985743,<rdkit.Chem.rdchem.Mol object at 0x000001D6E2263F20>,False,False
CHEMBL469355,IC50,nM,9.0,IC50,nM,9.0,NS(=O)(=O)c1ccc(Nc2nc3ncnc(Nc4ccc(F)c(Cl)c4)c3s2)cc1,8.045757490560675,<rdkit.Chem.rdchem.Mol object at 0x000001D6E2263F90>,False,False
CHEMBL503418,IC50,nM,9.0,IC50,nM,9.0,CN1CCN(Cc2ccc(Nc3nc4ncnc(Nc5ccc(OCc6cccc(F)c6)c(Cl)c5)c4s3)cc2)CC1,8.045757490560675,<rdkit.Chem.rdchem.Mol object at 0x000001D6E225F040>,False,False
CHEMBL469354,IC50,nM,10.0,IC50,nM,10.0,NS(=O)(=O)c1ccc(Nc2nc3ncnc(Nc4cccc(Br)c4)c3s2)cc1,8.0,<rdkit.Chem.rdchem.Mol object at 0x000001D6E225F0B0>,False,False
CHEMBL470011,IC50,nM,10.0,IC50,nM,10.0,Fc1ccc(Nc2ncnc3nc(Nc4ccc(CN5CCCCC5)cc4)sc23)cc1Cl,8.0,<rdkit.Chem.rdchem.Mol object at 0x000001D6E225F120>,False,False
CHEMBL511990,IC50,nM,11.0,IC50,nM,11.0,OC[C@@H]1CCCN1Cc1ccc(Nc2nc3ncnc(Nc4ccc(F)c(Cl)c4)c3s2)cc1,7.958607314841775,<rdkit.Chem.rdchem.Mol object at 0x000001D6E225F190>,False,False
CHEMBL513208,IC50,nM,12.0,IC50,nM,12.0,CN(C)Cc1ccc(Nc2nc3ncnc(Nc4ccc(F)c(Cl)c4)c3s2)cc1,7.920818753952375,<rdkit.Chem.rdchem.Mol object at 0x000001D6E225F200>,False,False
CHEMBL511637,IC50,nM,12.0,IC50,nM,12.0,Fc1ccc(Nc2ncnc3nc(Nc4ccc(CN5CCOCC5)cc4)sc23)cc1Cl,7.920818753952375,<rdkit.Chem.rdchem.Mol object at 0x000001D6E225F270>,False,False
CHEMBL470218,IC50,nM,13.0,IC50,nM,13.0,CN(C)CCc1ccc(Nc2nc3ncnc(Nc4ccc(F)c(Cl)c4)c3s2)cc1,7.886056647693163,<rdkit.Chem.rdchem.Mol object at 0x000001D6E225F2E0>,False,False
CHEMBL513362,IC50,nM,14.0,IC50,nM,14.0,Cc1cccc(Nc2ncnc3nc(Nc4ccc(S(N)(=O)=O)cc4)sc23)c1,7.853871964321762,<rdkit.Chem.rdchem.Mol object at 0x000001D6E225F350>,False,False
CHEMBL470012,IC50,nM,15.0,IC50,nM,15.0,Fc1ccc(Nc2ncnc3nc(Nc4ccc(CCN5CCOCC5)cc4)sc23)cc1Cl,7.823908740944319,<rdkit.Chem.rdchem.Mol object at 0x000001D6E225F3C0>,False,False
CHEMBL470010,IC50,nM,25.0,IC50,nM,25.0,COCCN(CCOC)S(=O)(=O)c1ccc(Nc2nc3ncnc(Nc4ccc(F)c(Cl)c4)c3s2)cc1,7.602059991327962,<rdkit.Chem.rdchem.Mol object at 0x000001D6E225F430>,False,False
CHEMBL470003,IC50,nM,27.0,IC50,nM,27.0,Clc1cccc(Nc2ncnc3nc(Nc4ccccc4)sc23)c1,7.568636235841013,<rdkit.Chem.rdchem.Mol object at 0x000001D6E225F4A0>,False,False
CHEMBL469997,IC50,nM,59.0,IC50,nM,59.0,Fc1ccc(Nc2ncnc3nc(Nc4ccccc4)sc23)cc1Cl,7.229147988357855,<rdkit.Chem.rdchem.Mol object at 0x000001D6E225F580>,False,False
CHEMBL511839,IC50,nM,82.0,IC50,nM,82.0,NS(=O)(=O)c1ccc(Nc2nc3ncnc(Nc4ccccc4)c3s2)cc1,7.086186147616283,<rdkit.Chem.rdchem.Mol object at 0x000001D6E225F5F0>,False,False
CHEMBL513716,IC50,nM,187.0,IC50,nM,187.0,NS(=O)(=O)c1ccc(Nc2nc3ncnc(Nc4c(F)cccc4F)c3s2)cc1,6.728158393463501,<rdkit.Chem.rdchem.Mol object at 0x000001D6E225F660>,False,False
CHEMBL511623,IC50,nM,918.0,IC50,nM,918.0,Fc1ccc(Nc2ncnc3nc(NCCN4CCOCC4)sc23)cc1Cl,6.037157318798758,<rdkit.Chem.rdchem.Mol object at 0x000001D6E225F6D0>,False,False
CHEMBL453336,IC50,nM,14000.0,IC50,uM,14.0,COc1cc(C2=C(c3cn(COCc4ccccc4)c4ccccc34)CNC2=O)cc(OC)c1OC,4.853871964321762,<rdkit.Chem.rdchem.Mol object at 0x000001D6E225F890>,False,False
CHEMBL488646,IC50,nM,9000.0,IC50,uM,9.0,COc1cc(C2=C(c3cn(COC(C)(C)C)c4ccccc34)CNC2=O)cc(OC)c1OC,5.045757490560675,<rdkit.Chem.rdchem.Mol object at 0x000001D6E225F900>,False,False
CHEMBL529663,IC50,nM,23000.0,IC50,uM,23.0,COc1cc(C2=C(c3c[nH]c4ccccc34)CNC2=O)cc(OC)c1OC,4.638272163982407,<rdkit.Chem.rdchem.Mol object at 0x000001D6E225F9E0>,False,False
CHEMBL489058,IC50,nM,10.0,IC50,uM,0.01,CCN1CCN(CC/C=C/c2ccc3c(Nc4ccc(Sc5nccn5C)c(Cl)c4)c(C#N)cnc3c2)CC1,8.0,<rdkit.Chem.rdchem.Mol object at 0x000001D6E225FA50>,False,False
CHEMBL448929,IC50,nM,22.0,IC50,nM,22.0,CCc1cc(Nc2nccc(-c3c(-c4cccc(C(=O)Nc5c(F)cccc5F)c4)nc4ccccn34)n2)c(OC)cc1N1CCC(N2CCN(S(C)(=O)=O)CC2)CC1,7.657577319177793,<rdkit.Chem.rdchem.Mol object at 0x000001D6E225FAC0>,False,False
CHEMBL507714,IC50,nM,57.0,IC50,nM,57.0,COc1cc(N2CCC(N3CCN(S(C)(=O)=O)CC3)CC2)ccc1Nc1nccc(-c2c(-c3cccc(C(=O)Nc4c(F)cccc4F)c3)nc3ccccn23)n1,7.244125144327507,<rdkit.Chem.rdchem.Mol object at 0x000001D6E225FB30>,False,False
CHEMBL479800,IC50,nM,10.0,IC50,nM,10.0,Fc1cccc(COc2ccc(Nc3ncnc4cc(-c5ccco5)sc34)cc2Cl)c1,8.0,<rdkit.Chem.rdchem.Mol object at 0x000001D6E225FC10>,False,False
CHEMBL475594,IC50,nM,2.0,IC50,nM,2.0,CN(C)Cc1ccc(-c2cc3ncnc(Nc4ccc(OCc5cccc(F)c5)c(Cl)c4)c3s2)o1,8.698970004336019,<rdkit.Chem.rdchem.Mol object at 0x000001D6E225FC80>,False,False
CHEMBL475761,IC50,nM,5.0,IC50,nM,5.0,CN1CCN(Cc2ccc(-c3cc4ncnc(Nc5ccc(OCc6cccc(F)c6)c(Cl)c5)c4s3)o2)CC1,8.301029995663981,<rdkit.Chem.rdchem.Mol object at 0x000001D6E225FCF0>,False,False
CHEMBL473428,IC50,nM,3.0,IC50,nM,3.0,OCc1ccc(-c2cc3ncnc(Nc4ccc(OCc5cccc(F)c5)c(Cl)c4)c3s2)o1,8.522878745280337,<rdkit.Chem.rdchem.Mol object at 0x000001D6E225FD60>,False,False
CHEMBL473427,IC50,nM,8.0,IC50,nM,8.0,Fc1cccc(COc2ccc(Nc3ncnc4cc(-c5cccs5)sc34)cc2Cl)c1,8.096910013008056,<rdkit.Chem.rdchem.Mol object at 0x000001D6E225FF20>,False,False
CHEMBL473436,IC50,nM,68.0,IC50,nM,68.0,Fc1cccc(COc2ccc(Nc3ncnc4cc(-c5ccc[nH]5)sc34)cc2Cl)c1,7.167491087293763,<rdkit.Chem.rdchem.Mol object at 0x000001D6E2268040>,False,False
CHEMBL473437,IC50,nM,4.0,IC50,nM,4.0,CN(C)Cc1ccc(-c2cc3ncnc(Nc4ccc(OCc5cccc(F)c5)c(Cl)c4)c3s2)[nH]1,8.397940008672037,<rdkit.Chem.rdchem.Mol object at 0x000001D6E22680B0>,False,False
CHEMBL473438,IC50,nM,6.0,IC50,nM,6.0,CCNCc1ccc(-c2cc3ncnc(Nc4ccc(OCc5cccc(F)c5)c(Cl)c4)c3s2)[nH]1,8.221848749616356,<rdkit.Chem.rdchem.Mol object at 0x000001D6E2268120>,False,False
CHEMBL514938,IC50,nM,15.0,IC50,nM,15.0,Fc1cccc(COc2ccc(Nc3ncnc4sc(-c5ccco5)cc34)cc2Cl)c1,7.823908740944319,<rdkit.Chem.rdchem.Mol object at 0x000001D6E2268200>,False,False
CHEMBL519757,IC50,nM,54.0,IC50,nM,54.0,Fc1cccc(COc2ccc(Nc3ncnc4sc(-c5ccc(CNCc6ccccc6)o5)cc34)cc2Cl)c1,7.267606240177032,<rdkit.Chem.rdchem.Mol object at 0x000001D6E2268270>,False,False
CHEMBL506414,IC50,nM,9.0,IC50,nM,9.0,Fc1cccc(COc2ccc(Nc3ncnc4sc(-c5cccs5)cc34)cc2Cl)c1,8.045757490560675,<rdkit.Chem.rdchem.Mol object at 0x000001D6E2268350>,False,False
CHEMBL475600,IC50,nM,115.0,IC50,nM,115.0,Fc1cccc(COc2ccc(Nc3ncnc4sc(-c5ccc[nH]5)cc34)cc2Cl)c1,6.939302159646388,<rdkit.Chem.rdchem.Mol object at 0x000001D6E22684A0>,False,False
CHEMBL475767,IC50,nM,68.0,IC50,nM,68.0,CN(C)Cc1ccc(-c2cc3c(Nc4ccc(OCc5cccc(F)c5)c(Cl)c4)ncnc3s2)[nH]1,7.167491087293763,<rdkit.Chem.rdchem.Mol object at 0x000001D6E2268510>,False,False
CHEMBL480348,IC50,nM,121.0,IC50,nM,121.0,CCNCc1ccc(-c2cc3c(Nc4ccc(OCc5cccc(F)c5)c(Cl)c4)ncnc3s2)[nH]1,6.91721462968355,<rdkit.Chem.rdchem.Mol object at 0x000001D6E2268580>,False,False
CHEMBL473320,IC50,nM,131.0,IC50,nM,131.0,COc1cc2ncnc(-c3c[nH]c4ccc(Br)cc34)c2cc1OC,6.882728704344236,<rdkit.Chem.rdchem.Mol object at 0x000001D6E2268660>,False,False
CHEMBL474323,IC50,nM,533.0,IC50,nM,533.0,COc1cc2ncnc(-c3c[nH]c4cc(F)c(C)cc34)c2cc1OC,6.273272790973428,<rdkit.Chem.rdchem.Mol object at 0x000001D6E22687B0>,False,False
CHEMBL515401,IC50,nM,209.0,IC50,nM,209.0,COc1cc2ncnc(-c3c[nH]c4cc(F)c(Cl)cc34)c2cc1OC,6.679853713888946,<rdkit.Chem.rdchem.Mol object at 0x000001D6E2268820>,False,False
CHEMBL451523,IC50,nM,5400.0,IC50,uM,5.4,COc1c(NC(=O)Nc2ccc(-c3ccc(CN4CCOCC4)nc3)c3ccccc23)cc(C(C)(C)C)cc1NS(C)(=O)=O,5.267606240177032,<rdkit.Chem.rdchem.Mol object at 0x000001D6E2268890>,False,False
CHEMBL45068,IC50,nM,25000000.0,IC50,mM,25.0,O=C(CCc1ccc(O)cc1)c1c(O)cc(O)cc1O,1.6020599913279625,<rdkit.Chem.rdchem.Mol object at 0x000001D6E2268970>,False,False
CHEMBL242740,IC50,nM,3300.0,IC50,uM,3.3,COc1c(O)cc2occ(-c3ccc(O)cc3)c(=O)c2c1O,5.481486060122113,<rdkit.Chem.rdchem.Mol object at 0x000001D6E22689E0>,False,False
CHEMBL461140,IC50,nM,3300.0,IC50,uM,3.3,CN(C)CCOc1ccc(/C=C/c2cc(-c3cc4c(=O)[nH]cnc4[nH]3)ccn2)cc1,5.481486060122113,<rdkit.Chem.rdchem.Mol object at 0x000001D6E22660B0>,False,False
CHEMBL496388,IC50,nM,1000.0,IC50,uM,1.0,N#Cc1cnc2c(Cl)cc(NCc3c[nH]nn3)cc2c1Nc1ccc(F)c(Cl)c1,6.0,<rdkit.Chem.rdchem.Mol object at 0x000001D6E2266120>,False,False
CHEMBL495617,IC50,nM,30000.0,IC50,uM,30.0,CCCN1CCC(n2cc(CNc3cc(Cl)c4ncc(C#N)c(Nc5ccc(F)c(Cl)c5)c4c3)nn2)CC1,4.522878745280337,<rdkit.Chem.rdchem.Mol object at 0x000001D6E2266190>,False,False
CHEMBL501709,IC50,nM,22000.0,IC50,uM,22.0,N#Cc1cnc2c(Cl)cc(NCc3cn(C4CCN(C5CCC5)CC4)nn3)cc2c1Nc1ccc(F)c(Cl)c1,4.657577319177793,<rdkit.Chem.rdchem.Mol object at 0x000001D6E2266200>,False,False
CHEMBL523059,IC50,nM,22000.0,IC50,uM,22.0,CC(C)N1CCC(n2cc(CNc3cc(Cl)c4ncc(C#N)c(Nc5ccc(F)c(Cl)c5)c4c3)nn2)CC1,4.657577319177793,<rdkit.Chem.rdchem.Mol object at 0x000001D6E2266270>,False,False
CHEMBL527026,IC50,nM,11000.0,IC50,uM,11.0,CCN1CCC(n2cc(CNc3cc(Cl)c4ncc(C#N)c(Nc5ccc(F)c(Cl)c5)c4c3)nn2)CC1,4.958607314841775,<rdkit.Chem.rdchem.Mol object at 0x000001D6E22662E0>,False,False
CHEMBL230232,IC50,nM,1000.0,IC50,uM,1.0,N#Cc1cnc2c(Br)cc(NCc3c[nH]nn3)cc2c1Nc1ccc(F)c(Cl)c1,6.0,<rdkit.Chem.rdchem.Mol object at 0x000001D6E2266350>,False,False
CHEMBL574059,IC50,nM,380.0,IC50,M,3.8e-07,Cn1c(=O)c(-c2c(Cl)cccc2Cl)cc2cnc(Nc3ccc(F)cc3)nc21,6.42021640338319,<rdkit.Chem.rdchem.Mol object at 0x000001D6E22664A0>,False,False
CHEMBL574058,IC50,nM,390.0,IC50,M,3.9e-07,Cc1cc(Nc2ncc3cc(-c4c(Cl)cccc4Cl)c(=O)n(C)c3n2)ccc1F,6.4089353929735005,<rdkit.Chem.rdchem.Mol object at 0x000001D6E2266510>,False,False
CHEMBL565714,IC50,nM,21.0,IC50,nM,21.0,CCC1=C2C(Nc3ccc4c(cnn4Cc4ccccc4)c3)=NC=NC2N=C1NC(=O)OCCN1CCNCC1,7.67778070526608,<rdkit.Chem.rdchem.Mol object at 0x000001D6E2266580>,False,False
CHEMBL565467,IC50,nM,23.0,IC50,nM,23.0,CCC1=C2C(Nc3ccc4c(cnn4Cc4ccccc4)c3)=NC=NC2N=C1NC(=O)O[C@H]1CC[C@H](N)CC1,7.638272163982407,<rdkit.Chem.rdchem.Mol object at 0x000001D6E22665F0>,False,False
CHEMBL583403,IC50,nM,23.0,IC50,nM,23.0,CCC1=C2C(Nc3ccc4c(cnn4Cc4cccc(F)c4)c3)=NC=NC2N=C1NC(=O)OC[C@@H]1COCCN1,7.638272163982407,<rdkit.Chem.rdchem.Mol object at 0x000001D6E2266660>,False,False
CHEMBL583218,IC50,nM,30.0,IC50,nM,30.0,CCC1=C2C(Nc3ccc4c(cnn4Cc4ccccc4)c3)=NC=NC2N=C1NC(=O)OCC1CCNCC1,7.522878745280337,<rdkit.Chem.rdchem.Mol object at 0x000001D6E22666D0>,False,False
CHEMBL1645462,IC50,nM,32.0,IC50,nM,32.0,Cc1c(NC(=O)OC[C@@H]2COCCN2)cn2ncnc(Nc3ccc4c(cnn4Cc4cccc(F)c4)c3)c12,7.494850021680094,<rdkit.Chem.rdchem.Mol object at 0x000001D6E2266740>,False,False
CHEMBL567873,IC50,nM,33.0,IC50,nM,33.0,CCC1=C2C(Nc3ccc4c(cnn4Cc4ccccc4)c3)=NC=NC2N=C1NC(=O)OC[C@@H]1COCCN1,7.481486060122112,<rdkit.Chem.rdchem.Mol object at 0x000001D6E22667B0>,False,False
CHEMBL566350,IC50,nM,38.0,IC50,nM,38.0,CCC1=C2C(Nc3ccc4c(cnn4Cc4ccccc4)c3)=NC=NC2N=C1NC(=O)OCCN1CCCCC1,7.42021640338319,<rdkit.Chem.rdchem.Mol object at 0x000001D6E2266820>,False,False
CHEMBL584714,IC50,nM,38.0,IC50,nM,38.0,CCC1=C2C(Nc3ccc4c(cnn4Cc4ccccc4)c3)=NC=NC2N=C1NC(=O)OCC1CCCNC1,7.42021640338319,<rdkit.Chem.rdchem.Mol object at 0x000001D6E2266890>,False,False
CHEMBL566337,IC50,nM,40.0,IC50,nM,40.0,CCC1=C2C(Nc3ccc4c(cnn4Cc4ccccc4)c3)=NC=NC2N=C1NC(=O)OCCn1ccnc1,7.397940008672037,<rdkit.Chem.rdchem.Mol object at 0x000001D6E2266900>,False,False
CHEMBL578044,IC50,nM,44.0,IC50,nM,44.0,CCC1=C2C(Nc3ccc4c(cnn4Cc4ccccc4)c3)=NC=NC2N=C1NC(=O)OCCC1CCNCC1,7.356547323513812,<rdkit.Chem.rdchem.Mol object at 0x000001D6E2266970>,False,False
CHEMBL566559,IC50,nM,45.0,IC50,nM,45.0,CCC1=C2C(Nc3ccc4c(cnn4Cc4ccccc4)c3)=NC=NC2N=C1NC(=O)OCC1CCCCN1,7.346787486224656,<rdkit.Chem.rdchem.Mol object at 0x000001D6E22669E0>,False,False
CHEMBL578255,IC50,nM,111.0,IC50,nM,111.0,CCC1=C2C(Nc3ccc4c(cnn4Cc4ccccc4)c3)=NC=NC2N=C1NC(=O)OCCN1CCOCC1,6.954677021213342,<rdkit.Chem.rdchem.Mol object at 0x000001D6E2266A50>,False,False
CHEMBL567197,IC50,nM,19.0,IC50,nM,19.0,CCC1=C2C(Nc3ccc4c(cnn4Cc4ccccc4)c3)=NC=NC2N=C1NC(=O)O[C@H]1CC[C@@](C)(N)CC1,7.721246399047171,<rdkit.Chem.rdchem.Mol object at 0x000001D6E2266AC0>,False,False
CHEMBL605413,IC50,nM,2200.0,IC50,uM,2.2,CCCC(Cc1coc2nc(N)nc(N)c12)c1ccccc1OC,5.657577319177793,<rdkit.Chem.rdchem.Mol object at 0x000001D6E2266F20>,False,False
CHEMBL595757,IC50,nM,18200.0,IC50,uM,18.2,COc1ccccc1C(Cc1coc2nc(N)nc(N)c12)C(C)C,4.739928612014925,<rdkit.Chem.rdchem.Mol object at 0x000001D6E2266F90>,False,False
CHEMBL594790,IC50,nM,13400.0,IC50,uM,13.4,CCCCC(Cc1coc2nc(N)nc(N)c12)c1ccccc1OC,4.872895201635193,<rdkit.Chem.rdchem.Mol object at 0x000001D6E2261040>,False,False
CHEMBL603198,IC50,nM,56500.0,IC50,uM,56.5,COc1ccccc1C(Cc1coc2nc(N)nc(N)c12)C1CC1,4.247951552180561,<rdkit.Chem.rdchem.Mol object at 0x000001D6E22610B0>,False,False
CHEMBL594810,IC50,nM,111400.0,IC50,uM,111.4,COc1ccccc1C(=Cc1coc2nc(=N)[nH]c(N)c12)C(C)C,3.95311480916229,<rdkit.Chem.rdchem.Mol object at 0x000001D6E2261120>,False,False
CHEMBL595497,IC50,nM,160300.0,IC50,uM,160.3,CCCC(=Cc1coc2nc(=N)[nH]c(N)c12)c1ccccc1OC,3.795066477645855,<rdkit.Chem.rdchem.Mol object at 0x000001D6E2261190>,False,False
CHEMBL604879,IC50,nM,529300.0,IC50,uM,529.3,CCCCC(=Cc1coc2nc(=N)[nH]c(N)c12)c1ccccc1OC,3.276298106008732,<rdkit.Chem.rdchem.Mol object at 0x000001D6E2261200>,False,False
CHEMBL596059,IC50,nM,63.0,IC50,uM,0.063,COc1cc(-c2nc3ccccc3s2)ccc1Nc1ncnc2cc(OC)c(OC)cc12,7.200659450546418,<rdkit.Chem.rdchem.Mol object at 0x000001D6E22612E0>,False,False
CHEMBL590109,IC50,nM,940.0,IC50,uM,0.94,NCCn1cc(-c2cc(-c3cc4ccccc4s3)c3[nH]ncc3c2)c2nc(N)ncc21,6.026872146400302,<rdkit.Chem.rdchem.Mol object at 0x000001D6E2261CF0>,False,False
CHEMBL599388,IC50,nM,2400.0,IC50,uM,2.4,COc1cc(-c2nc(=O)c3c([nH]2)sc2ccc(C)cc23)ccc1OCC(=O)O,5.619788758288394,<rdkit.Chem.rdchem.Mol object at 0x000001D6E2254A50>,False,False
CHEMBL606403,IC50,nM,129.0,IC50,nM,129.0,CC(C)c1nsc(C(=O)Nc2ccc3ncnc(Nc4cccc(Br)c4)c3c2)n1,6.889410289700751,<rdkit.Chem.rdchem.Mol object at 0x000001D6E2254BA0>,False,False
CHEMBL604914,IC50,nM,9.25,IC50,nM,9.25,O=C(COc1ccccc1)Nc1ccc2ncnc(Nc3cccc(Br)c3)c2c1,8.033858267260968,<rdkit.Chem.rdchem.Mol object at 0x000001D6E2254C80>,False,False
CHEMBL597200,IC50,nM,8.43,IC50,nM,8.43,O=C(COc1ccc(F)cc1)Nc1ccc2ncnc(Nc3cccc(Br)c3)c2c1,8.074172425375258,<rdkit.Chem.rdchem.Mol object at 0x000001D6E2254CF0>,False,False
CHEMBL599047,IC50,nM,0.85,IC50,nM,0.85,O=C(Cn1sc2ccccc2c1=O)Nc1ccc2ncnc(Nc3cccc(Br)c3)c2c1,9.070581074285707,<rdkit.Chem.rdchem.Mol object at 0x000001D6E2254DD0>,False,False
CHEMBL599863,IC50,nM,0.37,IC50,nM,0.37,O=C(CNC(=O)Oc1ccccc1)Nc1ccc2ncnc(Nc3cccc(Br)c3)c2c1,9.431798275933003,<rdkit.Chem.rdchem.Mol object at 0x000001D6E2254F20>,False,False
CHEMBL603266,IC50,nM,0.36,IC50,nM,0.36,O=C(Cn1sccc1=O)Nc1ccc2ncnc(Nc3cccc(Br)c3)c2c1,9.443697499232712,<rdkit.Chem.rdchem.Mol object at 0x000001D6E2254F90>,False,False
CHEMBL592617,IC50,nM,0.17,IC50,nM,0.17,N#CCC(=O)Nc1ccc2ncnc(Nc3cccc(Br)c3)c2c1,9.769551078621726,<rdkit.Chem.rdchem.Mol object at 0x000001D6E226C040>,False,False
CHEMBL597950,IC50,nM,23.8,IC50,nM,23.8,C=C=CCOc1cc2c(Nc3ccc(F)c(Cl)c3)ncnc2cc1O,7.623423042943488,<rdkit.Chem.rdchem.Mol object at 0x000001D6E226C510>,False,False
CHEMBL609321,IC50,nM,16.9,IC50,nM,16.9,C=C=CCOc1cc2c(Nc3cccc(Cl)c3)ncnc2cc1O,7.772113295386326,<rdkit.Chem.rdchem.Mol object at 0x000001D6E226C5F0>,False,False
CHEMBL2374458,IC50,nM,58.0,IC50,nM,58.0,COc1ccccc1Cc1nc2ccc(-c3nn([C@H]4CC[C@H](C5CCN(C)CC5)CC4)c4ncnc(N)c34)cc2[nH]1,7.236572006437063,<rdkit.Chem.rdchem.Mol object at 0x000001D6E226BEB0>,False,False
CHEMBL1081198,IC50,nM,50000.0,IC50,uM,50.0,O=C(Nc1cccc(-c2cn3ccnc3c(NCc3ccncc3)n2)c1)Nc1cccc(C(F)(F)F)c1,4.301029995663981,<rdkit.Chem.rdchem.Mol object at 0x000001D6E226E350>,False,False
CHEMBL1087368,IC50,nM,1160.0,IC50,uM,1.16,CCN(CC)CCNC(=O)c1[nH]c2cnnc(Nc3ccc(OCc4cccc(F)c4)c(Cl)c3)c2c1C,5.935542010773082,<rdkit.Chem.rdchem.Mol object at 0x000001D6E226E3C0>,False,False
CHEMBL1082012,IC50,nM,257.0,IC50,uM,0.257,Cc1c(C(=O)NCCN2CCN(C)CC2)[nH]c2cnnc(Nc3ccc(OCc4cccc(F)c4)c(Cl)c3)c12,6.590066876668706,<rdkit.Chem.rdchem.Mol object at 0x000001D6E226E4A0>,False,False
CHEMBL1080506,IC50,nM,12650.0,IC50,uM,12.65,Cc1c(C(=O)NCCN2CCOCC2)[nH]c2cnnc(Nc3ccc(OCc4cccc(F)c4)c(Cl)c3)c12,4.897909474488163,<rdkit.Chem.rdchem.Mol object at 0x000001D6E226E510>,False,False
CHEMBL1080812,IC50,nM,867.0,IC50,uM,0.867,Cc1c(C(=O)NCCN2CCOCC2)[nH]c2cnnc(Nc3ccc(OCc4ccccn4)c(Cl)c3)c12,6.06198090252379,<rdkit.Chem.rdchem.Mol object at 0x000001D6E226E580>,False,False
CHEMBL1080990,IC50,nM,1210.0,IC50,uM,1.21,CCOC(=O)c1[nH]c(C)c2cnnc(Nc3ccc(OCc4cccc(F)c4)c(Cl)c3)c12,5.91721462968355,<rdkit.Chem.rdchem.Mol object at 0x000001D6E226E5F0>,False,False
CHEMBL1080271,IC50,nM,77220.0,IC50,uM,77.22,CCN(CC)CCNC(=O)c1cc2cnnc(Nc3ccc(OCc4cccc(F)c4)c(Cl)c3)c2[nH]1,4.1122702027119695,<rdkit.Chem.rdchem.Mol object at 0x000001D6E226E660>,False,False
CHEMBL1080272,IC50,nM,15140.0,IC50,uM,15.14,O=C(NCCN1CCCC1)c1cc2cnnc(Nc3ccc(OCc4cccc(F)c4)c(Cl)c3)c2[nH]1,4.8198741248359465,<rdkit.Chem.rdchem.Mol object at 0x000001D6E226E6D0>,False,False
CHEMBL1080815,IC50,nM,2700.0,IC50,uM,2.7,Clc1cccc(Nc2ncnc3ccc(Cl)cc23)c1,5.568636235841013,<rdkit.Chem.rdchem.Mol object at 0x000001D6E226E7B0>,False,False
CHEMBL1091613,IC50,nM,240.0,IC50,nM,240.0,O=C(Nc1cccc(-c2nc3sccn3c2-c2ccncc2)c1)c1ccccc1Cl,6.619788758288394,<rdkit.Chem.rdchem.Mol object at 0x000001D6E226E820>,False,False
CHEMBL1093815,IC50,nM,83.0,IC50,nM,83.0,O=C(Nc1cccc(-c2nc3sccn3c2-c2ccnc(Nc3ccccc3)n2)c1)c1ccccc1Cl,7.080921907623926,<rdkit.Chem.rdchem.Mol object at 0x000001D6E226E890>,False,False
CHEMBL1093234,IC50,nM,55.0,IC50,nM,55.0,O=C(Nc1cccc(-c2nc3sccn3c2-c2ccnc(Nc3ccccc3)n2)c1)c1ccccc1,7.259637310505756,<rdkit.Chem.rdchem.Mol object at 0x000001D6E226E900>,False,False
CHEMBL1088931,IC50,nM,6.2,IC50,nM,6.2,O=C(Nc1cccc(-c2nc3sccn3c2-c2ccnc(Nc3cccc(N4CCOCC4)c3)n2)c1)c1c(F)cccc1F,8.207608310501746,<rdkit.Chem.rdchem.Mol object at 0x000001D6E226ECF0>,False,False
CHEMBL1090357,IC50,nM,0.78,IC50,nM,0.78,CN(C)CCc1ccc(Nc2nccc(-c3c(-c4cccc(NC(=O)c5c(F)cccc5F)c4)nc4sccn34)n2)cc1,9.10790539730952,<rdkit.Chem.rdchem.Mol object at 0x000001D6E226ED60>,False,False
CHEMBL1090359,IC50,nM,2.3,IC50,nM,2.3,O=C(Nc1cccc(-c2nc3sccn3c2-c2ccnc(Nc3ccc4c(c3)CCNC4)n2)c1)c1c(F)cccc1F,8.638272163982407,<rdkit.Chem.rdchem.Mol object at 0x000001D6E226EE40>,False,False
CHEMBL1090360,IC50,nM,56.0,IC50,nM,56.0,O=C(Cc1ccccc1)Nc1cccc(-c2nc3sccn3c2-c2ccnc(Nc3cccc(N4CCOCC4)c3)n2)c1,7.251811972993799,<rdkit.Chem.rdchem.Mol object at 0x000001D6E226EEB0>,False,False
CHEMBL1090361,IC50,nM,57.0,IC50,nM,57.0,CN1CCc2cc(Nc3nccc(-c4c(-c5cccc(NC(=O)Cc6ccccc6)c5)nc5sccn45)n3)ccc2C1,7.244125144327507,<rdkit.Chem.rdchem.Mol object at 0x000001D6E226EF20>,False,False
CHEMBL1090363,IC50,nM,24.0,IC50,nM,24.0,CN(C)CCc1cccc(Nc2nccc(-c3c(-c4cccc(NC(=O)Cc5ccccc5)c4)nc4sccn34)n2)c1,7.619788758288394,<rdkit.Chem.rdchem.Mol object at 0x000001D6E226F040>,False,False
CHEMBL1090364,IC50,nM,6.4,IC50,nM,6.4,O=C(Cc1ccccc1)Nc1cccc(-c2nc3sccn3c2-c2ccnc(Nc3ccc4c(c3)CCNC4)n2)c1,8.193820026016112,<rdkit.Chem.rdchem.Mol object at 0x000001D6E226F0B0>,False,False
CHEMBL1093099,IC50,nM,15070.0,IC50,uM,15.07,Nc1nc(N)c2c(n1)[nH]c1cccc(Sc3ccccc3)c12,4.821886747685368,<rdkit.Chem.rdchem.Mol object at 0x000001D6E226F120>,False,False
CHEMBL1093100,IC50,nM,10410.0,IC50,uM,10.41,Cc1ccc(Sc2cccc3[nH]c4nc(N)nc(N)c4c23)cc1,4.982549270489463,<rdkit.Chem.rdchem.Mol object at 0x000001D6E226F190>,False,False
CHEMBL1088901,IC50,nM,190.0,IC50,nM,190.0,CN(C)CCCC(=O)Nc1ccc2ncnc(Nc3cccc(Br)c3)c2c1,6.721246399047171,<rdkit.Chem.rdchem.Mol object at 0x000001D6E226F2E0>,False,False
CHEMBL1089524,IC50,nM,130.0,IC50,nM,130.0,CN(C)CCCC(=O)Nc1ccc2nccc(Nc3cccc(Br)c3)c2c1,6.886056647693163,<rdkit.Chem.rdchem.Mol object at 0x000001D6E226F350>,False,False
CHEMBL1092382,IC50,nM,520.0,IC50,nM,520.0,CCC(=O)Nc1ccc2nccc(Nc3cccc(Br)c3)c2c1,6.2839966563652006,<rdkit.Chem.rdchem.Mol object at 0x000001D6E226F3C0>,False,False
CHEMBL1088240,IC50,nM,3300.0,IC50,uM,3.3,COc1cc(Nc2c(C#N)cnc3cc(/C=C/CCN4CCN(C)CC4)c(OC)cc23)c(Cl)cc1Cl,5.481486060122113,<rdkit.Chem.rdchem.Mol object at 0x000001D6E226F4A0>,False,False
CHEMBL1094195,IC50,nM,1110.0,IC50,umol/L,1.11,Cl.NCCc1cn(Cc2ccc(-c3cccc(C(F)(F)F)c3)cc2)c2ccc(OCCc3ccc(O)cc3)cc12,5.954677021213342,<rdkit.Chem.rdchem.Mol object at 0x000001D6E226F6D0>,False,False
CHEMBL1094196,IC50,nM,1250.0,IC50,umol/L,1.25,COc1ccc(-c2ccc(Cn3cc(CCN)c4cc(OCCc5ccc(O)cc5)ccc43)cc2)cc1.Cl,5.903089986991944,<rdkit.Chem.rdchem.Mol object at 0x000001D6E226F740>,False,False
CHEMBL1095154,IC50,nM,1300.0,IC50,umol/L,1.3,Cl.NCCc1cn(Cc2ccc(-c3ccccc3)cc2)c2ccc(OCCc3ccc(O)cc3)cc12,5.886056647693163,<rdkit.Chem.rdchem.Mol object at 0x000001D6E226F7B0>,False,False
CHEMBL1095957,IC50,nM,2070.0,IC50,umol/L,2.07,Cl.NCCc1c[nH]c2ccc(OCCc3ccc(O)cc3)cc12,5.684029654543083,<rdkit.Chem.rdchem.Mol object at 0x000001D6E226F820>,False,False
CHEMBL483108,IC50,nM,22800.0,IC50,uM,22.8,Nc1nc(Nc2ccc(F)c(Br)c2)c2cc(CCc3ccccc3)[nH]c2n1,4.642065152999546,<rdkit.Chem.rdchem.Mol object at 0x000001D6E226FBA0>,False,False
CHEMBL1097368,IC50,nM,56100.0,IC50,uM,56.1,c1ccc(CCc2cc3c(Nc4ccc5[nH]ccc5c4)ncnc3[nH]2)cc1,4.251037138743839,<rdkit.Chem.rdchem.Mol object at 0x000001D6E226FC10>,False,False
CHEMBL1095761,IC50,nM,200.0,IC50,uM,0.2,Nc1nc(Nc2cccc(Br)c2)c2cc(Cc3ccc(Cl)cc3Cl)[nH]c2n1,6.698970004336019,<rdkit.Chem.rdchem.Mol object at 0x000001D6E226FC80>,False,False
CHEMBL1095130,IC50,nM,2500.0,IC50,uM,2.5,Nc1nc(Nc2ccc(Cl)cc2F)c2cc(Cc3ccc(Cl)cc3Cl)[nH]c2n1,5.6020599913279625,<rdkit.Chem.rdchem.Mol object at 0x000001D6E226FCF0>,False,False
CHEMBL1095131,IC50,nM,161600.0,IC50,uM,161.6,Nc1nc(Nc2cccc(F)c2)c2cc(Cc3ccc(Cl)cc3Cl)[nH]c2n1,3.791558643561433,<rdkit.Chem.rdchem.Mol object at 0x000001D6E226FD60>,False,False
CHEMBL1095445,IC50,nM,27200.0,IC50,uM,27.2,Nc1nc(Nc2cccc(C(F)(F)F)c2)c2cc(Cc3ccc(Cl)cc3Cl)[nH]c2n1,4.565431095965801,<rdkit.Chem.rdchem.Mol object at 0x000001D6E226FDD0>,False,False
CHEMBL1094808,IC50,nM,91700.0,IC50,uM,91.7,Nc1nc(Nc2ccc(C(F)(F)F)c(F)c2)c2cc(Cc3ccc(Cl)cc3Cl)[nH]c2n1,4.037630664329979,<rdkit.Chem.rdchem.Mol object at 0x000001D6E226FEB0>,False,False
CHEMBL1095463,IC50,nM,45600.0,IC50,uM,45.6,CC(C)c1ccc(Nc2nc(N)nc3[nH]c(Cc4ccc(Cl)cc4Cl)cc23)cc1,4.341035157335565,<rdkit.Chem.rdchem.Mol object at 0x000001D6E226FF20>,False,False
CHEMBL1095776,IC50,nM,96400.0,IC50,uM,96.4,CC(C)c1ccccc1Nc1nc(N)nc2[nH]c(Cc3ccc(Cl)cc3Cl)cc12,4.015922966097169,<rdkit.Chem.rdchem.Mol object at 0x000001D6E226FF90>,False,False
CHEMBL1095464,IC50,nM,9100.0,IC50,uM,9.1,Cc1ccccc1Cc1cc2c(Nc3cccc(Br)c3)nc(N)nc2[nH]1,5.040958607678906,<rdkit.Chem.rdchem.Mol object at 0x000001D6E226A0B0>,False,False
CHEMBL1095465,IC50,nM,12600.0,IC50,uM,12.6,COc1ccc(OC)c(Cc2cc3c(Nc4cccc(Br)c4)nc(N)nc3[nH]2)c1,4.899629454882437,<rdkit.Chem.rdchem.Mol object at 0x000001D6E226A120>,False,False
CHEMBL1094784,IC50,nM,33100.0,IC50,uM,33.1,FC(F)(F)c1cccc(Nc2ncnc3[nH]c(Cc4ccc(Cl)cc4Cl)cc23)c1,4.480172006224281,<rdkit.Chem.rdchem.Mol object at 0x000001D6E226A190>,False,False
CHEMBL1171792,IC50,nM,85.0,IC50,uM,0.085,Cc1ccc(Br)c2c(C#N)cc(C(=O)C3CC3)n12,7.070581074285707,<rdkit.Chem.rdchem.Mol object at 0x000001D6E226A200>,False,False
CHEMBL1172957,IC50,nM,10000.0,IC50,uM,10.0,NS(=O)(=O)c1ccc(Nc2nc(N3CCOCC3)nc3[nH]cnc23)cc1,5.0,<rdkit.Chem.rdchem.Mol object at 0x000001D6E226A270>,False,False
CHEMBL1173249,IC50,nM,18350.0,IC50,uM,18.35,CC(=O)N1N=C(c2ccc(Cl)c(Cl)c2)CC1c1ccc(F)cc1,4.736363931411892,<rdkit.Chem.rdchem.Mol object at 0x000001D6E2238040>,False,False
CHEMBL1173248,IC50,nM,16140.0,IC50,uM,16.14,CC(=O)N1N=C(c2ccc(Cl)c(Cl)c2)CC1c1ccc(Cl)cc1,4.7920964696139485,<rdkit.Chem.rdchem.Mol object at 0x000001D6E22380B0>,False,False
CHEMBL1173816,IC50,nM,18450.0,IC50,uM,18.45,CC(=O)N1N=C(c2ccc(Cl)c(Cl)c2)CC1c1ccc(Br)cc1,4.734003629504921,<rdkit.Chem.rdchem.Mol object at 0x000001D6E2238120>,False,False
CHEMBL1171822,IC50,nM,19320.0,IC50,uM,19.32,CC(=O)N1N=C(c2ccc(Cl)c(Cl)c2)CC1c1ccc(C)cc1,4.713992877920526,<rdkit.Chem.rdchem.Mol object at 0x000001D6E2238190>,False,False
CHEMBL1173680,IC50,nM,17190.0,IC50,uM,17.19,COc1ccc(C2CC(c3ccc(Cl)c(Cl)c3)=NN2C(C)=O)cc1,4.764724123312948,<rdkit.Chem.rdchem.Mol object at 0x000001D6E2238200>,False,False
CHEMBL1172418,IC50,nM,24150.0,IC50,uM,24.15,CC(=O)N1N=C(c2ccc(Cl)c(Cl)c2)CC1c1ccccc1Cl,4.617082864912469,<rdkit.Chem.rdchem.Mol object at 0x000001D6E2238270>,False,False
CHEMBL1172419,IC50,nM,28690.0,IC50,uM,28.69,CC(=O)N1N=C(c2ccc(Cl)c(Cl)c2)CC1c1ccccc1,4.542269451754001,<rdkit.Chem.rdchem.Mol object at 0x000001D6E22382E0>,False,False
CHEMBL1172602,IC50,nM,25470.0,IC50,uM,25.47,COc1cc(OC)cc(C2CC(c3ccc(Cl)c(Cl)c3)=NN2C(C)=O)c1,4.593971055036385,<rdkit.Chem.rdchem.Mol object at 0x000001D6E2238350>,False,False
CHEMBL1172603,IC50,nM,15560.0,IC50,uM,15.56,CC(=O)N1N=C(c2ccc(C)c(C)c2)CC1c1ccc(F)cc1,4.80799040734633,<rdkit.Chem.rdchem.Mol object at 0x000001D6E22383C0>,False,False
CHEMBL1173022,IC50,nM,19730.0,IC50,uM,19.73,CC(=O)N1N=C(c2ccc(C)c(C)c2)CC1c1ccc(Cl)cc1,4.704872914747809,<rdkit.Chem.rdchem.Mol object at 0x000001D6E2238430>,False,False
CHEMBL1173023,IC50,nM,20610.0,IC50,uM,20.61,CC(=O)N1N=C(c2ccc(C)c(C)c2)CC1c1ccc(Br)cc1,4.685922008220787,<rdkit.Chem.rdchem.Mol object at 0x000001D6E22384A0>,False,False
CHEMBL1173319,IC50,nM,17490.0,IC50,uM,17.49,CC(=O)N1N=C(c2ccc(C)c(C)c2)CC1c1ccc(C)cc1,4.757210190521324,<rdkit.Chem.rdchem.Mol object at 0x000001D6E2238510>,False,False
CHEMBL1173397,IC50,nM,15240.0,IC50,uM,15.24,COc1ccc(C2CC(c3ccc(C)c(C)c3)=NN2C(C)=O)cc1,4.8170150329964185,<rdkit.Chem.rdchem.Mol object at 0x000001D6E2238580>,False,False
CHEMBL1171638,IC50,nM,21480.0,IC50,uM,21.48,CC(=O)N1N=C(c2ccc(C)c(C)c2)CC1c1ccccc1Cl,4.667965722972482,<rdkit.Chem.rdchem.Mol object at 0x000001D6E22385F0>,False,False
CHEMBL1173398,IC50,nM,20040.0,IC50,uM,20.04,CC(=O)N1N=C(c2ccc(C)c(C)c2)CC1c1ccccc1,4.698102282804792,<rdkit.Chem.rdchem.Mol object at 0x000001D6E2238660>,False,False
CHEMBL1173105,IC50,nM,17310.0,IC50,uM,17.31,COc1cc(OC)cc(C2CC(c3ccc(C)c(C)c3)=NN2C(C)=O)c1,4.761702932124607,<rdkit.Chem.rdchem.Mol object at 0x000001D6E22386D0>,False,False
CHEMBL1172781,IC50,nM,223.0,IC50,nM,223.0,OC[C@@H](Nc1ncnc2oc(-c3ccccc3)c(-c3ccccc3)c12)c1ccccc1,6.651695136951839,<rdkit.Chem.rdchem.Mol object at 0x000001D6E2238F90>,False,False
CHEMBL1242285,IC50,nM,249.0,IC50,uM,0.249,CC(C)n1nc(-c2cc(O)cc(Br)c2)c2c(N)ncnc21,6.603800652904264,<rdkit.Chem.rdchem.Mol object at 0x000001D6E22424A0>,False,False
CHEMBL1241299,IC50,nM,100000.0,IC50,uM,100.0,Cn1nc(-c2ccc(Br)c(O)c2)c2c(N)ncnc21,4.0,<rdkit.Chem.rdchem.Mol object at 0x000001D6E2242580>,False,False
CHEMBL1242287,IC50,nM,324.0,IC50,uM,0.324,Nc1ncnc2c1c(-c1ccc(Br)c(O)c1)nn2C1CCC1,6.489454989793388,<rdkit.Chem.rdchem.Mol object at 0x000001D6E22425F0>,False,False
CHEMBL1242376,IC50,nM,236.0,IC50,uM,0.236,Nc1ncnc2c1c(-c1ccc(Br)c(O)c1)nn2C1CCCC1,6.627087997029894,<rdkit.Chem.rdchem.Mol object at 0x000001D6E2242660>,False,False
CHEMBL1242377,IC50,nM,1400.0,IC50,uM,1.4,CC(C)n1nc(-c2ccc(F)c(O)c2)c2c(N)ncnc21,5.853871964321762,<rdkit.Chem.rdchem.Mol object at 0x000001D6E22426D0>,False,False
CHEMBL1242378,IC50,nM,100000.0,IC50,uM,100.0,C[C@H](CN)n1nc(-c2ccc(F)c(O)c2)c2c(N)ncnc21,4.0,<rdkit.Chem.rdchem.Mol object at 0x000001D6E2242740>,False,False
CHEMBL1242468,IC50,nM,26000.0,IC50,uM,26.0,C[C@@H](CN)n1nc(-c2ccc(F)c(O)c2)c2c(N)ncnc21,4.585026652029182,<rdkit.Chem.rdchem.Mol object at 0x000001D6E22427B0>,False,False
CHEMBL1242566,IC50,nM,2900.0,IC50,uM,2.9,Nc1ncnc2c1c(-c1ccc(F)c(O)c1)nn2C1CCC1,5.537602002101044,<rdkit.Chem.rdchem.Mol object at 0x000001D6E2242900>,False,False
CHEMBL1242567,IC50,nM,2900.0,IC50,uM,2.9,Nc1ncnc2c1c(-c1ccc(F)c(O)c1)nn2C1CNC1,5.537602002101044,<rdkit.Chem.rdchem.Mol object at 0x000001D6E2242970>,False,False
CHEMBL1242568,IC50,nM,318.0,IC50,uM,0.318,Nc1ncnc2c1c(-c1ccc(F)c(O)c1)nn2C1CCCC1,6.497572880015567,<rdkit.Chem.rdchem.Mol object at 0x000001D6E22429E0>,False,False
CHEMBL1242656,IC50,nM,366.0,IC50,uM,0.366,CC1CCC(n2nc(-c3ccc(F)c(O)c3)c3c(N)ncnc32)C1,6.436518914605589,<rdkit.Chem.rdchem.Mol object at 0x000001D6E2242A50>,False,False
CHEMBL1242657,IC50,nM,8700.0,IC50,uM,8.7,Nc1ncnc2c1c(-c1ccc(F)c(O)c1)nn2[C@H]1CCNC1,5.060480747381382,<rdkit.Chem.rdchem.Mol object at 0x000001D6E2242AC0>,False,False
CHEMBL1242658,IC50,nM,15600.0,IC50,uM,15.6,Nc1ncnc2c1c(-c1ccc(F)c(O)c1)nn2[C@@H]1CCNC1,4.806875401645539,<rdkit.Chem.rdchem.Mol object at 0x000001D6E2242B30>,False,False
CHEMBL1242748,IC50,nM,4800.0,IC50,uM,4.8,Nc1ncnc2c1c(-c1ccc(F)c(O)c1)nn2[C@H]1CCOC1,5.318758762624412,<rdkit.Chem.rdchem.Mol object at 0x000001D6E2242BA0>,False,False
CHEMBL1242749,IC50,nM,2600.0,IC50,uM,2.6,Nc1ncnc2c1c(-c1ccc(F)c(O)c1)nn2[C@@H]1CCOC1,5.585026652029182,<rdkit.Chem.rdchem.Mol object at 0x000001D6E2242C10>,False,False
CHEMBL1242750,IC50,nM,775.0,IC50,uM,0.775,Nc1ncnc2c1c(-c1ccc(F)c(O)c1)nn2C1CCCCCC1,6.110698297493689,<rdkit.Chem.rdchem.Mol object at 0x000001D6E2242C80>,False,False
CHEMBL1242844,IC50,nM,100000.0,IC50,uM,100.0,Nc1ncnc2c1c(-c1ccc(F)c(O)c1)nn2CC1CCNCC1,4.0,<rdkit.Chem.rdchem.Mol object at 0x000001D6E2242CF0>,False,False
CHEMBL1242845,IC50,nM,100000.0,IC50,uM,100.0,Cc1nn(-c2ccccc2)nc1Cn1nc(-c2ccc(F)c(O)c2)c2c(N)ncnc21,4.0,<rdkit.Chem.rdchem.Mol object at 0x000001D6E2242D60>,False,False
CHEMBL1241482,IC50,nM,100000.0,IC50,uM,100.0,Nc1ncnc2c1c(-c1ccc(F)c(O)c1)nn2Cc1ocnc1-c1ccccc1,4.0,<rdkit.Chem.rdchem.Mol object at 0x000001D6E2242DD0>,False,False
CHEMBL1241483,IC50,nM,3860.0,IC50,uM,3.86,COc1cc(-c2nn(C(C)C)c3ncnc(N)c23)ccc1F,5.413412695328245,<rdkit.Chem.rdchem.Mol object at 0x000001D6E2242E40>,False,False
CHEMBL1241484,IC50,nM,158.0,IC50,uM,0.158,CC(C)n1nc(-c2ccc(Cl)c(O)c2)c2c(N)ncnc21,6.801342913045577,<rdkit.Chem.rdchem.Mol object at 0x000001D6E2242EB0>,False,False
CHEMBL1241579,IC50,nM,4800.0,IC50,uM,4.8,C[C@H](CN)n1nc(-c2ccc(Cl)c(O)c2)c2c(N)ncnc21,5.318758762624412,<rdkit.Chem.rdchem.Mol object at 0x000001D6E2242F20>,False,False
CHEMBL1240544,IC50,nM,9140.0,IC50,uM,9.14,C[C@@H](CN)n1nc(-c2ccc(Cl)c(O)c2)c2c(N)ncnc21,5.039053804266168,<rdkit.Chem.rdchem.Mol object at 0x000001D6E2242F90>,False,False
CHEMBL1241481,IC50,nM,170.0,IC50,uM,0.17,COc1cc(-c2nn(C(C)C)c3ncnc(N)c23)ccc1NC(=O)OC(C)(C)C,6.769551078621726,<rdkit.Chem.rdchem.Mol object at 0x000001D6E2243040>,False,False
CHEMBL1241578,IC50,nM,550.0,IC50,uM,0.55,CC(C)n1nc(-c2ccc(Br)c(O)c2)c2c(N)ncnc21,6.259637310505756,<rdkit.Chem.rdchem.Mol object at 0x000001D6E22430B0>,False,False
CHEMBL1081312,IC50,nM,260.0,IC50,uM,0.26,Nc1ncnc2c1c(-c1cnc3[nH]ccc3c1)nn2C1CCCC1,6.585026652029182,<rdkit.Chem.rdchem.Mol object at 0x000001D6E2243120>,False,False
CHEMBL1233882,IC50,nM,610.0,IC50,uM,0.61,CC(C)n1nc(-c2ccc3ncccc3c2)c2c(N)ncnc21,6.214670164989233,<rdkit.Chem.rdchem.Mol object at 0x000001D6E2243190>,False,False
CHEMBL1233881,IC50,nM,2300.0,IC50,uM,2.3,COc1ccc(-c2nn(C3CCC3)c3ncnc(N)c23)cc1OC,5.638272163982407,<rdkit.Chem.rdchem.Mol object at 0x000001D6E2243200>,False,False
CHEMBL1241674,IC50,nM,4400.0,IC50,uM,4.4,CC(C)n1nc(-c2cc3cc(O)ccc3[nH]2)c2c(N)ncnc21,5.356547323513812,<rdkit.Chem.rdchem.Mol object at 0x000001D6E2243270>,False,False
CHEMBL1241675,IC50,nM,12000.0,IC50,uM,12.0,Nc1ncnc2c1c(-c1ccn3ccnc3c1)nn2C1CCCC1,4.920818753952375,<rdkit.Chem.rdchem.Mol object at 0x000001D6E22432E0>,False,False
CHEMBL1230790,IC50,nM,954.0,IC50,uM,0.954,CC(C)n1nc(-c2cccc(O)c2)c2c(N)ncnc21,6.020451625295905,<rdkit.Chem.rdchem.Mol object at 0x000001D6E2243350>,False,False
CHEMBL1234815,IC50,nM,388.0,IC50,uM,0.388,Cn1nc(-c2ccc3ccccc3c2)c2c(N)ncnc21,6.411168274405792,<rdkit.Chem.rdchem.Mol object at 0x000001D6E22433C0>,False,False
CHEMBL1241241,IC50,nM,922.0,IC50,uM,0.922,CC(C)n1nc(-c2ccc(O)cc2)c2c(N)ncnc21,6.035269078946371,<rdkit.Chem.rdchem.Mol object at 0x000001D6E2243430>,False,False
CHEMBL1242024,IC50,nM,954.0,IC50,uM,0.954,Cc1cc(O)ccc1-c1nn(C(C)C)c2ncnc(N)c12,6.020451625295905,<rdkit.Chem.rdchem.Mol object at 0x000001D6E22434A0>,False,False
CHEMBL1241270,IC50,nM,12400.0,IC50,uM,12.4,Cc1ccc(-c2n[nH]c3ncnc(N)c23)cc1O,4.906578314837765,<rdkit.Chem.rdchem.Mol object at 0x000001D6E2243510>,False,False
CHEMBL1241271,IC50,nM,19000.0,IC50,uM,19.0,Cc1ccc(-c2nn(C)c3ncnc(N)c23)cc1O,4.721246399047171,<rdkit.Chem.rdchem.Mol object at 0x000001D6E2243580>,False,False
CHEMBL1242026,IC50,nM,663.0,IC50,uM,0.663,Cc1ccc(-c2nn(C(C)C)c3ncnc(N)c23)cc1O,6.178486471595227,<rdkit.Chem.rdchem.Mol object at 0x000001D6E22435F0>,False,False
CHEMBL1242109,IC50,nM,1670.0,IC50,uM,1.67,CCC(C)n1nc(-c2ccc(C)c(O)c2)c2c(N)ncnc21,5.777283528852417,<rdkit.Chem.rdchem.Mol object at 0x000001D6E2243660>,False,False
CHEMBL1242110,IC50,nM,3720.0,IC50,uM,3.72,CC(C)n1nc(-c2cccc(O)c2F)c2c(N)ncnc21,5.429457060118103,<rdkit.Chem.rdchem.Mol object at 0x000001D6E22436D0>,False,False
CHEMBL1242111,IC50,nM,1770.0,IC50,uM,1.77,Nc1ncnc2c1c(-c1cccc(O)c1F)nn2C1CCCC1,5.752026733638194,<rdkit.Chem.rdchem.Mol object at 0x000001D6E2243740>,False,False
CHEMBL1242198,IC50,nM,576.0,IC50,uM,0.576,CC(C)n1nc(-c2cc(O)cc(F)c2)c2c(N)ncnc21,6.239577516576788,<rdkit.Chem.rdchem.Mol object at 0x000001D6E22437B0>,False,False
CHEMBL1242199,IC50,nM,751.0,IC50,uM,0.751,Nc1ncnc2c1c(-c1cc(O)cc(F)c1)nn2C1CCCC1,6.124360062995832,<rdkit.Chem.rdchem.Mol object at 0x000001D6E2243820>,False,False
CHEMBL1242200,IC50,nM,11000.0,IC50,uM,11.0,COc1cc(Br)cc(-c2nn(C(C)C)c3ncnc(N)c23)c1,4.958607314841775,<rdkit.Chem.rdchem.Mol object at 0x000001D6E2243890>,False,False
CHEMBL1242380,IC50,nM,12000.0,IC50,uM,12.0,COc1ccc(-c2nn(C[C@H](C)CO)c3ncnc(N)c23)cc1OC,4.920818753952375,<rdkit.Chem.rdchem.Mol object at 0x000001D6E2243900>,False,False
CHEMBL1242381,IC50,nM,18000.0,IC50,uM,18.0,COc1ccc(-c2nn(C[C@@H](C)CO)c3ncnc(N)c23)cc1OC,4.7447274948966935,<rdkit.Chem.rdchem.Mol object at 0x000001D6E2243970>,False,False
CHEMBL1240553,IC50,nM,3300.0,IC50,uM,3.3,COc1ccc(-c2nn(C3CCCC3)c3ncnc(N)c23)cc1OC,5.481486060122113,<rdkit.Chem.rdchem.Mol object at 0x000001D6E22439E0>,False,False
CHEMBL1242471,IC50,nM,100000.0,IC50,uM,100.0,CCOc1ccc(-c2n[nH]c3ncnc(N)c23)cc1OC,4.0,<rdkit.Chem.rdchem.Mol object at 0x000001D6E2243A50>,False,False
CHEMBL1242472,IC50,nM,5950.0,IC50,uM,5.95,CCOc1ccc(-c2nn(C(C)C)c3ncnc(N)c23)cc1OC,5.22548303427145,<rdkit.Chem.rdchem.Mol object at 0x000001D6E2243AC0>,False,False
CHEMBL1240554,IC50,nM,1400.0,IC50,uM,1.4,CCOc1ccc(-c2nn(C3CCCC3)c3ncnc(N)c23)cc1OC,5.853871964321762,<rdkit.Chem.rdchem.Mol object at 0x000001D6E2243BA0>,False,False
CHEMBL1242659,IC50,nM,1160.0,IC50,uM,1.16,CCOc1ccc(-c2nn(C3CCCCC3)c3ncnc(N)c23)cc1OC,5.935542010773082,<rdkit.Chem.rdchem.Mol object at 0x000001D6E2243C10>,False,False
CHEMBL1242660,IC50,nM,5140.0,IC50,uM,5.14,COc1cc(-c2nn(C(C)C)c3ncnc(N)c23)cc(OC)c1OC,5.289036881004725,<rdkit.Chem.rdchem.Mol object at 0x000001D6E2243C80>,False,False
CHEMBL1242751,IC50,nM,3660.0,IC50,uM,3.66,COc1cccc(-c2nn(C(C)C)c3ncnc(N)c23)c1OC,5.436518914605589,<rdkit.Chem.rdchem.Mol object at 0x000001D6E2243CF0>,False,False
CHEMBL1242752,IC50,nM,54200.0,IC50,uM,54.2,CCOc1cc(-c2nn(C(C)C)c3ncnc(N)c23)ccc1OC,4.266000713461613,<rdkit.Chem.rdchem.Mol object at 0x000001D6E2243D60>,False,False
CHEMBL1242753,IC50,nM,8010.0,IC50,uM,8.01,CCOc1cc(-c2nn(CCO)c3ncnc(N)c23)ccc1OC,5.096367483915762,<rdkit.Chem.rdchem.Mol object at 0x000001D6E2243DD0>,False,False
CHEMBL1242846,IC50,nM,100000.0,IC50,uM,100.0,COc1ncc(-c2nn(C(C)C)c3ncnc(N)c23)c(OC)n1,4.0,<rdkit.Chem.rdchem.Mol object at 0x000001D6E2243E40>,False,False
CHEMBL1242847,IC50,nM,4300.0,IC50,uM,4.3,COc1ccc(-c2nn(C(C)C)c3ncnc(N)c23)cc1,5.366531544420414,<rdkit.Chem.rdchem.Mol object at 0x000001D6E2243EB0>,False,False
CHEMBL1241486,IC50,nM,5320.0,IC50,uM,5.32,COc1cc(-c2nn(C(C)C)c3ncnc(N)c23)ccc1NC(C)CO,5.274088367704952,<rdkit.Chem.rdchem.Mol object at 0x000001D6E224D040>,False,False
CHEMBL1241582,IC50,nM,100000.0,IC50,uM,100.0,CC(C)n1nc(-c2cccc(CO)c2)c2c(N)ncnc21,4.0,<rdkit.Chem.rdchem.Mol object at 0x000001D6E224D190>,False,False
CHEMBL1241583,IC50,nM,17000.0,IC50,uM,17.0,CC(C)n1nc(-c2cccc(CC#N)c2)c2c(N)ncnc21,4.769551078621726,<rdkit.Chem.rdchem.Mol object at 0x000001D6E224D200>,False,False
CHEMBL1240545,IC50,nM,13000.0,IC50,uM,13.0,CC(C)n1nc(-c2ccc(CC#N)cc2)c2c(N)ncnc21,4.886056647693163,<rdkit.Chem.rdchem.Mol object at 0x000001D6E224D270>,False,False
CHEMBL1241679,IC50,nM,100000.0,IC50,uM,100.0,CC(C)n1nc(-c2cccc(C#N)c2)c2c(N)ncnc21,4.0,<rdkit.Chem.rdchem.Mol object at 0x000001D6E224D2E0>,False,False
CHEMBL1241680,IC50,nM,100000.0,IC50,uM,100.0,CC(C)n1nc(-c2ccc(F)c(C#N)c2)c2c(N)ncnc21,4.0,<rdkit.Chem.rdchem.Mol object at 0x000001D6E224D350>,False,False
CHEMBL1241771,IC50,nM,8900.0,IC50,uM,8.9,CC(C)n1nc(-c2ccc(C#N)c(F)c2)c2c(N)ncnc21,5.050609993355087,<rdkit.Chem.rdchem.Mol object at 0x000001D6E224D3C0>,False,False
CHEMBL1241772,IC50,nM,100000.0,IC50,uM,100.0,CC(C)n1nc(-c2ccc(C#N)nc2)c2c(N)ncnc21,4.0,<rdkit.Chem.rdchem.Mol object at 0x000001D6E224D430>,False,False
CHEMBL1241390,IC50,nM,100000.0,IC50,uM,100.0,CC(C)n1nc(-c2cccnc2)c2c(N)ncnc21,4.0,<rdkit.Chem.rdchem.Mol object at 0x000001D6E224D4A0>,False,False
CHEMBL1241391,IC50,nM,100000.0,IC50,uM,100.0,CC(C)n1nc(-c2cncnc2)c2c(N)ncnc21,4.0,<rdkit.Chem.rdchem.Mol object at 0x000001D6E224D510>,False,False
CHEMBL1241773,IC50,nM,12000.0,IC50,uM,12.0,CC(=O)c1ccc(-c2nn(C(C)C)c3ncnc(N)c23)cc1,4.920818753952375,<rdkit.Chem.rdchem.Mol object at 0x000001D6E224D580>,False,False
CHEMBL1241862,IC50,nM,100000.0,IC50,uM,100.0,CC(C)n1nc(-c2ccc(C(N)=O)c(Cl)c2)c2c(N)ncnc21,4.0,<rdkit.Chem.rdchem.Mol object at 0x000001D6E224D6D0>,False,False
CHEMBL1241946,IC50,nM,2800.0,IC50,uM,2.8,CC(=O)c1cccc(-c2nn(C(C)C)c3ncnc(N)c23)c1,5.552841968657781,<rdkit.Chem.rdchem.Mol object at 0x000001D6E224D740>,False,False
CHEMBL1241948,IC50,nM,100000.0,IC50,uM,100.0,CC(C)n1nc(-c2cccc(NS(C)(=O)=O)c2)c2c(N)ncnc21,4.0,<rdkit.Chem.rdchem.Mol object at 0x000001D6E224D890>,False,False
CHEMBL1242030,IC50,nM,12800.0,IC50,uM,12.8,CC(C)n1nc(-c2ccc(NS(C)(=O)=O)cc2)c2c(N)ncnc21,4.892790030352131,<rdkit.Chem.rdchem.Mol object at 0x000001D6E224D900>,False,False
CHEMBL1242031,IC50,nM,100000.0,IC50,uM,100.0,CC(C)n1nc(-c2cccc(S(N)(=O)=O)c2)c2c(N)ncnc21,4.0,<rdkit.Chem.rdchem.Mol object at 0x000001D6E224D970>,False,False
CHEMBL1242032,IC50,nM,100000.0,IC50,uM,100.0,CC(C)n1nc(-c2ccc(S(N)(=O)=O)cc2)c2c(N)ncnc21,4.0,<rdkit.Chem.rdchem.Mol object at 0x000001D6E224D9E0>,False,False
CHEMBL1242115,IC50,nM,579.0,IC50,uM,0.579,CC(C)n1nc(-c2cccc(C(=O)NC3=NCCS3)c2)c2c(N)ncnc21,6.237321436272564,<rdkit.Chem.rdchem.Mol object at 0x000001D6E224DA50>,False,False
CHEMBL1241580,IC50,nM,1150.0,IC50,uM,1.15,Nc1ncnc2c1c(-c1ccc(Cl)c(O)c1)nn2C1CCC1,5.939302159646388,<rdkit.Chem.rdchem.Mol object at 0x000001D6E224DAC0>,False,False
CHEMBL1241676,IC50,nM,67.0,IC50,uM,0.067,Nc1ncnc2c1c(-c1ccc(Cl)c(O)c1)nn2C1CCCC1,7.173925197299173,<rdkit.Chem.rdchem.Mol object at 0x000001D6E224DB30>,False,False
CHEMBL1241677,IC50,nM,12400.0,IC50,uM,12.4,Nc1ncnc2c1c(-c1ccc(Cl)c(O)c1)nn2[C@@H]1CCNC1,4.906578314837765,<rdkit.Chem.rdchem.Mol object at 0x000001D6E224DBA0>,False,False
CHEMBL1241678,IC50,nM,1580.0,IC50,uM,1.58,Nc1ncnc2c1c(-c1ccc(Cl)c(O)c1)nn2[C@H]1CCOC1,5.801342913045577,<rdkit.Chem.rdchem.Mol object at 0x000001D6E224DC10>,False,False
CHEMBL1241768,IC50,nM,1400.0,IC50,uM,1.4,Nc1ncnc2c1c(-c1ccc(Cl)c(O)c1)nn2[C@@H]1CCOC1,5.853871964321762,<rdkit.Chem.rdchem.Mol object at 0x000001D6E224DC80>,False,False
CHEMBL1241769,IC50,nM,9380.0,IC50,uM,9.38,Nc1ncnc2c1c(-c1ccc(Cl)c(O)c1)nn2CC1CCCN1,5.027797161620936,<rdkit.Chem.rdchem.Mol object at 0x000001D6E224DCF0>,False,False
CHEMBL1241770,IC50,nM,2010.0,IC50,uM,2.01,Nc1ncnc2c1c(-c1ccc(Cl)c(O)c1)nn2CC1CCNC1,5.696803942579511,<rdkit.Chem.rdchem.Mol object at 0x000001D6E224DD60>,False,False
CHEMBL1241858,IC50,nM,2720.0,IC50,uM,2.72,Nc1ncnc2c1c(-c1ccc(Cl)c(O)c1)nn2CC1CCCNC1,5.565431095965801,<rdkit.Chem.rdchem.Mol object at 0x000001D6E224DDD0>,False,False
CHEMBL1241859,IC50,nM,100000.0,IC50,uM,100.0,Nc1ncnc2c1c(-c1ccc(Cl)c(O)c1)nn2CC1CCNCC1,4.0,<rdkit.Chem.rdchem.Mol object at 0x000001D6E224DE40>,False,False
CHEMBL1241943,IC50,nM,20500.0,IC50,uM,20.5,Nc1ncnc2c1c(-c1ccc(Cl)c(O)c1)nn2CCC1CCCNC1,4.688246138944246,<rdkit.Chem.rdchem.Mol object at 0x000001D6E224DEB0>,False,False
CHEMBL1241944,IC50,nM,2600.0,IC50,uM,2.6,CC(C)n1nc(-c2ccc(C#N)c(O)c2)c2c(N)ncnc21,5.585026652029182,<rdkit.Chem.rdchem.Mol object at 0x000001D6E224DF20>,False,False
CHEMBL1241945,IC50,nM,1040.0,IC50,uM,1.04,CC(C)n1nc(-c2ccc(O)c(F)c2)c2c(N)ncnc21,5.982966660701219,<rdkit.Chem.rdchem.Mol object at 0x000001D6E224DF90>,False,False
CHEMBL1242027,IC50,nM,10200.0,IC50,uM,10.2,COc1cc(F)c(-c2nn(C(C)C)c3ncnc(N)c23)cc1F,4.991399828238082,<rdkit.Chem.rdchem.Mol object at 0x000001D6E224C040>,False,False
CHEMBL1242028,IC50,nM,6900.0,IC50,uM,6.9,CC(C)n1nc(-c2cc(F)c(O)cc2F)c2c(N)ncnc21,5.161150909262744,<rdkit.Chem.rdchem.Mol object at 0x000001D6E224C0B0>,False,False
CHEMBL1242029,IC50,nM,1400.0,IC50,uM,1.4,COc1cccc(-c2nn(C(C)C)c3ncnc(N)c23)c1,5.853871964321762,<rdkit.Chem.rdchem.Mol object at 0x000001D6E224C120>,False,False
CHEMBL1242112,IC50,nM,908.0,IC50,uM,0.908,COc1cc(-c2nn(C(C)C)c3ncnc(N)c23)ccc1O,6.041914151478915,<rdkit.Chem.rdchem.Mol object at 0x000001D6E224C190>,False,False
CHEMBL1241300,IC50,nM,100000.0,IC50,uM,100.0,COc1ccc(-c2n[nH]c3ncnc(N)c23)cc1O,4.0,<rdkit.Chem.rdchem.Mol object at 0x000001D6E224C200>,False,False
CHEMBL1241301,IC50,nM,100000.0,IC50,uM,100.0,COc1ccc(-c2nn(C)c3ncnc(N)c23)cc1O,4.0,<rdkit.Chem.rdchem.Mol object at 0x000001D6E224C270>,False,False
CHEMBL1242113,IC50,nM,6450.0,IC50,uM,6.45,CCn1nc(-c2ccc(OC)c(O)c2)c2c(N)ncnc21,5.1904402853647325,<rdkit.Chem.rdchem.Mol object at 0x000001D6E224C2E0>,False,False
CHEMBL1242114,IC50,nM,2190.0,IC50,uM,2.19,COc1ccc(-c2nn(C(C)C)c3ncnc(N)c23)cc1O,5.6595558851598815,<rdkit.Chem.rdchem.Mol object at 0x000001D6E224C350>,False,False
CHEMBL1242201,IC50,nM,437.0,IC50,uM,0.437,COc1ccc(-c2nn(C3CCCC3)c3ncnc(N)c23)cc1O,6.359518563029578,<rdkit.Chem.rdchem.Mol object at 0x000001D6E224C3C0>,False,False
CHEMBL1242202,IC50,nM,270.0,IC50,uM,0.27,COc1ccc(-c2nn(C3CCC(C)C3)c3ncnc(N)c23)cc1O,6.568636235841013,<rdkit.Chem.rdchem.Mol object at 0x000001D6E224C430>,False,False
CHEMBL1242203,IC50,nM,17000.0,IC50,uM,17.0,COc1ccc(-c2nn(C3CNC3)c3ncnc(N)c23)cc1O,4.769551078621726,<rdkit.Chem.rdchem.Mol object at 0x000001D6E224C4A0>,False,False
CHEMBL1242288,IC50,nM,12600.0,IC50,uM,12.6,COc1ccc(-c2nn([C@@H]3CCNC3)c3ncnc(N)c23)cc1O,4.899629454882437,<rdkit.Chem.rdchem.Mol object at 0x000001D6E224C510>,False,False
CHEMBL1242289,IC50,nM,768.0,IC50,uM,0.768,CCOc1ccc(-c2nn(C3CCCC3)c3ncnc(N)c23)cc1O,6.114638779968488,<rdkit.Chem.rdchem.Mol object at 0x000001D6E224C580>,False,False
CHEMBL1242290,IC50,nM,3020.0,IC50,uM,3.02,COc1ccc(-c2nn(C(C)C)c3ncnc(N)c23)cc1OC,5.519993057042849,<rdkit.Chem.rdchem.Mol object at 0x000001D6E224C5F0>,False,False
CHEMBL1242379,IC50,nM,6340.0,IC50,uM,6.34,COc1ccc(-c2nn(C(C)(C)C)c3ncnc(N)c23)cc1OC,5.197910742118268,<rdkit.Chem.rdchem.Mol object at 0x000001D6E224C660>,False,False
CHEMBL1242661,IC50,nM,21000.0,IC50,uM,21.0,CCOc1ccc2cc(-c3nn(C)c4ncnc(N)c34)ccc2c1,4.6777807052660805,<rdkit.Chem.rdchem.Mol object at 0x000001D6E224C6D0>,False,False
CHEMBL1242662,IC50,nM,88.0,IC50,uM,0.088,CC(C)n1nc(-c2ccc3cc(O)ccc3c2)c2c(N)ncnc21,7.055517327849832,<rdkit.Chem.rdchem.Mol object at 0x000001D6E224C740>,False,False
CHEMBL1242754,IC50,nM,1000.0,IC50,uM,1.0,CC(C)n1nc(-c2cnc3ccccc3c2)c2c(N)ncnc21,6.0,<rdkit.Chem.rdchem.Mol object at 0x000001D6E224C820>,False,False
CHEMBL1242755,IC50,nM,540.0,IC50,uM,0.54,Nc1ncnc2c1c(-c1cnc3ccccc3c1)nn2C1CCCC1,6.267606240177032,<rdkit.Chem.rdchem.Mol object at 0x000001D6E224C890>,False,False
CHEMBL1242756,IC50,nM,34000.0,IC50,uM,34.0,Cn1nc(-c2ccc3ncccc3c2)c2c(N)ncnc21,4.468521082957745,<rdkit.Chem.rdchem.Mol object at 0x000001D6E224C900>,False,False
CHEMBL1241681,IC50,nM,2100.0,IC50,uM,2.1,Nc1ncnc2c1c(-c1ccc3ncccc3c1)nn2C1CCCC1,5.6777807052660805,<rdkit.Chem.rdchem.Mol object at 0x000001D6E224C970>,False,False
CHEMBL1241682,IC50,nM,100000.0,IC50,uM,100.0,Cc1ccc2cc(-c3nn(C(C)C)c4ncnc(N)c34)ccc2n1,4.0,<rdkit.Chem.rdchem.Mol object at 0x000001D6E224C9E0>,False,False
CHEMBL1241774,IC50,nM,18000.0,IC50,uM,18.0,CC(C)n1nc(-c2ccc3nccnc3c2)c2c(N)ncnc21,4.7447274948966935,<rdkit.Chem.rdchem.Mol object at 0x000001D6E224CAC0>,False,False
CHEMBL1241775,IC50,nM,70000.0,IC50,uM,70.0,CC(C)n1nc(-c2cnc3nccnc3c2)c2c(N)ncnc21,4.154901959985743,<rdkit.Chem.rdchem.Mol object at 0x000001D6E224CB30>,False,False
CHEMBL1241776,IC50,nM,7400.0,IC50,uM,7.4,CC(C)n1nc(-c2ccc3nc[nH]c(=O)c3c2)c2c(N)ncnc21,5.130768280269024,<rdkit.Chem.rdchem.Mol object at 0x000001D6E224CBA0>,False,False
CHEMBL1241863,IC50,nM,6700.0,IC50,uM,6.7,CC(C)n1nc(-c2ccc3[nH]c(=O)ccc3c2)c2c(N)ncnc21,5.173925197299174,<rdkit.Chem.rdchem.Mol object at 0x000001D6E224CC10>,False,False
CHEMBL1241864,IC50,nM,1400.0,IC50,uM,1.4,Nc1ncnc2c1c(-c1ccc3[nH]c(=O)ccc3c1)nn2C1CCCC1,5.853871964321762,<rdkit.Chem.rdchem.Mol object at 0x000001D6E224CC80>,False,False
CHEMBL1241949,IC50,nM,12000.0,IC50,uM,12.0,CC(C)n1nc(-c2ccc3nc(N)ccc3c2)c2c(N)ncnc21,4.920818753952375,<rdkit.Chem.rdchem.Mol object at 0x000001D6E224CCF0>,False,False
CHEMBL1242033,IC50,nM,100000.0,IC50,uM,100.0,CC(C)n1nc(-c2ccc3nccc(NC(=O)OC(C)(C)C)c3c2)c2c(N)ncnc21,4.0,<rdkit.Chem.rdchem.Mol object at 0x000001D6E224CDD0>,False,False
CHEMBL1242034,IC50,nM,100000.0,IC50,uM,100.0,CC(C)n1nc(-c2ccc3nccc(N)c3c2)c2c(N)ncnc21,4.0,<rdkit.Chem.rdchem.Mol object at 0x000001D6E224CE40>,False,False
CHEMBL1242117,IC50,nM,10000.0,IC50,uM,10.0,Cn1nc(-c2ccc3occc(=O)c3c2)c2c(N)ncnc21,5.0,<rdkit.Chem.rdchem.Mol object at 0x000001D6E224CEB0>,False,False
CHEMBL1242118,IC50,nM,29000.0,IC50,uM,29.0,CC(C)n1nc(-c2ccc3occc(=O)c3c2)c2c(N)ncnc21,4.537602002101044,<rdkit.Chem.rdchem.Mol object at 0x000001D6E224CF20>,False,False
CHEMBL1242119,IC50,nM,100000.0,IC50,uM,100.0,Nc1ncnc2c1c(-c1ccc3occc(=O)c3c1)nn2C1CCCC1,4.0,<rdkit.Chem.rdchem.Mol object at 0x000001D6E224CF90>,False,False
CHEMBL1242207,IC50,nM,25000.0,IC50,uM,25.0,CC(C)n1nc(-c2ccc3cnccc3c2)c2c(N)ncnc21,4.6020599913279625,<rdkit.Chem.rdchem.Mol object at 0x000001D6E224E040>,False,False
CHEMBL1242208,IC50,nM,100000.0,IC50,uM,100.0,CC(C)n1nc(-c2ccc3ccncc3c2)c2c(N)ncnc21,4.0,<rdkit.Chem.rdchem.Mol object at 0x000001D6E224E0B0>,False,False
CHEMBL1242209,IC50,nM,18000.0,IC50,uM,18.0,Cc1ccc2ccc(-c3nn(C(C)C)c4ncnc(N)c34)cc2n1,4.7447274948966935,<rdkit.Chem.rdchem.Mol object at 0x000001D6E224E120>,False,False
CHEMBL1240565,IC50,nM,15000.0,IC50,uM,15.0,Cn1nc(-c2cnc3[nH]ccc3c2)c2c(N)ncnc21,4.823908740944319,<rdkit.Chem.rdchem.Mol object at 0x000001D6E224E190>,False,False
CHEMBL1242293,IC50,nM,380.0,IC50,uM,0.38,CC(C)n1nc(-c2cnc3[nH]ccc3c2)c2c(N)ncnc21,6.42021640338319,<rdkit.Chem.rdchem.Mol object at 0x000001D6E224E200>,False,False
CHEMBL1242294,IC50,nM,176.0,IC50,uM,0.176,CC(C)n1nc(-c2ccc3[nH]ccc3c2)c2c(N)ncnc21,6.7544873321858505,<rdkit.Chem.rdchem.Mol object at 0x000001D6E224E270>,False,False
CHEMBL1242295,IC50,nM,734.0,IC50,uM,0.734,Nc1ncnc2c1c(-c1ccc3[nH]ccc3c1)nn2C1CCCC1,6.134303940083929,<rdkit.Chem.rdchem.Mol object at 0x000001D6E224E2E0>,False,False
CHEMBL1242384,IC50,nM,955.0,IC50,uM,0.955,CC(C)n1nc(-c2ccc3c(ccn3C)c2)c2c(N)ncnc21,6.019996628416254,<rdkit.Chem.rdchem.Mol object at 0x000001D6E224E350>,False,False
CHEMBL1242385,IC50,nM,539.0,IC50,uM,0.539,Cn1ccc2cc(-c3nn(C4CCCC4)c4ncnc(N)c34)ccc21,6.268411234813262,<rdkit.Chem.rdchem.Mol object at 0x000001D6E224E3C0>,False,False
CHEMBL1242386,IC50,nM,1100.0,IC50,uM,1.1,CC(C)n1nc(-c2ccc3[nH]ncc3c2)c2c(N)ncnc21,5.958607314841775,<rdkit.Chem.rdchem.Mol object at 0x000001D6E224E430>,False,False
CHEMBL1242475,IC50,nM,571.0,IC50,uM,0.571,Nc1ncnc2c1c(-c1ccc3[nH]ncc3c1)nn2C1CCCC1,6.243363891754152,<rdkit.Chem.rdchem.Mol object at 0x000001D6E224E4A0>,False,False
CHEMBL1242476,IC50,nM,207.0,IC50,uM,0.207,CC(C)n1nc(-c2ccc3c(N)n[nH]c3c2)c2c(N)ncnc21,6.684029654543083,<rdkit.Chem.rdchem.Mol object at 0x000001D6E224E510>,False,False
CHEMBL1242477,IC50,nM,2500.0,IC50,uM,2.5,CC(C)n1nc(-c2ccc3cn[nH]c3c2)c2c(N)ncnc21,5.6020599913279625,<rdkit.Chem.rdchem.Mol object at 0x000001D6E224E580>,False,False
CHEMBL1242572,IC50,nM,760.0,IC50,uM,0.76,Nc1ncnc2c1c(-c1ccc3cn[nH]c3c1)nn2C1CCCC1,6.119186407719209,<rdkit.Chem.rdchem.Mol object at 0x000001D6E224E5F0>,False,False
CHEMBL1242573,IC50,nM,1200.0,IC50,uM,1.2,CC(C)n1nc(-c2cc(F)c3cn[nH]c3c2)c2c(N)ncnc21,5.920818753952375,<rdkit.Chem.rdchem.Mol object at 0x000001D6E224E660>,False,False
CHEMBL1240566,IC50,nM,2900.0,IC50,uM,2.9,Cn1nc(-c2ccc3cc[nH]c3c2)c2c(N)ncnc21,5.537602002101044,<rdkit.Chem.rdchem.Mol object at 0x000001D6E224E6D0>,False,False
CHEMBL1242574,IC50,nM,220.0,IC50,uM,0.22,CC(C)n1nc(-c2ccc3cc[nH]c3c2)c2c(N)ncnc21,6.657577319177793,<rdkit.Chem.rdchem.Mol object at 0x000001D6E224E740>,False,False
CHEMBL1242664,IC50,nM,85.0,IC50,uM,0.085,Nc1ncnc2c1c(-c1ccc3cc[nH]c3c1)nn2C1CCCC1,7.070581074285707,<rdkit.Chem.rdchem.Mol object at 0x000001D6E224E7B0>,False,False
CHEMBL1242665,IC50,nM,45000.0,IC50,uM,45.0,CC(C)n1nc(-c2ccn3ccnc3c2)c2c(N)ncnc21,4.346787486224656,<rdkit.Chem.rdchem.Mol object at 0x000001D6E224E820>,False,False
CHEMBL1242757,IC50,nM,4600.0,IC50,uM,4.6,CC(C)n1nc(-c2cccc3[nH]ccc23)c2c(N)ncnc21,5.337242168318426,<rdkit.Chem.rdchem.Mol object at 0x000001D6E224E900>,False,False
CHEMBL1242758,IC50,nM,1400.0,IC50,uM,1.4,Nc1ncnc2c1c(-c1cccc3[nH]ccc13)nn2C1CCCC1,5.853871964321762,<rdkit.Chem.rdchem.Mol object at 0x000001D6E224E970>,False,False
CHEMBL1242852,IC50,nM,179.0,IC50,uM,0.179,CC(C)n1nc(-c2ccc3c(ccn3C(=O)OC(C)(C)C)c2)c2c(N)ncnc21,6.747146969020107,<rdkit.Chem.rdchem.Mol object at 0x000001D6E224E9E0>,False,False
CHEMBL1242853,IC50,nM,391.0,IC50,uM,0.391,CC(C)(C)OC(=O)n1ccc2cc(-c3nn(C4CCCC4)c4ncnc(N)c34)ccc21,6.407823242604133,<rdkit.Chem.rdchem.Mol object at 0x000001D6E224EA50>,False,False
CHEMBL1241490,IC50,nM,964.0,IC50,uM,0.964,CC(C)n1nc(-c2ccc3occc3c2)c2c(N)ncnc21,6.015922966097169,<rdkit.Chem.rdchem.Mol object at 0x000001D6E224EAC0>,False,False
CHEMBL1241491,IC50,nM,575.0,IC50,uM,0.575,Nc1ncnc2c1c(-c1ccc3occc3c1)nn2C1CCCC1,6.2403321553103694,<rdkit.Chem.rdchem.Mol object at 0x000001D6E224EB30>,False,False
CHEMBL1241492,IC50,nM,8300.0,IC50,uM,8.3,CC(C)n1nc(-c2ccc3nonc3c2)c2c(N)ncnc21,5.080921907623926,<rdkit.Chem.rdchem.Mol object at 0x000001D6E224EBA0>,False,False
CHEMBL1241586,IC50,nM,937.0,IC50,uM,0.937,CC(C)n1nc(-c2ccc3[nH]c(=O)[nH]c3c2)c2c(N)ncnc21,6.028260409112222,<rdkit.Chem.rdchem.Mol object at 0x000001D6E224EC10>,False,False
CHEMBL1241587,IC50,nM,5000.0,IC50,uM,5.0,CC(C)n1nc(-c2ccc3c(c2)CCO3)c2c(N)ncnc21,5.301029995663981,<rdkit.Chem.rdchem.Mol object at 0x000001D6E224EC80>,False,False
CHEMBL1241588,IC50,nM,15000.0,IC50,uM,15.0,CC(C)n1nc(-c2ccc3c(c2)OCCO3)c2c(N)ncnc21,4.823908740944319,<rdkit.Chem.rdchem.Mol object at 0x000001D6E224ECF0>,False,False
CHEMBL1254199,IC50,nM,53100.0,IC50,uM,53.1,CN(c1cccc(Br)c1)c1nc(N)nc2[nH]c(Cc3ccccc3)cc12,4.274905478918531,<rdkit.Chem.rdchem.Mol object at 0x000001D6E224EE40>,False,False
CHEMBL1254286,IC50,nM,253600.0,IC50,uM,253.6,CN(c1cccc(Br)c1)c1nc(N)nc2c1cc(Cc1ccccc1)n2C,3.595850750790305,<rdkit.Chem.rdchem.Mol object at 0x000001D6E224EEB0>,False,False
CHEMBL1254363,IC50,nM,31200.0,IC50,uM,31.2,Cc1ccccc1Cc1cc2c(N(C)c3cccc(Br)c3)nc(N)nc2[nH]1,4.505845405981558,<rdkit.Chem.rdchem.Mol object at 0x000001D6E224EF20>,False,False
CHEMBL1254364,IC50,nM,12800.0,IC50,uM,12.8,Cc1ccccc1Cc1cc2c(Nc3cccc(Br)c3)nc(N)nc2n1C,4.892790030352131,<rdkit.Chem.rdchem.Mol object at 0x000001D6E224EF90>,False,False
CHEMBL1254443,IC50,nM,1200.0,IC50,uM,1.2,Cc1ccccc1Cc1cc2c(N(C)c3cccc(Br)c3)nc(N)nc2n1C,5.920818753952375,<rdkit.Chem.rdchem.Mol object at 0x000001D6E225C040>,False,False
CHEMBL1254444,IC50,nM,143500.0,IC50,uM,143.5,COc1ccc(OC)c(Cc2cc3c(N(C)c4cccc(Br)c4)nc(N)nc3[nH]2)c1,3.843148098929989,<rdkit.Chem.rdchem.Mol object at 0x000001D6E225C0B0>,False,False
CHEMBL1254523,IC50,nM,500.0,IC50,uM,0.5,COc1ccc(OC)c(Cc2cc3c(N(C)c4cccc(Br)c4)nc(N)nc3n2C)c1,6.301029995663981,<rdkit.Chem.rdchem.Mol object at 0x000001D6E225C120>,False,False
CHEMBL1257795,IC50,nM,10900.0,IC50,uM,10.9,N#Cc1ccc2c(c1)C(c1ccccc1F)=Nc1c[nH]nc1N2,4.962573502059376,<rdkit.Chem.rdchem.Mol object at 0x000001D6E225C190>,False,False
CHEMBL1257912,IC50,nM,726.0,IC50,uM,0.726,CC(=O)Nc1ccc2c(c1)C(c1ccccc1Cl)=Nc1c[nH]nc1N2,6.139063379299906,<rdkit.Chem.rdchem.Mol object at 0x000001D6E225C270>,False,False
CHEMBL1257998,IC50,nM,2300.0,IC50,nM,2300.0,CN1CCN([C@H]2CC[C@H](n3nc(-c4ccc(Nc5nc6cccc(Cl)c6o5)cc4)c4c(N)ncnc43)CC2)CC1,5.638272163982407,<rdkit.Chem.rdchem.Mol object at 0x000001D6E225C2E0>,False,False
CHEMBL1256432,IC50,nM,2880.0,IC50,nM,2880.0,CN1CCN([C@H]2CC[C@H](n3nc(-c4ccc(Nc5nc6cccc(Cl)c6o5)c(F)c4)c4c(N)ncnc43)CC2)CC1,5.540607512240769,<rdkit.Chem.rdchem.Mol object at 0x000001D6E225C350>,False,False
CHEMBL1271950,IC50,nM,720.0,IC50,uM,0.72,OC[C@@H](Nc1ncnc2sc3c(c12)CCCC3)c1ccccc1,6.142667503568732,<rdkit.Chem.rdchem.Mol object at 0x000001D6E225C3C0>,False,False
CHEMBL1272006,IC50,nM,1090.0,IC50,uM,1.09,OC[C@@H](Nc1ncnc2sc3c(c12)CCC3)c1ccccc1,5.962573502059376,<rdkit.Chem.rdchem.Mol object at 0x000001D6E225C430>,False,False
CHEMBL1272167,IC50,nM,91.0,IC50,uM,0.091,C=CS(=O)(=O)N1CCc2c(sc3ncnc(N[C@H](CO)c4ccccc4)c23)C1,7.040958607678906,<rdkit.Chem.rdchem.Mol object at 0x000001D6E225C580>,False,False
CHEMBL1276179,IC50,nM,173.0,IC50,nM,173.0,CN1C[C@@H]2C[C@H]1CN2c1cc(F)c(-c2ccnc3c(-c4cccc5[nH]ncc45)c(-c4ccncc4)nn23)c(F)c1,6.761953896871205,<rdkit.Chem.rdchem.Mol object at 0x000001D6E225CB30>,False,False
CHEMBL1641991,IC50,nM,20800.0,IC50,uM,20.8,CCC(=O)Nc1ccc2c(C#N)cnc(Nc3cccc(Br)c3)c2c1,4.681936665037238,<rdkit.Chem.rdchem.Mol object at 0x000001D6E1D9E120>,False,False
CHEMBL1641989,IC50,nM,4100.0,IC50,uM,4.1,CN(C)CCCC(=O)Nc1ccc2c(C#N)cnc(Nc3cccc(Br)c3)c2c1,5.3872161432802645,<rdkit.Chem.rdchem.Mol object at 0x000001D6E1D9E200>,False,False
CHEMBL1641998,IC50,nM,28000.0,IC50,uM,28.0,N#Cc1cnc(Nc2cccc(Br)c2)c2cc(NC(=O)CCc3cc4ccccc4[nH]3)ccc12,4.552841968657781,<rdkit.Chem.rdchem.Mol object at 0x000001D6E1D9E270>,False,False
CHEMBL1641997,IC50,nM,45200.0,IC50,uM,45.2,N#Cc1cnc(Nc2cccc(Br)c2)c2cc(NC(=O)c3ccoc3)ccc12,4.3448615651886175,<rdkit.Chem.rdchem.Mol object at 0x000001D6E1D9E2E0>,False,False
CHEMBL1641996,IC50,nM,55600.0,IC50,uM,55.6,N#Cc1cnc(Nc2cccc(Br)c2)c2cc(NC(=O)c3ccco3)ccc12,4.254925208417943,<rdkit.Chem.rdchem.Mol object at 0x000001D6E1D9E350>,False,False
CHEMBL1641995,IC50,nM,2200.0,IC50,uM,2.2,N#Cc1cnc(Nc2cccc(Br)c2)c2cc(NC(=O)[C@@H]3CCC(=O)N3)ccc12,5.657577319177793,<rdkit.Chem.rdchem.Mol object at 0x000001D6E1D9E3C0>,False,False
CHEMBL1641994,IC50,nM,12800.0,IC50,uM,12.8,CCOC(=O)Nc1ccc2c(C#N)cnc(Nc3cccc(Br)c3)c2c1,4.892790030352131,<rdkit.Chem.rdchem.Mol object at 0x000001D6E1D9E430>,False,False
CHEMBL1641993,IC50,nM,6900.0,IC50,uM,6.9,N#Cc1cnc(Nc2cccc(Br)c2)c2cc(NC(=O)CCN3CCOCC3)ccc12,5.161150909262744,<rdkit.Chem.rdchem.Mol object at 0x000001D6E1D9E4A0>,False,False
CHEMBL1641992,IC50,nM,1300.0,IC50,uM,1.3,CN1CCN(CCC(=O)Nc2ccc3c(C#N)cnc(Nc4cccc(Br)c4)c3c2)CC1,5.886056647693163,<rdkit.Chem.rdchem.Mol object at 0x000001D6E1D9E510>,False,False
CHEMBL1645474,IC50,nM,6.0,IC50,uM,0.006,NC1CCN(Cc2ccn3ncnc(Nc4cccc(Br)c4)c23)CC1,8.221848749616356,<rdkit.Chem.rdchem.Mol object at 0x000001D6E1D9E580>,False,False
CHEMBL1645473,IC50,nM,9.0,IC50,uM,0.009,NC1CCN(Cc2ccn3ncnc(Nc4cccc(Cl)c4)c23)CC1,8.045757490560675,<rdkit.Chem.rdchem.Mol object at 0x000001D6E1D9E5F0>,False,False
CHEMBL1645476,IC50,nM,10.0,IC50,uM,0.01,NC1CCN(Cc2ccn3ncnc(Nc4ccc(F)c(Cl)c4)c23)CC1,8.0,<rdkit.Chem.rdchem.Mol object at 0x000001D6E1D9E6D0>,False,False
CHEMBL1645470,IC50,nM,20.0,IC50,uM,0.02,Cc1cccc(Nc2ncnn3ccc(CN4CCC(N)CC4)c23)c1,7.698970004336019,<rdkit.Chem.rdchem.Mol object at 0x000001D6E1D9E740>,False,False
CHEMBL1645472,IC50,nM,32.0,IC50,uM,0.032,NC1CCN(Cc2ccn3ncnc(Nc4cccc(F)c4)c23)CC1,7.494850021680094,<rdkit.Chem.rdchem.Mol object at 0x000001D6E1D9E7B0>,False,False
CHEMBL1645467,IC50,nM,40.0,IC50,uM,0.04,NC1CCN(Cc2ccn3ncnc(Nc4ccccc4)c23)CC1,7.397940008672037,<rdkit.Chem.rdchem.Mol object at 0x000001D6E1D9E820>,False,False
CHEMBL1645471,IC50,nM,50.0,IC50,uM,0.05,Cc1ccc(Nc2ncnn3ccc(CN4CCC(N)CC4)c23)cc1,7.301029995663981,<rdkit.Chem.rdchem.Mol object at 0x000001D6E1D9E890>,False,False
CHEMBL1645475,IC50,nM,130.0,IC50,uM,0.13,NC1CCN(Cc2ccn3ncnc(Nc4cc(Cl)cc(Cl)c4)c23)CC1,6.886056647693163,<rdkit.Chem.rdchem.Mol object at 0x000001D6E1D9E900>,False,False
CHEMBL1645477,IC50,nM,210.0,IC50,uM,0.21,COc1ccc(Nc2ncnn3ccc(CN4CCC(N)CC4)c23)cc1Cl,6.6777807052660805,<rdkit.Chem.rdchem.Mol object at 0x000001D6E1D9E970>,False,False
CHEMBL1645469,IC50,nM,660.0,IC50,uM,0.66,Cc1ccccc1Nc1ncnn2ccc(CN3CCC(N)CC3)c12,6.180456064458132,<rdkit.Chem.rdchem.Mol object at 0x000001D6E1D9E9E0>,False,False
CHEMBL1645464,IC50,nM,950.0,IC50,uM,0.95,Cn1ncc2cc(Nc3ncnn4ccc(CN5CCC(N)CC5)c34)ccc21,6.022276394711152,<rdkit.Chem.rdchem.Mol object at 0x000001D6E1D9EAC0>,False,False
CHEMBL1683949,IC50,nM,1100.0,IC50,uM,1.1,Cc1cc(Nc2ccc(OCc3cccc(F)c3)c(Cl)c2)ncn1,5.958607314841775,<rdkit.Chem.rdchem.Mol object at 0x000001D6E1D9EB30>,False,False
CHEMBL1683950,IC50,nM,1200.0,IC50,uM,1.2,Fc1cccc(COc2ccc(Nc3cc(-c4ccccc4)ncn3)cc2Cl)c1,5.920818753952375,<rdkit.Chem.rdchem.Mol object at 0x000001D6E1D9EBA0>,False,False
CHEMBL1683951,IC50,nM,47000.0,IC50,uM,47.0,Fc1cccc(COc2ccc(Nc3cc(-c4cccnc4)ncn3)cc2Cl)c1,4.327902142064283,<rdkit.Chem.rdchem.Mol object at 0x000001D6E1D9EC10>,False,False
CHEMBL1683952,IC50,nM,22000.0,IC50,uM,22.0,Fc1cccc(COc2ccc(Nc3cc(-c4ccsc4)ncn3)cc2Cl)c1,4.657577319177793,<rdkit.Chem.rdchem.Mol object at 0x000001D6E1D9EC80>,False,False
CHEMBL1683954,IC50,nM,10000.0,IC50,uM,10.0,Fc1cccc(COc2ccc(Nc3cc(Oc4ccccc4)ncn3)cc2Cl)c1,5.0,<rdkit.Chem.rdchem.Mol object at 0x000001D6E1D9ECF0>,False,False
CHEMBL1683955,IC50,nM,17.0,IC50,uM,0.017,Cc1ncnc(Nc2ccc(OCc3cccc(F)c3)c(Cl)c2)c1C,7.769551078621726,<rdkit.Chem.rdchem.Mol object at 0x000001D6E1D9ED60>,False,False
CHEMBL1683956,IC50,nM,640.0,IC50,uM,0.64,CCc1ncnc(Nc2ccc(OCc3cccc(F)c3)c(Cl)c2)c1C,6.1938200260161125,<rdkit.Chem.rdchem.Mol object at 0x000001D6E1D9EDD0>,False,False
CHEMBL1683957,IC50,nM,20000.0,IC50,uM,20.0,Cc1c(Nc2ccc(OCc3cccc(F)c3)c(Cl)c2)ncnc1-c1ccccc1,4.698970004336019,<rdkit.Chem.rdchem.Mol object at 0x000001D6E1D9EE40>,False,False
CHEMBL1683960,IC50,nM,590.0,IC50,uM,0.59,Cc1ncnc(Nc2ccc(OCc3cccc(F)c3)c(Cl)c2)c1-c1cccc(CN2CCOCC2)c1,6.229147988357855,<rdkit.Chem.rdchem.Mol object at 0x000001D6E1D9EF90>,False,False
CHEMBL1683964,IC50,nM,120.0,IC50,uM,0.12,Cc1ncnc(Nc2ccc(OCc3cccc(F)c3)c(Cl)c2)c1/C=C/c1ccc(CN2CCOCC2)cc1,6.920818753952375,<rdkit.Chem.rdchem.Mol object at 0x000001D6E1D74190>,False,False
CHEMBL1684800,IC50,nM,101.4,IC50,nM,101.4,COc1ccc(Cn2ncc(NC(=O)c3cc(NC(=O)Nc4ccc(Cl)c(C(F)(F)F)c4)ccc3C)c2N)cc1,6.993962045002683,<rdkit.Chem.rdchem.Mol object at 0x000001D6E1D746D0>,False,False
CHEMBL1688860,IC50,nM,4900.0,IC50,nM,4900.0,CN(C)Cc1cc(C(=O)N[C@@H]2CCc3ccc(Oc4ccnc5c4CCC(=O)N5)cc3C2)cc(C(F)(F)F)c1,5.309803919971486,<rdkit.Chem.rdchem.Mol object at 0x000001D6E1D747B0>,False,False
CHEMBL1688861,IC50,nM,190.0,IC50,nM,190.0,CC(C)(N)c1cc(C(=O)N[C@@H]2CCc3ccc(Oc4ccnc5c4CCC(=O)N5)cc3C2)cc(C(F)(F)F)c1,6.721246399047171,<rdkit.Chem.rdchem.Mol object at 0x000001D6E1D74820>,False,False
CHEMBL98798,IC50,nM,7600.0,IC50,uM,7.6,COc1cc2ncnc(Oc3cccc(Br)c3)c2cc1OC,5.119186407719209,<rdkit.Chem.rdchem.Mol object at 0x000001D6E1D74890>,False,False
CHEMBL1277620,IC50,nM,5700.0,IC50,uM,5.7,COc1cc2ncnc(Nc3ccc(Br)cc3F)c2cc1OC,5.2441251443275085,<rdkit.Chem.rdchem.Mol object at 0x000001D6E1D74900>,False,False
CHEMBL1278149,IC50,nM,5900.0,IC50,uM,5.9,COc1cc2ncnc(Oc3ccc(Br)c(F)c3)c2cc1OC,5.229147988357856,<rdkit.Chem.rdchem.Mol object at 0x000001D6E1D74970>,False,False
CHEMBL1761929,IC50,nM,6900.0,IC50,uM,6.9,COC(=O)Nc1ccc(Nc2ncnc3cc(OC)c(OC)cc23)cc1,5.161150909262744,<rdkit.Chem.rdchem.Mol object at 0x000001D6E1D749E0>,False,False
CHEMBL1762110,IC50,nM,3580.0,IC50,uM,3.58,CC(=O)NC[C@H]1CC[C@H](c2nc(-c3cc4ccccc4[nH]3)c3c(N)nccn32)CC1,5.446116973356125,<rdkit.Chem.rdchem.Mol object at 0x000001D6E1D74A50>,False,False
CHEMBL1760035,IC50,nM,853.0,IC50,uM,0.853,COc1cc(Nc2nccc(Nc3cnc4ccccc4c3)n2)cc(OC)c1OC,6.069050968832477,<rdkit.Chem.rdchem.Mol object at 0x000001D6E1D74AC0>,False,False
CHEMBL1270795,IC50,nM,5048.0,IC50,nM,5048.0,CSc1cn2c(-c3cn[nH]c3)cnc2c(Nc2cc(C)ns2)n1,5.296880653763922,<rdkit.Chem.rdchem.Mol object at 0x000001D6E1D74C10>,False,False
CHEMBL1821862,IC50,nM,1730.0,IC50,uM,1.73,Cc1ccc(C2=NN(c3nc(-c4ccccc4)cs3)C(c3ccc(F)cc3)C2)cc1C,5.761953896871205,<rdkit.Chem.rdchem.Mol object at 0x000001D6E1D89AC0>,False,False
CHEMBL1821863,IC50,nM,2360.0,IC50,uM,2.36,Cc1ccc(C2=NN(c3nc(-c4ccccc4)cs3)C(c3ccc(Cl)cc3)C2)cc1C,5.627087997029894,<rdkit.Chem.rdchem.Mol object at 0x000001D6E1D89A50>,False,False
CHEMBL1821864,IC50,nM,1840.0,IC50,uM,1.84,Cc1ccc(C2=NN(c3nc(-c4ccccc4)cs3)C(c3ccc(Br)cc3)C2)cc1C,5.735182176990463,<rdkit.Chem.rdchem.Mol object at 0x000001D6E1D899E0>,False,False
CHEMBL1821865,IC50,nM,2670.0,IC50,uM,2.67,Cc1ccc(C2CC(c3ccc(C)c(C)c3)=NN2c2nc(-c3ccccc3)cs2)cc1,5.573488738635425,<rdkit.Chem.rdchem.Mol object at 0x000001D6E1D89970>,False,False
CHEMBL1821866,IC50,nM,3080.0,IC50,uM,3.08,COc1ccc(C2CC(c3ccc(C)c(C)c3)=NN2c2nc(-c3ccccc3)cs2)cc1,5.511449283499556,<rdkit.Chem.rdchem.Mol object at 0x000001D6E1D894A0>,False,False
CHEMBL1821867,IC50,nM,1920.0,IC50,uM,1.92,Cc1ccc(C2=NN(c3nc(-c4ccccc4)cs3)C(c3ccc(O)cc3)C2)cc1C,5.716698771296451,<rdkit.Chem.rdchem.Mol object at 0x000001D6E1D89430>,False,False
CHEMBL1821869,IC50,nM,60.0,IC50,uM,0.06,Cc1ccc(C2=NN(c3nc(-c4ccc(Cl)cc4)cs3)C(c3ccc(F)cc3)C2)cc1C,7.221848749616356,<rdkit.Chem.rdchem.Mol object at 0x000001D6E1D89900>,False,False
CHEMBL1821870,IC50,nM,190.0,IC50,uM,0.19,Cc1ccc(C2=NN(c3nc(-c4ccc(Cl)cc4)cs3)C(c3ccc(Cl)cc3)C2)cc1C,6.721246399047171,<rdkit.Chem.rdchem.Mol object at 0x000001D6E1D89890>,False,False
CHEMBL1821871,IC50,nM,370.0,IC50,uM,0.37,Cc1ccc(C2=NN(c3nc(-c4ccc(Cl)cc4)cs3)C(c3ccc(Br)cc3)C2)cc1C,6.431798275933005,<rdkit.Chem.rdchem.Mol object at 0x000001D6E1D89820>,False,False
CHEMBL1821872,IC50,nM,1040.0,IC50,uM,1.04,Cc1ccc(C2CC(c3ccc(C)c(C)c3)=NN2c2nc(-c3ccc(Cl)cc3)cs2)cc1,5.982966660701219,<rdkit.Chem.rdchem.Mol object at 0x000001D6E1D897B0>,False,False
CHEMBL1821873,IC50,nM,820.0,IC50,uM,0.82,COc1ccc(C2CC(c3ccc(C)c(C)c3)=NN2c2nc(-c3ccc(Cl)cc3)cs2)cc1,6.086186147616283,<rdkit.Chem.rdchem.Mol object at 0x000001D6E1D89740>,False,False
CHEMBL1821874,IC50,nM,970.0,IC50,uM,0.97,Cc1ccc(C2=NN(c3nc(-c4ccc(Cl)cc4)cs3)C(c3ccc(O)cc3)C2)cc1C,6.013228265733755,<rdkit.Chem.rdchem.Mol object at 0x000001D6E1D896D0>,False,False
CHEMBL1821876,IC50,nM,11240.0,IC50,uM,11.24,Fc1ccc(C2CC(c3ccc(Br)cc3)=NN2c2nc(-c3ccccc3)cs2)cc1,4.949233688766958,<rdkit.Chem.rdchem.Mol object at 0x000001D6E1D895F0>,False,False
CHEMBL1821877,IC50,nM,9370.0,IC50,uM,9.37,Clc1ccc(C2CC(c3ccc(Br)cc3)=NN2c2nc(-c3ccccc3)cs2)cc1,5.028260409112222,<rdkit.Chem.rdchem.Mol object at 0x000001D6E1D89580>,False,False
CHEMBL1821878,IC50,nM,8950.0,IC50,uM,8.95,Brc1ccc(C2=NN(c3nc(-c4ccccc4)cs3)C(c3ccc(Br)cc3)C2)cc1,5.048176964684088,<rdkit.Chem.rdchem.Mol object at 0x000001D6E1D89510>,False,False
CHEMBL1821879,IC50,nM,19640.0,IC50,uM,19.64,Cc1ccc(C2CC(c3ccc(Br)cc3)=NN2c2nc(-c3ccccc3)cs2)cc1,4.706858516549069,<rdkit.Chem.rdchem.Mol object at 0x000001D6E1D89350>,False,False
CHEMBL1821880,IC50,nM,10170.0,IC50,uM,10.17,COc1ccc(C2CC(c3ccc(Br)cc3)=NN2c2nc(-c3ccccc3)cs2)cc1,4.992679047077256,<rdkit.Chem.rdchem.Mol object at 0x000001D6E1D892E0>,False,False
CHEMBL1821881,IC50,nM,22360.0,IC50,uM,22.36,Oc1ccc(C2CC(c3ccc(Br)cc3)=NN2c2nc(-c3ccccc3)cs2)cc1,4.650528200785614,<rdkit.Chem.rdchem.Mol object at 0x000001D6E1D89270>,False,False
CHEMBL1821883,IC50,nM,24160.0,IC50,uM,24.16,Fc1ccc(C2CC(c3ccc(Br)cc3)=NN2c2nc(-c3ccc(Cl)cc3)cs2)cc1,4.616903070050906,<rdkit.Chem.rdchem.Mol object at 0x000001D6E1D89190>,False,False
CHEMBL1821884,IC50,nM,17840.0,IC50,uM,17.84,Clc1ccc(-c2csc(N3N=C(c4ccc(Br)cc4)CC3c3ccc(Cl)cc3)n2)cc1,4.748605149959896,<rdkit.Chem.rdchem.Mol object at 0x000001D6E1D89120>,False,False
CHEMBL1821885,IC50,nM,25740.0,IC50,uM,25.74,Clc1ccc(-c2csc(N3N=C(c4ccc(Br)cc4)CC3c3ccc(Br)cc3)n2)cc1,4.589391457431632,<rdkit.Chem.rdchem.Mol object at 0x000001D6E1D890B0>,False,False
CHEMBL1821886,IC50,nM,28170.0,IC50,uM,28.17,Cc1ccc(C2CC(c3ccc(Br)cc3)=NN2c2nc(-c3ccc(Cl)cc3)cs2)cc1,4.5502131530142265,<rdkit.Chem.rdchem.Mol object at 0x000001D6E1D89040>,False,False
CHEMBL1821887,IC50,nM,19830.0,IC50,uM,19.83,COc1ccc(C2CC(c3ccc(Br)cc3)=NN2c2nc(-c3ccc(Cl)cc3)cs2)cc1,4.702677285794698,<rdkit.Chem.rdchem.Mol object at 0x000001D6E1D79040>,False,False
CHEMBL1821888,IC50,nM,21520.0,IC50,uM,21.52,Oc1ccc(C2CC(c3ccc(Br)cc3)=NN2c2nc(-c3ccc(Cl)cc3)cs2)cc1,4.667157733005649,<rdkit.Chem.rdchem.Mol object at 0x000001D6E1D790B0>,False,False
CHEMBL1821890,IC50,nM,5710.0,IC50,uM,5.71,COc1ccc(C2=NN(c3nc(-c4ccccc4)cs3)C(c3ccc(F)cc3)C2)cc1,5.243363891754152,<rdkit.Chem.rdchem.Mol object at 0x000001D6E1D79190>,False,False
CHEMBL1821891,IC50,nM,4940.0,IC50,uM,4.94,COc1ccc(C2=NN(c3nc(-c4ccccc4)cs3)C(c3ccc(Cl)cc3)C2)cc1,5.306273051076353,<rdkit.Chem.rdchem.Mol object at 0x000001D6E1D79200>,False,False
CHEMBL1821892,IC50,nM,5560.0,IC50,uM,5.56,COc1ccc(C2=NN(c3nc(-c4ccccc4)cs3)C(c3ccc(Br)cc3)C2)cc1,5.254925208417943,<rdkit.Chem.rdchem.Mol object at 0x000001D6E1D79270>,False,False
CHEMBL1821893,IC50,nM,7480.0,IC50,uM,7.48,COc1ccc(C2=NN(c3nc(-c4ccccc4)cs3)C(c3ccc(C)cc3)C2)cc1,5.126098402135539,<rdkit.Chem.rdchem.Mol object at 0x000001D6E1D792E0>,False,False
CHEMBL1821894,IC50,nM,6920.0,IC50,uM,6.92,COc1ccc(C2=NN(c3nc(-c4ccccc4)cs3)C(c3ccc(OC)cc3)C2)cc1,5.1598939055432425,<rdkit.Chem.rdchem.Mol object at 0x000001D6E1D79350>,False,False
CHEMBL1821895,IC50,nM,5350.0,IC50,uM,5.35,COc1ccc(C2=NN(c3nc(-c4ccccc4)cs3)C(c3ccc(O)cc3)C2)cc1,5.271646217978772,<rdkit.Chem.rdchem.Mol object at 0x000001D6E1D793C0>,False,False
CHEMBL1821897,IC50,nM,5070.0,IC50,uM,5.07,COc1ccc(C2=NN(c3nc(-c4ccc(Cl)cc4)cs3)C(c3ccc(F)cc3)C2)cc1,5.294992040666664,<rdkit.Chem.rdchem.Mol object at 0x000001D6E1D794A0>,False,False
CHEMBL1822061,IC50,nM,7780.0,IC50,uM,7.78,COc1ccc(C2=NN(c3nc(-c4ccc(Cl)cc4)cs3)C(c3ccc(Cl)cc3)C2)cc1,5.109020403010312,<rdkit.Chem.rdchem.Mol object at 0x000001D6E1D79510>,False,False
CHEMBL1822062,IC50,nM,6310.0,IC50,uM,6.31,COc1ccc(C2=NN(c3nc(-c4ccc(Cl)cc4)cs3)C(c3ccc(Br)cc3)C2)cc1,5.199970640755866,<rdkit.Chem.rdchem.Mol object at 0x000001D6E1D79580>,False,False
CHEMBL1822063,IC50,nM,4680.0,IC50,uM,4.68,COc1ccc(C2=NN(c3nc(-c4ccc(Cl)cc4)cs3)C(c3ccc(C)cc3)C2)cc1,5.329754146925876,<rdkit.Chem.rdchem.Mol object at 0x000001D6E1D795F0>,False,False
CHEMBL1822064,IC50,nM,6270.0,IC50,uM,6.27,COc1ccc(C2=NN(c3nc(-c4ccc(Cl)cc4)cs3)C(c3ccc(OC)cc3)C2)cc1,5.202732459169283,<rdkit.Chem.rdchem.Mol object at 0x000001D6E1D79660>,False,False
CHEMBL1822065,IC50,nM,7660.0,IC50,uM,7.66,COc1ccc(C2=NN(c3nc(-c4ccc(Cl)cc4)cs3)C(c3ccc(O)cc3)C2)cc1,5.115771230367396,<rdkit.Chem.rdchem.Mol object at 0x000001D6E1D796D0>,False,False
CHEMBL1828865,IC50,nM,6740.0,IC50,uM,6.74,O=C(Cc1ccc(F)cc1)NS(=O)(=O)c1ccccc1,5.17134010346468,<rdkit.Chem.rdchem.Mol object at 0x000001D6E1D72C10>,False,False
CHEMBL1828866,IC50,nM,8280.0,IC50,uM,8.28,Cc1ccc(S(=O)(=O)NC(=O)Cc2ccc(F)cc2)cc1,5.08196966321512,<rdkit.Chem.rdchem.Mol object at 0x000001D6E1D72BA0>,False,False
CHEMBL1828867,IC50,nM,5170.0,IC50,uM,5.17,O=C(Cc1ccc(F)cc1)NS(=O)(=O)c1ccc(F)cc1,5.286509456906058,<rdkit.Chem.rdchem.Mol object at 0x000001D6E1D72B30>,False,False
CHEMBL1828868,IC50,nM,5930.0,IC50,uM,5.93,O=C(Cc1ccc(F)cc1)NS(=O)(=O)c1ccc(Cl)cc1,5.226945306635737,<rdkit.Chem.rdchem.Mol object at 0x000001D6E1D72AC0>,False,False
CHEMBL1828869,IC50,nM,6410.0,IC50,uM,6.41,O=C(Cc1ccc(F)cc1)NS(=O)(=O)c1ccc(Br)cc1,5.193141970481182,<rdkit.Chem.rdchem.Mol object at 0x000001D6E1D72A50>,False,False
CHEMBL1828870,IC50,nM,11910.0,IC50,uM,11.91,O=C(Cc1ccc(Cl)cc1)NS(=O)(=O)c1ccccc1,4.924088238517222,<rdkit.Chem.rdchem.Mol object at 0x000001D6E1D729E0>,False,False
CHEMBL1828871,IC50,nM,13730.0,IC50,uM,13.73,Cc1ccc(S(=O)(=O)NC(=O)Cc2ccc(Cl)cc2)cc1,4.8623294627632445,<rdkit.Chem.rdchem.Mol object at 0x000001D6E1D72970>,False,False
CHEMBL1828872,IC50,nM,9590.0,IC50,uM,9.59,O=C(Cc1ccc(Cl)cc1)NS(=O)(=O)c1ccc(F)cc1,5.018181392829336,<rdkit.Chem.rdchem.Mol object at 0x000001D6E1D72900>,False,False
CHEMBL1828873,IC50,nM,10340.0,IC50,uM,10.34,O=C(Cc1ccc(Cl)cc1)NS(=O)(=O)c1ccc(Cl)cc1,4.985479461242076,<rdkit.Chem.rdchem.Mol object at 0x000001D6E1D72890>,False,False
CHEMBL1828874,IC50,nM,11290.0,IC50,uM,11.29,O=C(Cc1ccc(Cl)cc1)NS(=O)(=O)c1ccc(Br)cc1,4.947306058075032,<rdkit.Chem.rdchem.Mol object at 0x000001D6E1D72820>,False,False
CHEMBL1828875,IC50,nM,17810.0,IC50,uM,17.81,O=C(Cc1ccc(Br)cc1)NS(=O)(=O)c1ccccc1,4.749336080536756,<rdkit.Chem.rdchem.Mol object at 0x000001D6E1D727B0>,False,False
CHEMBL1828876,IC50,nM,18350.0,IC50,uM,18.35,Cc1ccc(S(=O)(=O)NC(=O)Cc2ccc(Br)cc2)cc1,4.736363931411892,<rdkit.Chem.rdchem.Mol object at 0x000001D6E1D72740>,False,False
CHEMBL1828877,IC50,nM,14530.0,IC50,uM,14.53,O=C(Cc1ccc(Br)cc1)NS(=O)(=O)c1ccc(F)cc1,4.837734385701978,<rdkit.Chem.rdchem.Mol object at 0x000001D6E1D726D0>,False,False
CHEMBL1828878,IC50,nM,15920.0,IC50,uM,15.92,O=C(Cc1ccc(Br)cc1)NS(=O)(=O)c1ccc(Cl)cc1,4.79805693659835,<rdkit.Chem.rdchem.Mol object at 0x000001D6E1D72660>,False,False
CHEMBL1828879,IC50,nM,17260.0,IC50,uM,17.26,O=C(Cc1ccc(Br)cc1)NS(=O)(=O)c1ccc(Br)cc1,4.762959208620809,<rdkit.Chem.rdchem.Mol object at 0x000001D6E1D725F0>,False,False
CHEMBL1828880,IC50,nM,26200.0,IC50,uM,26.2,COc1ccc(CC(=O)NS(=O)(=O)c2ccccc2)cc1,4.581698708680254,<rdkit.Chem.rdchem.Mol object at 0x000001D6E1D72580>,False,False
CHEMBL1828881,IC50,nM,38520.0,IC50,uM,38.52,COc1ccc(CC(=O)NS(=O)(=O)c2ccc(C)cc2)cc1,4.414313721547504,<rdkit.Chem.rdchem.Mol object at 0x000001D6E1D72510>,False,False
CHEMBL1828882,IC50,nM,21840.0,IC50,uM,21.84,COc1ccc(CC(=O)NS(=O)(=O)c2ccc(F)cc2)cc1,4.660747365967301,<rdkit.Chem.rdchem.Mol object at 0x000001D6E1D724A0>,False,False
CHEMBL1828883,IC50,nM,32850.0,IC50,uM,32.85,COc1ccc(CC(=O)NS(=O)(=O)c2ccc(Cl)cc2)cc1,4.4834646261042,<rdkit.Chem.rdchem.Mol object at 0x000001D6E1D72430>,False,False
CHEMBL1828884,IC50,nM,24150.0,IC50,uM,24.15,COc1ccc(CC(=O)NS(=O)(=O)c2ccc(Br)cc2)cc1,4.617082864912469,<rdkit.Chem.rdchem.Mol object at 0x000001D6E1D723C0>,False,False
CHEMBL1829271,IC50,nM,24680.0,IC50,uM,24.68,O=C(Cc1cccc(Br)c1)NS(=O)(=O)c1ccccc1,4.607654844638796,<rdkit.Chem.rdchem.Mol object at 0x000001D6E1D722E0>,False,False
CHEMBL1829272,IC50,nM,26170.0,IC50,uM,26.17,Cc1ccc(S(=O)(=O)NC(=O)Cc2cccc(Br)c2)cc1,4.582196277360119,<rdkit.Chem.rdchem.Mol object at 0x000001D6E1D72270>,False,False
CHEMBL1829273,IC50,nM,18720.0,IC50,uM,18.72,O=C(Cc1cccc(Br)c1)NS(=O)(=O)c1ccc(F)cc1,4.727694155597914,<rdkit.Chem.rdchem.Mol object at 0x000001D6E1D72200>,False,False
CHEMBL1829274,IC50,nM,21280.0,IC50,uM,21.28,O=C(Cc1cccc(Br)c1)NS(=O)(=O)c1ccc(Cl)cc1,4.672028376376989,<rdkit.Chem.rdchem.Mol object at 0x000001D6E1D72190>,False,False
CHEMBL1829275,IC50,nM,24330.0,IC50,uM,24.33,O=C(Cc1cccc(Br)c1)NS(=O)(=O)c1ccc(Br)cc1,4.613857891069181,<rdkit.Chem.rdchem.Mol object at 0x000001D6E1D72120>,False,False
CHEMBL1200558,IC50,nM,5377.0,IC50,uM,5.377,CC[C@H](C)[C@H](N)C1=N[C@H](C(=O)N[C@@H](CC(C)C)C(=O)N[C@H](CCC(=O)O)C(=O)N[C@H](C(=O)N[C@H]2CCCCNC(=O)[C@H](CC(N)=O)NC(=O)[C@@H](CC(=O)O)NC(=O)[C@H](Cc3cnc[nH]3)NC(=O)[C@@H](Cc3ccccc3)NC(=O)[C@H]([C@@H](C)CC)NC(=O)[C@@H](CCCN)NC2=O)[C@@H](C)CC)CS1,5.2694599635228805,<rdkit.Chem.rdchem.Mol object at 0x000001D6E1D72040>,False,False
CHEMBL1016,IC50,nM,3276.9,IC50,uM,3.2769,CCOc1nc2cccc(C(=O)O)c2n1Cc1ccc(-c2ccccc2-c2nnn[nH]2)cc1,5.484536811626732,<rdkit.Chem.rdchem.Mol object at 0x000001D6E1D9A0B0>,False,False
CHEMBL290106,IC50,nM,614.0,IC50,uM,0.614,Oc1c(Cl)cc(Cl)cc1Sc1cc(Cl)cc(Cl)c1O,6.211831628858833,<rdkit.Chem.rdchem.Mol object at 0x000001D6E1D9A120>,False,False
CHEMBL296419,IC50,nM,6057.0,IC50,uM,6.057,COc1ccc(CCN2CCC(Nc3nc4ccccc4n3Cc3ccc(F)cc3)CC2)cc1,5.217742426336698,<rdkit.Chem.rdchem.Mol object at 0x000001D6E1D9A190>,False,False
CHEMBL305660,IC50,nM,559.1,IC50,uM,0.5591,CC(C)(C)c1ccc(C(=O)CCCN2CCC(OC(c3ccccc3)c3ccccc3)CC2)cc1,6.252510507741327,<rdkit.Chem.rdchem.Mol object at 0x000001D6E1D9A270>,False,False
CHEMBL808,IC50,nM,32404.0,IC50,uM,32.404,Clc1ccc(COC(Cn2ccnc2)c2ccc(Cl)cc2Cl)cc1,4.489401376500078,<rdkit.Chem.rdchem.Mol object at 0x000001D6E1D9A2E0>,False,False
CHEMBL726,IC50,nM,40107.0,IC50,uM,40.107,OCCN1CCN(CCCN2c3ccccc3Sc3ccc(C(F)(F)F)cc32)CC1,4.396779821991733,<rdkit.Chem.rdchem.Mol object at 0x000001D6E1D9A430>,False,False
CHEMBL71,IC50,nM,28868.0,IC50,uM,28.868,CN(C)CCCN1c2ccccc2Sc2ccc(Cl)cc21,4.539583303374264,<rdkit.Chem.rdchem.Mol object at 0x000001D6E1D9A890>,False,False
CHEMBL75880,IC50,nM,1485.2,IC50,uM,1.4852,C1CCC(C(CC2CCCCN2)C2CCCCC2)CC1,5.828215059445879,<rdkit.Chem.rdchem.Mol object at 0x000001D6E1D9A900>,False,False
CHEMBL584,IC50,nM,55629.0,IC50,uM,55.629,Cc1c(O)cccc1C(=O)N[C@@H](CSc1ccccc1)[C@H](O)CN1C[C@H]2CCCC[C@H]2C[C@H]1C(=O)NC(C)(C)C,4.25469874696885,<rdkit.Chem.rdchem.Mol object at 0x000001D6E1D9A9E0>,False,False
CHEMBL91,IC50,nM,29256.0,IC50,uM,29.256,Clc1ccc(COC(Cn2ccnc2)c2ccc(Cl)cc2Cl)c(Cl)c1,4.533785052670012,<rdkit.Chem.rdchem.Mol object at 0x000001D6E1D9AAC0>,False,False
CHEMBL787,IC50,nM,3197.0,IC50,uM,3.197,CC(C)(O)c1ccccc1CC[C@@H](SCC1(CC(=O)O)CC1)c1cccc(/C=C/c2ccc3ccc(Cl)cc3n2)c1,5.495257363728312,<rdkit.Chem.rdchem.Mol object at 0x000001D6E1D9ABA0>,False,False
CHEMBL603,IC50,nM,5751.0,IC50,uM,5.751,COc1cc(C(=O)NS(=O)(=O)c2ccccc2C)ccc1Cc1cn(C)c2ccc(NC(=O)OC3CCCC3)cc12,5.240256632402275,<rdkit.Chem.rdchem.Mol object at 0x000001D6E1D9ACF0>,False,False
CHEMBL24944,IC50,nM,2987.0,IC50,uM,2.987,O=C(Nc1ccc(Br)cc1)c1cc(Br)cc(Br)c1O,5.524764777395872,<rdkit.Chem.rdchem.Mol object at 0x000001D6E1D9AD60>,False,False
CHEMBL479,IC50,nM,2947.0,IC50,uM,2.947,CSc1ccc2c(c1)N(CCC1CCCCN1C)c1ccccc1S2,5.530619864150075,<rdkit.Chem.rdchem.Mol object at 0x000001D6E1D9AEB0>,False,False
CHEMBL17157,IC50,nM,3566.0,IC50,uM,3.566,CC(C)(C)c1ccc(C(O)CCCN2CCC(C(O)(c3ccccc3)c3ccccc3)CC2)cc1,5.447818661160664,<rdkit.Chem.rdchem.Mol object at 0x000001D6E1D71890>,False,False
CHEMBL1910268,IC50,nM,93300.0,IC50,uM,93.3,N#Cc1cc2c(N)ncnc2nc1NCCO,4.0301183562535,<rdkit.Chem.rdchem.Mol object at 0x000001D6E1D71820>,False,False
CHEMBL1910273,IC50,nM,29500.0,IC50,uM,29.5,Nc1scc2c1c(Nc1ccc(S(N)(=O)=O)cc1)nc1ncnc(N)c12,4.530177984021837,<rdkit.Chem.rdchem.Mol object at 0x000001D6E1D717B0>,False,False
CHEMBL1910275,IC50,nM,47900.0,IC50,uM,47.9,Cc1c(C#N)c(NCCO)nc2nc(NCCO)nc(N)c12,4.319664486585436,<rdkit.Chem.rdchem.Mol object at 0x000001D6E1D71740>,False,False
CHEMBL1910278,IC50,nM,66100.0,IC50,uM,66.1,Nc1scc2c1c(NCCO)nc1nc(NCCO)nc(N)c12,4.179798540514359,<rdkit.Chem.rdchem.Mol object at 0x000001D6E1D716D0>,False,False
CHEMBL1914653,IC50,nM,3.7,IC50,nM,3.7,Br.C[C@@H](Nc1ncnc2[nH]c(-c3ccc(O)cc3)cc12)c1ccccc1,8.431798275933005,<rdkit.Chem.rdchem.Mol object at 0x000001D6E1D71510>,False,False
CHEMBL1914654,IC50,nM,3.8,IC50,nM,3.8,Br.C[C@@H](Nc1ncnc2[nH]c(-c3ccc(O)cc3)cc12)c1ccc(F)cc1,8.42021640338319,<rdkit.Chem.rdchem.Mol object at 0x000001D6E1D714A0>,False,False
CHEMBL1914655,IC50,nM,62.0,IC50,nM,62.0,Br.C[C@@H](Nc1ncnc2[nH]c(-c3ccc(O)cc3)cc12)c1ccc(Br)cc1,7.207608310501746,<rdkit.Chem.rdchem.Mol object at 0x000001D6E1D71430>,False,False
CHEMBL1914656,IC50,nM,450.0,IC50,nM,450.0,Br.Cc1ccc([C@@H](C)Nc2ncnc3[nH]c(-c4ccc(O)cc4)cc23)cc1,6.346787486224656,<rdkit.Chem.rdchem.Mol object at 0x000001D6E1D71190>,False,False
CHEMBL1914657,IC50,nM,4608.0,IC50,nM,4608.0,Br.CC(Nc1ncnc2[nH]c(-c3ccc(O)cc3)cc12)c1ccc(C(F)(F)F)cc1,5.336487529584844,<rdkit.Chem.rdchem.Mol object at 0x000001D6E1D71F90>,False,False
CHEMBL1914658,IC50,nM,8.0,IC50,nM,8.0,Br.C[C@@H](Nc1ncnc2[nH]c(-c3ccc(O)cc3)cc12)c1ccccc1F,8.096910013008056,<rdkit.Chem.rdchem.Mol object at 0x000001D6E1D71F20>,False,False
CHEMBL1914659,IC50,nM,17.0,IC50,nM,17.0,Br.Cc1ccccc1C(C)Nc1ncnc2[nH]c(-c3ccc(O)cc3)cc12,7.769551078621726,<rdkit.Chem.rdchem.Mol object at 0x000001D6E1D71E40>,False,False
CHEMBL1914660,IC50,nM,9.0,IC50,nM,9.0,Br.C[C@@H](Nc1ncnc2[nH]c(-c3ccc(O)cc3)cc12)c1cccc(F)c1,8.045757490560675,<rdkit.Chem.rdchem.Mol object at 0x000001D6E1D71DD0>,False,False
CHEMBL1914661,IC50,nM,95.0,IC50,nM,95.0,Br.Cc1cccc(C(C)Nc2ncnc3[nH]c(-c4ccc(O)cc4)cc23)c1,7.022276394711152,<rdkit.Chem.rdchem.Mol object at 0x000001D6E1D71D60>,False,False
CHEMBL1914461,IC50,nM,3.3,IC50,nM,3.3,Br.Oc1ccc(-c2cc3c(NCc4ccccc4)ncnc3[nH]2)cc1,8.481486060122112,<rdkit.Chem.rdchem.Mol object at 0x000001D6E1D71CF0>,False,False
CHEMBL1914662,IC50,nM,26.0,IC50,nM,26.0,Br.Oc1ccc(-c2cc3c(NCc4ccc(F)cc4)ncnc3[nH]2)cc1,7.585026652029182,<rdkit.Chem.rdchem.Mol object at 0x000001D6E1D71C80>,False,False
CHEMBL1914663,IC50,nM,45.0,IC50,nM,45.0,Br.Oc1ccc(-c2cc3c(NCc4ccccc4F)ncnc3[nH]2)cc1,7.346787486224656,<rdkit.Chem.rdchem.Mol object at 0x000001D6E1D71C10>,False,False
CHEMBL1914664,IC50,nM,52.0,IC50,nM,52.0,Br.Oc1ccc(-c2cc3c(NCc4cccc(F)c4)ncnc3[nH]2)cc1,7.2839966563652,<rdkit.Chem.rdchem.Mol object at 0x000001D6E1D71BA0>,False,False
CHEMBL1914665,IC50,nM,4.0,IC50,nM,4.0,Br.CC[C@@H](Nc1ncnc2[nH]c(-c3ccc(O)cc3)cc12)c1ccccc1,8.397940008672037,<rdkit.Chem.rdchem.Mol object at 0x000001D6E1D71B30>,False,False
CHEMBL1914666,IC50,nM,1008.0,IC50,nM,1008.0,Br.CC(Nc1ncnc2[nH]c(-c3ccc(O)cc3)cc12)c1cccc2ccccc12,5.996539467890494,<rdkit.Chem.rdchem.Mol object at 0x000001D6E1D71AC0>,False,False
CHEMBL1914667,IC50,nM,4.7,IC50,nM,4.7,COc1ccc(-c2cc3c(N[C@H](C)c4ccccc4)ncnc3[nH]2)cc1,8.327902142064282,<rdkit.Chem.rdchem.Mol object at 0x000001D6E1D71A50>,False,False
CHEMBL105053,IC50,nM,3.3,IC50,nM,3.3,C[C@@H](Nc1[nH]cnc2nc(-c3ccccc3)cc1-2)c1ccccc1,8.481486060122112,<rdkit.Chem.rdchem.Mol object at 0x000001D6E1D719E0>,False,False
CHEMBL1914668,IC50,nM,6.6,IC50,nM,6.6,C[C@@H](Nc1ncnc2[nH]c(-c3ccc(F)cc3)cc12)c1ccccc1,8.18045606445813,<rdkit.Chem.rdchem.Mol object at 0x000001D6E1D71970>,False,False
CHEMBL1914669,IC50,nM,63.0,IC50,nM,63.0,C[C@@H](Nc1ncnc2[nH]c(-c3ccc(Br)cc3)cc12)c1ccccc1,7.200659450546418,<rdkit.Chem.rdchem.Mol object at 0x000001D6E1D71900>,False,False
CHEMBL1914670,IC50,nM,12.0,IC50,nM,12.0,C[C@@H](Nc1ncnc2[nH]c(-c3ccc(C#N)cc3)cc12)c1ccccc1,7.920818753952375,<rdkit.Chem.rdchem.Mol object at 0x000001D6E1D712E0>,False,False
CHEMBL1914671,IC50,nM,33.0,IC50,nM,33.0,C[C@@H](Nc1ncnc2[nH]c(-c3ccccc3)cc12)c1ccc(F)cc1,7.481486060122112,<rdkit.Chem.rdchem.Mol object at 0x000001D6E1D71270>,False,False
CHEMBL1914672,IC50,nM,27.0,IC50,nM,27.0,C[C@@H](Nc1ncnc2[nH]c(-c3ccc(F)cc3)cc12)c1ccc(F)cc1,7.568636235841013,<rdkit.Chem.rdchem.Mol object at 0x000001D6E1D71200>,False,False
CHEMBL1914673,IC50,nM,29.0,IC50,nM,29.0,C[C@@H](Nc1ncnc2[nH]c(-c3ccc(Br)cc3)cc12)c1ccc(F)cc1,7.5376020021010435,<rdkit.Chem.rdchem.Mol object at 0x000001D6E1D71120>,False,False
CHEMBL1914674,IC50,nM,14.0,IC50,nM,14.0,C[C@@H](Nc1ncnc2[nH]c(-c3ccc(C#N)cc3)cc12)c1ccc(F)cc1,7.853871964321762,<rdkit.Chem.rdchem.Mol object at 0x000001D6E1D710B0>,False,False
CHEMBL587723,IC50,nM,2.0,IC50,nM,2.0,CCN1CCN(Cc2ccc(-c3cc4c(N[C@H](C)c5ccccc5)ncnc4[nH]3)cc2)CC1,8.698970004336019,<rdkit.Chem.rdchem.Mol object at 0x000001D6E1D71040>,False,False
CHEMBL1928309,IC50,nM,300.0,IC50,uM,0.3,O=C(c1cc2ccccc2[nH]1)c1cc2c(Nc3cccc(Cl)c3)ncnc2s1,6.522878745280337,<rdkit.Chem.rdchem.Mol object at 0x000001D6E1D713C0>,False,False
CHEMBL1928311,IC50,nM,100.0,IC50,uM,0.1,O=C(c1cc2cc(O)ccc2[nH]1)c1cc2c(Nc3ccc(F)c(Cl)c3)ncnc2s1,7.0,<rdkit.Chem.rdchem.Mol object at 0x000001D6E1D71350>,False,False
CHEMBL1929312,IC50,nM,34250.0,IC50,uM,34.25,Cc1ccc(-c2nnc(SCc3ccccc3)o2)c(O)c1,4.465339424171556,<rdkit.Chem.rdchem.Mol object at 0x000001D6E1D70040>,False,False
CHEMBL1929308,IC50,nM,7440.0,IC50,uM,7.44,CC(C)(C)c1ccc(-c2nnc(SCc3ccccc3)o2)cc1,5.128427064454121,<rdkit.Chem.rdchem.Mol object at 0x000001D6E1D700B0>,False,False
CHEMBL1929307,IC50,nM,12320.0,IC50,uM,12.32,COc1ccccc1-c1nnc(SCc2ccccc2)o1,4.909389292171594,<rdkit.Chem.rdchem.Mol object at 0x000001D6E1D70120>,False,False
CHEMBL1929306,IC50,nM,38430.0,IC50,uM,38.43,CCOc1ccccc1-c1nnc(SCc2ccccc2)o1,4.415329615535652,<rdkit.Chem.rdchem.Mol object at 0x000001D6E1D70190>,False,False
CHEMBL1440725,IC50,nM,5720.0,IC50,uM,5.72,Cc1ccccc1-c1nnc(SCc2ccccc2)o1,5.242603971206976,<rdkit.Chem.rdchem.Mol object at 0x000001D6E1D702E0>,False,False
CHEMBL1929303,IC50,nM,5110.0,IC50,uM,5.11,Fc1ccccc1-c1nnc(SCc2ccccc2)o1,5.291579099865287,<rdkit.Chem.rdchem.Mol object at 0x000001D6E1D70350>,False,False
CHEMBL1929302,IC50,nM,16630.0,IC50,uM,16.63,c1ccc(CSc2nnc(-c3ccccc3)o2)cc1,4.779107750780481,<rdkit.Chem.rdchem.Mol object at 0x000001D6E1D703C0>,False,False
CHEMBL1929314,IC50,nM,26060.0,IC50,uM,26.06,COc1cc(OC)cc(-c2nnc(SCc3ccccc3)o2)c1,4.584025588623434,<rdkit.Chem.rdchem.Mol object at 0x000001D6E1D70430>,False,False
CHEMBL103667,IC50,nM,3800.0,IC50,uM,3.8,Cc1ccc(-n2nc(C(C)(C)C)cc2NC(=O)Nc2ccc(OCCN3CCOCC3)c3ccccc23)cc1,5.42021640338319,<rdkit.Chem.rdchem.Mol object at 0x000001D6E1D704A0>,False,False
CHEMBL1928946,IC50,nM,108.0,IC50,nM,108.0,CC(=O)Nc1cccc(Oc2cc(Nc3ccc(OCc4cccc(F)c4)c(Cl)c3)ncn2)c1,6.966576244513051,<rdkit.Chem.rdchem.Mol object at 0x000001D6E1D705F0>,False,False
CHEMBL1928949,IC50,nM,370.0,IC50,nM,370.0,CCOC(=O)CNc1cccc(Oc2cc(Nc3ccc(OCc4cccc(F)c4)c(Cl)c3)ncn2)c1,6.431798275933005,<rdkit.Chem.rdchem.Mol object at 0x000001D6E1D70740>,False,False
CHEMBL1928950,IC50,nM,48.0,IC50,nM,48.0,N#CCC(=O)Nc1cccc(Oc2cc(Nc3ccc(OCc4cccc(F)c4)c(Cl)c3)ncn2)c1,7.318758762624412,<rdkit.Chem.rdchem.Mol object at 0x000001D6E1D707B0>,False,False
CHEMBL1928952,IC50,nM,61.0,IC50,nM,61.0,Nc1cc(Nc2cccc(Oc3cc(Nc4ccc(OCc5cccc(F)c5)c(Cl)c4)ncn3)c2)ncn1,7.214670164989233,<rdkit.Chem.rdchem.Mol object at 0x000001D6E1D70820>,False,False
CHEMBL1928955,IC50,nM,65.0,IC50,nM,65.0,O=C(COc1ccccc1)Nc1cccc(Oc2cc(Nc3ccc(OCc4cccc(F)c4)c(Cl)c3)ncn2)c1,7.187086643357144,<rdkit.Chem.rdchem.Mol object at 0x000001D6E1D70900>,False,False
CHEMBL1929554,IC50,nM,112100.0,IC50,uM,112.1,Nc1nc(Nc2ccc(Cl)cc2F)c2cc(Cc3cccc4ccccc34)[nH]c2n1,3.950394387405027,<rdkit.Chem.rdchem.Mol object at 0x000001D6E1D70B30>,False,False
CHEMBL1929555,IC50,nM,12620.0,IC50,uM,12.62,Nc1nc(Nc2ccc(Cl)cc2)c2cc(Cc3cccc4ccccc34)[nH]c2n1,4.898940645091884,<rdkit.Chem.rdchem.Mol object at 0x000001D6E1D70BA0>,False,False
CHEMBL1929556,IC50,nM,112700.0,IC50,uM,112.7,COc1ccc(OC)c(Cc2cc3c(Nc4ccc(Cl)cc4F)nc(N)nc3[nH]2)c1,3.9480760839538935,<rdkit.Chem.rdchem.Mol object at 0x000001D6E1D70C10>,False,False
CHEMBL1928708,IC50,nM,870.0,IC50,uM,0.87,Oc1ccc(CNc2ccc3ncnc(Nc4cccc(Br)c4)c3c2)cc1,6.060480747381382,<rdkit.Chem.rdchem.Mol object at 0x000001D6E1D70CF0>,False,False
CHEMBL1928709,IC50,nM,11220.0,IC50,uM,11.22,COc1ccccc1CNc1ccc2ncnc(Nc3cccc(Br)c3)c2c1,4.950007143079858,<rdkit.Chem.rdchem.Mol object at 0x000001D6E1D70D60>,False,False
CHEMBL1928711,IC50,nM,1640.0,IC50,uM,1.64,Clc1ccc(CNc2ccc3ncnc(Nc4cccc(Br)c4)c3c2)cc1,5.785156151952302,<rdkit.Chem.rdchem.Mol object at 0x000001D6E1D70DD0>,False,False
CHEMBL1928712,IC50,nM,3130.0,IC50,uM,3.13,Brc1ccc(CNc2ccc3ncnc(Nc4cccc(Br)c4)c3c2)cc1,5.504455662453552,<rdkit.Chem.rdchem.Mol object at 0x000001D6E1D70E40>,False,False
CHEMBL1928886,IC50,nM,1870.0,IC50,uM,1.87,Oc1ccc(CNc2ccc3ncnc(Nc4cccc(Cl)c4)c3c2)cc1,5.728158393463501,<rdkit.Chem.rdchem.Mol object at 0x000001D6E1D70F20>,False,False
CHEMBL1928887,IC50,nM,13880.0,IC50,uM,13.88,COc1ccccc1CNc1ccc2ncnc(Nc3cccc(Cl)c3)c2c1,4.857610533881164,<rdkit.Chem.rdchem.Mol object at 0x000001D6E1D70F90>,False,False
CHEMBL1928889,IC50,nM,4410.0,IC50,uM,4.41,Clc1ccc(CNc2ccc3ncnc(Nc4cccc(Cl)c4)c3c2)cc1,5.355561410532162,<rdkit.Chem.rdchem.Mol object at 0x000001D6E1D7A040>,False,False
CHEMBL1928890,IC50,nM,5670.0,IC50,uM,5.67,Clc1cccc(Nc2ncnc3ccc(NCc4ccc(Br)cc4)cc23)c1,5.246416941107094,<rdkit.Chem.rdchem.Mol object at 0x000001D6E1D7A0B0>,False,False
CHEMBL1928291,IC50,nM,5.54,IC50,nM,5.54,O=C(c1cc2ccccc2[nH]1)c1cc2c(Nc3ccc(F)c(Cl)c3)ncnc2s1,8.25649023527157,<rdkit.Chem.rdchem.Mol object at 0x000001D6E1D7A120>,False,False
CHEMBL1928301,IC50,nM,18.5,IC50,nM,18.5,O=C(c1cc2ccccc2[nH]1)c1cc2c(Nc3ccc(OCc4cccc(F)c4)cc3Cl)ncnc2s1,7.732828271596986,<rdkit.Chem.rdchem.Mol object at 0x000001D6E1D7A200>,False,False
CHEMBL1928310,IC50,nM,43.7,IC50,nM,43.7,O=C(c1cc2ccccc2[nH]1)c1cc2c(Nc3ccc(F)cc3)ncnc2s1,7.359518563029578,<rdkit.Chem.rdchem.Mol object at 0x000001D6E1D7A270>,False,False
CHEMBL1928312,IC50,nM,5.93,IC50,nM,5.93,COc1ccc2[nH]c(C(=O)c3cc4c(Nc5ccc(F)c(Cl)c5)ncnc4s3)cc2c1,8.226945306635738,<rdkit.Chem.rdchem.Mol object at 0x000001D6E1D7A2E0>,False,False
CHEMBL1928315,IC50,nM,10.8,IC50,nM,10.8,O=C(c1cc2ccccc2s1)c1cc2c(Nc3ccc(F)c(Cl)c3)ncnc2s1,7.966576244513051,<rdkit.Chem.rdchem.Mol object at 0x000001D6E1D7A350>,False,False
CHEMBL1934632,IC50,nM,24.0,IC50,uM,0.024,Cc1ncnc(Nc2ccc(OCc3cccc(F)c3)c(Cl)c2)c1/C=C/c1ccc(CNC(C)C)cc1,7.619788758288394,<rdkit.Chem.rdchem.Mol object at 0x000001D6E1D7A900>,False,False
CHEMBL1934633,IC50,nM,98.0,IC50,uM,0.098,Cc1ncnc(Nc2ccc(OCc3cccc(F)c3)c(Cl)c2)c1/C=C/c1ccc(CNC2CC2)cc1,7.008773924307505,<rdkit.Chem.rdchem.Mol object at 0x000001D6E1D7A970>,False,False
CHEMBL1947122,IC50,nM,9021.0,IC50,nM,9021.0,COc1cc2ncc(C(=O)O)c(Nc3cccc(Cl)c3)c2cc1OC,5.04474531717982,<rdkit.Chem.rdchem.Mol object at 0x000001D6E1D7AA50>,False,False
CHEMBL541988,IC50,nM,8719.0,IC50,nM,8719.0,COc1cc2ncc(C(=O)O)c(Nc3cccc(Br)c3)c2cc1OC,5.059533322336471,<rdkit.Chem.rdchem.Mol object at 0x000001D6E1D7AAC0>,False,False
CHEMBL1947123,IC50,nM,9284.0,IC50,nM,9284.0,COc1cc2ncc(C(=O)O)c(Nc3ccc(F)c(Cl)c3)c2cc1OC,5.03226486821612,<rdkit.Chem.rdchem.Mol object at 0x000001D6E1D7AB30>,False,False
CHEMBL1947125,IC50,nM,65.0,IC50,nM,65.0,CC1(C)CC(C(=O)Nc2ccc3ncnc(Nc4cccc(Cl)c4)c3c2)CC(C)(C)N1[O],7.187086643357144,<rdkit.Chem.rdchem.Mol object at 0x000001D6E1D7ABA0>,False,False
CHEMBL1946926,IC50,nM,31.0,IC50,nM,31.0,CC1(C)CC(C(=O)Nc2ccc3ncnc(Nc4cccc(Br)c4)c3c2)CC(C)(C)N1[O],7.508638306165727,<rdkit.Chem.rdchem.Mol object at 0x000001D6E1D7AC10>,False,False
CHEMBL1947124,IC50,nM,15.0,IC50,nM,15.0,CC1(C)CC(C(=O)Nc2ccc3ncnc(Nc4ccc(F)c(Cl)c4)c3c2)CC(C)(C)N1[O],7.823908740944319,<rdkit.Chem.rdchem.Mol object at 0x000001D6E1D7AC80>,False,False
CHEMBL1947126,IC50,nM,623.0,IC50,nM,623.0,COc1cc2ncc(C(=O)NC3CC(C)(C)N([O])C(C)(C)C3)c(Nc3cccc(Cl)c3)c2cc1OC,6.205511953340831,<rdkit.Chem.rdchem.Mol object at 0x000001D6E1D7ACF0>,False,False
CHEMBL1947127,IC50,nM,342.0,IC50,nM,342.0,COc1cc2ncc(C(=O)NC3CC(C)(C)N([O])C(C)(C)C3)c(Nc3cccc(Br)c3)c2cc1OC,6.465973893943865,<rdkit.Chem.rdchem.Mol object at 0x000001D6E1D7AD60>,False,False
CHEMBL1947121,IC50,nM,422.0,IC50,nM,422.0,COc1cc2ncc(C(=O)NC3CC(C)(C)N([O])C(C)(C)C3)c(Nc3ccc(F)c(Cl)c3)c2cc1OC,6.374687549038326,<rdkit.Chem.rdchem.Mol object at 0x000001D6E1D7ADD0>,False,False
CHEMBL1916951,IC50,nM,24830.0,IC50,uM,24.83,Cc1ccc(S(=O)(=O)NC(=O)c2cccnc2)cc1,4.605023280445436,<rdkit.Chem.rdchem.Mol object at 0x000001D6E1D7AE40>,False,False
CHEMBL1916949,IC50,nM,25360.0,IC50,uM,25.36,O=C(NS(=O)(=O)c1ccc(Cl)cc1)c1cccnc1,4.595850750790305,<rdkit.Chem.rdchem.Mol object at 0x000001D6E1D7AEB0>,False,False
CHEMBL1945444,IC50,nM,20190.0,IC50,uM,20.19,O=C(NS(=O)(=O)c1ccccc1)c1cncc(Br)c1,4.69486368105636,<rdkit.Chem.rdchem.Mol object at 0x000001D6E1D7AF20>,False,False
CHEMBL1945445,IC50,nM,12110.0,IC50,uM,12.11,Cc1ccc(S(=O)(=O)NC(=O)c2cncc(Br)c2)cc1,4.916855856856948,<rdkit.Chem.rdchem.Mol object at 0x000001D6E1D7AF90>,False,False
CHEMBL1945446,IC50,nM,3270.0,IC50,uM,3.27,O=C(NS(=O)(=O)c1ccc(F)cc1)c1cncc(Br)c1,5.485452247339714,<rdkit.Chem.rdchem.Mol object at 0x000001D6E1D784A0>,False,False
CHEMBL1945447,IC50,nM,2080.0,IC50,uM,2.08,O=C(NS(=O)(=O)c1ccc(Br)cc1)c1cncc(Br)c1,5.681936665037238,<rdkit.Chem.rdchem.Mol object at 0x000001D6E1D78740>,False,False
CHEMBL1945448,IC50,nM,90.0,IC50,uM,0.09,O=C(NS(=O)(=O)c1ccc(Cl)cc1)c1cncc(Br)c1,7.045757490560675,<rdkit.Chem.rdchem.Mol object at 0x000001D6E1D78970>,False,False
CHEMBL1947045,IC50,nM,7700.0,IC50,uM,7.7,COc1cccc(Nc2ccnc(Nc3cccc(OC)c3)n2)c1,5.113509274827518,<rdkit.Chem.rdchem.Mol object at 0x000001D6E1D78660>,False,False
CHEMBL1947046,IC50,nM,90400.0,IC50,uM,90.4,COc1ccccc1Nc1ccnc(Nc2ccccc2OC)n1,4.043831569524636,<rdkit.Chem.rdchem.Mol object at 0x000001D6E1D787B0>,False,False
CHEMBL1944923,IC50,nM,35800.0,IC50,uM,35.8,CC(=O)Nc1ccc(S(=O)(=O)Nc2nc3ccccc3nc2Nc2ccc(C(=O)O)cc2)cc1,4.446116973356125,<rdkit.Chem.rdchem.Mol object at 0x000001D6E1D78890>,False,False
CHEMBL1944641,IC50,nM,81600.0,IC50,uM,81.6,Cc1ccc(-n2c(SCC(=O)Nc3ccccc3Cl)nc3sc(C)c(C)c3c2=O)cc1,4.088309841246139,<rdkit.Chem.rdchem.Mol object at 0x000001D6E1D78C80>,False,False
CHEMBL1946844,IC50,nM,13000.0,IC50,uM,13.0,O=C(CSc1nc(O)nc(-c2ccc(Cl)cc2)n1)Nc1ccc(Cl)cc1,4.886056647693163,<rdkit.Chem.rdchem.Mol object at 0x000001D6E1D78DD0>,False,False
CHEMBL1946846,IC50,nM,1500.0,IC50,uM,1.5,COc1nc(NCCN2CCOCC2)nc(Nc2ccc(Cl)cc2)n1,5.823908740944319,<rdkit.Chem.rdchem.Mol object at 0x000001D6E1D78F20>,False,False
CHEMBL1348499,IC50,nM,20900.0,IC50,uM,20.9,COc1ccc(Nc2nc(Cl)nc(NCc3ccco3)n2)cc1,4.679853713888946,<rdkit.Chem.rdchem.Mol object at 0x000001D6E1D78040>,False,False
CHEMBL1944924,IC50,nM,24700.0,IC50,uM,24.7,Cc1c(Cc2ccccc2)sc(NCC(=O)COc2ccc3ccccc3c2)c1C(N)=O,4.607303046740334,<rdkit.Chem.rdchem.Mol object at 0x000001D6E1D78510>,False,False
CHEMBL1944926,IC50,nM,56800.0,IC50,uM,56.8,O=C(Nc1cccc(Br)c1)c1c(O)c2ccccc2[nH]c1=O,4.245651664288981,<rdkit.Chem.rdchem.Mol object at 0x000001D6E1D786D0>,False,False
CHEMBL1950289,IC50,nM,380.0,IC50,uM,0.38,O[C@H]1CC[C@H](Nc2ncc3nc(Nc4c(F)cc(F)cc4F)n([C@H]4CCOC4)c3n2)CC1,6.42021640338319,<rdkit.Chem.rdchem.Mol object at 0x000001D6E1D78EB0>,False,False
CHEMBL1951415,IC50,nM,150.0,IC50,nM,150.0,Nc1nccc(-c2c(-c3ccc(F)cc3)ncn2C2CCCCC2)n1,6.823908740944319,<rdkit.Chem.rdchem.Mol object at 0x000001D6E1D78F90>,False,False
CHEMBL1952210,IC50,nM,310.0,IC50,nM,310.0,COc1ccc(N2Cc3cnc(Nc4ccccc4)nc3N([C@@H]3CC[C@@H](O)C3)C2=O)cc1,6.508638306165727,<rdkit.Chem.rdchem.Mol object at 0x000001D6E1D8E040>,False,False
CHEMBL1952211,IC50,nM,365.0,IC50,nM,365.0,COc1ccc(N2Cc3cnc(Nc4ccccc4)nc3N([C@H]3CC[C@H](O)C3)C2=O)cc1,6.437707135543525,<rdkit.Chem.rdchem.Mol object at 0x000001D6E1D8E0B0>,False,False
CHEMBL1958019,IC50,nM,3380.0,IC50,uM,3.38,O=C1CSC(N2N=C(c3ccccc3)CC2c2ccccc2)=N1,5.471083299722345,<rdkit.Chem.rdchem.Mol object at 0x000001D6E1D8E120>,False,False
CHEMBL1958020,IC50,nM,4860.0,IC50,uM,4.86,O=C1CSC(N2N=C(c3ccccc3)CC2c2ccc(F)cc2)=N1,5.313363730737707,<rdkit.Chem.rdchem.Mol object at 0x000001D6E1D8E190>,False,False
CHEMBL1958021,IC50,nM,3490.0,IC50,uM,3.49,O=C1CSC(N2N=C(c3ccccc3)CC2c2ccc(Cl)cc2)=N1,5.45717457304082,<rdkit.Chem.rdchem.Mol object at 0x000001D6E1D8E200>,False,False
CHEMBL1958022,IC50,nM,1350.0,IC50,uM,1.35,O=C1CSC(N2N=C(c3ccccc3)CC2c2ccc(Br)cc2)=N1,5.8696662315049934,<rdkit.Chem.rdchem.Mol object at 0x000001D6E1D8E270>,False,False
CHEMBL1958023,IC50,nM,3030.0,IC50,uM,3.03,Cc1ccc(C2CC(c3ccccc3)=NN2C2=NC(=O)CS2)cc1,5.518557371497695,<rdkit.Chem.rdchem.Mol object at 0x000001D6E1D8E2E0>,False,False
CHEMBL1958024,IC50,nM,4270.0,IC50,uM,4.27,COc1ccc(C2CC(c3ccccc3)=NN2C2=NC(=O)CS2)cc1,5.369572124974976,<rdkit.Chem.rdchem.Mol object at 0x000001D6E1D8E350>,False,False
CHEMBL1958025,IC50,nM,8140.0,IC50,uM,8.14,O=C1CSC(N2N=C(c3ccc(F)cc3)CC2c2ccccc2)=N1,5.089375595110798,<rdkit.Chem.rdchem.Mol object at 0x000001D6E1D8E3C0>,False,False
CHEMBL1958026,IC50,nM,16920.0,IC50,uM,16.92,O=C1CSC(N2N=C(c3ccc(F)cc3)CC2c2ccc(F)cc2)=N1,4.771599641296995,<rdkit.Chem.rdchem.Mol object at 0x000001D6E1D8E430>,False,False
CHEMBL1958027,IC50,nM,10920.0,IC50,uM,10.92,O=C1CSC(N2N=C(c3ccc(F)cc3)CC2c2ccc(Cl)cc2)=N1,4.961777361631282,<rdkit.Chem.rdchem.Mol object at 0x000001D6E1D8E4A0>,False,False
CHEMBL1958028,IC50,nM,4790.0,IC50,uM,4.79,O=C1CSC(N2N=C(c3ccc(F)cc3)CC2c2ccc(Br)cc2)=N1,5.319664486585437,<rdkit.Chem.rdchem.Mol object at 0x000001D6E1D8E510>,False,False
CHEMBL1958029,IC50,nM,8360.0,IC50,uM,8.36,Cc1ccc(C2CC(c3ccc(F)cc3)=NN2C2=NC(=O)CS2)cc1,5.077793722560983,<rdkit.Chem.rdchem.Mol object at 0x000001D6E1D8E580>,False,False
CHEMBL1958030,IC50,nM,10690.0,IC50,uM,10.69,COc1ccc(C2CC(c3ccc(F)cc3)=NN2C2=NC(=O)CS2)cc1,4.971022294791222,<rdkit.Chem.rdchem.Mol object at 0x000001D6E1D8E5F0>,False,False
CHEMBL1958031,IC50,nM,5340.0,IC50,uM,5.34,O=C1CSC(N2N=C(c3ccc(Cl)cc3)CC2c2ccccc2)=N1,5.272458742971444,<rdkit.Chem.rdchem.Mol object at 0x000001D6E1D8E660>,False,False
CHEMBL1958032,IC50,nM,14210.0,IC50,uM,14.21,O=C1CSC(N2N=C(c3ccc(Cl)cc3)CC2c2ccc(F)cc2)=N1,4.8474059220725305,<rdkit.Chem.rdchem.Mol object at 0x000001D6E1D8E6D0>,False,False
CHEMBL1958033,IC50,nM,8160.0,IC50,uM,8.16,O=C1CSC(N2N=C(c3ccc(Cl)cc3)CC2c2ccc(Cl)cc2)=N1,5.088309841246139,<rdkit.Chem.rdchem.Mol object at 0x000001D6E1D8E740>,False,False
CHEMBL1958034,IC50,nM,2280.0,IC50,uM,2.28,O=C1CSC(N2N=C(c3ccc(Cl)cc3)CC2c2ccc(Br)cc2)=N1,5.642065152999546,<rdkit.Chem.rdchem.Mol object at 0x000001D6E1D8E7B0>,False,False
CHEMBL1958035,IC50,nM,6670.0,IC50,uM,6.67,Cc1ccc(C2CC(c3ccc(Cl)cc3)=NN2C2=NC(=O)CS2)cc1,5.175874166083451,<rdkit.Chem.rdchem.Mol object at 0x000001D6E1D8E820>,False,False
CHEMBL1958036,IC50,nM,8580.0,IC50,uM,8.58,COc1ccc(C2CC(c3ccc(Cl)cc3)=NN2C2=NC(=O)CS2)cc1,5.066512712151295,<rdkit.Chem.rdchem.Mol object at 0x000001D6E1D8E890>,False,False
CHEMBL1958037,IC50,nM,3200.0,IC50,uM,3.2,O=C1CSC(N2N=C(c3ccc(Br)cc3)CC2c2ccccc2)=N1,5.494850021680094,<rdkit.Chem.rdchem.Mol object at 0x000001D6E1D8E900>,False,False
CHEMBL1958038,IC50,nM,6480.0,IC50,uM,6.48,O=C1CSC(N2N=C(c3ccc(Br)cc3)CC2c2ccc(F)cc2)=N1,5.188424994129407,<rdkit.Chem.rdchem.Mol object at 0x000001D6E1D8E970>,False,False
CHEMBL1958039,IC50,nM,4120.0,IC50,uM,4.12,O=C1CSC(N2N=C(c3ccc(Br)cc3)CC2c2ccc(Cl)cc2)=N1,5.3851027839668655,<rdkit.Chem.rdchem.Mol object at 0x000001D6E1D8E9E0>,False,False
CHEMBL1958209,IC50,nM,2030.0,IC50,uM,2.03,O=C1CSC(N2N=C(c3ccc(Br)cc3)CC2c2ccc(Br)cc2)=N1,5.692503962086787,<rdkit.Chem.rdchem.Mol object at 0x000001D6E1D8EA50>,False,False
CHEMBL1958210,IC50,nM,5580.0,IC50,uM,5.58,Cc1ccc(C2CC(c3ccc(Br)cc3)=NN2C2=NC(=O)CS2)cc1,5.253365801062421,<rdkit.Chem.rdchem.Mol object at 0x000001D6E1D8EAC0>,False,False
CHEMBL1958211,IC50,nM,7960.0,IC50,uM,7.96,COc1ccc(C2CC(c3ccc(Br)cc3)=NN2C2=NC(=O)CS2)cc1,5.099086932262331,<rdkit.Chem.rdchem.Mol object at 0x000001D6E1D8EB30>,False,False
CHEMBL1958212,IC50,nM,1080.0,IC50,uM,1.08,Cc1ccc(C2=NN(C3=NC(=O)CS3)C(c3ccccc3)C2)cc1,5.966576244513051,<rdkit.Chem.rdchem.Mol object at 0x000001D6E1D8EBA0>,False,False
CHEMBL1958213,IC50,nM,2010.0,IC50,uM,2.01,Cc1ccc(C2=NN(C3=NC(=O)CS3)C(c3ccc(F)cc3)C2)cc1,5.696803942579511,<rdkit.Chem.rdchem.Mol object at 0x000001D6E1D8EC10>,False,False
CHEMBL1958214,IC50,nM,1660.0,IC50,uM,1.66,Cc1ccc(C2=NN(C3=NC(=O)CS3)C(c3ccc(Cl)cc3)C2)cc1,5.779891911959945,<rdkit.Chem.rdchem.Mol object at 0x000001D6E1D8EC80>,False,False
CHEMBL1958215,IC50,nM,240.0,IC50,uM,0.24,Cc1ccc(C2=NN(C3=NC(=O)CS3)C(c3ccc(Br)cc3)C2)cc1,6.619788758288394,<rdkit.Chem.rdchem.Mol object at 0x000001D6E1D8ECF0>,False,False
CHEMBL1958216,IC50,nM,1160.0,IC50,uM,1.16,Cc1ccc(C2=NN(C3=NC(=O)CS3)C(c3ccc(C)cc3)C2)cc1,5.935542010773082,<rdkit.Chem.rdchem.Mol object at 0x000001D6E1D8ED60>,False,False
CHEMBL1958217,IC50,nM,4240.0,IC50,uM,4.24,COc1ccc(C2CC(c3ccc(C)cc3)=NN2C2=NC(=O)CS2)cc1,5.372634143407267,<rdkit.Chem.rdchem.Mol object at 0x000001D6E1D8EDD0>,False,False
CHEMBL1958218,IC50,nM,2370.0,IC50,uM,2.37,COc1ccc(C2=NN(C3=NC(=O)CS3)C(c3ccccc3)C2)cc1,5.6252516539898965,<rdkit.Chem.rdchem.Mol object at 0x000001D6E1D8EE40>,False,False
CHEMBL1958219,IC50,nM,5950.0,IC50,uM,5.95,COc1ccc(C2=NN(C3=NC(=O)CS3)C(c3ccc(F)cc3)C2)cc1,5.22548303427145,<rdkit.Chem.rdchem.Mol object at 0x000001D6E1D8EEB0>,False,False
CHEMBL1958220,IC50,nM,5350.0,IC50,uM,5.35,COc1ccc(C2=NN(C3=NC(=O)CS3)C(c3ccc(Cl)cc3)C2)cc1,5.271646217978772,<rdkit.Chem.rdchem.Mol object at 0x000001D6E1D8EF20>,False,False
CHEMBL1958221,IC50,nM,1260.0,IC50,uM,1.26,COc1ccc(C2=NN(C3=NC(=O)CS3)C(c3ccc(Br)cc3)C2)cc1,5.8996294548824375,<rdkit.Chem.rdchem.Mol object at 0x000001D6E1D8EF90>,False,False
CHEMBL1958222,IC50,nM,5460.0,IC50,uM,5.46,COc1ccc(C2=NN(C3=NC(=O)CS3)C(c3ccc(C)cc3)C2)cc1,5.262807357295263,<rdkit.Chem.rdchem.Mol object at 0x000001D6E1D7B580>,False,False
CHEMBL1958223,IC50,nM,8890.0,IC50,uM,8.89,COc1ccc(C2=NN(C3=NC(=O)CS3)C(c3ccc(OC)cc3)C2)cc1,5.051098239029786,<rdkit.Chem.rdchem.Mol object at 0x000001D6E1D7B5F0>,False,False
CHEMBL1956886,IC50,nM,19770.0,IC50,uM,19.77,Nc1nc(Nc2cccc(Br)c2)c2cc(Cc3ccc(Cl)c(Cl)c3)[nH]c2n1,4.703993330686328,<rdkit.Chem.rdchem.Mol object at 0x000001D6E1D7B740>,False,False
CHEMBL1956885,IC50,nM,17420.0,IC50,uM,17.42,Nc1nc(Nc2cccc(Br)c2)c2cc(Cc3ccc(Cl)cc3)[nH]c2n1,4.758951849328356,<rdkit.Chem.rdchem.Mol object at 0x000001D6E1D7B900>,False,False
CHEMBL1956887,IC50,nM,6160.0,IC50,uM,6.16,Nc1nc(Nc2cccc(Br)c2)c2cc(Cc3ccc(-c4ccccc4)cc3)[nH]c2n1,5.210419287835575,<rdkit.Chem.rdchem.Mol object at 0x000001D6E1D7BEB0>,False,False
CHEMBL1956888,IC50,nM,166400.0,IC50,uM,166.4,Nc1nc(Nc2cccc(Br)c2)c2ccn(Cc3ccccc3)c2n1,3.778846678045295,<rdkit.Chem.rdchem.Mol object at 0x000001D6E1D7BF20>,False,False
CHEMBL1956889,IC50,nM,113300.0,IC50,uM,113.3,Cc1ccccc1Cn1ccc2c(Nc3cccc(Br)c3)nc(N)nc21,3.945770090136602,<rdkit.Chem.rdchem.Mol object at 0x000001D6E1D7BF90>,False,False
CHEMBL1956891,IC50,nM,99900.0,IC50,uM,99.9,Nc1nc(Nc2cccc(Br)c2)c2ccn(Cc3ccc(Cl)cc3)c2n1,4.000434511774018,<rdkit.Chem.rdchem.Mol object at 0x000001D6E1D7B0B0>,False,False
CHEMBL1956892,IC50,nM,69200.0,IC50,uM,69.2,COc1ccc(OC)c(Cn2ccc3c(Nc4cccc(Br)c4)nc(N)nc32)c1,4.1598939055432425,<rdkit.Chem.rdchem.Mol object at 0x000001D6E1D7B200>,False,False
CHEMBL2011291,IC50,nM,113.0,IC50,uM,0.113,Nc1c(-c2ccc(F)cc2)c(-c2ccncc2)nn1-c1c(Cl)cc(Cl)cc1Cl,6.94692155651658,<rdkit.Chem.rdchem.Mol object at 0x000001D6E1D7B510>,False,False
CHEMBL2018748,IC50,nM,7050.0,IC50,uM,7.05,CCCOC(=O)Nc1ccc(Nc2ncnc3cc(OC)c(OC)cc23)cc1,5.151810883008602,<rdkit.Chem.rdchem.Mol object at 0x000001D6E1D7B820>,False,False
CHEMBL2018750,IC50,nM,4800.0,IC50,uM,4.8,COc1cc2ncnc(Nc3ccc(NC(=O)OC(C)C)cc3)c2cc1OC,5.318758762624412,<rdkit.Chem.rdchem.Mol object at 0x000001D6E1D7BAC0>,False,False
CHEMBL2018751,IC50,nM,6150.0,IC50,uM,6.15,COC(=O)Nc1ccc(Nc2ncnc3cc(OC)c(OC)cc23)cc1Cl,5.211124884224583,<rdkit.Chem.rdchem.Mol object at 0x000001D6E1D7BC80>,False,False
CHEMBL2018752,IC50,nM,1000.0,IC50,uM,1.0,CCOC(=O)Nc1ccc(Nc2ncnc3cc(OC)c(OC)cc23)cc1Cl,6.0,<rdkit.Chem.rdchem.Mol object at 0x000001D6E1D7BCF0>,False,False
CHEMBL2018753,IC50,nM,1000.0,IC50,uM,1.0,CCCOC(=O)Nc1ccc(Nc2ncnc3cc(OC)c(OC)cc23)cc1Cl,6.0,<rdkit.Chem.rdchem.Mol object at 0x000001D6E1D7B190>,False,False
CHEMBL2018755,IC50,nM,4000.0,IC50,uM,4.0,COC(=O)Nc1ccc(Nc2ncnc3cc(OC)c(OC)cc23)cc1C,5.3979400086720375,<rdkit.Chem.rdchem.Mol object at 0x000001D6E1D7B7B0>,False,False
CHEMBL2018756,IC50,nM,900.0,IC50,uM,0.9,CCOC(=O)Nc1ccc(Nc2ncnc3cc(OC)c(OC)cc23)cc1C,6.045757490560675,<rdkit.Chem.rdchem.Mol object at 0x000001D6E1D7B9E0>,False,False
CHEMBL2018757,IC50,nM,900.0,IC50,uM,0.9,CCCOC(=O)Nc1ccc(Nc2ncnc3cc(OC)c(OC)cc23)cc1C,6.045757490560675,<rdkit.Chem.rdchem.Mol object at 0x000001D6E1D7B040>,False,False
CHEMBL2018759,IC50,nM,5800.0,IC50,uM,5.8,COc1cc2ncnc(Nc3ccc(NC(=O)OC(C)C)c(C)c3)c2cc1OC,5.236572006437063,<rdkit.Chem.rdchem.Mol object at 0x000001D6E1D7B2E0>,False,False
CHEMBL2018760,IC50,nM,900.0,IC50,uM,0.9,CCOC(=O)Nc1cc(Nc2ncnc3cc(OC)c(OC)cc23)ccc1Cl,6.045757490560675,<rdkit.Chem.rdchem.Mol object at 0x000001D6E1D7B350>,False,False
CHEMBL2018761,IC50,nM,7200.0,IC50,uM,7.2,COC(=O)Nc1cc(Nc2ncnc3cc(OC)c(OC)cc23)ccc1C,5.142667503568732,<rdkit.Chem.rdchem.Mol object at 0x000001D6E1D7B3C0>,False,False
CHEMBL2018762,IC50,nM,5000.0,IC50,uM,5.0,CCOC(=O)Nc1cc(Nc2ncnc3cc(OC)c(OC)cc23)ccc1C,5.301029995663981,<rdkit.Chem.rdchem.Mol object at 0x000001D6E1D7B6D0>,False,False
CHEMBL2018765,IC50,nM,9900.0,IC50,uM,9.9,CCN(CC)CCOc1cc2ncnc(Nc3ccc(F)c(Cl)c3)c2cc1OC,5.00436480540245,<rdkit.Chem.rdchem.Mol object at 0x000001D6E1D7BA50>,False,False
CHEMBL2018767,IC50,nM,9450.0,IC50,uM,9.45,CCN(CC)CCOc1cc2ncnc(Nc3ccc(C)c(Br)c3)c2cc1OC,5.024568191490737,<rdkit.Chem.rdchem.Mol object at 0x000001D6E1D7BBA0>,False,False
CHEMBL2018773,IC50,nM,9100.0,IC50,uM,9.1,CCN(CC)CCOc1cc2c(Nc3ccc(Br)cc3F)ncnc2cc1OC,5.040958607678906,<rdkit.Chem.rdchem.Mol object at 0x000001D6E1D7BC10>,False,False
CHEMBL2031297,IC50,nM,0.28,IC50,nM,0.28,CN(C)CCC(=O)Nc1ccc2ncnc(Nc3cccc(Br)c3)c2c1,9.55284196865778,<rdkit.Chem.rdchem.Mol object at 0x000001D6E1D76740>,False,False
CHEMBL2031298,IC50,nM,0.27,IC50,nM,0.27,O=C(CCN1CCCCC1)Nc1ccc2ncnc(Nc3cccc(Br)c3)c2c1,9.568636235841012,<rdkit.Chem.rdchem.Mol object at 0x000001D6E1D766D0>,False,False
CHEMBL2031299,IC50,nM,0.51,IC50,nM,0.51,O=C(CCN1CCOCC1)Nc1ccc2ncnc(Nc3cccc(Br)c3)c2c1,9.292429823902063,<rdkit.Chem.rdchem.Mol object at 0x000001D6E1D76660>,False,False
CHEMBL2031300,IC50,nM,0.23,IC50,nM,0.23,CN1CCN(CCC(=O)Nc2ccc3ncnc(Nc4cccc(Br)c4)c3c2)CC1,9.638272163982409,<rdkit.Chem.rdchem.Mol object at 0x000001D6E1D765F0>,False,False
CHEMBL2031301,IC50,nM,17.4,IC50,nM,17.4,CN(C)CCC(=O)N(C)c1ccc2ncnc(Nc3cccc(Br)c3)c2c1,7.7594507517174,<rdkit.Chem.rdchem.Mol object at 0x000001D6E1D76580>,False,False
CHEMBL2031303,IC50,nM,0.27,IC50,nM,0.27,CCOc1cc2ncnc(Nc3ccc(F)c(Cl)c3)c2cc1NC(=O)CCN(C)C,9.568636235841012,<rdkit.Chem.rdchem.Mol object at 0x000001D6E1D764A0>,False,False
CHEMBL2031304,IC50,nM,0.51,IC50,nM,0.51,CCOc1cc2ncnc(Nc3ccc(F)c(Cl)c3)c2cc1NC(=O)CCN1CCCCC1,9.292429823902063,<rdkit.Chem.rdchem.Mol object at 0x000001D6E1D76430>,False,False
CHEMBL2031305,IC50,nM,0.29,IC50,nM,0.29,CCOc1cc2ncnc(Nc3ccc(F)c(Cl)c3)c2cc1NC(=O)CCN1CCOCC1,9.537602002101044,<rdkit.Chem.rdchem.Mol object at 0x000001D6E1D763C0>,False,False
CHEMBL2031307,IC50,nM,0.68,IC50,nM,0.68,CCOc1cc2ncc(C#N)c(Nc3ccc(F)c(Cl)c3)c2cc1NC(=O)CCN(C)C,9.167491087293763,<rdkit.Chem.rdchem.Mol object at 0x000001D6E1D762E0>,False,False
CHEMBL2031308,IC50,nM,2.21,IC50,nM,2.21,CCOc1cc2ncc(C#N)c(Nc3ccc(F)c(Cl)c3)c2cc1NC(=O)CCN1CCCCC1,8.655607726314889,<rdkit.Chem.rdchem.Mol object at 0x000001D6E1D76270>,False,False
CHEMBL2031309,IC50,nM,2.02,IC50,nM,2.02,CCOc1cc2ncc(C#N)c(Nc3ccc(F)c(Cl)c3)c2cc1NC(=O)CCN1CCOCC1,8.694648630553376,<rdkit.Chem.rdchem.Mol object at 0x000001D6E1D76200>,False,False
CHEMBL2031311,IC50,nM,12.5,IC50,nM,12.5,CCOc1cc2ncc(C#N)c(Nc3ccc(OCc4ccccn4)c(Cl)c3)c2cc1NC(=O)CCN(C)C,7.903089986991944,<rdkit.Chem.rdchem.Mol object at 0x000001D6E1D76120>,False,False
CHEMBL2031312,IC50,nM,24.8,IC50,nM,24.8,CCOc1cc2ncc(C#N)c(Nc3ccc(OCc4ccccn4)c(Cl)c3)c2cc1NC(=O)CCN1CCCCC1,7.605548319173784,<rdkit.Chem.rdchem.Mol object at 0x000001D6E1D760B0>,False,False
CHEMBL2031313,IC50,nM,37.5,IC50,nM,37.5,CCOc1cc2ncc(C#N)c(Nc3ccc(OCc4ccccn4)c(Cl)c3)c2cc1NC(=O)CCN1CCOCC1,7.425968732272281,<rdkit.Chem.rdchem.Mol object at 0x000001D6E1D76040>,False,False
CHEMBL2029694,IC50,nM,8400.0,IC50,uM,8.4,CCOc1ccc(-c2cc(C(F)(F)F)c(C#N)c(SCC(=O)NCC(=O)O)n2)cc1,5.075720713938118,<rdkit.Chem.rdchem.Mol object at 0x000001D6E1D86190>,False,False
CHEMBL2029695,IC50,nM,83900.0,IC50,uM,83.9,Cn1c(NCc2cccc(C(F)(F)F)c2)cc(=O)n(C)c1=O,4.0762380391713,<rdkit.Chem.rdchem.Mol object at 0x000001D6E1D86200>,False,False
CHEMBL2029697,IC50,nM,72400.0,IC50,uM,72.4,Cc1nn(C)cc1C(=O)Nc1ccn(Cc2c(F)cccc2Cl)n1,4.140261433802853,<rdkit.Chem.rdchem.Mol object at 0x000001D6E1D862E0>,False,False
CHEMBL2047253,IC50,nM,11700.0,IC50,uM,11.7,Nc1nc2c(c(Nc3ccc(Cl)cc3F)n1)-c1ccccc1C2,4.931814138253839,<rdkit.Chem.rdchem.Mol object at 0x000001D6E1D86C10>,False,False
CHEMBL2047248,IC50,nM,24100.0,IC50,uM,24.1,Nc1nc2c(c(Nc3cccc(Br)c3)n1)-c1ccccc1C2,4.617982957425132,<rdkit.Chem.rdchem.Mol object at 0x000001D6E1D86C80>,False,False
CHEMBL2047247,IC50,nM,26000.0,IC50,uM,26.0,Nc1nc2c(c(Nc3ccc(Cl)cc3)n1)-c1ccccc1C2,4.585026652029182,<rdkit.Chem.rdchem.Mol object at 0x000001D6E1D86CF0>,False,False
CHEMBL2047242,IC50,nM,19600.0,IC50,uM,19.6,Nc1nc2c(c(Nc3cccc(Cl)c3)n1)-c1ccccc1C2,4.707743928643524,<rdkit.Chem.rdchem.Mol object at 0x000001D6E1D86D60>,False,False
CHEMBL2047241,IC50,nM,276100.0,IC50,uM,276.1,Nc1nc2c(c(Nc3ccc(F)cc3)n1)-c1ccccc1C2,3.5589335933607367,<rdkit.Chem.rdchem.Mol object at 0x000001D6E1D86DD0>,False,False
CHEMBL2047245,IC50,nM,42600.0,IC50,uM,42.6,CC(C)c1ccc(Nc2nc(N)nc3c2-c2ccccc2C3)cc1,4.370590400897281,<rdkit.Chem.rdchem.Mol object at 0x000001D6E1D86E40>,False,False
CHEMBL2048912,IC50,nM,2.6,IC50,nM,2.6,CC(C)(N)C(=O)NCCn1ccc2ncnc(Nc3ccc(Oc4cccc5sncc45)c(Cl)c3)c21,8.585026652029182,<rdkit.Chem.rdchem.Mol object at 0x000001D6E1D86EB0>,False,False
CHEMBL2048911,IC50,nM,3.0,IC50,nM,3.0,Cl.O=C(NCCn1ccc2ncnc(Nc3ccc(Oc4cccc5sncc45)c(Cl)c3)c21)[C@@H]1CCCN1,8.522878745280337,<rdkit.Chem.rdchem.Mol object at 0x000001D6E1D86F20>,False,False
CHEMBL2048909,IC50,nM,5.5,IC50,nM,5.5,CC(C)(C(=O)NCCn1ccc2ncnc(Nc3ccc(Oc4cccc5sncc45)c(Cl)c3)c21)S(C)(=O)=O,8.259637310505756,<rdkit.Chem.rdchem.Mol object at 0x000001D6E1D84040>,False,False
CHEMBL2048908,IC50,nM,7.0,IC50,nM,7.0,CC(C)(CO)C(=O)NCCn1ccc2ncnc(Nc3ccc(Oc4cccc5sncc45)c(Cl)c3)c21,8.154901959985743,<rdkit.Chem.rdchem.Mol object at 0x000001D6E1D840B0>,False,False
CHEMBL2048906,IC50,nM,2.9,IC50,nM,2.9,CC(=O)NCCn1ccc2ncnc(Nc3ccc(Oc4cccc5sncc45)c(Cl)c3)c21,8.537602002101044,<rdkit.Chem.rdchem.Mol object at 0x000001D6E1D84190>,False,False
CHEMBL2048905,IC50,nM,4.1,IC50,nM,4.1,OCCn1ccc2ncnc(Nc3ccc(Oc4cccc5sncc45)c(Cl)c3)c21,8.387216143280265,<rdkit.Chem.rdchem.Mol object at 0x000001D6E1D84200>,False,False
CHEMBL2048904,IC50,nM,36.0,IC50,nM,36.0,Cn1ncc2c(Oc3ccc(Nc4ncnc5ccn(CCO)c45)cc3Cl)cccc21,7.443697499232712,<rdkit.Chem.rdchem.Mol object at 0x000001D6E1D84270>,False,False
CHEMBL2048903,IC50,nM,1.9,IC50,nM,1.9,OCCn1ccc2ncnc(Nc3ccc(Oc4cccc5[nH]ncc45)c(Cl)c3)c21,8.721246399047171,<rdkit.Chem.rdchem.Mol object at 0x000001D6E1D842E0>,False,False
CHEMBL2048798,IC50,nM,8.8,IC50,nM,8.8,OCCn1ccc2ncnc(Nc3ccc(Oc4cccc5sccc45)c(Cl)c3)c21,8.05551732784983,<rdkit.Chem.rdchem.Mol object at 0x000001D6E1D84350>,False,False
CHEMBL2048797,IC50,nM,3.1,IC50,nM,3.1,OCCn1ccc2ncnc(Nc3ccc(Oc4cccc5[nH]ccc45)c(Cl)c3)c21,8.508638306165727,<rdkit.Chem.rdchem.Mol object at 0x000001D6E1D843C0>,False,False
CHEMBL2048796,IC50,nM,3.0,IC50,nM,3.0,O=C1Cc2c(cccc2Oc2ccc(Nc3ncnc4ccn(CCO)c34)cc2Cl)N1,8.522878745280337,<rdkit.Chem.rdchem.Mol object at 0x000001D6E1D84430>,False,False
CHEMBL2048795,IC50,nM,2.8,IC50,nM,2.8,O=C1Cc2cccc(Oc3ccc(Nc4ncnc5ccn(CCO)c45)cc3Cl)c2N1,8.55284196865778,<rdkit.Chem.rdchem.Mol object at 0x000001D6E1D844A0>,False,False
CHEMBL2048794,IC50,nM,21.0,IC50,nM,21.0,O=C1NCc2cccc(Oc3ccc(Nc4ncnc5ccn(CCO)c45)cc3Cl)c21,7.67778070526608,<rdkit.Chem.rdchem.Mol object at 0x000001D6E1D84510>,False,False
CHEMBL2048793,IC50,nM,890.0,IC50,nM,890.0,O=C1NCc2c(Oc3ccc(Nc4ncnc5ccn(CCO)c45)cc3Cl)cccc21,6.050609993355087,<rdkit.Chem.rdchem.Mol object at 0x000001D6E1D84580>,False,False
CHEMBL2048792,IC50,nM,2300.0,IC50,nM,2300.0,O=C1Cc2ccc(Oc3ccc(Nc4ncnc5ccn(CCO)c45)cc3Cl)cc2N1,5.638272163982407,<rdkit.Chem.rdchem.Mol object at 0x000001D6E1D845F0>,False,False
CHEMBL2048791,IC50,nM,960.0,IC50,nM,960.0,O=C1Cc2cc(Oc3ccc(Nc4ncnc5ccn(CCO)c45)cc3Cl)ccc2N1,6.017728766960431,<rdkit.Chem.rdchem.Mol object at 0x000001D6E1D84660>,False,False
CHEMBL2048790,IC50,nM,510.0,IC50,nM,510.0,O=C1NCc2cc(Oc3ccc(Nc4ncnc5ccn(CCO)c45)cc3Cl)ccc21,6.292429823902063,<rdkit.Chem.rdchem.Mol object at 0x000001D6E1D846D0>,False,False
CHEMBL2048789,IC50,nM,7.8,IC50,nM,7.8,O=C1NCc2ccc(Oc3ccc(Nc4ncnc5ccn(CCO)c45)cc3Cl)cc21,8.10790539730952,<rdkit.Chem.rdchem.Mol object at 0x000001D6E1D84740>,False,False
CHEMBL2048788,IC50,nM,33.0,IC50,nM,33.0,CC(C)(C)NC(=O)c1cccc(Oc2ccc(Nc3ncnc4ccn(CCO)c34)cc2Cl)c1,7.481486060122112,<rdkit.Chem.rdchem.Mol object at 0x000001D6E1D847B0>,False,False
CHEMBL1923007,IC50,nM,34.0,IC50,nM,34.0,OCCn1ccc2ncnc(Nc3ccc(Oc4cccc(C(F)(F)F)c4)c(Cl)c3)c21,7.468521082957745,<rdkit.Chem.rdchem.Mol object at 0x000001D6E1D84820>,False,False
CHEMBL2064372,IC50,nM,78.0,IC50,uM,0.078,O=c1oc2cc3ncnc(Nc4ccc(F)c(Cl)c4)c3cc2n1CCCN1CCOCC1,7.107905397309519,<rdkit.Chem.rdchem.Mol object at 0x000001D6E1D84890>,False,False
CHEMBL2064374,IC50,nM,5800.0,IC50,uM,5.8,CCOC(=O)c1ccc(Nc2ncnc3cc4oc(=O)n(CCCN5CCOCC5)c4cc23)cc1,5.236572006437063,<rdkit.Chem.rdchem.Mol object at 0x000001D6E1D84970>,False,False
CHEMBL2064376,IC50,nM,380.0,IC50,uM,0.38,COc1ccc(Nc2ncnc3cc4oc(=O)n(CCCN5CCOCC5)c4cc23)cc1,6.42021640338319,<rdkit.Chem.rdchem.Mol object at 0x000001D6E1D849E0>,False,False
CHEMBL2064379,IC50,nM,75000.0,IC50,uM,75.0,Cc1cc(C)cc(Nc2ncnc3cc4oc(=O)n(CCCN5CCOCC5)c4cc23)c1,4.1249387366083,<rdkit.Chem.rdchem.Mol object at 0x000001D6E1D84A50>,False,False
CHEMBL2064382,IC50,nM,1400.0,IC50,uM,1.4,CCOc1ccc(Nc2ncnc3cc4oc(=O)n(CCCN5CCOCC5)c4cc23)cc1,5.853871964321762,<rdkit.Chem.rdchem.Mol object at 0x000001D6E1D84B30>,False,False
CHEMBL2064383,IC50,nM,67.0,IC50,uM,0.067,Cc1ccc(Nc2ncnc3cc4oc(=O)n(CCCN5CCOCC5)c4cc23)cc1,7.173925197299173,<rdkit.Chem.rdchem.Mol object at 0x000001D6E1D84BA0>,False,False
CHEMBL2064384,IC50,nM,990.0,IC50,uM,0.99,O=c1oc2cc3ncnc(Nc4ccc(OCc5ccc(Cl)cc5)cc4)c3cc2n1CCCN1CCOCC1,6.00436480540245,<rdkit.Chem.rdchem.Mol object at 0x000001D6E1D84C10>,False,False
CHEMBL2064386,IC50,nM,140.0,IC50,uM,0.14,O=c1oc2cc3ncnc(Nc4ccc(OCc5ccccc5)cc4)c3cc2n1CCCN1CCOCC1,6.853871964321762,<rdkit.Chem.rdchem.Mol object at 0x000001D6E1D84C80>,False,False
CHEMBL2064389,IC50,nM,570.0,IC50,uM,0.57,O=c1oc2cc3ncnc(Nc4ccc(F)c(F)c4)c3cc2n1CCCN1CCOCC1,6.2441251443275085,<rdkit.Chem.rdchem.Mol object at 0x000001D6E1D84D60>,False,False
CHEMBL2064390,IC50,nM,3000.0,IC50,uM,3.0,CC(C)Oc1cccc(Nc2ncnc3cc4oc(=O)n(CCCN5CCOCC5)c4cc23)c1,5.522878745280337,<rdkit.Chem.rdchem.Mol object at 0x000001D6E1D84DD0>,False,False
CHEMBL2064391,IC50,nM,6800.0,IC50,uM,6.8,CC(=O)c1cccc(Nc2ncnc3cc4oc(=O)n(CCCN5CCOCC5)c4cc23)c1,5.167491087293763,<rdkit.Chem.rdchem.Mol object at 0x000001D6E1D84E40>,False,False
CHEMBL2064392,IC50,nM,7800.0,IC50,uM,7.8,Cc1c(OCC(F)(F)F)ccnc1COc1ccc(Nc2ncnc3cc4oc(=O)n(CCCN5CCOCC5)c4cc23)cc1,5.107905397309519,<rdkit.Chem.rdchem.Mol object at 0x000001D6E1D84EB0>,False,False
CHEMBL2064393,IC50,nM,99.0,IC50,uM,0.099,Cc1c(OCC(F)(F)F)ccnc1COc1cccc(Nc2ncnc3cc4oc(=O)n(CCCN5CCOCC5)c4cc23)c1,7.00436480540245,<rdkit.Chem.rdchem.Mol object at 0x000001D6E1D84F20>,False,False
CHEMBL2064394,IC50,nM,1700.0,IC50,uM,1.7,O=c1oc2cc3ncnc(Nc4ccc(OCc5ccccn5)cc4)c3cc2n1CCCN1CCOCC1,5.769551078621726,<rdkit.Chem.rdchem.Mol object at 0x000001D6E1D84F90>,False,False
CHEMBL2064395,IC50,nM,61.0,IC50,uM,0.061,O=c1oc2cc3ncnc(Nc4ccc(OCc5ccc(Cl)cc5)c(Cl)c4)c3cc2n1CCCN1CCOCC1,7.214670164989233,<rdkit.Chem.rdchem.Mol object at 0x000001D6E1D8D040>,False,False
CHEMBL2064396,IC50,nM,79000.0,IC50,uM,79.0,CC(C)(C)c1ccc(Nc2ncnc3cc4oc(=O)n(CCCN5CCOCC5)c4cc23)cc1,4.102372908709558,<rdkit.Chem.rdchem.Mol object at 0x000001D6E1D8D0B0>,False,False
CHEMBL2064397,IC50,nM,7200.0,IC50,uM,7.2,CN(c1ccccc1)c1ncnc2cc3oc(=O)n(CCCN4CCOCC4)c3cc12,5.142667503568732,<rdkit.Chem.rdchem.Mol object at 0x000001D6E1D8D120>,False,False
CHEMBL2064398,IC50,nM,4500.0,IC50,uM,4.5,C[C@@H](Nc1ncnc2cc3oc(=O)n(CCCN4CCOCC4)c3cc12)c1ccccc1,5.346787486224656,<rdkit.Chem.rdchem.Mol object at 0x000001D6E1D8D190>,False,False
CHEMBL2064399,IC50,nM,3700.0,IC50,uM,3.7,C[C@H](Nc1ncnc2cc3oc(=O)n(CCCN4CCOCC4)c3cc12)c1ccccc1,5.431798275933005,<rdkit.Chem.rdchem.Mol object at 0x000001D6E1D8D200>,False,False
CHEMBL2064400,IC50,nM,65000.0,IC50,uM,65.0,O=c1oc2cc3ncnc(NCc4ccccc4)c3cc2n1CCCN1CCOCC1,4.187086643357144,<rdkit.Chem.rdchem.Mol object at 0x000001D6E1D8D270>,False,False
CHEMBL2064403,IC50,nM,120.0,IC50,uM,0.12,O=c1oc2cc3ncnc(Nc4ccc5[nH]ncc5c4)c3cc2n1CCCN1CCOCC1,6.920818753952375,<rdkit.Chem.rdchem.Mol object at 0x000001D6E1D8D2E0>,False,False
CHEMBL1990583,IC50,nM,2090.0,IC50,nM,2090.0,Nc1ncnn2ccc(C(=O)Nc3ccc(NC(=O)Nc4cccc(F)c4)cc3)c12,5.679853713888946,<rdkit.Chem.rdchem.Mol object at 0x000001D6E1D8D350>,False,False
CHEMBL2070190,IC50,nM,1630.0,IC50,uM,1.63,O=C(Nc1ccc2ncnc(Nc3cccc(Br)c3)c2c1)c1cccc2c1OCCO2,5.787812395596042,<rdkit.Chem.rdchem.Mol object at 0x000001D6E1D8D3C0>,False,False
CHEMBL2070194,IC50,nM,1290.0,IC50,uM,1.29,O=C(Nc1ccc2ncnc(Nc3cccc(Cl)c3)c2c1)c1cccc2c1OCCO2,5.889410289700751,<rdkit.Chem.rdchem.Mol object at 0x000001D6E1D8D430>,False,False
CHEMBL2070195,IC50,nM,3680.0,IC50,uM,3.68,O=C(Nc1ccc2ncnc(Nc3cccc(Br)c3)c2c1)C1COc2ccccc2O1,5.434152181326482,<rdkit.Chem.rdchem.Mol object at 0x000001D6E1D8D4A0>,False,False
CHEMBL2070196,IC50,nM,2750.0,IC50,uM,2.75,O=C(Nc1ccc2ncnc(Nc3cccc(Cl)c3)c2c1)C1COc2ccccc2O1,5.560667306169737,<rdkit.Chem.rdchem.Mol object at 0x000001D6E1D8D510>,False,False
CHEMBL2070197,IC50,nM,630.0,IC50,uM,0.63,Brc1cccc(Nc2ncnc3ccc(NCc4ccc5c(c4)OCO5)cc23)c1,6.200659450546418,<rdkit.Chem.rdchem.Mol object at 0x000001D6E1D8D580>,False,False
CHEMBL2070191,IC50,nM,570.0,IC50,uM,0.57,Clc1cccc(Nc2ncnc3ccc(NCc4ccc5c(c4)OCO5)cc23)c1,6.2441251443275085,<rdkit.Chem.rdchem.Mol object at 0x000001D6E1D8D5F0>,False,False
CHEMBL2070192,IC50,nM,1020.0,IC50,uM,1.02,Brc1cccc(Nc2ncnc3ccc(NCc4ccc5c(c4)OCCO5)cc23)c1,5.991399828238082,<rdkit.Chem.rdchem.Mol object at 0x000001D6E1D8D660>,False,False
CHEMBL2070193,IC50,nM,790.0,IC50,uM,0.79,Clc1cccc(Nc2ncnc3ccc(NCc4ccc5c(c4)OCCO5)cc23)c1,6.102372908709558,<rdkit.Chem.rdchem.Mol object at 0x000001D6E1D8D6D0>,False,False
CHEMBL2070198,IC50,nM,98.0,IC50,uM,0.098,Brc1cccc(Nc2ncnc3ccc(NCc4ccc5c(c4)OCCCO5)cc23)c1,7.008773924307505,<rdkit.Chem.rdchem.Mol object at 0x000001D6E1D8D740>,False,False
CHEMBL2070199,IC50,nM,216.0,IC50,uM,0.216,Clc1cccc(Nc2ncnc3ccc(NCc4ccc5c(c4)OCCCO5)cc23)c1,6.665546248849069,<rdkit.Chem.rdchem.Mol object at 0x000001D6E1D8D7B0>,False,False
CHEMBL2070200,IC50,nM,1140.0,IC50,uM,1.14,Brc1cccc(Nc2ncnc3ccc(NCc4ccc5c(c4)OCCCCO5)cc23)c1,5.943095148663527,<rdkit.Chem.rdchem.Mol object at 0x000001D6E1D8D820>,False,False
CHEMBL2070201,IC50,nM,920.0,IC50,uM,0.92,Clc1cccc(Nc2ncnc3ccc(NCc4ccc5c(c4)OCCCCO5)cc23)c1,6.036212172654444,<rdkit.Chem.rdchem.Mol object at 0x000001D6E1D8D890>,False,False
CHEMBL2070045,IC50,nM,510.0,IC50,uM,0.51,COc1ccc2cc(-c3nn(C(C)C)c4ncnc(N)c34)ccc2c1.Cl,6.292429823902063,<rdkit.Chem.rdchem.Mol object at 0x000001D6E1D8D900>,False,False
CHEMBL2070048,IC50,nM,700.0,IC50,uM,0.7,CCOc1ccc2cc(-c3nn(C(C)C)c4ncnc(N)c34)ccc2c1.Cl,6.154901959985743,<rdkit.Chem.rdchem.Mol object at 0x000001D6E1D8D970>,False,False
CHEMBL1198361,IC50,nM,85.0,IC50,nM,85.0,Brc1cccc(Nc2ncnc3cc4c(cc23)OCCCO4)c1,7.070581074285707,<rdkit.Chem.rdchem.Mol object at 0x000001D6E1D8DA50>,False,False
CHEMBL2087352,IC50,nM,120.0,IC50,nM,120.0,Brc1cccc(Nc2ncnc3cc4c(cc23)Oc2ccccc2O4)c1,6.920818753952375,<rdkit.Chem.rdchem.Mol object at 0x000001D6E1D8DAC0>,False,False
CHEMBL2087353,IC50,nM,55.0,IC50,nM,55.0,Brc1cccc(Nc2ncnc3cc4c(cc23)OCCOCCO4)c1,7.259637310505756,<rdkit.Chem.rdchem.Mol object at 0x000001D6E1D8DB30>,False,False
CHEMBL2087354,IC50,nM,150.0,IC50,nM,150.0,Cc1ccc(S(=O)(=O)N2CCOc3cc4ncnc(Nc5cccc(Br)c5)c4cc3OCC2)cc1,6.823908740944319,<rdkit.Chem.rdchem.Mol object at 0x000001D6E1D8DBA0>,False,False
CHEMBL2087355,IC50,nM,5.0,IC50,nM,5.0,Brc1cccc(Nc2ncnc3cc4c(cc23)OCCOCCOCCO4)c1,8.301029995663981,<rdkit.Chem.rdchem.Mol object at 0x000001D6E1D8DC10>,False,False
CHEMBL2087356,IC50,nM,5.0,IC50,nM,5.0,Brc1cccc(Nc2ncnc3cc4c(cc23)OCCOCOCOCCO4)c1,8.301029995663981,<rdkit.Chem.rdchem.Mol object at 0x000001D6E1D8DC80>,False,False
CHEMBL2087357,IC50,nM,7.0,IC50,nM,7.0,Brc1cccc(Nc2ncnc3cc4c(cc23)OCCSCCO4)c1,8.154901959985743,<rdkit.Chem.rdchem.Mol object at 0x000001D6E1D8DCF0>,False,False
CHEMBL2087358,IC50,nM,2.0,IC50,nM,2.0,Clc1cccc(Nc2ncnc3cc4c(cc23)OCCOCCOCCO4)c1,8.698970004336019,<rdkit.Chem.rdchem.Mol object at 0x000001D6E1D8DD60>,False,False
CHEMBL2087359,IC50,nM,8.0,IC50,nM,8.0,Brc1cccc(Nc2ncnc3cc4c(cc23)OCCCSCCCO4)c1,8.096910013008056,<rdkit.Chem.rdchem.Mol object at 0x000001D6E1D8DDD0>,False,False
CHEMBL2087360,IC50,nM,2.0,IC50,nM,2.0,Fc1ccc(Nc2ncnc3cc4c(cc23)OCCOCCOCCO4)cc1Cl,8.698970004336019,<rdkit.Chem.rdchem.Mol object at 0x000001D6E1D8DE40>,False,False
CHEMBL2148044,IC50,nM,15.0,IC50,nM,15.0,CS(=O)(=O)CC(=O)NCCn1ccc2ncnc(Nc3ccc(Oc4cccc(C(F)(F)F)c4)c(Cl)c3)c21,7.823908740944319,<rdkit.Chem.rdchem.Mol object at 0x000001D6E1D8DF20>,False,False
CHEMBL2148045,IC50,nM,31.0,IC50,nM,31.0,CCS(=O)(=O)CC(=O)NCCn1ccc2ncnc(Nc3ccc(Oc4cccc(C(F)(F)F)c4)c(Cl)c3)c21,7.508638306165727,<rdkit.Chem.rdchem.Mol object at 0x000001D6E1D8DF90>,False,False
CHEMBL2148046,IC50,nM,53.0,IC50,nM,53.0,CC(C)S(=O)(=O)CC(=O)NCCn1ccc2ncnc(Nc3ccc(Oc4cccc(C(F)(F)F)c4)c(Cl)c3)c21,7.275724130399211,<rdkit.Chem.rdchem.Mol object at 0x000001D6E1D88F20>,False,False
CHEMBL2148047,IC50,nM,56.0,IC50,nM,56.0,CC(C)(C)S(=O)(=O)CC(=O)NCCn1ccc2ncnc(Nc3ccc(Oc4cccc(C(F)(F)F)c4)c(Cl)c3)c21,7.251811972993799,<rdkit.Chem.rdchem.Mol object at 0x000001D6E1D88CF0>,False,False
CHEMBL2148048,IC50,nM,18.0,IC50,nM,18.0,CC(C(=O)NCCn1ccc2ncnc(Nc3ccc(Oc4cccc(C(F)(F)F)c4)c(Cl)c3)c21)S(C)(=O)=O,7.744727494896693,<rdkit.Chem.rdchem.Mol object at 0x000001D6E1D88C10>,False,False
CHEMBL2148049,IC50,nM,47.0,IC50,nM,47.0,CC(C)(C(=O)NCCn1ccc2ncnc(Nc3ccc(Oc4cccc(C(F)(F)F)c4)c(Cl)c3)c21)S(C)(=O)=O,7.327902142064283,<rdkit.Chem.rdchem.Mol object at 0x000001D6E1D88AC0>,False,False
CHEMBL2148050,IC50,nM,6.7,IC50,nM,6.7,CS(=O)(=O)CC(=O)NCCn1ccc2ncnc(Nc3ccc(Oc4cccc(Cl)c4)c(Cl)c3)c21,8.173925197299173,<rdkit.Chem.rdchem.Mol object at 0x000001D6E1D88A50>,False,False
CHEMBL2148051,IC50,nM,9.8,IC50,nM,9.8,CC(C(=O)NCCn1ccc2ncnc(Nc3ccc(Oc4cccc(Cl)c4)c(Cl)c3)c21)S(C)(=O)=O,8.008773924307505,<rdkit.Chem.rdchem.Mol object at 0x000001D6E1D889E0>,False,False
CHEMBL2148052,IC50,nM,11.0,IC50,nM,11.0,CC(C)(C(=O)NCCn1ccc2ncnc(Nc3ccc(Oc4cccc(Cl)c4)c(Cl)c3)c21)S(C)(=O)=O,7.958607314841775,<rdkit.Chem.rdchem.Mol object at 0x000001D6E1D88970>,False,False
CHEMBL2152704,IC50,nM,1620.0,IC50,uM,1.62,Cc1ccc(O)cc1-n1c(=O)c2c(c3c(N)ncnc31)CCCC2,5.790484985457369,<rdkit.Chem.rdchem.Mol object at 0x000001D6E1D88350>,False,False
CHEMBL2152252,IC50,nM,739.0,IC50,nM,739.0,CNC(=O)c1nc(-c2ccc(Cl)c(S(=O)(=O)Nc3cccc(F)c3F)c2)cnc1N,6.131355561605174,<rdkit.Chem.rdchem.Mol object at 0x000001D6E1D88270>,False,False
CHEMBL2152253,IC50,nM,410.0,IC50,nM,410.0,CNC(=O)c1nc(-c2ccc(Cl)c(S(=O)(=O)Nc3cccc(F)c3C)c2)cnc1N,6.3872161432802645,<rdkit.Chem.rdchem.Mol object at 0x000001D6E1D88120>,False,False
CHEMBL2159053,IC50,nM,10490.0,IC50,uM,10.49,COc1ccc(C2=NN(C(=O)c3ccc(Cl)cc3O)C(c3ccc(Cl)cc3)C2)cc1,4.979224511806442,<rdkit.Chem.rdchem.Mol object at 0x000001D6E1D88F90>,False,False
CHEMBL2205030,IC50,nM,5400.0,IC50,uM,5.4,O=S1(=O)N=S(c2ccc(Br)cc2)c2ccncc21,5.267606240177032,<rdkit.Chem.rdchem.Mol object at 0x000001D6E1D88DD0>,False,False
CHEMBL1917092,IC50,nM,1000.0,IC50,uM,1.0,COC(=O)c1ccc2c(c1)S(=O)(=O)N=S2c1ccc(Br)cc1,6.0,<rdkit.Chem.rdchem.Mol object at 0x000001D6E1D88C80>,False,False
CHEMBL2312654,IC50,nM,590.0,IC50,uM,0.59,Cc1cc(-c2cnc(Nc3cc(Cl)cc(Cl)c3)nc2NC2CCC(N(C)C)CC2)on1,6.229147988357855,<rdkit.Chem.rdchem.Mol object at 0x000001D6E1D81C10>,False,False
CHEMBL2312652,IC50,nM,30000.0,IC50,uM,30.0,CN1CCC(NC(=O)c2cnc(Nc3cc(Cl)cc(Cl)c3)nc2N[C@@H]2COC[C@H]2O)CC1,4.522878745280337,<rdkit.Chem.rdchem.Mol object at 0x000001D6E1D81C80>,False,False
CHEMBL2312649,IC50,nM,30000.0,IC50,uM,30.0,CN1CCC(NC(=O)c2cnc(Nc3cc(Cl)cc(Cl)c3)nc2NC2CCC(N(C)C)CC2)CC1,4.522878745280337,<rdkit.Chem.rdchem.Mol object at 0x000001D6E1D81CF0>,False,False
CHEMBL2312646,IC50,nM,30000.0,IC50,uM,30.0,CN1CCC(NC(=O)c2cnc(NCc3cc(Cl)ccc3Cl)nc2NC2CCCC2)CC1,4.522878745280337,<rdkit.Chem.rdchem.Mol object at 0x000001D6E1D81D60>,False,False
CHEMBL2312645,IC50,nM,30000.0,IC50,uM,30.0,COc1ccccc1CNc1ncc(C(=O)NC2CCN(C)CC2)c(NC2CCCC2)n1,4.522878745280337,<rdkit.Chem.rdchem.Mol object at 0x000001D6E1D81DD0>,False,False
CHEMBL1614725,IC50,nM,4.0,IC50,nM,4.0,CC(C)(O)CC(=O)NCCn1ccc2ncnc(Nc3ccc(Oc4cccc(C(F)(F)F)c4)c(Cl)c3)c21,8.397940008672037,<rdkit.Chem.rdchem.Mol object at 0x000001D6E1D81F20>,False,False
CHEMBL2325101,IC50,nM,50.0,IC50,uM,0.05,Clc1ccc(C2=NN(c3ccccc3)C(c3ccc4ccccc4c3)C2)cc1Cl,7.301029995663981,<rdkit.Chem.rdchem.Mol object at 0x000001D6E1D81F90>,False,False
CHEMBL2325100,IC50,nM,60.0,IC50,uM,0.06,Cc1ccc(C2=NN(c3ccccc3)C(c3ccc4ccccc4c3)C2)cc1,7.221848749616356,<rdkit.Chem.rdchem.Mol object at 0x000001D6E1D8F040>,False,False
CHEMBL2325099,IC50,nM,120.0,IC50,uM,0.12,COc1ccc(C2=NN(c3ccccc3)C(c3ccc4ccccc4c3)C2)cc1,6.920818753952375,<rdkit.Chem.rdchem.Mol object at 0x000001D6E1D8F0B0>,False,False
CHEMBL2325098,IC50,nM,710.0,IC50,uM,0.71,Brc1ccc(C2=NN(c3ccccc3)C(c3ccc4ccccc4c3)C2)cc1,6.1487416512809245,<rdkit.Chem.rdchem.Mol object at 0x000001D6E1D8F120>,False,False
CHEMBL2325097,IC50,nM,110.0,IC50,uM,0.11,Clc1ccc(C2=NN(c3ccccc3)C(c3ccc4ccccc4c3)C2)cc1,6.958607314841775,<rdkit.Chem.rdchem.Mol object at 0x000001D6E1D8F190>,False,False
CHEMBL2325096,IC50,nM,300.0,IC50,uM,0.3,Fc1ccc(C2=NN(c3ccccc3)C(c3ccc4ccccc4c3)C2)cc1,6.522878745280337,<rdkit.Chem.rdchem.Mol object at 0x000001D6E1D8F200>,False,False
CHEMBL2325095,IC50,nM,240.0,IC50,uM,0.24,c1ccc(C2=NN(c3ccccc3)C(c3ccc4ccccc4c3)C2)cc1,6.619788758288394,<rdkit.Chem.rdchem.Mol object at 0x000001D6E1D8F270>,False,False
CHEMBL2325094,IC50,nM,140.0,IC50,uM,0.14,Clc1ccc(C2=NN(c3ccccc3)C(c3cccc4ccccc34)C2)cc1Cl,6.853871964321762,<rdkit.Chem.rdchem.Mol object at 0x000001D6E1D8F2E0>,False,False
CHEMBL2325093,IC50,nM,200.0,IC50,uM,0.2,Cc1ccc(C2=NN(c3ccccc3)C(c3cccc4ccccc34)C2)cc1,6.698970004336019,<rdkit.Chem.rdchem.Mol object at 0x000001D6E1D8F350>,False,False
CHEMBL2325092,IC50,nM,100.0,IC50,uM,0.1,COc1ccc(C2=NN(c3ccccc3)C(c3cccc4ccccc34)C2)cc1,7.0,<rdkit.Chem.rdchem.Mol object at 0x000001D6E1D8F3C0>,False,False
CHEMBL2325091,IC50,nM,490.0,IC50,uM,0.49,Brc1ccc(C2=NN(c3ccccc3)C(c3cccc4ccccc34)C2)cc1,6.309803919971486,<rdkit.Chem.rdchem.Mol object at 0x000001D6E1D8F430>,False,False
CHEMBL2325090,IC50,nM,680.0,IC50,uM,0.68,Clc1ccc(C2=NN(c3ccccc3)C(c3cccc4ccccc34)C2)cc1,6.167491087293763,<rdkit.Chem.rdchem.Mol object at 0x000001D6E1D8F4A0>,False,False
CHEMBL2325089,IC50,nM,1070.0,IC50,uM,1.07,Fc1ccc(C2=NN(c3ccccc3)C(c3cccc4ccccc34)C2)cc1,5.97061622231479,<rdkit.Chem.rdchem.Mol object at 0x000001D6E1D8F510>,False,False
CHEMBL2325088,IC50,nM,2520.0,IC50,uM,2.52,c1ccc(C2=NN(c3ccccc3)C(c3cccc4ccccc34)C2)cc1,5.598599459218456,<rdkit.Chem.rdchem.Mol object at 0x000001D6E1D8F580>,False,False
CHEMBL2337372,IC50,nM,130500.0,IC50,uM,130.5,COc1cccc(Nc2nc(NC(=O)C(C)(C)C)nc3[nH]c4cccc(Cl)c4c23)c1,3.884389488325701,<rdkit.Chem.rdchem.Mol object at 0x000001D6E1D8FE40>,False,False
CHEMBL2337371,IC50,nM,30800.0,IC50,uM,30.8,CC(C)(C)C(=O)Nc1nc(Nc2cccc(F)c2)c2c(n1)[nH]c1cccc(Cl)c12,4.511449283499556,<rdkit.Chem.rdchem.Mol object at 0x000001D6E1D8FEB0>,False,False
CHEMBL2337369,IC50,nM,58700.0,IC50,uM,58.7,CC(C)(C)C(=O)Nc1nc(Nc2ccc(Cl)cc2)c2c(n1)[nH]c1cccc(Cl)c12,4.231361898752385,<rdkit.Chem.rdchem.Mol object at 0x000001D6E1D8FF20>,False,False
CHEMBL2337368,IC50,nM,39200.0,IC50,uM,39.2,CC(C)c1ccc(Nc2nc(NC(=O)C(C)(C)C)nc3[nH]c4cccc(Cl)c4c23)cc1,4.406713932979542,<rdkit.Chem.rdchem.Mol object at 0x000001D6E1D8FF90>,False,False
CHEMBL2337367,IC50,nM,114700.0,IC50,uM,114.7,CC(C)(C)C(=O)Nc1nc(Nc2ccccc2)c2c(n1)[nH]c1cccc(Cl)c12,3.940436582098733,<rdkit.Chem.rdchem.Mol object at 0x000001D6E1D8CAC0>,False,False
CHEMBL2337366,IC50,nM,82900.0,IC50,uM,82.9,COc1cccc(Nc2nc(N)nc3[nH]c4cccc(Cl)c4c23)c1,4.081445469449727,<rdkit.Chem.rdchem.Mol object at 0x000001D6E1D8C660>,False,False
CHEMBL2337364,IC50,nM,38900.0,IC50,uM,38.9,Nc1nc(Nc2ccc(Cl)cc2F)c2c(n1)[nH]c1cccc(Cl)c12,4.410050398674292,<rdkit.Chem.rdchem.Mol object at 0x000001D6E1D8C5F0>,False,False
CHEMBL2337363,IC50,nM,63600.0,IC50,uM,63.6,Nc1nc(Nc2ccc(Cl)cc2)c2c(n1)[nH]c1cccc(Cl)c12,4.196542884351586,<rdkit.Chem.rdchem.Mol object at 0x000001D6E1D8C580>,False,False
CHEMBL2337362,IC50,nM,42000.0,IC50,uM,42.0,CC(C)c1ccc(Nc2nc(N)nc3[nH]c4cccc(Cl)c4c23)cc1,4.376750709602099,<rdkit.Chem.rdchem.Mol object at 0x000001D6E1D8C3C0>,False,False
CHEMBL2337373,IC50,nM,147.0,IC50,nM,147.0,Nc1nc(Nc2ccccc2)c2c(n1)[nH]c1ccccc12,6.832682665251824,<rdkit.Chem.rdchem.Mol object at 0x000001D6E1D8C900>,False,False
CHEMBL2335378,IC50,nM,110600.0,IC50,uM,110.6,Nc1nc(Nc2ccc(F)c(Cl)c2)c2cc(CCc3ccccn3)[nH]c2n1,3.95624487303132,<rdkit.Chem.rdchem.Mol object at 0x000001D6E1D8C890>,False,False
CHEMBL2335377,IC50,nM,85900.0,IC50,uM,85.9,Nc1nc(Nc2ccc(F)c(Br)c2)c2cc(CCc3ccccn3)[nH]c2n1,4.066006836168758,<rdkit.Chem.rdchem.Mol object at 0x000001D6E1D8C820>,False,False
CHEMBL2335019,IC50,nM,26900.0,IC50,uM,26.9,CC(C)(C)C(=O)Nc1nc(Nc2ccc(F)c(C(F)(F)F)c2)c2cc(CCc3ccccn3)[nH]c2n1,4.570247719997592,<rdkit.Chem.rdchem.Mol object at 0x000001D6E1D8C350>,False,False
CHEMBL2335013,IC50,nM,19300.0,IC50,uM,19.3,Nc1nc(Nc2cccc(C(F)(F)F)c2)c2cc(CCc3ccccn3)[nH]c2n1,4.714442690992226,<rdkit.Chem.rdchem.Mol object at 0x000001D6E1D8CA50>,False,False
CHEMBL2335016,IC50,nM,16300.0,IC50,uM,16.3,CC(C)(C)C(=O)Nc1nc(Nc2ccc(F)c(Cl)c2)c2cc(CCc3ccccn3)[nH]c2n1,4.787812395596042,<rdkit.Chem.rdchem.Mol object at 0x000001D6E1D8C9E0>,False,False
CHEMBL2335014,IC50,nM,15600.0,IC50,uM,15.6,Nc1nc(Nc2ccc(F)c(C(F)(F)F)c2)c2cc(CCc3ccccn3)[nH]c2n1,4.806875401645539,<rdkit.Chem.rdchem.Mol object at 0x000001D6E1D8C970>,False,False
CHEMBL2335018,IC50,nM,12800.0,IC50,uM,12.8,CC(C)(C)C(=O)Nc1nc(Nc2cccc(C(F)(F)F)c2)c2cc(CCc3ccccn3)[nH]c2n1,4.892790030352131,<rdkit.Chem.rdchem.Mol object at 0x000001D6E1D8C7B0>,False,False
CHEMBL2335015,IC50,nM,5400.0,IC50,uM,5.4,CC(C)(C)C(=O)Nc1nc(Nc2ccc(F)c(Br)c2)c2cc(CCc3ccccn3)[nH]c2n1,5.267606240177032,<rdkit.Chem.rdchem.Mol object at 0x000001D6E1D8C740>,False,False
CHEMBL2335376,IC50,nM,300.0,IC50,uM,0.3,Nc1nc(Nc2cccc(Br)c2)c2cc(CCc3ccccn3)[nH]c2n1,6.522878745280337,<rdkit.Chem.rdchem.Mol object at 0x000001D6E1D8C6D0>,False,False
CHEMBL2333986,IC50,nM,10000.0,IC50,uM,10.0,COc1cc2ncnc(Nc3ccccc3C(F)(F)F)c2cc1OC,5.0,<rdkit.Chem.rdchem.Mol object at 0x000001D6E1D8C4A0>,False,False
CHEMBL2333985,IC50,nM,4700.0,IC50,uM,4.7,COc1cc2ncnc(Nc3ccc(C(C)(F)F)cc3)c2cc1OC,5.327902142064283,<rdkit.Chem.rdchem.Mol object at 0x000001D6E1D8C430>,False,False
CHEMBL2334001,IC50,nM,63.4,IC50,nM,63.4,COc1cc2ncnc(Nc3ccc(F)c(Cl)c3)c2cc1OCCO,7.197910742118268,<rdkit.Chem.rdchem.Mol object at 0x000001D6E1D8C200>,False,False
CHEMBL2333998,IC50,nM,412.8,IC50,nM,412.8,COc1cc2ncnc(Nc3cccc(C#N)c3)c2cc1OC,6.384260311380845,<rdkit.Chem.rdchem.Mol object at 0x000001D6E1D8C120>,False,False
CHEMBL2333991,IC50,nM,126.7,IC50,nM,126.7,COc1cc2ncnc(Nc3cccc(-c4ccccc4)c3)c2cc1OC,6.897223385116559,<rdkit.Chem.rdchem.Mol object at 0x000001D6E1D8C040>,False,False
CHEMBL29641,IC50,nM,126.7,IC50,nM,126.7,COc1cc2ncnc(Nc3cccc(SC)c3)c2cc1OC,6.897223385116559,<rdkit.Chem.rdchem.Mol object at 0x000001D6E1D8CF90>,False,False
CHEMBL2347231,IC50,nM,61.0,IC50,uM,0.061,NC(=O)Nc1ccc2ncnc(Nc3ccc(Cl)cc3)c2c1,7.214670164989233,<rdkit.Chem.rdchem.Mol object at 0x000001D6E1D8CF20>,False,False
CHEMBL484270,IC50,nM,9.0,IC50,nM,9.0,CCN1CCN(Cc2ccc(-c3cc4c(N[C@@H](C)c5ccccc5)ncnc4[nH]3)cc2)CC1,8.045757490560675,<rdkit.Chem.rdchem.Mol object at 0x000001D6E1D8CEB0>,False,False
CHEMBL2347959,IC50,nM,1270.0,IC50,nM,1270.0,CC(C)CCCC(=O)Nc1cccc(-c2c(-c3ccccc3)oc3ncnc(N[C@H](CO)c4ccccc4)c23)c1,5.896196279044043,<rdkit.Chem.rdchem.Mol object at 0x000001D6E1D8CE40>,False,False
CHEMBL2347960,IC50,nM,34.0,IC50,nM,34.0,CN(C)CCCC(=O)Nc1cccc(-c2c(-c3ccccc3)oc3ncnc(N[C@H](CO)c4ccccc4)c23)c1,7.468521082957745,<rdkit.Chem.rdchem.Mol object at 0x000001D6E1D8CCF0>,False,False
CHEMBL2347963,IC50,nM,2.0,IC50,nM,2.0,CN(C)CCC(=O)Nc1cccc(-c2c(-c3ccccc3)oc3ncnc(N[C@H](CO)c4ccccc4)c23)c1,8.698970004336019,<rdkit.Chem.rdchem.Mol object at 0x000001D6E1D8CC80>,False,False
CHEMBL2347966,IC50,nM,4.0,IC50,nM,4.0,CN(C)CC(=O)Nc1cccc(-c2c(-c3ccccc3)oc3ncnc(N[C@H](CO)c4ccccc4)c23)c1,8.397940008672037,<rdkit.Chem.rdchem.Mol object at 0x000001D6E1D8CC10>,False,False
CHEMBL2347965,IC50,nM,29.0,IC50,nM,29.0,CC(=O)Nc1cccc(-c2c(-c3ccccc3)oc3ncnc(N[C@H](CO)c4ccccc4)c23)c1,7.5376020021010435,<rdkit.Chem.rdchem.Mol object at 0x000001D6E1D8CBA0>,False,False
CHEMBL2347964,IC50,nM,23.0,IC50,nM,23.0,CC(=O)Nc1ccc(-c2c(-c3ccccc3)oc3ncnc(N[C@H](CO)c4ccccc4)c23)cc1,7.638272163982407,<rdkit.Chem.rdchem.Mol object at 0x000001D6E1D8CB30>,False,False
CHEMBL2347972,IC50,nM,30.0,IC50,nM,30.0,OC[C@@H](Nc1ncnc2oc(-c3ccccc3)c(-c3ccc4c(c3)OCO4)c12)c1ccccc1,7.522878745280337,<rdkit.Chem.rdchem.Mol object at 0x000001D6E1D90890>,False,False
CHEMBL2347971,IC50,nM,44.0,IC50,nM,44.0,OC[C@@H](Nc1ncnc2oc(-c3ccccc3)c(-c3ccoc3)c12)c1ccccc1,7.356547323513812,<rdkit.Chem.rdchem.Mol object at 0x000001D6E1D90900>,False,False
CHEMBL2347970,IC50,nM,73.0,IC50,nM,73.0,OC[C@@H](Nc1ncnc2oc(-c3ccccc3)c(-c3ccco3)c12)c1ccccc1,7.136677139879544,<rdkit.Chem.rdchem.Mol object at 0x000001D6E1D90970>,False,False
CHEMBL2347969,IC50,nM,90.0,IC50,nM,90.0,OC[C@@H](Nc1ncnc2oc(-c3ccccc3)c(Br)c12)c1ccccc1,7.045757490560675,<rdkit.Chem.rdchem.Mol object at 0x000001D6E1D90E40>,False,False
CHEMBL2347968,IC50,nM,168.0,IC50,nM,168.0,OC[C@@H](Nc1ncnc2oc(-c3ccccc3)c(Cl)c12)c1ccccc1,6.774690718274137,<rdkit.Chem.rdchem.Mol object at 0x000001D6E1D90F90>,False,False
CHEMBL2347973,IC50,nM,1451.0,IC50,nM,1451.0,COC(=O)[C@@H](Nc1ncnc2oc(-c3ccccc3)c(-c3ccccc3)c12)c1ccccc1,5.838332587562264,<rdkit.Chem.rdchem.Mol object at 0x000001D6E1D90040>,False,False
CHEMBL2348194,IC50,nM,339.0,IC50,nM,339.0,C[C@@H](Nc1ncnc2oc(-c3ccccc3)c(-c3ccccc3)c12)c1ccccc1,6.4698003017969175,<rdkit.Chem.rdchem.Mol object at 0x000001D6E1D90120>,False,False
CHEMBL2348418,IC50,nM,47.0,IC50,nM,47.0,CS(=O)(=O)CCNC(=O)C1=Cc2c(ncnc2Nc2ccc(Oc3cccc4sccc34)c(Cl)c2)NCC1,7.327902142064283,<rdkit.Chem.rdchem.Mol object at 0x000001D6E1D90350>,False,False
CHEMBL2348417,IC50,nM,36.0,IC50,nM,36.0,O=C(NCCO)C1=Cc2c(ncnc2Nc2ccc(Oc3cccc4sccc34)c(Cl)c2)NCC1,7.443697499232712,<rdkit.Chem.rdchem.Mol object at 0x000001D6E1D90DD0>,False,False
CHEMBL2348416,IC50,nM,44.0,IC50,nM,44.0,COC(=O)C1=Cc2c(ncnc2Nc2ccc(Oc3cccc4sccc34)c(Cl)c2)NCC1,7.356547323513812,<rdkit.Chem.rdchem.Mol object at 0x000001D6E1D903C0>,False,False
CHEMBL2348415,IC50,nM,75.0,IC50,nM,75.0,CS(=O)(=O)CCNC(=O)C1=Cc2c(ncnc2Nc2ccc(Oc3cccc(C(F)(F)F)c3)c(Cl)c2)NCC1,7.1249387366083,<rdkit.Chem.rdchem.Mol object at 0x000001D6E1D90430>,False,False
CHEMBL2348414,IC50,nM,38.0,IC50,nM,38.0,O=C(NCCO)C1=Cc2c(ncnc2Nc2ccc(Oc3cccc(C(F)(F)F)c3)c(Cl)c2)NCC1,7.42021640338319,<rdkit.Chem.rdchem.Mol object at 0x000001D6E1D904A0>,False,False
CHEMBL2348419,IC50,nM,110.0,IC50,nM,110.0,COC(=O)C1=Cc2c(ncnc2Nc2ccc(Oc3cccc(C(F)(F)F)c3)c(Cl)c2)NCC1,6.958607314841775,<rdkit.Chem.rdchem.Mol object at 0x000001D6E1D90510>,False,False
CHEMBL2385993,IC50,nM,6000.0,IC50,uM,6.0,Cc1ccc(NC(=O)c2ccc(CN3CCN(C)CC3)cc2)cc1C(=O)Nc1nccc(-c2cccc(F)c2)n1,5.221848749616356,<rdkit.Chem.rdchem.Mol object at 0x000001D6E1D90270>,False,False
CHEMBL2385991,IC50,nM,600.0,IC50,uM,0.6,Cc1ccc(NC(=O)c2ccc(CN3CCN(C)CC3)cc2)cc1C(=O)Nc1ccc(OCc2cccc(F)c2)c(Cl)c1,6.221848749616356,<rdkit.Chem.rdchem.Mol object at 0x000001D6E1D907B0>,False,False
CHEMBL2385987,IC50,nM,3500.0,IC50,uM,3.5,CCOc1ccc(C(=O)Nc2ccc(OCc3ccccn3)c(Cl)c2)cc1NC(=O)c1ccc(CN2CCN(C)CC2)cc1,5.455931955649724,<rdkit.Chem.rdchem.Mol object at 0x000001D6E1D90BA0>,False,False
CHEMBL2385971,IC50,nM,3000.0,IC50,uM,3.0,CN1CCN(Cc2ccc(C(=O)Nc3ccc(-c4cncc(C#N)c4Nc4ccc(F)c(Cl)c4)cc3)cc2)CC1,5.522878745280337,<rdkit.Chem.rdchem.Mol object at 0x000001D6E1D97430>,False,False
CHEMBL2385969,IC50,nM,2500.0,IC50,uM,2.5,CN1CCN(Cc2ccc(C(=O)Nc3ccc(-c4cncc(C#N)c4Nc4ccc(OCc5cccc(F)c5)c(Cl)c4)cc3)cc2)CC1,5.6020599913279625,<rdkit.Chem.rdchem.Mol object at 0x000001D6E1D97510>,False,False
CHEMBL2385967,IC50,nM,2300.0,IC50,uM,2.3,CN1CCN(Cc2ccc(C(=O)Nc3ccc(-c4cncc(C#N)c4Nc4ccc(OCc5ccccn5)c(Cl)c4)cc3)cc2)CC1,5.638272163982407,<rdkit.Chem.rdchem.Mol object at 0x000001D6E1D975F0>,False,False
CHEMBL2403108,IC50,nM,900.0,IC50,uM,0.9,Cc1cc(Nc2ncc(Cl)c(Nc3ccccc3S(=O)(=O)C(C)C)n2)c(OC(C)C)cc1C1CCNCC1,6.045757490560675,<rdkit.Chem.rdchem.Mol object at 0x000001D6E1D977B0>,False,False
CHEMBL2408045,IC50,nM,12.0,IC50,nM,12.0,CNC(=O)CN1CCC(Oc2cc3c(Nc4cccc(Cl)c4F)ncnc3cc2OC)CC1,7.920818753952375,<rdkit.Chem.rdchem.Mol object at 0x000001D6E1D97BA0>,False,False
CHEMBL2419762,IC50,nM,27.0,IC50,uM,0.027,Cl.c1ccc(-c2cccc(Nc3ncnc4cc5c(cc34)OCCCO5)c2)cc1,7.568636235841013,<rdkit.Chem.rdchem.Mol object at 0x000001D6E1D97C10>,False,False
CHEMBL2419760,IC50,nM,2.0,IC50,uM,0.002,Cl.c1ccc(-c2cccc(Nc3ncnc4cc5c(cc34)OCO5)c2)cc1,8.698970004336019,<rdkit.Chem.rdchem.Mol object at 0x000001D6E1D97C80>,False,False
CHEMBL2426280,IC50,nM,790.0,IC50,uM,0.79,COc1cc(N2CCN(C(C)=O)CC2)ccc1Nc1ncc(Cl)c(-c2c[nH]c3ccccc23)n1,6.102372908709558,<rdkit.Chem.rdchem.Mol object at 0x000001D6E1D97CF0>,False,False
CHEMBL2426285,IC50,nM,1800.0,IC50,uM,1.8,COc1ccc(NC(=O)CC#N)cc1Nc1ncc(Cl)c(-c2c[nH]c3ccccc23)n1,5.7447274948966935,<rdkit.Chem.rdchem.Mol object at 0x000001D6E1D920B0>,False,False
CHEMBL2426248,IC50,nM,2300.0,IC50,uM,2.3,COc1ccc(NC(=O)CCCN(C)C)cc1Nc1ncc(Cl)c(-c2cnn3ccccc23)n1,5.638272163982407,<rdkit.Chem.rdchem.Mol object at 0x000001D6E1D922E0>,False,False
CHEMBL2424796,IC50,nM,1500.0,IC50,uM,1.5,Clc1cccc(Nc2ncnc3ccc(NCc4ccc(Br)s4)cc23)c1,5.823908740944319,<rdkit.Chem.rdchem.Mol object at 0x000001D6E1D925F0>,False,False
CHEMBL2424795,IC50,nM,3400.0,IC50,uM,3.4,Clc1cccc(Nc2ncnc3ccc(NCc4cccs4)cc23)c1,5.468521082957745,<rdkit.Chem.rdchem.Mol object at 0x000001D6E1D92660>,False,False
CHEMBL2425088,IC50,nM,190.0,IC50,uM,0.19,COc1cc2ncnc(Nc3ccc(F)c(Cl)c3)c2cc1OCCN1CC2(CCO2)C1,6.721246399047171,<rdkit.Chem.rdchem.Mol object at 0x000001D6E1D92DD0>,False,False
CHEMBL2424664,IC50,nM,158.0,IC50,uM,0.158,COc1cc2ncnc(Nc3ccc(F)c(Cl)c3)c2cc1OCCN1CC2(C1)CS(=O)(=O)C2,6.801342913045577,<rdkit.Chem.rdchem.Mol object at 0x000001D6E1D92EB0>,False,False
CHEMBL2425091,IC50,nM,94.0,IC50,uM,0.094,COc1cc2ncnc(Nc3ccc(F)c(Cl)c3)c2cc1OCCN1CC(OC)C1,7.026872146400302,<rdkit.Chem.rdchem.Mol object at 0x000001D6E1D92F90>,False,False
CHEMBL2425089,IC50,nM,52.0,IC50,uM,0.052,COc1cc2ncnc(Nc3ccc(F)c(Cl)c3)c2cc1OCCN1CC2(CSC2)C1,7.2839966563652,<rdkit.Chem.rdchem.Mol object at 0x000001D6E1D92200>,False,False
CHEMBL2425090,IC50,nM,26.0,IC50,uM,0.026,COc1cc2ncnc(Nc3ccc(F)c(Cl)c3)c2cc1OCCN1CC(O)C1,7.585026652029182,<rdkit.Chem.rdchem.Mol object at 0x000001D6E1D92A50>,False,False
CHEMBL2425087,IC50,nM,16.0,IC50,uM,0.016,COc1cc2ncnc(Nc3ccc(F)c(Cl)c3)c2cc1OCCN1CC2(COC2)C1,7.795880017344075,<rdkit.Chem.rdchem.Mol object at 0x000001D6E1D92C80>,False,False
CHEMBL2425737,IC50,nM,38.4,IC50,nM,38.4,O=C(CCOc1ccccc1)Nc1ccc2ncnc(Nc3cccc(Br)c3)c2c1,7.415668775632469,<rdkit.Chem.rdchem.Mol object at 0x000001D6E1D92CF0>,False,False
CHEMBL2425735,IC50,nM,13.5,IC50,nM,13.5,O=C(CCCN1CCCCC1)Nc1ccc2ncnc(Nc3cccc(Br)c3)c2c1,7.8696662315049934,<rdkit.Chem.rdchem.Mol object at 0x000001D6E1D92E40>,False,False
CHEMBL2441568,IC50,nM,1.29,IC50,nM,1.29,Fc1ccc(Nc2ncnc3cc4c(cc23)NCCO4)cc1Cl,8.88941028970075,<rdkit.Chem.rdchem.Mol object at 0x000001D6E1D96270>,False,False
CHEMBL2442333,IC50,nM,1180.0,IC50,uM,1.18,COc1cc(O)c2c(c1)CCN(c1cccc(C(=O)N3CCCCC3)c1)C2=O,5.928117992693875,<rdkit.Chem.rdchem.Mol object at 0x000001D6E1D962E0>,False,False
CHEMBL2442332,IC50,nM,1230.0,IC50,uM,1.23,COc1cc2c(c(OC)c1)C(=O)N(c1cccc(C(=O)N3CCCCC3)c1)CC2,5.910094888560602,<rdkit.Chem.rdchem.Mol object at 0x000001D6E1D96350>,False,False
CHEMBL2442329,IC50,nM,1380.0,IC50,uM,1.38,COc1cc(O)c2c(=O)n(-c3cccc(C(=O)N4CCCCC4)c3)ccc2c1,5.860120913598763,<rdkit.Chem.rdchem.Mol object at 0x000001D6E1D963C0>,False,False
CHEMBL2442324,IC50,nM,2120.0,IC50,uM,2.12,COc1cc(OC)c2c(=O)n(-c3cccc(C(=O)N4CCCCC4)c3)ccc2c1,5.673664139071248,<rdkit.Chem.rdchem.Mol object at 0x000001D6E1D964A0>,False,False
CHEMBL2442320,IC50,nM,5490.0,IC50,uM,5.49,COc1cc(OC)c2c(=O)n(-c3ccc(F)c(Cl)c3)ccc2c1,5.260427655549908,<rdkit.Chem.rdchem.Mol object at 0x000001D6E1D96510>,False,False
CHEMBL3092303,IC50,nM,4212.0,IC50,uM,4.212,O=C(Nc1cc2c(Nc3ccc(F)c(Cl)c3)ncnc2cc1O[C@H]1CCOC1)N1CCN(CCO)CC1,5.375511637486551,<rdkit.Chem.rdchem.Mol object at 0x000001D6E1D99EB0>,False,False
CHEMBL3092302,IC50,nM,2937.0,IC50,uM,2.937,O=C(Nc1cc2c(Nc3ccc(F)c(Cl)c3)ncnc2cc1O[C@H]1CCOC1)N1CCC(CCO)CC1,5.5320960534772,<rdkit.Chem.rdchem.Mol object at 0x000001D6E1D99E40>,False,False
CHEMBL3092301,IC50,nM,1594.0,IC50,uM,1.594,O=C(Nc1cc2c(Nc3ccc(F)c(Cl)c3)ncnc2cc1O[C@H]1CCOC1)N1CCC(N2CCCC2)CC1,5.7975116829399065,<rdkit.Chem.rdchem.Mol object at 0x000001D6E1D99DD0>,False,False
CHEMBL3092300,IC50,nM,5187.0,IC50,uM,5.187,O=C(Nc1cc2c(Nc3ccc(F)c(Cl)c3)ncnc2cc1O[C@H]1CCOC1)N1CCC2(CC1)OCCO2,5.285083752006415,<rdkit.Chem.rdchem.Mol object at 0x000001D6E1D99D60>,False,False
CHEMBL3092299,IC50,nM,1891.0,IC50,uM,1.891,O=C(Nc1cc2c(Nc3ccc(F)c(Cl)c3)ncnc2cc1O[C@H]1CCOC1)N1CCCC(F)(F)C1,5.723308471154961,<rdkit.Chem.rdchem.Mol object at 0x000001D6E1D99CF0>,False,False
CHEMBL3092298,IC50,nM,5311.0,IC50,uM,5.311,O=C(Nc1cc2c(Nc3ccc(F)c(Cl)c3)ncnc2cc1O[C@H]1CCOC1)N1CCC(F)(F)CC1,5.274823698580863,<rdkit.Chem.rdchem.Mol object at 0x000001D6E1D99C80>,False,False
CHEMBL3092297,IC50,nM,1824.0,IC50,uM,1.824,O=C(Nc1cc2c(Nc3ccc(F)c(Cl)c3)ncnc2cc1O[C@H]1CCOC1)N1CCC(F)CC1,5.738975166007602,<rdkit.Chem.rdchem.Mol object at 0x000001D6E1D99C10>,False,False
CHEMBL3092321,IC50,nM,5578.0,IC50,uM,5.578,CN1CCN(C(=O)Nc2cc3c(Nc4ccc(F)c(Cl)c4)ncnc3cc2O[C@H]2CCOC2)CC1,5.253521490069969,<rdkit.Chem.rdchem.Mol object at 0x000001D6E1D99BA0>,False,False
CHEMBL3092320,IC50,nM,3121.0,IC50,uM,3.121,O=C(Nc1cc2c(Nc3ccc(F)c(Cl)c3)ncnc2cc1O[C@H]1CCOC1)N1CCC(F)(F)C1,5.505706231334667,<rdkit.Chem.rdchem.Mol object at 0x000001D6E1D99B30>,False,False
CHEMBL3092319,IC50,nM,2165.0,IC50,uM,2.165,O=C(Nc1cc2c(Nc3ccc(F)c(Cl)c3)ncnc2cc1O[C@H]1CCOC1)N1CC(F)C1,5.664542099310616,<rdkit.Chem.rdchem.Mol object at 0x000001D6E1D99AC0>,False,False
CHEMBL3092318,IC50,nM,1419.0,IC50,uM,1.419,O=C(Nc1cc2c(Nc3ccc(F)c(Cl)c3)ncnc2cc1O[C@H]1CCOC1)N1CC(O)C1,5.848017604542526,<rdkit.Chem.rdchem.Mol object at 0x000001D6E1D99A50>,False,False
CHEMBL3092317,IC50,nM,5261.0,IC50,uM,5.261,CN(C)CCCN(C)C(=O)Nc1cc2c(Nc3ccc(F)c(Cl)c3)ncnc2cc1O[C@H]1CCOC1,5.2789316982028405,<rdkit.Chem.rdchem.Mol object at 0x000001D6E1D999E0>,False,False
CHEMBL3092316,IC50,nM,392.0,IC50,uM,0.392,CCN(CC)CCN(C)C(=O)Nc1cc2c(Nc3ccc(F)c(Cl)c3)ncnc2cc1O[C@H]1CCOC1,6.406713932979542,<rdkit.Chem.rdchem.Mol object at 0x000001D6E1D99970>,False,False
CHEMBL3092315,IC50,nM,677.0,IC50,uM,0.677,CN(C)CCN(C)C(=O)Nc1cc2c(Nc3ccc(F)c(Cl)c3)ncnc2cc1O[C@H]1CCOC1,6.169411331314856,<rdkit.Chem.rdchem.Mol object at 0x000001D6E1D99900>,False,False
CHEMBL3092310,IC50,nM,49.0,IC50,uM,0.049,O=C(NCCN1CCOCC1)Nc1cc2c(Nc3ccc(F)c(Cl)c3)ncnc2cc1O[C@H]1CCOC1,7.309803919971486,<rdkit.Chem.rdchem.Mol object at 0x000001D6E1D996D0>,False,False
CHEMBL3092309,IC50,nM,447.0,IC50,uM,0.447,O=C(NCCN1CCCCC1)Nc1cc2c(Nc3ccc(F)c(Cl)c3)ncnc2cc1O[C@H]1CCOC1,6.349692476868063,<rdkit.Chem.rdchem.Mol object at 0x000001D6E1D99660>,False,False
CHEMBL3092308,IC50,nM,61.0,IC50,uM,0.061,O=C(NCCN1CCCC1)Nc1cc2c(Nc3ccc(F)c(Cl)c3)ncnc2cc1O[C@H]1CCOC1,7.214670164989233,<rdkit.Chem.rdchem.Mol object at 0x000001D6E1D995F0>,False,False
CHEMBL3092307,IC50,nM,2235.0,IC50,uM,2.235,CCN(CC)CCNC(=O)Nc1cc2c(Nc3ccc(F)c(Cl)c3)ncnc2cc1O[C@H]1CCOC1,5.650722472532045,<rdkit.Chem.rdchem.Mol object at 0x000001D6E1D99580>,False,False
CHEMBL3092306,IC50,nM,2077.0,IC50,uM,2.077,CN(C)CCNC(=O)Nc1cc2c(Nc3ccc(F)c(Cl)c3)ncnc2cc1O[C@H]1CCOC1,5.682563503464901,<rdkit.Chem.rdchem.Mol object at 0x000001D6E1D99510>,False,False
CHEMBL3092324,IC50,nM,672.0,IC50,uM,0.672,CS(=O)(=O)CCNC(=O)Nc1cc2c(Nc3ccc(F)c(Cl)c3)ncnc2cc1O[C@H]1CCOC1,6.172630726946175,<rdkit.Chem.rdchem.Mol object at 0x000001D6E1D99200>,False,False
CHEMBL3092322,IC50,nM,432.0,IC50,uM,0.432,O=C(NCCO)Nc1cc2c(Nc3ccc(F)c(Cl)c3)ncnc2cc1O[C@H]1CCOC1,6.364516253185088,<rdkit.Chem.rdchem.Mol object at 0x000001D6E1D99120>,False,False
CHEMBL3098312,IC50,nM,67200.0,IC50,uM,67.2,COc1cc2nc(Cl)nc(Nc3ccc(S(=O)(=O)N(C)C)cc3)c2cc1OC,4.172630726946175,<rdkit.Chem.rdchem.Mol object at 0x000001D6E1D990B0>,False,False
CHEMBL3098315,IC50,nM,61500.0,IC50,uM,61.5,COc1cc2nc(Cl)nc(Nc3ccc(S(C)(=O)=O)cc3)c2cc1OC,4.211124884224583,<rdkit.Chem.rdchem.Mol object at 0x000001D6E1D99040>,False,False
CHEMBL3098326,IC50,nM,37600.0,IC50,uM,37.6,COc1cc2nc(Cl)nc(Nc3ccc(NC(C)=O)cc3)c2cc1OC,4.424812155072339,<rdkit.Chem.rdchem.Mol object at 0x000001D6E1DAA040>,False,False
CHEMBL3098318,IC50,nM,34600.0,IC50,uM,34.6,NS(=O)(=O)c1ccc(Nc2nc(Cl)nc3cc4c(cc23)OCO4)cc1,4.460923901207224,<rdkit.Chem.rdchem.Mol object at 0x000001D6E1DAA120>,False,False
CHEMBL3098313,IC50,nM,18300.0,IC50,uM,18.3,CN(C)S(=O)(=O)c1ccc(Nc2nc(Cl)nc3cc4c(cc23)OCO4)cc1,4.73754891026957,<rdkit.Chem.rdchem.Mol object at 0x000001D6E1DAA190>,False,False
CHEMBL525527,IC50,nM,9700.0,IC50,uM,9.7,COc1cc2nc(Cl)nc(Nc3ccc(S(=O)(=O)Nc4nccs4)cc3)c2cc1OC,5.013228265733755,<rdkit.Chem.rdchem.Mol object at 0x000001D6E1DAA200>,False,False
CHEMBL3098317,IC50,nM,2370.0,IC50,uM,2.37,COc1cc2nc(Cl)nc(Nc3ccc(S(N)(=O)=O)cc3)c2cc1OC,5.6252516539898965,<rdkit.Chem.rdchem.Mol object at 0x000001D6E1DAA2E0>,False,False
CHEMBL3098321,IC50,nM,1630.0,IC50,uM,1.63,CNS(=O)(=O)c1ccc(Nc2nc(Cl)nc3cc(OC)c(OC)cc23)cc1,5.787812395596042,<rdkit.Chem.rdchem.Mol object at 0x000001D6E1DAA350>,False,False
CHEMBL3098325,IC50,nM,900.0,IC50,uM,0.9,COc1cc2nc(Cl)nc(Nc3ccc(C(N)=O)cc3)c2cc1OC,6.045757490560675,<rdkit.Chem.rdchem.Mol object at 0x000001D6E1DAA3C0>,False,False
CHEMBL3134612,IC50,nM,2145.0,IC50,uM,2.145,COc1cc(Nc2nccc(-c3ccc(Cl)cc3)n2)cc(OC)c1OC,5.668572703479257,<rdkit.Chem.rdchem.Mol object at 0x000001D6E1DAA7B0>,False,False
CHEMBL3133821,IC50,nM,270.0,IC50,nM,270.0,Oc1cccc(Nc2ccnc3[nH]c4ccccc4c23)c1,6.568636235841013,<rdkit.Chem.rdchem.Mol object at 0x000001D6E1DAA820>,False,False
CHEMBL3221554,IC50,nM,900.0,IC50,uM,0.9,CCOC(=O)Nc1ccc(Nc2ncnc3cc(OC)c(OC)cc23)cc1C.Cl,6.045757490560675,<rdkit.Chem.rdchem.Mol object at 0x000001D6E1DA0120>,False,False
CHEMBL3221556,IC50,nM,900.0,IC50,uM,0.9,CCCOC(=O)Nc1ccc(Nc2ncnc3cc(OC)c(OC)cc23)cc1C.Cl,6.045757490560675,<rdkit.Chem.rdchem.Mol object at 0x000001D6E1D91F90>,False,False
CHEMBL3221561,IC50,nM,900.0,IC50,uM,0.9,CCOC(=O)Nc1cc(Nc2ncnc3cc(OC)c(OC)cc23)ccc1Cl.Cl,6.045757490560675,<rdkit.Chem.rdchem.Mol object at 0x000001D6E1D91E40>,False,False
CHEMBL3221560,IC50,nM,1000.0,IC50,uM,1.0,CCOC(=O)Nc1ccc(Nc2ncnc3cc(OC)c(OC)cc23)cc1Cl.Cl,6.0,<rdkit.Chem.rdchem.Mol object at 0x000001D6E1D91DD0>,False,False
CHEMBL3221258,IC50,nM,1000.0,IC50,uM,1.0,CCCOC(=O)Nc1ccc(Nc2ncnc3cc(OC)c(OC)cc23)cc1Cl.Cl,6.0,<rdkit.Chem.rdchem.Mol object at 0x000001D6E1D91900>,False,False
CHEMBL3221542,IC50,nM,3900.0,IC50,uM,3.9,CCCOc1cc2ncnc(Nc3ccc(NC(=O)OCC)c(C)c3)c2cc1OC.Cl,5.4089353929735005,<rdkit.Chem.rdchem.Mol object at 0x000001D6E1D91890>,False,False
CHEMBL3221552,IC50,nM,4000.0,IC50,uM,4.0,COC(=O)Nc1ccc(Nc2ncnc3cc(OC)c(OC)cc23)cc1C.Cl,5.3979400086720375,<rdkit.Chem.rdchem.Mol object at 0x000001D6E1D916D0>,False,False
CHEMBL3221555,IC50,nM,5000.0,IC50,uM,5.0,CCOC(=O)Nc1cc(Nc2ncnc3cc(OC)c(OC)cc23)ccc1C.Cl,5.301029995663981,<rdkit.Chem.rdchem.Mol object at 0x000001D6E1D91F20>,False,False
CHEMBL3221547,IC50,nM,5500.0,IC50,uM,5.5,CCCOc1cc2ncnc(Nc3ccc(NC(=O)OCC)c(Cl)c3)c2cc1OC.Cl,5.259637310505756,<rdkit.Chem.rdchem.Mol object at 0x000001D6E1D91EB0>,False,False
CHEMBL3221558,IC50,nM,6150.0,IC50,uM,6.15,COC(=O)Nc1ccc(Nc2ncnc3cc(OC)c(OC)cc23)cc1Cl.Cl,5.211124884224583,<rdkit.Chem.rdchem.Mol object at 0x000001D6E1D91D60>,False,False
CHEMBL3218347,IC50,nM,166.0,IC50,nM,166.0,CCC(=O)Nc1cccc(Nc2cc(Nc3cccc(Br)c3)ncn2)c1,6.779891911959945,<rdkit.Chem.rdchem.Mol object at 0x000001D6E1D91C10>,False,False
CHEMBL3221550,IC50,nM,7050.0,IC50,uM,7.05,CCCOC(=O)Nc1ccc(Nc2ncnc3cc(OC)c(OC)cc23)cc1.Cl,5.151810883008602,<rdkit.Chem.rdchem.Mol object at 0x000001D6E1D91BA0>,False,False
CHEMBL3221553,IC50,nM,7200.0,IC50,uM,7.2,COC(=O)Nc1cc(Nc2ncnc3cc(OC)c(OC)cc23)ccc1C.Cl,5.142667503568732,<rdkit.Chem.rdchem.Mol object at 0x000001D6E1D91B30>,False,False
CHEMBL3221541,IC50,nM,8000.0,IC50,uM,8.0,CCOC(=O)Nc1ccc(Nc2ncnc3cc(OCCN4CCOCC4)c(OC)cc23)cc1C.Cl,5.096910013008056,<rdkit.Chem.rdchem.Mol object at 0x000001D6E1D91A50>,False,False
CHEMBL3221546,IC50,nM,8500.0,IC50,uM,8.5,CCOC(=O)Nc1ccc(Nc2ncnc3cc(OCCN4CCOCC4)c(OC)cc23)cc1Cl.Cl,5.070581074285707,<rdkit.Chem.rdchem.Mol object at 0x000001D6E1D919E0>,False,False
CHEMBL3234736,IC50,nM,550.0,IC50,uM,0.55,Cc1ccc(C(=O)Nc2ccc(CN3CCN(C)CC3)c(C(F)(F)F)c2)cc1NC(=O)c1cccnc1,6.259637310505756,<rdkit.Chem.rdchem.Mol object at 0x000001D6E1D912E0>,False,False
CHEMBL3234737,IC50,nM,575.0,IC50,uM,0.575,Cc1ccc(C(=O)Nc2ccc(CN3CCN(C)CC3)c(C(F)(F)F)c2)cc1NC(=O)c1ccccn1,6.2403321553103694,<rdkit.Chem.rdchem.Mol object at 0x000001D6E1D91270>,False,False
CHEMBL3234740,IC50,nM,3900.0,IC50,uM,3.9,Cc1ccc(C(=O)Nc2ccc(CN3CCN(C)CC3)c(C(F)(F)F)c2)cc1NC(=O)c1cnccn1,5.4089353929735005,<rdkit.Chem.rdchem.Mol object at 0x000001D6E1D91200>,False,False
CHEMBL3234741,IC50,nM,1920.0,IC50,uM,1.92,Cc1ccc(C(=O)Nc2ccc(CN3CCN(C)CC3)c(C(F)(F)F)c2)cc1NC(=O)c1cncnc1,5.716698771296451,<rdkit.Chem.rdchem.Mol object at 0x000001D6E1D91190>,False,False
CHEMBL3234742,IC50,nM,43.0,IC50,uM,0.043,Cc1ccc(C(=O)Nc2ccc(CN3CCN(C)CC3)c(C(F)(F)F)c2)cc1NC(=O)c1cnc(N)nc1,7.366531544420414,<rdkit.Chem.rdchem.Mol object at 0x000001D6E1D91120>,False,False
CHEMBL3234743,IC50,nM,1330.0,IC50,uM,1.33,Cc1ccc(C(=O)Nc2ccc(CN3CCN(C)CC3)c(C(F)(F)F)c2)cc1NC(=O)c1ccc(O)nc1,5.876148359032914,<rdkit.Chem.rdchem.Mol object at 0x000001D6E1D910B0>,False,False
CHEMBL3234744,IC50,nM,120.0,IC50,uM,0.12,CNc1ncc(C(=O)Nc2cc(C(=O)Nc3ccc(CN4CCN(C)CC4)c(C(F)(F)F)c3)ccc2C)cn1,6.920818753952375,<rdkit.Chem.rdchem.Mol object at 0x000001D6E1D91040>,False,False
CHEMBL3234745,IC50,nM,130.0,IC50,uM,0.13,CCNc1ncc(C(=O)Nc2cc(C(=O)Nc3ccc(CN4CCN(C)CC4)c(C(F)(F)F)c3)ccc2C)cn1,6.886056647693163,<rdkit.Chem.rdchem.Mol object at 0x000001D6E1D91820>,False,False
CHEMBL3234746,IC50,nM,43.0,IC50,uM,0.043,Cc1ccc(C(=O)Nc2ccc(CN3CCN(C)CC3)c(C(F)(F)F)c2)cc1NC(=O)c1cnc(NC(C)C)nc1,7.366531544420414,<rdkit.Chem.rdchem.Mol object at 0x000001D6E1D9D040>,False,False
CHEMBL3234747,IC50,nM,44.0,IC50,uM,0.044,Cc1ccc(C(=O)Nc2ccc(CN3CCN(C)CC3)c(C(F)(F)F)c2)cc1NC(=O)c1cnc(NC2CC2)nc1,7.356547323513812,<rdkit.Chem.rdchem.Mol object at 0x000001D6E1D9D0B0>,False,False
CHEMBL3234748,IC50,nM,33.0,IC50,uM,0.033,Cc1ccc(C(=O)Nc2ccc(CN3CCN(C)CC3)c(C(F)(F)F)c2)cc1NC(=O)c1cnc(NC2CCCC2)nc1,7.481486060122112,<rdkit.Chem.rdchem.Mol object at 0x000001D6E1D9D120>,False,False
CHEMBL3234749,IC50,nM,47.0,IC50,uM,0.047,Cc1ccc(C(=O)Nc2ccc(CN3CCN(C)CC3)c(C(F)(F)F)c2)cc1NC(=O)c1cnc(NC2CCCCC2)nc1,7.327902142064283,<rdkit.Chem.rdchem.Mol object at 0x000001D6E1D9D190>,False,False
CHEMBL3234750,IC50,nM,6.0,IC50,uM,0.006,Cc1ccc(C(=O)Nc2ccc(CN3CCN(C)CC3)c(C(F)(F)F)c2)cc1NC(=O)c1cnc(Nc2ccccc2)nc1,8.221848749616356,<rdkit.Chem.rdchem.Mol object at 0x000001D6E1D9D200>,False,False
CHEMBL3234751,IC50,nM,5540.0,IC50,uM,5.54,Cc1ccc(C(=O)Nc2ccc(CN3CCN(C)CC3)c(C(F)(F)F)c2)cc1NC(=O)c1cnc(N(C)C)nc1,5.2564902352715706,<rdkit.Chem.rdchem.Mol object at 0x000001D6E1D9D270>,False,False
CHEMBL3234752,IC50,nM,8.0,IC50,uM,0.008,Cc1ccc(C(=O)Nc2ccc(CN3CCN(C)CC3)c(C(F)(F)F)c2)cc1NC(=O)c1cnc2[nH]ccc2c1,8.096910013008056,<rdkit.Chem.rdchem.Mol object at 0x000001D6E1D9D2E0>,False,False
CHEMBL3234753,IC50,nM,30.0,IC50,uM,0.03,Cc1ccc(C(=O)Nc2ccc(CN3CCN(C)CC3)c(C(F)(F)F)c2)cc1NC(=O)c1cnc2[nH]ncc2c1,7.522878745280337,<rdkit.Chem.rdchem.Mol object at 0x000001D6E1D9D350>,False,False
CHEMBL3234755,IC50,nM,680.0,IC50,uM,0.68,CN1CCN(Cc2ccc(NC(=O)c3cccc(NC(=O)c4cnc5[nH]ccc5c4)c3)cc2C(F)(F)F)CC1,6.167491087293763,<rdkit.Chem.rdchem.Mol object at 0x000001D6E1D9D3C0>,False,False
CHEMBL3234756,IC50,nM,99.0,IC50,uM,0.099,CCc1ccc(C(=O)Nc2ccc(CN3CCN(C)CC3)c(C(F)(F)F)c2)cc1NC(=O)c1cnc2[nH]ccc2c1,7.00436480540245,<rdkit.Chem.rdchem.Mol object at 0x000001D6E1D9D430>,False,False
CHEMBL3234757,IC50,nM,160.0,IC50,uM,0.16,CC(C)c1ccc(C(=O)Nc2ccc(CN3CCN(C)CC3)c(C(F)(F)F)c2)cc1NC(=O)c1cnc2[nH]ccc2c1,6.795880017344075,<rdkit.Chem.rdchem.Mol object at 0x000001D6E1D9D4A0>,False,False
CHEMBL3237931,IC50,nM,525.0,IC50,uM,0.525,COc1cc(N2CCN(C)CC2)ccc1Nc1ncc(Cl)c(Oc2cccc(NC(=O)CCN3CCCC3)c2)n1,6.279840696594043,<rdkit.Chem.rdchem.Mol object at 0x000001D6E1D9D510>,False,False
CHEMBL3237930,IC50,nM,877.0,IC50,uM,0.877,CCN(CC)CCC(=O)Nc1cccc(Oc2nc(Nc3ccc(N4CCN(C)CC4)cc3OC)ncc2Cl)c1,6.05700040663396,<rdkit.Chem.rdchem.Mol object at 0x000001D6E1D9D580>,False,False
CHEMBL3237929,IC50,nM,638.0,IC50,uM,0.638,COc1cc(N2CCN(C)CC2)ccc1Nc1ncc(Cl)c(Oc2cccc(NC(=O)CCN(C)C)c2)n1,6.195179321278838,<rdkit.Chem.rdchem.Mol object at 0x000001D6E1D9D5F0>,False,False
CHEMBL3237932,IC50,nM,10000.0,IC50,uM,10.0,COc1cc(N2CCN(C)CC2)ccc1Nc1ncc(Cl)c(Oc2cccc(NC(=O)CCN3CCCCC3)c2)n1,5.0,<rdkit.Chem.rdchem.Mol object at 0x000001D6E1D9D660>,False,False
CHEMBL3237934,IC50,nM,7442.0,IC50,uM,7.442,COc1cc(N2CCN(C)CC2)ccc1Nc1ncc(Cl)c(Oc2cccc(NC(=O)CCN3CCN(C)CC3)c2)n1,5.1283103343144845,<rdkit.Chem.rdchem.Mol object at 0x000001D6E1D9D6D0>,False,False
CHEMBL3237935,IC50,nM,698.0,IC50,uM,0.698,CCOC(=O)N1CCN(CCC(=O)Nc2cccc(Oc3nc(Nc4ccc(N5CCN(C)CC5)cc4OC)ncc3Cl)c2)CC1,6.156144577376839,<rdkit.Chem.rdchem.Mol object at 0x000001D6E1D9D740>,False,False
CHEMBL3237936,IC50,nM,2388.0,IC50,uM,2.388,COc1cc(N2CCN(C)CC2)ccc1Nc1ncc(Cl)c(Oc2cccc(NC(=O)CCN3CCN(CCO)CC3)c2)n1,5.6219656775426685,<rdkit.Chem.rdchem.Mol object at 0x000001D6E1D9D7B0>,False,False
CHEMBL3237938,IC50,nM,18020.0,IC50,uM,18.02,Cc1nn(-c2ccccc2)c(Cl)c1C1C(C#N)=C(N)N(c2cccnc2)C2=C1C(=O)CCC2,4.744245213356956,<rdkit.Chem.rdchem.Mol object at 0x000001D6E1D9D890>,False,False
CHEMBL3237939,IC50,nM,10120.0,IC50,uM,10.12,Cc1ccc(-n2nc(C)c(C3C(C#N)=C(N)N(c4cccnc4)C4=C3C(=O)CCC4)c2Cl)cc1,4.99481948749622,<rdkit.Chem.rdchem.Mol object at 0x000001D6E1D9D900>,False,False
CHEMBL3237940,IC50,nM,4150.0,IC50,uM,4.15,Cc1nn(-c2ccc(Cl)cc2)c(Cl)c1C1C(C#N)=C(N)N(c2cccnc2)C2=C1C(=O)CCC2,5.381951903287908,<rdkit.Chem.rdchem.Mol object at 0x000001D6E1D9D970>,False,False
CHEMBL3237941,IC50,nM,32130.0,IC50,uM,32.13,Cc1nn(-c2ccccc2)c(Cl)c1C1C(C#N)=C(N)N(c2cccnc2)C2=C1C(=O)CC(C)(C)C2,4.493089274448482,<rdkit.Chem.rdchem.Mol object at 0x000001D6E1D9D9E0>,False,False
CHEMBL3237942,IC50,nM,14700.0,IC50,uM,14.7,Cc1ccc(-n2nc(C)c(C3C(C#N)=C(N)N(c4cccnc4)C4=C3C(=O)CC(C)(C)C4)c2Cl)cc1,4.832682665251824,<rdkit.Chem.rdchem.Mol object at 0x000001D6E1D9DA50>,False,False
CHEMBL3237943,IC50,nM,24050.0,IC50,uM,24.05,Cc1nn(-c2ccc(Cl)cc2)c(Cl)c1C1C(C#N)=C(N)N(c2cccnc2)C2=C1C(=O)CC(C)(C)C2,4.618884919290149,<rdkit.Chem.rdchem.Mol object at 0x000001D6E1D9DAC0>,False,False
CHEMBL3237944,IC50,nM,2090.0,IC50,uM,2.09,CCOC(=O)C1=C(N)N(c2cccnc2)C2=C(C(=O)CCC2)C1c1c(C)nn(-c2ccccc2)c1Cl,5.679853713888946,<rdkit.Chem.rdchem.Mol object at 0x000001D6E1D9DB30>,False,False
CHEMBL3237945,IC50,nM,910.0,IC50,uM,0.91,CCOC(=O)C1=C(N)N(c2cccnc2)C2=C(C(=O)CCC2)C1c1c(C)nn(-c2ccc(C)cc2)c1Cl,6.040958607678906,<rdkit.Chem.rdchem.Mol object at 0x000001D6E1D9DBA0>,False,False
CHEMBL3237946,IC50,nM,6150.0,IC50,uM,6.15,CCOC(=O)C1=C(N)N(c2cccnc2)C2=C(C(=O)CCC2)C1c1c(C)nn(-c2ccc(Cl)cc2)c1Cl,5.211124884224583,<rdkit.Chem.rdchem.Mol object at 0x000001D6E1D9DC10>,False,False
CHEMBL3237947,IC50,nM,11180.0,IC50,uM,11.18,CCOC(=O)C1=C(N)N(c2cccnc2)C2=C(C(=O)CC(C)(C)C2)C1c1c(C)nn(-c2ccccc2)c1Cl,4.951558196449596,<rdkit.Chem.rdchem.Mol object at 0x000001D6E1D9DC80>,False,False
CHEMBL3237948,IC50,nM,510.0,IC50,uM,0.51,CCOC(=O)C1=C(N)N(c2cccnc2)C2=C(C(=O)CC(C)(C)C2)C1c1c(C)nn(-c2ccc(C)cc2)c1Cl,6.292429823902063,<rdkit.Chem.rdchem.Mol object at 0x000001D6E1D9DCF0>,False,False
CHEMBL3237949,IC50,nM,1030.0,IC50,uM,1.03,CCOC(=O)C1=C(N)N(c2cccnc2)C2=C(C(=O)CC(C)(C)C2)C1c1c(C)nn(-c2ccc(Cl)cc2)c1Cl,5.987162775294828,<rdkit.Chem.rdchem.Mol object at 0x000001D6E1D9DD60>,False,False
CHEMBL3233761,IC50,nM,799.0,IC50,uM,0.799,CN(C)CCCC(=O)Nc1cc2c(Nc3ccc(F)c(Cl)c3)ncnc2s1,6.097453220686009,<rdkit.Chem.rdchem.Mol object at 0x000001D6E1D9DE40>,False,False
CHEMBL3233762,IC50,nM,4286.0,IC50,uM,4.286,CN(C)CCN(C)CC(=O)Nc1cc2c(Nc3ccc(F)c(Cl)c3)ncnc2s1,5.36794783329419,<rdkit.Chem.rdchem.Mol object at 0x000001D6E1D9DEB0>,False,False
CHEMBL3233763,IC50,nM,5222.0,IC50,uM,5.222,CN(C)CCCN(C)CC(=O)Nc1cc2c(Nc3ccc(F)c(Cl)c3)ncnc2s1,5.282163132513074,<rdkit.Chem.rdchem.Mol object at 0x000001D6E1D9DF20>,False,False
CHEMBL3233764,IC50,nM,542.0,IC50,uM,0.542,O=C(CN1CCC(CCO)CC1)Nc1cc2c(Nc3ccc(F)c(Cl)c3)ncnc2s1,6.266000713461613,<rdkit.Chem.rdchem.Mol object at 0x000001D6E1D9DF90>,False,False
CHEMBL3233765,IC50,nM,3399.0,IC50,uM,3.399,CN1CCN(CC(=O)Nc2cc3c(Nc4ccc(F)c(Cl)c4)ncnc3s2)CC1,5.46864883541694,<rdkit.Chem.rdchem.Mol object at 0x000001D6E1D9F040>,False,False
CHEMBL3233766,IC50,nM,770.0,IC50,uM,0.77,O=C(CN1CCN(CCO)CC1)Nc1cc2c(Nc3ccc(F)c(Cl)c3)ncnc2s1,6.113509274827518,<rdkit.Chem.rdchem.Mol object at 0x000001D6E1D9F0B0>,False,False
CHEMBL3263359,IC50,nM,3960.0,IC50,uM,3.96,Cc1ccc(C2=NN(C3=NC(c4ccccc4)CS3)C(c3cccc4ccccc34)C2)cc1C,5.402304814074488,<rdkit.Chem.rdchem.Mol object at 0x000001D6E1DA8AC0>,False,False
CHEMBL3263364,IC50,nM,5530.0,IC50,uM,5.53,COc1ccc(C2=NN(C3=NC(=O)CS3)C(c3cccc4ccccc34)C2)cc1,5.257274868695302,<rdkit.Chem.rdchem.Mol object at 0x000001D6E1DA8A50>,False,False
CHEMBL3263366,IC50,nM,1320.0,IC50,uM,1.32,Cc1ccc(C2=NN(C3=NC(=O)CS3)C(c3cccc4ccccc34)C2)cc1C,5.87942606879415,<rdkit.Chem.rdchem.Mol object at 0x000001D6E1DA89E0>,False,False
CHEMBL3263372,IC50,nM,5260.0,IC50,uM,5.26,Cc1ccc(C2=NN(C3=NC(c4ccccc4)CS3)C(c3ccc4ccccc4c3)C2)cc1,5.279014255846261,<rdkit.Chem.rdchem.Mol object at 0x000001D6E1DA8970>,False,False
CHEMBL3263373,IC50,nM,650.0,IC50,uM,0.65,Cc1ccc(C2=NN(C3=NC(c4ccccc4)CS3)C(c3ccc4ccccc4c3)C2)cc1C,6.187086643357144,<rdkit.Chem.rdchem.Mol object at 0x000001D6E1DA8F90>,False,False
CHEMBL3263374,IC50,nM,6310.0,IC50,uM,6.31,O=C1CSC(N2N=C(c3ccccc3)CC2c2ccc3ccccc3c2)=N1,5.199970640755866,<rdkit.Chem.rdchem.Mol object at 0x000001D6E1DA8F20>,False,False
CHEMBL3263378,IC50,nM,2800.0,IC50,uM,2.8,COc1ccc(C2=NN(C3=NC(=O)CS3)C(c3ccc4ccccc4c3)C2)cc1,5.552841968657781,<rdkit.Chem.rdchem.Mol object at 0x000001D6E1DA8EB0>,False,False
CHEMBL3263379,IC50,nM,3250.0,IC50,uM,3.25,Cc1ccc(C2=NN(C3=NC(=O)CS3)C(c3ccc4ccccc4c3)C2)cc1,5.488116639021126,<rdkit.Chem.rdchem.Mol object at 0x000001D6E1DA8E40>,False,False
CHEMBL3263380,IC50,nM,120.0,IC50,uM,0.12,Cc1ccc(C2=NN(C3=NC(=O)CS3)C(c3ccc4ccccc4c3)C2)cc1C,6.920818753952375,<rdkit.Chem.rdchem.Mol object at 0x000001D6E1DA8900>,False,False
CHEMBL3287898,IC50,nM,7500.0,IC50,uM,7.5,CCc1ccccc1NC(=O)N1C[C@@H](C)Oc2cc(-c3ccc([C@H]4CC[C@H](CC(=O)O)CC4)cc3)ccc21,5.1249387366083,<rdkit.Chem.rdchem.Mol object at 0x000001D6E1DA87B0>,False,False
CHEMBL3297893,IC50,nM,122.1,IC50,nM,122.1,Cc1nc(Nc2ccc(C(F)(F)F)cc2)c2cc(C)oc2n1,6.913284336055117,<rdkit.Chem.rdchem.Mol object at 0x000001D6E1DA8740>,False,False
CHEMBL3297894,IC50,nM,30.2,IC50,nM,30.2,Cc1nc(Nc2ccc(F)c(Cl)c2)c2cc(C)oc2n1,7.519993057042849,<rdkit.Chem.rdchem.Mol object at 0x000001D6E1DA86D0>,False,False
CHEMBL3297898,IC50,nM,68.2,IC50,nM,68.2,COc1ccc(N(C)c2nc(C)nc3oc(C)cc23)cc1,7.166215625343521,<rdkit.Chem.rdchem.Mol object at 0x000001D6E1DA85F0>,False,False
CHEMBL3297897,IC50,nM,42.2,IC50,nM,42.2,COc1ccc(Nc2nc(C)nc3oc(C)cc23)cc1,7.374687549038326,<rdkit.Chem.rdchem.Mol object at 0x000001D6E1DA8580>,False,False
CHEMBL3297900,IC50,nM,73.3,IC50,nM,73.3,CCCN(c1ccc(OC)cc1)c1nc(C)nc2oc(C)cc12,7.134896025358872,<rdkit.Chem.rdchem.Mol object at 0x000001D6E1DA8510>,False,False
CHEMBL3298000,IC50,nM,82.3,IC50,nM,82.3,COc1ccc(N(C)c2nc(C)nc3oc(C)cc23)cc1.Cl,7.08460016478773,<rdkit.Chem.rdchem.Mol object at 0x000001D6E1DA84A0>,False,False
CHEMBL3297896,IC50,nM,90.2,IC50,nM,90.2,Cc1nc(Nc2cccc3[nH]ccc23)c2cc(C)oc2n1,7.044793462458058,<rdkit.Chem.rdchem.Mol object at 0x000001D6E1DA8430>,False,False
CHEMBL3297999,IC50,nM,84.4,IC50,nM,84.4,COc1ccc(N(c2nc(C)nc3oc(C)cc23)C(C)C)cc1,7.073657553374344,<rdkit.Chem.rdchem.Mol object at 0x000001D6E1DA83C0>,False,False
CHEMBL3297899,IC50,nM,70.7,IC50,nM,70.7,CCN(c1ccc(OC)cc1)c1nc(C)nc2oc(C)cc12,7.150580586203101,<rdkit.Chem.rdchem.Mol object at 0x000001D6E1DA8350>,False,False
CHEMBL3297895,IC50,nM,102.3,IC50,nM,102.3,Cc1nc(Nc2ccc(Cl)cc2)c2cc(C)oc2n1,6.99012436628784,<rdkit.Chem.rdchem.Mol object at 0x000001D6E1DA82E0>,False,False
CHEMBL3297891,IC50,nM,145.2,IC50,nM,145.2,Cc1nc(Nc2cccc3ccccc23)c2cc(C)oc2n1,6.838033383635925,<rdkit.Chem.rdchem.Mol object at 0x000001D6E1DA8270>,False,False
CHEMBL3297998,IC50,nM,340.1,IC50,nM,340.1,CCCCN(c1ccc(OC)cc1)c1nc(C)nc2oc(C)cc12,6.468393368067278,<rdkit.Chem.rdchem.Mol object at 0x000001D6E1DA8200>,False,False
CHEMBL3297816,IC50,nM,113.2,IC50,nM,113.2,Cc1nc(Nc2ccccc2)c2cc(C)oc2n1,6.946153573147748,<rdkit.Chem.rdchem.Mol object at 0x000001D6E1DA8190>,False,False
CHEMBL3040861,IC50,nM,2.0,IC50,uM,0.002,c1ccc(-c2cccc(Nc3ncnc4cc5c(cc34)OCO5)c2)cc1,8.698970004336019,<rdkit.Chem.rdchem.Mol object at 0x000001D6E1DA8120>,False,False
CHEMBL3040806,IC50,nM,42.0,IC50,uM,0.042,c1ccc(-c2cccc(Nc3ncnc4cc5c(cc34)OCCO5)c2)cc1,7.376750709602099,<rdkit.Chem.rdchem.Mol object at 0x000001D6E1DA80B0>,False,False
CHEMBL3040910,IC50,nM,27.0,IC50,uM,0.027,c1ccc(-c2cccc(Nc3ncnc4cc5c(cc34)OCCCO5)c2)cc1,7.568636235841013,<rdkit.Chem.rdchem.Mol object at 0x000001D6E1DA8040>,False,False
CHEMBL3358006,IC50,nM,2100.0,IC50,uM,2.1,C[C@@H]1CN(c2nc(C(F)(F)F)no2)CCN1c1ncc(OCc2ccc(CS(C)(=O)=O)cc2F)cn1,5.6777807052660805,<rdkit.Chem.rdchem.Mol object at 0x000001D6E1DA72E0>,False,False
CHEMBL3325480,IC50,nM,16700.0,IC50,uM,16.7,CCOC(=O)C1=C(N)N(c2cccnc2)C2=C(C(=O)CCC2)C1c1cc2cc(Cl)ccc2n2nnnc12,4.777283528852417,<rdkit.Chem.rdchem.Mol object at 0x000001D6E1D94660>,False,False
CHEMBL3325479,IC50,nM,200.0,IC50,uM,0.2,CCOC(=O)C1=C(N)N(c2cccnc2)C2=C(C(=O)CCC2)C1c1cc2cc(OC)ccc2n2nnnc12,6.698970004336019,<rdkit.Chem.rdchem.Mol object at 0x000001D6E1D945F0>,False,False
CHEMBL3325478,IC50,nM,7000.0,IC50,uM,7.0,CCOC(=O)C1=C(N)N(c2cccnc2)C2=C(C(=O)CCC2)C1c1cc2cc(C)ccc2n2nnnc12,5.154901959985743,<rdkit.Chem.rdchem.Mol object at 0x000001D6E1D94580>,False,False
CHEMBL3325477,IC50,nM,90.0,IC50,uM,0.09,CCOC(=O)C1=C(N)N(c2cccnc2)C2=C(C(=O)CCC2)C1c1cc2ccccc2n2nnnc12,7.045757490560675,<rdkit.Chem.rdchem.Mol object at 0x000001D6E1D94510>,False,False
CHEMBL3325476,IC50,nM,8100.0,IC50,uM,8.1,COC(=O)C1=C(N)N(c2cccnc2)C2=C(C(=O)CCC2)C1c1cc2cc(Cl)ccc2n2nnnc12,5.091514981121351,<rdkit.Chem.rdchem.Mol object at 0x000001D6E1D94BA0>,False,False
CHEMBL3325475,IC50,nM,1300.0,IC50,uM,1.3,COC(=O)C1=C(N)N(c2cccnc2)C2=C(C(=O)CCC2)C1c1cc2cc(OC)ccc2n2nnnc12,5.886056647693163,<rdkit.Chem.rdchem.Mol object at 0x000001D6E1D94B30>,False,False
CHEMBL3325474,IC50,nM,4300.0,IC50,uM,4.3,COC(=O)C1=C(N)N(c2cccnc2)C2=C(C(=O)CCC2)C1c1cc2cc(C)ccc2n2nnnc12,5.366531544420414,<rdkit.Chem.rdchem.Mol object at 0x000001D6E1D94A50>,False,False
CHEMBL3325473,IC50,nM,1100.0,IC50,uM,1.1,COC(=O)C1=C(N)N(c2cccnc2)C2=C(C(=O)CCC2)C1c1cc2ccccc2n2nnnc12,5.958607314841775,<rdkit.Chem.rdchem.Mol object at 0x000001D6E1D949E0>,False,False
CHEMBL3325472,IC50,nM,18300.0,IC50,uM,18.3,N#CC1=C(N)N(c2cccnc2)C2=C(C(=O)CCC2)C1c1cc2cc(Cl)ccc2n2nnnc12,4.73754891026957,<rdkit.Chem.rdchem.Mol object at 0x000001D6E1D94970>,False,False
CHEMBL3325471,IC50,nM,5400.0,IC50,uM,5.4,COc1ccc2c(c1)cc(C1C(C#N)=C(N)N(c3cccnc3)C3=C1C(=O)CCC3)c1nnnn12,5.267606240177032,<rdkit.Chem.rdchem.Mol object at 0x000001D6E1D947B0>,False,False
CHEMBL3325470,IC50,nM,10400.0,IC50,uM,10.4,Cc1ccc2c(c1)cc(C1C(C#N)=C(N)N(c3cccnc3)C3=C1C(=O)CCC3)c1nnnn12,4.982966660701219,<rdkit.Chem.rdchem.Mol object at 0x000001D6E1D94740>,False,False
CHEMBL3327179,IC50,nM,4800.0,IC50,uM,4.8,N#CC1=C(N)N(c2cccnc2)C2=C(C(=O)CCC2)C1c1cc2ccccc2n2nnnc12,5.318758762624412,<rdkit.Chem.rdchem.Mol object at 0x000001D6E1D944A0>,False,False
CHEMBL3344221,IC50,nM,30.4,IC50,nM,30.4,CN(C)[C@@H](CS(C)(=O)=O)c1ccc(-c2ccc3ncnc(Nc4ccc(OCc5cccc(F)c5)c(Cl)c4)c3c2)o1,7.517126416391246,<rdkit.Chem.rdchem.Mol object at 0x000001D6E1D94430>,False,False
CHEMBL3344220,IC50,nM,13.5,IC50,nM,13.5,CS(=O)(=O)C[C@H](N)c1ccc(-c2ccc3ncnc(Nc4ccc(OCc5cccc(F)c5)c(Cl)c4)c3c2)o1,7.8696662315049934,<rdkit.Chem.rdchem.Mol object at 0x000001D6E1D943C0>,False,False
CHEMBL3344216,IC50,nM,4.1,IC50,nM,4.1,CN(C)[C@H](CS(C)(=O)=O)c1ccc(-c2ccc3ncnc(Nc4ccc(OCc5cccc(F)c5)c(Cl)c4)c3c2)o1,8.387216143280265,<rdkit.Chem.rdchem.Mol object at 0x000001D6E1D94200>,False,False
CHEMBL3344215,IC50,nM,10.8,IC50,nM,10.8,CS(=O)(=O)C[C@@H](N)c1ccc(-c2ccc3ncnc(Nc4ccc(OCc5cccc(F)c5)c(Cl)c4)c3c2)o1,7.966576244513051,<rdkit.Chem.rdchem.Mol object at 0x000001D6E1D94190>,False,False
CHEMBL3344214,IC50,nM,28.7,IC50,nM,28.7,CS(=O)(=O)CCNC(CS(C)(=O)=O)c1ccc(-c2ccc3ncnc(Nc4ccc(OCc5cccc(F)c5)c(Cl)c4)c3c2)o1,7.542118103266008,<rdkit.Chem.rdchem.Mol object at 0x000001D6E1D94120>,False,False
CHEMBL3344213,IC50,nM,39.2,IC50,nM,39.2,CC(C)NC(CS(C)(=O)=O)c1ccc(-c2ccc3ncnc(Nc4ccc(OCc5cccc(F)c5)c(Cl)c4)c3c2)o1,7.406713932979542,<rdkit.Chem.rdchem.Mol object at 0x000001D6E1D940B0>,False,False
CHEMBL3344212,IC50,nM,77.2,IC50,nM,77.2,CS(=O)(=O)CC(NC1CCCCC1)c1ccc(-c2ccc3ncnc(Nc4ccc(OCc5cccc(F)c5)c(Cl)c4)c3c2)o1,7.112382699664264,<rdkit.Chem.rdchem.Mol object at 0x000001D6E1D94040>,False,False
CHEMBL3344211,IC50,nM,14.7,IC50,nM,14.7,CCNC(CS(C)(=O)=O)c1ccc(-c2ccc3ncnc(Nc4ccc(OCc5cccc(F)c5)c(Cl)c4)c3c2)o1,7.832682665251823,<rdkit.Chem.rdchem.Mol object at 0x000001D6E1DA6040>,False,False
CHEMBL3344208,IC50,nM,6.8,IC50,nM,6.8,CN(C)C(CS(C)(=O)=O)c1ccc(-c2ccc3ncnc(Nc4ccc(OCc5cccc(F)c5)c(Cl)c4)c3c2)o1,8.167491087293763,<rdkit.Chem.rdchem.Mol object at 0x000001D6E1DA60B0>,False,False
CHEMBL3344210,IC50,nM,34.8,IC50,nM,34.8,CNC(CS(C)(=O)=O)c1ccc(-c2ccc3ncnc(Nc4ccc(OCc5cccc(F)c5)c(Cl)c4)c3c2)o1,7.458420756053419,<rdkit.Chem.rdchem.Mol object at 0x000001D6E1DA6120>,False,False
CHEMBL3344209,IC50,nM,17.6,IC50,nM,17.6,CS(=O)(=O)CC(N)c1ccc(-c2ccc3ncnc(Nc4ccc(OCc5cccc(F)c5)c(Cl)c4)c3c2)o1,7.75448733218585,<rdkit.Chem.rdchem.Mol object at 0x000001D6E1DA6190>,False,False
CHEMBL1365395,IC50,nM,3920.0,IC50,uM,3.92,Cc1ccc2c(C)nc(Nc3nc(O)cc(CSc4nnnn4-c4ccccc4)n3)nc2c1,5.406713932979542,<rdkit.Chem.rdchem.Mol object at 0x000001D6E1DA62E0>,False,False
CHEMBL3397275,IC50,nM,1210.0,IC50,umol/L,1.21,Clc1cc(Nc2ncnc3ccc(NC4=NC[C@H](COc5ccccc5)O4)cc23)ccc1OCc1nccs1,5.91721462968355,<rdkit.Chem.rdchem.Mol object at 0x000001D6E1DA6350>,False,False
CHEMBL3397276,IC50,nM,950.0,IC50,umol/L,0.95,Clc1cc(Nc2ncnc3ccc(NC4=NC[C@@H](COc5ccccc5)O4)cc23)ccc1OCc1nccs1,6.022276394711152,<rdkit.Chem.rdchem.Mol object at 0x000001D6E1DA63C0>,False,False
CHEMBL3403513,IC50,nM,226.4,IC50,nM,226.4,Cc1nc(N(C)c2ccc3c(c2)CCO3)c2cc(C)oc2n1,6.645123577483767,<rdkit.Chem.rdchem.Mol object at 0x000001D6E1DA6430>,False,False
CHEMBL3403512,IC50,nM,298.2,IC50,nM,298.2,Cc1nc(N(C)c2ccc3c(c2)OCO3)c2cc(C)oc2n1,6.525492360883025,<rdkit.Chem.rdchem.Mol object at 0x000001D6E1DA64A0>,False,False
CHEMBL3403510,IC50,nM,90.3,IC50,nM,90.3,COc1ccc(N(C)c2nc(C)nc3oc(C)cc23)cc1OC,7.044312249686494,<rdkit.Chem.rdchem.Mol object at 0x000001D6E1DA6510>,False,False
CHEMBL3403509,IC50,nM,162.3,IC50,nM,162.3,COc1ccc(N(C)c2nc(C)nc3oc(C)cc23)c(OC)c1,6.789681480173768,<rdkit.Chem.rdchem.Mol object at 0x000001D6E1DA6580>,False,False
CHEMBL3403514,IC50,nM,306.6,IC50,nM,306.6,Cc1nc(N(C)c2ccc3occc3c2)c2cc(C)oc2n1,6.513427849481643,<rdkit.Chem.rdchem.Mol object at 0x000001D6E1DA65F0>,False,False
CHEMBL3403515,IC50,nM,103.2,IC50,nM,103.2,COc1ccc2c(c1)CCN2c1nc(C)nc2oc(C)cc12,6.986320302708807,<rdkit.Chem.rdchem.Mol object at 0x000001D6E1DA6660>,False,False
CHEMBL3403517,IC50,nM,3.4,IC50,nM,3.4,COc1ccc2c(c1)CCCN2c1nc(C)nc2oc(C)cc12,8.468521082957745,<rdkit.Chem.rdchem.Mol object at 0x000001D6E1DA66D0>,False,False
CHEMBL3403518,IC50,nM,102.2,IC50,nM,102.2,Cc1nc(N(C)c2ccc(OC(C)C)cc2)c2cc(C)oc2n1,6.990549104201306,<rdkit.Chem.rdchem.Mol object at 0x000001D6E1DA6740>,False,False
CHEMBL3409482,IC50,nM,36.0,IC50,uM,0.036,CN(CCO)c1cc2c(Nc3ccc4c(cnn4Cc4ccccc4)c3)ncnc2cn1,7.443697499232712,<rdkit.Chem.rdchem.Mol object at 0x000001D6E1DA6890>,False,False
CHEMBL3416631,IC50,nM,600.0,IC50,nM,600.0,OCCN1CCN(Cc2ccc(-c3cc4c(N[C@H](CO)c5ccccc5)ncnc4s3)cc2)CC1,6.221848749616356,<rdkit.Chem.rdchem.Mol object at 0x000001D6E1DA6AC0>,False,False
CHEMBL3416630,IC50,nM,600.0,IC50,nM,600.0,OC[C@@H](Nc1ncnc2sc(-c3ccc(CN4CCNCC4)cc3)cc12)c1ccccc1,6.221848749616356,<rdkit.Chem.rdchem.Mol object at 0x000001D6E1DA6B30>,False,False
CHEMBL3416628,IC50,nM,7.0,IC50,nM,7.0,O=C(Nc1ccc(CN2CCCC2)cc1)c1sc2ncnc3c2c1NC(=O)N3c1ccc(F)c(Cl)c1,8.154901959985743,<rdkit.Chem.rdchem.Mol object at 0x000001D6E1DA6C10>,False,False
CHEMBL3416627,IC50,nM,220.0,IC50,nM,220.0,COc1ccccc1-c1cc2c(Nc3ccc(OCc4cccc(F)c4)c(Cl)c3)ncnc2s1,6.657577319177793,<rdkit.Chem.rdchem.Mol object at 0x000001D6E1DA6C80>,False,False
CHEMBL3416625,IC50,nM,5.0,IC50,nM,5.0,COc1ccccc1-c1cc2c(Nc3ccc(F)c(Cl)c3)ncnc2s1,8.301029995663981,<rdkit.Chem.rdchem.Mol object at 0x000001D6E1DA6D60>,False,False
CHEMBL3416624,IC50,nM,173.0,IC50,nM,173.0,COc1ccccc1-c1cc2c(Nc3ccccc3)ncnc2s1,6.761953896871205,<rdkit.Chem.rdchem.Mol object at 0x000001D6E1DA6DD0>,False,False
CHEMBL3416623,IC50,nM,55.0,IC50,nM,55.0,COc1ccccc1-c1cc2c(N[C@H](C)c3cccs3)ncnc2s1,7.259637310505756,<rdkit.Chem.rdchem.Mol object at 0x000001D6E1DA6E40>,False,False
CHEMBL3416622,IC50,nM,170.0,IC50,nM,170.0,COc1ccccc1-c1cc2c(NCc3cccs3)ncnc2s1,6.769551078621726,<rdkit.Chem.rdchem.Mol object at 0x000001D6E1DA6EB0>,False,False
CHEMBL3416437,IC50,nM,153.0,IC50,nM,153.0,COc1ccccc1-c1cc2c(N[C@H](C)c3ccccn3)ncnc2s1,6.815308569182402,<rdkit.Chem.rdchem.Mol object at 0x000001D6E1DA6F20>,False,False
CHEMBL3414594,IC50,nM,183.0,IC50,nM,183.0,COc1ccccc1-c1cc2c(NCc3ccccn3)ncnc2s1,6.73754891026957,<rdkit.Chem.rdchem.Mol object at 0x000001D6E1DA6F90>,False,False
CHEMBL3416598,IC50,nM,275.0,IC50,nM,275.0,COc1ccccc1-c1cc2c(NCc3cccnc3)ncnc2s1,6.560667306169737,<rdkit.Chem.rdchem.Mol object at 0x000001D6E1DAE040>,False,False
CHEMBL3416597,IC50,nM,108.0,IC50,nM,108.0,COc1ccccc1-c1cc2c(NCc3ccncc3)ncnc2s1,6.966576244513051,<rdkit.Chem.rdchem.Mol object at 0x000001D6E1DAE0B0>,False,False
CHEMBL3416596,IC50,nM,27.0,IC50,nM,27.0,COc1ccccc1-c1cc2c(N[C@H](C)c3ccc(F)cc3)ncnc2s1,7.568636235841013,<rdkit.Chem.rdchem.Mol object at 0x000001D6E1DAE120>,False,False
CHEMBL3416595,IC50,nM,23.0,IC50,nM,23.0,COC[C@@H](Nc1ncnc2sc(-c3ccccc3OC)cc12)c1ccccc1,7.638272163982407,<rdkit.Chem.rdchem.Mol object at 0x000001D6E1DAE190>,False,False
CHEMBL3416594,IC50,nM,8.0,IC50,nM,8.0,COc1ccccc1-c1cc2c(NC(CO)c3ccccc3)ncnc2s1,8.096910013008056,<rdkit.Chem.rdchem.Mol object at 0x000001D6E1DAE200>,False,False
CHEMBL3416593,IC50,nM,629.0,IC50,nM,629.0,COc1ccccc1-c1cc2c(N[C@@H](CO)c3ccccc3)ncnc2s1,6.201349354554731,<rdkit.Chem.rdchem.Mol object at 0x000001D6E1DAE270>,False,False
CHEMBL3416592,IC50,nM,1.0,IC50,nM,1.0,COc1ccccc1-c1cc2c(N[C@H](CO)c3ccccc3)ncnc2s1,9.0,<rdkit.Chem.rdchem.Mol object at 0x000001D6E1DAE2E0>,False,False
CHEMBL3416591,IC50,nM,19.0,IC50,nM,19.0,COc1ccccc1-c1cc2c(NC(C)c3ccccc3)ncnc2s1,7.721246399047171,<rdkit.Chem.rdchem.Mol object at 0x000001D6E1DAE350>,False,False
CHEMBL3416590,IC50,nM,1860.0,IC50,nM,1860.0,COc1ccccc1-c1cc2c(N[C@@H](C)c3ccccc3)ncnc2s1,5.730487055782084,<rdkit.Chem.rdchem.Mol object at 0x000001D6E1DAE3C0>,False,False
CHEMBL3416447,IC50,nM,9.0,IC50,nM,9.0,COc1ccccc1-c1cc2c(N[C@H](C)c3ccccc3)ncnc2s1,8.045757490560675,<rdkit.Chem.rdchem.Mol object at 0x000001D6E1DAE430>,False,False
CHEMBL3416446,IC50,nM,17.0,IC50,nM,17.0,COc1ccccc1-c1cc2c(NCc3ccccc3)ncnc2s1,7.769551078621726,<rdkit.Chem.rdchem.Mol object at 0x000001D6E1DAE4A0>,False,False
CHEMBL3416441,IC50,nM,257.0,IC50,nM,257.0,Fc1cccc(COc2ccc(Nc3ncnc4sc(Br)cc34)cc2Cl)c1,6.590066876668706,<rdkit.Chem.rdchem.Mol object at 0x000001D6E1DAE510>,False,False
CHEMBL3416438,IC50,nM,53.0,IC50,nM,53.0,Fc1ccc(Nc2ncnc3sc(Br)cc23)cc1Cl,7.275724130399211,<rdkit.Chem.rdchem.Mol object at 0x000001D6E1DAE5F0>,False,False
CHEMBL3416621,IC50,nM,80.0,IC50,nM,80.0,Brc1cc2c(Nc3ccccc3)ncnc2s1,7.096910013008056,<rdkit.Chem.rdchem.Mol object at 0x000001D6E1DAE660>,False,False
CHEMBL3416620,IC50,nM,415.0,IC50,nM,415.0,C[C@@H](Nc1ncnc2sc(Br)cc12)c1cccs1,6.381951903287908,<rdkit.Chem.rdchem.Mol object at 0x000001D6E1DAE6D0>,False,False
CHEMBL3416619,IC50,nM,1374.0,IC50,nM,1374.0,Brc1cc2c(NCc3cccs3)ncnc2s1,5.862013267276469,<rdkit.Chem.rdchem.Mol object at 0x000001D6E1DAE740>,False,False
CHEMBL3416617,IC50,nM,2079.0,IC50,nM,2079.0,C[C@@H](Nc1ncnc2sc(Br)cc12)c1ccccn1,5.682145510668531,<rdkit.Chem.rdchem.Mol object at 0x000001D6E1DAE7B0>,False,False
CHEMBL3416616,IC50,nM,7904.0,IC50,nM,7904.0,Brc1cc2c(NCc3ccccn3)ncnc2s1,5.102153068420428,<rdkit.Chem.rdchem.Mol object at 0x000001D6E1DAE820>,False,False
CHEMBL3416614,IC50,nM,3883.0,IC50,nM,3883.0,Brc1cc2c(NCc3ccncc3)ncnc2s1,5.410832609453952,<rdkit.Chem.rdchem.Mol object at 0x000001D6E1DAE890>,False,False
CHEMBL3416612,IC50,nM,150.0,IC50,nM,150.0,C[C@@H](Nc1ncnc2sc(Br)cc12)c1ccc(F)cc1,6.823908740944319,<rdkit.Chem.rdchem.Mol object at 0x000001D6E1DAE900>,False,False
CHEMBL3416608,IC50,nM,183.0,IC50,nM,183.0,CC[C@@H](Nc1ncnc2sc(Br)cc12)c1ccccc1,6.73754891026957,<rdkit.Chem.rdchem.Mol object at 0x000001D6E1DAE970>,False,False
CHEMBL3416606,IC50,nM,262.0,IC50,nM,262.0,COC[C@@H](Nc1ncnc2sc(Br)cc12)c1ccccc1,6.581698708680254,<rdkit.Chem.rdchem.Mol object at 0x000001D6E1DAE9E0>,False,False
CHEMBL3416605,IC50,nM,83.0,IC50,nM,83.0,OCC(Nc1ncnc2sc(Br)cc12)c1ccccc1,7.080921907623926,<rdkit.Chem.rdchem.Mol object at 0x000001D6E1DAEA50>,False,False
CHEMBL3416603,IC50,nM,36.0,IC50,nM,36.0,OC[C@@H](Nc1ncnc2sc(Br)cc12)c1ccccc1,7.443697499232712,<rdkit.Chem.rdchem.Mol object at 0x000001D6E1DAEAC0>,False,False
CHEMBL3416602,IC50,nM,156.0,IC50,nM,156.0,CC(Nc1ncnc2sc(Br)cc12)c1ccccc1,6.806875401645538,<rdkit.Chem.rdchem.Mol object at 0x000001D6E1DAEB30>,False,False
CHEMBL3416600,IC50,nM,38.0,IC50,nM,38.0,C[C@@H](Nc1ncnc2sc(Br)cc12)c1ccccc1,7.42021640338319,<rdkit.Chem.rdchem.Mol object at 0x000001D6E1DAEBA0>,False,False
CHEMBL3416599,IC50,nM,241.0,IC50,nM,241.0,Brc1cc2c(NCc3ccccc3)ncnc2s1,6.617982957425132,<rdkit.Chem.rdchem.Mol object at 0x000001D6E1DAEC10>,False,False
CHEMBL3425671,IC50,nM,490.0,IC50,uM,0.49,COc1cc(N2CCN(C)CC2)ccc1Nc1ncc(Cl)c(Oc2cccc(NC(C)=O)c2)n1,6.309803919971486,<rdkit.Chem.rdchem.Mol object at 0x000001D6E1DAF6D0>,False,False
CHEMBL3425673,IC50,nM,2000.0,IC50,uM,2.0,COc1cc(N2CCN(C)CC2)ccc1Nc1ncc(Cl)c(Oc2cccc(NC(=O)CCC3CC3)c2)n1,5.698970004336019,<rdkit.Chem.rdchem.Mol object at 0x000001D6E1DAF660>,False,False
CHEMBL3604915,IC50,nM,3700.0,IC50,uM,3.7,CCC(=O)Nc1cccc(-c2nc(Nc3cc[nH]n3)c3ccccc3n2)c1,5.431798275933005,<rdkit.Chem.rdchem.Mol object at 0x000001D6E1DAF0B0>,False,False
CHEMBL3604910,IC50,nM,2100.0,IC50,uM,2.1,CCC(=O)Nc1ccc2c(Nc3cc[nH]n3)nc(-c3ccccc3)nc2c1,5.6777807052660805,<rdkit.Chem.rdchem.Mol object at 0x000001D6E1DA3CF0>,False,False
CHEMBL3604918,IC50,nM,3400.0,IC50,uM,3.4,CCC(=O)Nc1cc(Nc2cc[nH]n2)nc(-c2ccccc2)n1,5.468521082957745,<rdkit.Chem.rdchem.Mol object at 0x000001D6E1DA3C10>,False,False
CHEMBL3604924,IC50,nM,1900.0,IC50,uM,1.9,CCC(=O)Nc1cccc(Oc2nc(Nc3cc(C)[nH]n3)cc(N3CCN(C)CC3)n2)c1,5.721246399047171,<rdkit.Chem.rdchem.Mol object at 0x000001D6E1DA3B30>,False,False
CHEMBL3604925,IC50,nM,1900.0,IC50,uM,1.9,CCC(=O)Nc1ccc(Oc2nc(Nc3cc(C)[nH]n3)cc(N3CCN(C)CC3)n2)cc1,5.721246399047171,<rdkit.Chem.rdchem.Mol object at 0x000001D6E1DA3AC0>,False,False
CHEMBL3604938,IC50,nM,8600.0,IC50,uM,8.6,CCC(=O)Nc1cccc(Oc2nc(Nc3n[nH]c4ccccc34)cc(N3CCN(C)CC3)n2)c1,5.0655015487564325,<rdkit.Chem.rdchem.Mol object at 0x000001D6E1DA36D0>,False,False
CHEMBL3612585,IC50,nM,780.0,IC50,uM,0.78,CCOC(=O)CCCn1c(=O)oc2cc3ncnc(Nc4ccc(OCc5nccc(OCC(F)(F)F)c5C)cc4)c3cc21,6.107905397309519,<rdkit.Chem.rdchem.Mol object at 0x000001D6E1DA33C0>,False,False
CHEMBL3612590,IC50,nM,130.0,IC50,uM,0.13,CCOC(=O)CCCn1c(=O)oc2cc3ncnc(Nc4ccc5[nH]ncc5c4)c3cc21,6.886056647693163,<rdkit.Chem.rdchem.Mol object at 0x000001D6E1DA3270>,False,False
CHEMBL3612591,IC50,nM,2300.0,IC50,uM,2.3,CCOC(=O)CCCn1c(=O)oc2cc3ncnc(Nc4ccc(OCc5ccccn5)cc4)c3cc21,5.638272163982407,<rdkit.Chem.rdchem.Mol object at 0x000001D6E1DA3200>,False,False
CHEMBL3612592,IC50,nM,140.0,IC50,uM,0.14,CCOC(=O)CCCn1c(=O)oc2cc3ncnc(Nc4ccc(F)c(F)c4)c3cc21,6.853871964321762,<rdkit.Chem.rdchem.Mol object at 0x000001D6E1DA3120>,False,False
CHEMBL3612593,IC50,nM,53.0,IC50,uM,0.053,CCOC(=O)CCCn1c(=O)oc2cc3ncnc(Nc4ccc(OCc5ccc(Cl)cc5)c(Cl)c4)c3cc21,7.275724130399211,<rdkit.Chem.rdchem.Mol object at 0x000001D6E1DA30B0>,False,False
CHEMBL3612595,IC50,nM,8.7,IC50,uM,0.0087,CCOC(=O)CCCn1c(=O)oc2cc3ncnc(Nc4cccc(O)c4)c3cc21,8.060480747381382,<rdkit.Chem.rdchem.Mol object at 0x000001D6E1DA3F90>,False,False
CHEMBL3612596,IC50,nM,160.0,IC50,uM,0.16,CCOC(=O)CCCn1c(=O)oc2cc3ncnc(Nc4ccc(OC(C)C)cc4)c3cc21,6.795880017344075,<rdkit.Chem.rdchem.Mol object at 0x000001D6E1DA3F20>,False,False
CHEMBL3612598,IC50,nM,660.0,IC50,uM,0.66,CCOC(=O)CCCn1c(=O)oc2cc3ncnc(Nc4ccc(C(=O)OCc5ccc(Cl)cc5)cc4)c3cc21,6.180456064458132,<rdkit.Chem.rdchem.Mol object at 0x000001D6E1DA3E40>,False,False
CHEMBL3612599,IC50,nM,1500.0,IC50,uM,1.5,CCOC(=O)CCCn1c(=O)oc2cc3ncnc(Nc4cc(C)cc(C)c4)c3cc21,5.823908740944319,<rdkit.Chem.rdchem.Mol object at 0x000001D6E1DA3DD0>,False,False
CHEMBL3612561,IC50,nM,470.0,IC50,uM,0.47,COCCn1c(=O)oc2cc3ncnc(Nc4ccc(F)c(Cl)c4)c3cc21,6.327902142064283,<rdkit.Chem.rdchem.Mol object at 0x000001D6E1DA3190>,False,False
CHEMBL3612563,IC50,nM,26.0,IC50,uM,0.026,COCCn1c(=O)oc2cc3ncnc(Nc4ccc(F)c(F)c4)c3cc21,7.585026652029182,<rdkit.Chem.rdchem.Mol object at 0x000001D6E1D950B0>,False,False
CHEMBL3612564,IC50,nM,5100.0,IC50,uM,5.1,COCCn1c(=O)oc2cc3ncnc(Nc4ccc(OC)cc4)c3cc21,5.292429823902063,<rdkit.Chem.rdchem.Mol object at 0x000001D6E1D95120>,False,False
CHEMBL3612567,IC50,nM,340.0,IC50,uM,0.34,COCCn1c(=O)oc2cc3ncnc(Nc4ccc(OCc5nccc(OCC(F)(F)F)c5C)cc4)c3cc21,6.468521082957745,<rdkit.Chem.rdchem.Mol object at 0x000001D6E1D95190>,False,False
CHEMBL3612570,IC50,nM,560.0,IC50,uM,0.56,COCCn1c(=O)oc2cc3ncnc(Nc4cccc(C(C)=O)c4)c3cc21,6.251811972993799,<rdkit.Chem.rdchem.Mol object at 0x000001D6E1D95200>,False,False
CHEMBL3612571,IC50,nM,1300.0,IC50,uM,1.3,COCCn1c(=O)oc2cc3ncnc(Nc4ccc(OCc5ccc(Cl)cc5)c(Cl)c4)c3cc21,5.886056647693163,<rdkit.Chem.rdchem.Mol object at 0x000001D6E1D95270>,False,False
CHEMBL3612572,IC50,nM,5500.0,IC50,uM,5.5,COCCn1c(=O)oc2cc3ncnc(Nc4ccc(OC)c(OC)c4)c3cc21,5.259637310505756,<rdkit.Chem.rdchem.Mol object at 0x000001D6E1D952E0>,False,False
CHEMBL3612574,IC50,nM,7800.0,IC50,uM,7.8,CCOC(=O)CCCn1c(=O)oc2cc3ncnc(Nc4ccc(F)c(Cl)c4)c3cc21,5.107905397309519,<rdkit.Chem.rdchem.Mol object at 0x000001D6E1D953C0>,False,False
CHEMBL3612578,IC50,nM,1200.0,IC50,uM,1.2,CCOC(=O)CCCn1c(=O)oc2cc3ncnc(Nc4ccc(Cl)cc4)c3cc21,5.920818753952375,<rdkit.Chem.rdchem.Mol object at 0x000001D6E1D954A0>,False,False
CHEMBL3612580,IC50,nM,7500.0,IC50,uM,7.5,CCOC(=O)CCCn1c(=O)oc2cc3ncnc(Nc4ccc(OC)cc4)c3cc21,5.1249387366083,<rdkit.Chem.rdchem.Mol object at 0x000001D6E1D95510>,False,False
CHEMBL3623278,IC50,nM,6.6,IC50,nM,6.6,COc1cc2ncnc(Nc3cccc(Cl)c3F)c2cc1CN1CCOCC1,8.18045606445813,<rdkit.Chem.rdchem.Mol object at 0x000001D6E1DA5CF0>,False,False
CHEMBL3623279,IC50,nM,1.5,IC50,nM,1.5,COc1cc2ncnc(Nc3cccc(Cl)c3F)c2cc1N1CCOCC1,8.823908740944319,<rdkit.Chem.rdchem.Mol object at 0x000001D6E1DA5D60>,False,False
CHEMBL3623280,IC50,nM,166.0,IC50,nM,166.0,COc1cc2ncnc(Nc3cccc(Cl)c3F)c2cc1C(=O)N1CCOCC1,6.779891911959945,<rdkit.Chem.rdchem.Mol object at 0x000001D6E1DA5DD0>,False,False
CHEMBL3623281,IC50,nM,4.1,IC50,nM,4.1,COc1cc2ncnc(Nc3cccc(Cl)c3F)c2cc1OC(=O)N1CCOCC1,8.387216143280265,<rdkit.Chem.rdchem.Mol object at 0x000001D6E1DA5E40>,False,False
CHEMBL3623282,IC50,nM,5.0,IC50,nM,5.0,COc1cc2ncnc(Nc3cccc(Cl)c3F)c2cc1OC(=O)N1CCN(C)CC1,8.301029995663981,<rdkit.Chem.rdchem.Mol object at 0x000001D6E1DA5EB0>,False,False
CHEMBL3623283,IC50,nM,1.5,IC50,nM,1.5,COc1cc2ncnc(Nc3ccc(F)c(Cl)c3)c2cc1N1CCOCC1,8.823908740944319,<rdkit.Chem.rdchem.Mol object at 0x000001D6E1DA5F20>,False,False
CHEMBL3623284,IC50,nM,1.1,IC50,nM,1.1,COc1cc2ncnc(Nc3cccc(Cl)c3F)c2cc1OC(=O)N1CC[C@@H](N(C)C)C1,8.958607314841775,<rdkit.Chem.rdchem.Mol object at 0x000001D6E1DA5F90>,False,False
CHEMBL3623285,IC50,nM,2.7,IC50,nM,2.7,COc1cc2ncnc(Nc3cccc(Cl)c3F)c2cc1OC(=O)N1CC[C@H](N(C)C)C1,8.568636235841012,<rdkit.Chem.rdchem.Mol object at 0x000001D6E1D8A040>,False,False
CHEMBL3623286,IC50,nM,2.3,IC50,nM,2.3,COc1cc2ncnc(Nc3cccc(Cl)c3F)c2cc1OC(=O)N1C[C@@H]2C[C@H]1CN2C,8.638272163982407,<rdkit.Chem.rdchem.Mol object at 0x000001D6E1D8A0B0>,False,False
CHEMBL3623287,IC50,nM,4.4,IC50,nM,4.4,COc1cc2ncnc(Nc3cccc(Cl)c3F)c2cc1OC(=O)N1CCN(C)C2CC21,8.356547323513812,<rdkit.Chem.rdchem.Mol object at 0x000001D6E1D8A120>,False,False
CHEMBL3623288,IC50,nM,16.9,IC50,nM,16.9,COc1cc2ncnc(Nc3cccc(Cl)c3F)c2cc1OC(=O)N1CCN(C)[C@@H](C)C1,7.772113295386326,<rdkit.Chem.rdchem.Mol object at 0x000001D6E1D8A190>,False,False
CHEMBL3623289,IC50,nM,21.5,IC50,nM,21.5,COc1cc2ncnc(Nc3cccc(Cl)c3F)c2cc1OC(=O)N1CCN(C)[C@H](C)C1,7.667561540084395,<rdkit.Chem.rdchem.Mol object at 0x000001D6E1D8A200>,False,False
CHEMBL3623290,IC50,nM,7.2,IC50,nM,7.2,COc1cc2ncnc(Nc3cccc(Cl)c3F)c2cc1OC(=O)N1CCN(C)C[C@H]1C,8.142667503568731,<rdkit.Chem.rdchem.Mol object at 0x000001D6E1D8A270>,False,False
CHEMBL3623291,IC50,nM,6.9,IC50,nM,6.9,COc1cc2ncnc(Nc3cccc(Cl)c3F)c2cc1OC(=O)N1CCN(C)C[C@@H]1C,8.161150909262744,<rdkit.Chem.rdchem.Mol object at 0x000001D6E1D8A2E0>,False,False
CHEMBL3628817,IC50,nM,21560.0,IC50,uM,21.56,COc1ccc(Nc2ncc3c(n2)-c2ccc(Cl)cc2SC3)cc1,4.666351243485299,<rdkit.Chem.rdchem.Mol object at 0x000001D6E1D8A350>,False,False
CHEMBL481789,IC50,nM,4720.0,IC50,uM,4.72,COc1ccc2c(c1)SCc1cnc(-c3ccccc3)nc1-2,5.3260580013659125,<rdkit.Chem.rdchem.Mol object at 0x000001D6E1D8A3C0>,False,False
CHEMBL3628818,IC50,nM,45700.0,IC50,uM,45.7,Clc1ccc(Nc2ncc3c(n2)-c2ccc(Cl)cc2SC3)cc1,4.34008379993015,<rdkit.Chem.rdchem.Mol object at 0x000001D6E1D8A430>,False,False
CHEMBL3628816,IC50,nM,21180.0,IC50,uM,21.18,Clc1ccc2c(c1)SCc1cnc(Nc3ccccc3)nc1-2,4.674074044228534,<rdkit.Chem.rdchem.Mol object at 0x000001D6E1D8A4A0>,False,False
CHEMBL1688539,IC50,nM,30.0,IC50,nM,30.0,Fc1ccc(Nc2ncnc3ccccc23)cc1Cl,7.522878745280337,<rdkit.Chem.rdchem.Mol object at 0x000001D6E1D8A510>,False,False
CHEMBL3628791,IC50,nM,2980.0,IC50,nM,2980.0,Fc1ccc(Nc2ncnc3sccc23)cc1Cl,5.525783735923745,<rdkit.Chem.rdchem.Mol object at 0x000001D6E1D8A580>,False,False
CHEMBL3628792,IC50,nM,1330.0,IC50,nM,1330.0,Fc1ccc(Nc2ncnc3sc4c(c23)CCCC4)cc1Cl,5.876148359032914,<rdkit.Chem.rdchem.Mol object at 0x000001D6E1D8A5F0>,False,False
CHEMBL3628796,IC50,nM,7710.0,IC50,nM,7710.0,COc1cc2ncnc(Nc3ccc(NC(=O)Nc4cccc(Br)c4)cc3)c2cc1OC,5.112945621949043,<rdkit.Chem.rdchem.Mol object at 0x000001D6E1D8A660>,False,False
CHEMBL3628799,IC50,nM,3950.0,IC50,nM,3950.0,O=C(Nc1ccc(Nc2ncnc3sc4c(c23)CCCC4)cc1)Nc1cccc(Br)c1,5.403402904373539,<rdkit.Chem.rdchem.Mol object at 0x000001D6E1D8A6D0>,False,False
CHEMBL3628800,IC50,nM,590.0,IC50,nM,590.0,Fc1ccc(Oc2ncnc3ccccc23)cc1Cl,6.229147988357855,<rdkit.Chem.rdchem.Mol object at 0x000001D6E1D8A740>,False,False
CHEMBL3628907,IC50,nM,1260.0,IC50,nM,1260.0,O=C(Nc1cccc(Br)c1)Nc1ccc(Oc2ncnc3sc4c(c23)CCCC4)cc1Cl,5.8996294548824375,<rdkit.Chem.rdchem.Mol object at 0x000001D6E1D8A7B0>,False,False
CHEMBL3628906,IC50,nM,3290.0,IC50,nM,3290.0,Cc1cc(Oc2ncnc3sc4c(c23)CCCC4)ccc1NC(=O)Nc1cccc(Br)c1,5.482804102050026,<rdkit.Chem.rdchem.Mol object at 0x000001D6E1D8A820>,False,False
CHEMBL3633941,IC50,nM,31.0,IC50,uM,0.031,CCNC(=O)Nc1ccc(C(=O)Nc2ccc3ncnc(Nc4ccc(F)c(Cl)c4)c3c2)cc1,7.508638306165727,<rdkit.Chem.rdchem.Mol object at 0x000001D6E1D8AB30>,False,False
CHEMBL3633940,IC50,nM,9.0,IC50,uM,0.009,NC(=O)Nc1ccc(C(=O)Nc2ccc3ncnc(Nc4ccc(F)c(Cl)c4)c3c2)cc1,8.045757490560675,<rdkit.Chem.rdchem.Mol object at 0x000001D6E1D8ABA0>,False,False
CHEMBL3633933,IC50,nM,227.0,IC50,uM,0.227,CCNC(=O)Nc1ccc2ncnc(Nc3ccc(OCc4ccccn4)c(Cl)c3)c2c1,6.6439741428068775,<rdkit.Chem.rdchem.Mol object at 0x000001D6E1D8AE40>,False,False
CHEMBL3633932,IC50,nM,35.0,IC50,uM,0.035,CCNC(=O)Nc1ccc2ncnc(Nc3ccc(OCc4cccc(F)c4)c(Cl)c3)c2c1,7.455931955649724,<rdkit.Chem.rdchem.Mol object at 0x000001D6E1D8AEB0>,False,False
CHEMBL3633930,IC50,nM,29.0,IC50,uM,0.029,CCNC(=O)Nc1ccc2ncnc(Nc3ccc(Oc4cccc(C(F)(F)F)c4)c(Cl)c3)c2c1,7.5376020021010435,<rdkit.Chem.rdchem.Mol object at 0x000001D6E1D8AF20>,False,False
CHEMBL3633929,IC50,nM,3.0,IC50,uM,0.003,CC(=O)Nc1ccc2ncnc(Nc3ccc(OCc4ccccn4)c(Cl)c3)c2c1,8.522878745280337,<rdkit.Chem.rdchem.Mol object at 0x000001D6E1D8AF90>,False,False
CHEMBL3633928,IC50,nM,99.0,IC50,uM,0.099,NC(=O)Nc1ccc2ncnc(Nc3ccc(OCc4cccc(F)c4)c(Cl)c3)c2c1,7.00436480540245,<rdkit.Chem.rdchem.Mol object at 0x000001D6E1D75040>,False,False
CHEMBL3633775,IC50,nM,543.0,IC50,uM,0.543,NC(=O)Nc1ccc2ncnc(Nc3ccc(Oc4ccc(Cl)c(Cl)c4)c(Cl)c3)c2c1,6.265200170411153,<rdkit.Chem.rdchem.Mol object at 0x000001D6E1D750B0>,False,False
CHEMBL3633774,IC50,nM,4.0,IC50,uM,0.004,NC(=O)Nc1ccc2ncnc(Nc3ccc(Oc4cccc(C(F)(F)F)c4)c(Cl)c3)c2c1,8.397940008672037,<rdkit.Chem.rdchem.Mol object at 0x000001D6E1D75120>,False,False
CHEMBL3674151,IC50,nM,4.0,IC50,nM,4.0,CC(C)n1c(Nc2ccc(F)c(Cl)c2)nc2cnc(Nc3ccc(C(=O)NN4CCN(C)CC4)cc3F)nc21,8.397940008672037,<rdkit.Chem.rdchem.Mol object at 0x000001D6E1D75430>,False,False
CHEMBL3674152,IC50,nM,7.0,IC50,nM,7.0,COc1cc(C(=O)NN2CCN(C)CC2)ccc1Nc1ncc2nc(Nc3ccccc3)n(C(C)C)c2n1,8.154901959985743,<rdkit.Chem.rdchem.Mol object at 0x000001D6E1D87F90>,False,False
CHEMBL3674150,IC50,nM,1.0,IC50,nM,1.0,CC(C)n1c(Nc2ccccc2)nc2cnc(Nc3ccc(C(=O)NN4CCN(C)CC4)cc3F)nc21,9.0,<rdkit.Chem.rdchem.Mol object at 0x000001D6E1D87900>,False,False
CHEMBL3674148,IC50,nM,2.0,IC50,nM,2.0,CC(C)n1c(Nc2ccc(F)c(Cl)c2)nc2cnc(Nc3ccc(C(=O)NN4CCN(C)CC4)cc3)nc21,8.698970004336019,<rdkit.Chem.rdchem.Mol object at 0x000001D6E1D87350>,False,False
CHEMBL3678946,IC50,nM,1.0,IC50,nM,1.0,CC(C)n1c(Nc2ccccc2)nc2cnc(Nc3ccc(C(=O)NC4CCN(C)CC4)cc3)nc21,9.0,<rdkit.Chem.rdchem.Mol object at 0x000001D6E1D872E0>,False,False
CHEMBL3735952,IC50,nM,880.0,IC50,uM,0.88,COC1CCN(c2nccc(Nc3cc4[nH]cnc4cn3)n2)CC1,6.055517327849832,<rdkit.Chem.rdchem.Mol object at 0x000001D6E1D98890>,False,False
CHEMBL3736508,IC50,nM,882.0,IC50,uM,0.882,COC1CCN(c2nccc(Nc3cc4c(cn3)nc(C)n4C(C)C)n2)CC1,6.054531414868181,<rdkit.Chem.rdchem.Mol object at 0x000001D6E1D98C80>,False,False
CHEMBL3734877,IC50,nM,2360.0,IC50,uM,2.36,COC1CCN(c2nccc(Nc3cc4c(cn3)nc(CO)n4C(C)C)n2)CC1,5.627087997029894,<rdkit.Chem.rdchem.Mol object at 0x000001D6E1D98CF0>,False,False
CHEMBL3736183,IC50,nM,250.0,IC50,uM,0.25,CO[C@H]1CCN(c2nccc(Nc3cc4c(cn3)nc(C)n4C(C)C)n2)C[C@H]1F,6.6020599913279625,<rdkit.Chem.rdchem.Mol object at 0x000001D6E1D98D60>,False,False
CHEMBL3734933,IC50,nM,290.0,IC50,uM,0.29,CO[C@H]1CCN(c2nccc(Nc3cc4c(cn3)nc(CO)n4C(C)C)n2)C[C@H]1F,6.537602002101044,<rdkit.Chem.rdchem.Mol object at 0x000001D6E1D98DD0>,False,False
CHEMBL3735958,IC50,nM,1000.0,IC50,uM,1.0,Cc1nc2cnc(Nc3ccnc(N4CC[C@H](O)[C@H](F)C4)n3)cc2n1C(C)C,6.0,<rdkit.Chem.rdchem.Mol object at 0x000001D6E1D98E40>,False,False
CHEMBL3734934,IC50,nM,2530.0,IC50,uM,2.53,CC(C)n1c(CO)nc2cnc(Nc3ccnc(N4CC[C@H](O)[C@H](F)C4)n3)cc21,5.596879478824183,<rdkit.Chem.rdchem.Mol object at 0x000001D6E1D98EB0>,False,False
CHEMBL3735474,IC50,nM,1000.0,IC50,uM,1.0,CO[C@H]1CCN(c2nccc(Nc3cc4c(cn3)nc(CO)n4C(C)C)n2)CC1(F)F,6.0,<rdkit.Chem.rdchem.Mol object at 0x000001D6E1D98F20>,False,False
CHEMBL3734786,IC50,nM,1040.0,IC50,uM,1.04,Cc1nc2cnc(Nc3ccnc(N4CC[C@H](O)C(F)(F)C4)n3)cc2n1C(C)C,5.982966660701219,<rdkit.Chem.rdchem.Mol object at 0x000001D6E1D98040>,False,False
CHEMBL3736121,IC50,nM,27.0,IC50,nM,27.0,CO[C@H]1CCN(c2nccc(Nc3cc4c(cn3)nc([C@@H](C)O)n4[C@H](C)C(F)(F)F)n2)C[C@H]1F,7.568636235841013,<rdkit.Chem.rdchem.Mol object at 0x000001D6E1D980B0>,False,False
CHEMBL3734988,IC50,nM,81.0,IC50,nM,81.0,C[C@@H](O)c1nc2cnc(Nc3ccnc(N4CC[C@H](O)[C@H](F)C4)n3)cc2n1[C@H](C)C(F)(F)F,7.091514981121351,<rdkit.Chem.rdchem.Mol object at 0x000001D6E1D98120>,False,False
CHEMBL3740144,IC50,nM,8.4,IC50,nM,8.4,CN1CCN(Cc2ccc(NC(=O)Nc3ccc4ncnc(Nc5ccc(OCc6cccc(F)c6)c(Cl)c5)c4c3)cc2)CC1,8.075720713938118,<rdkit.Chem.rdchem.Mol object at 0x000001D6E1D982E0>,False,False
CHEMBL3741473,IC50,nM,5.0,IC50,nM,5.0,O=C(Nc1ccc(CN2CCCCC2)cc1)Nc1ccc2ncnc(Nc3cccc(C(F)(F)F)c3)c2c1,8.301029995663981,<rdkit.Chem.rdchem.Mol object at 0x000001D6E1D98350>,False,False
CHEMBL3740910,IC50,nM,4.1,IC50,nM,4.1,O=C(Nc1ccc(CN2CCCC2)cc1)Nc1ccc2ncnc(Nc3cccc(C(F)(F)F)c3)c2c1,8.387216143280265,<rdkit.Chem.rdchem.Mol object at 0x000001D6E1D983C0>,False,False
CHEMBL3739750,IC50,nM,4670.0,IC50,uM,4.67,CC(=O)c1nn(-c2ccccc2)cc1C(=O)c1c(C)[nH]c(-c2ccccc2)c1-c1ccccc1,5.330683119433888,<rdkit.Chem.rdchem.Mol object at 0x000001D6E1D98430>,False,False
CHEMBL3740247,IC50,nM,9190.0,IC50,uM,9.19,CC(=O)c1nn(-c2ccc(C)cc2)cc1C(=O)c1c(C)[nH]c(-c2ccccc2)c1-c1ccccc1,5.036684488613889,<rdkit.Chem.rdchem.Mol object at 0x000001D6E1D984A0>,False,False
CHEMBL3739587,IC50,nM,4480.0,IC50,uM,4.48,CC(=O)c1nn(-c2ccc(Cl)cc2)cc1C(=O)c1c(C)[nH]c(-c2ccccc2)c1-c1ccccc1,5.348721986001856,<rdkit.Chem.rdchem.Mol object at 0x000001D6E1D98510>,False,False
CHEMBL3740131,IC50,nM,3220.0,IC50,uM,3.22,CCOC(=O)c1nn(-c2ccccc2)cc1C(=O)c1c(C)[nH]c(-c2ccccc2)c1-c1ccccc1,5.492144128304169,<rdkit.Chem.rdchem.Mol object at 0x000001D6E1D98580>,False,False
CHEMBL3742349,IC50,nM,7880.0,IC50,uM,7.88,CCOC(=O)c1nn(-c2ccc(C)cc2)cc1C(=O)c1c(C)[nH]c(-c2ccccc2)c1-c1ccccc1,5.103473782510445,<rdkit.Chem.rdchem.Mol object at 0x000001D6E1D985F0>,False,False
CHEMBL3741526,IC50,nM,3200.0,IC50,uM,3.2,CCOC(=O)c1nn(-c2ccc(Cl)cc2)cc1C(=O)c1c(C)[nH]c(-c2ccccc2)c1-c1ccccc1,5.494850021680094,<rdkit.Chem.rdchem.Mol object at 0x000001D6E1D98660>,False,False
CHEMBL3740930,IC50,nM,3560.0,IC50,uM,3.56,Cc1[nH]c(-c2ccccc2)c(-c2ccccc2)c1C(=O)c1cn(-c2ccccc2)nc1C(=O)Nc1ccccc1,5.448550002027125,<rdkit.Chem.rdchem.Mol object at 0x000001D6E1D986D0>,False,False
CHEMBL3740713,IC50,nM,4490.0,IC50,uM,4.49,Cc1ccc(-n2cc(C(=O)c3c(C)[nH]c(-c4ccccc4)c3-c3ccccc3)c(C(=O)Nc3ccccc3)n2)cc1,5.347753658996677,<rdkit.Chem.rdchem.Mol object at 0x000001D6E1D98740>,False,False
CHEMBL3740385,IC50,nM,3780.0,IC50,uM,3.78,Cc1[nH]c(-c2ccccc2)c(-c2ccccc2)c1C(=O)c1cn(-c2ccc(Cl)cc2)nc1C(=O)Nc1ccccc1,5.422508200162775,<rdkit.Chem.rdchem.Mol object at 0x000001D6E1D987B0>,False,False
CHEMBL3741069,IC50,nM,2560.0,IC50,uM,2.56,Cc1[nH]c(-c2ccccc2)c(-c2ccccc2)c1C(=O)c1cn(-c2ccccc2)nc1-c1ccccc1,5.591760034688151,<rdkit.Chem.rdchem.Mol object at 0x000001D6E1D98820>,False,False
CHEMBL3740582,IC50,nM,3890.0,IC50,uM,3.89,Cc1[nH]c(-c2ccccc2)c(-c2ccccc2)c1-c1nnc(C)c2nn(-c3ccccc3)cc12,5.410050398674292,<rdkit.Chem.rdchem.Mol object at 0x000001D6E1D98900>,False,False
CHEMBL3742060,IC50,nM,5430.0,IC50,uM,5.43,Cc1ccc(-n2cc3c(-c4c(C)[nH]c(-c5ccccc5)c4-c4ccccc4)nnc(C)c3n2)cc1,5.265200170411153,<rdkit.Chem.rdchem.Mol object at 0x000001D6E1D98970>,False,False
CHEMBL3741655,IC50,nM,2550.0,IC50,uM,2.55,Cc1[nH]c(-c2ccccc2)c(-c2ccccc2)c1-c1nnc(C)c2nn(-c3ccc(Cl)cc3)cc12,5.5934598195660445,<rdkit.Chem.rdchem.Mol object at 0x000001D6E1D989E0>,False,False
CHEMBL3740923,IC50,nM,3600.0,IC50,uM,3.6,Oc1nnc(-c2c[nH]c(-c3ccccc3)c2-c2ccccc2)c2cn(-c3ccccc3)nc12,5.443697499232712,<rdkit.Chem.rdchem.Mol object at 0x000001D6E1D98A50>,False,False
CHEMBL3739586,IC50,nM,3450.0,IC50,uM,3.45,Cc1ccc(-n2cc3c(-c4c[nH]c(-c5ccccc5)c4-c4ccccc4)nnc(O)c3n2)cc1,5.462180904926726,<rdkit.Chem.rdchem.Mol object at 0x000001D6E1D98AC0>,False,False
CHEMBL3742200,IC50,nM,4390.0,IC50,uM,4.39,Oc1nnc(-c2c[nH]c(-c3ccccc3)c2-c2ccccc2)c2cn(-c3ccc(Cl)cc3)nc12,5.357535479757878,<rdkit.Chem.rdchem.Mol object at 0x000001D6E1D98B30>,False,False
CHEMBL3740003,IC50,nM,2890.0,IC50,uM,2.89,Cc1[nH]c(-c2ccccc2)c(-c2ccccc2)c1-c1ccc(NC(=O)c2ccccc2)c(=O)o1,5.539102157243452,<rdkit.Chem.rdchem.Mol object at 0x000001D6E1D98BA0>,False,False
CHEMBL3741960,IC50,nM,3670.0,IC50,uM,3.67,Cc1c(C(=O)c2coc3ccc(O)cc23)[nH]c(-c2ccccc2)c1-c1ccccc1,5.43533393574791,<rdkit.Chem.rdchem.Mol object at 0x000001D6E1D98C10>,False,False
CHEMBL3740492,IC50,nM,5100.0,IC50,uM,5.1,Cc1c(C(=O)c2coc3c2cc(O)c2ccccc23)[nH]c(-c2ccccc2)c1-c1ccccc1,5.292429823902063,<rdkit.Chem.rdchem.Mol object at 0x000001D6E1D98F90>,False,False
CHEMBL3754722,IC50,nM,290.46,IC50,nM,290.46,COc1cc(NC(=O)Nc2ccncc2)cc(-c2cncnc2)c1OC,6.536913666975467,<rdkit.Chem.rdchem.Mol object at 0x000001D6E1D9C5F0>,False,False
CHEMBL3752404,IC50,nM,189.49,IC50,nM,189.49,O=C(Nc1ccncc1)Nc1cc(-c2cccnc2)cc(C(F)(F)F)c1,6.722413704215237,<rdkit.Chem.rdchem.Mol object at 0x000001D6E1D9C660>,False,False
CHEMBL3752008,IC50,nM,14.83,IC50,nM,14.83,O=C(Nc1ccncc1)Nc1cc(-c2cncnc2)cc(C(F)(F)F)c1,7.828858848971618,<rdkit.Chem.rdchem.Mol object at 0x000001D6E1D9C6D0>,False,False
CHEMBL3753886,IC50,nM,97.22,IC50,nM,97.22,O=C(Nc1ccncc1)Nc1cc(-c2cccnc2)ccc1OC(F)(F)F,7.012244383261477,<rdkit.Chem.rdchem.Mol object at 0x000001D6E1D9C740>,False,False
CHEMBL3753623,IC50,nM,102.93,IC50,nM,102.93,COc1ccc(-c2ccc(OC(F)(F)F)c(NC(=O)Nc3ccncc3)c2)cn1,6.987458027224164,<rdkit.Chem.rdchem.Mol object at 0x000001D6E1D9C7B0>,False,False
CHEMBL3752370,IC50,nM,18.04,IC50,nM,18.04,O=C(Nc1ccncc1)Nc1cc(-c2cncnc2)ccc1OC(F)(F)F,7.743763466794077,<rdkit.Chem.rdchem.Mol object at 0x000001D6E1D9C890>,False,False
CHEMBL3754709,IC50,nM,317.12,IC50,nM,317.12,COc1cc(NC(=O)Nc2nccs2)cc(-c2cccnc2)c1OC,6.498776367194819,<rdkit.Chem.rdchem.Mol object at 0x000001D6E1D9C9E0>,False,False
CHEMBL3753142,IC50,nM,78.17,IC50,nM,78.17,O=C(Nc1cc(-c2cccnc2)cc(C(F)(F)F)c1)Nc1nccs1,7.106959888042882,<rdkit.Chem.rdchem.Mol object at 0x000001D6E1D9CA50>,False,False
CHEMBL3751967,IC50,nM,476.66,IC50,nM,476.66,COc1ccc(-c2cc(NC(=O)Nc3nccs3)cc(C(F)(F)F)c2)cn1,6.321791291345775,<rdkit.Chem.rdchem.Mol object at 0x000001D6E1D9CAC0>,False,False
CHEMBL3754556,IC50,nM,71.82,IC50,nM,71.82,O=C(Nc1cc(-c2cncnc2)cc(C(F)(F)F)c1)Nc1nccs1,7.143754599209946,<rdkit.Chem.rdchem.Mol object at 0x000001D6E1D9CB30>,False,False
CHEMBL3753811,IC50,nM,121.09,IC50,nM,121.09,O=C(Nc1nccs1)Nc1cc(-c2cccnc2)ccc1OC(F)(F)F,6.916891720805265,<rdkit.Chem.rdchem.Mol object at 0x000001D6E1D9CBA0>,False,False
CHEMBL3753157,IC50,nM,495.3,IC50,nM,495.3,COc1ccc(-c2ccc(OC(F)(F)F)c(NC(=O)Nc3nccs3)c2)cn1,6.305131672017544,<rdkit.Chem.rdchem.Mol object at 0x000001D6E1D9CC10>,False,False
CHEMBL3752248,IC50,nM,71.71,IC50,nM,71.71,O=C(Nc1nccs1)Nc1cc(-c2cncnc2)ccc1OC(F)(F)F,7.144420277498282,<rdkit.Chem.rdchem.Mol object at 0x000001D6E1D9CC80>,False,False
CHEMBL3753532,IC50,nM,24.81,IC50,nM,24.81,COc1cc(NC(=O)Nc2ccccn2)cc(-c2c[nH]cn2)c1OC,7.605373235727791,<rdkit.Chem.rdchem.Mol object at 0x000001D6E1D9CCF0>,False,False
CHEMBL3754301,IC50,nM,165.6,IC50,nM,165.6,Cn1cnc(-c2cc(NC(=O)Nc3ccncc3)cc(C(F)(F)F)c2)c1,6.780939667551139,<rdkit.Chem.rdchem.Mol object at 0x000001D6E1D9CD60>,False,False
CHEMBL3752825,IC50,nM,94.82,IC50,nM,94.82,Cn1cnc(-c2ccc(OC(F)(F)F)c(NC(=O)Nc3ccncc3)c2)c1,7.023100049017062,<rdkit.Chem.rdchem.Mol object at 0x000001D6E1D9CDD0>,False,False
CHEMBL3752129,IC50,nM,362.0,IC50,nM,362.0,COc1cc(NC(=O)Nc2nccs2)cc(-c2cn(C)cn2)c1OC,6.441291429466834,<rdkit.Chem.rdchem.Mol object at 0x000001D6E1D9CE40>,False,False
CHEMBL3752916,IC50,nM,310.76,IC50,nM,310.76,Cn1cnc(-c2cc(NC(=O)Nc3nccs3)cc(C(F)(F)F)c2)c1,6.507574887223914,<rdkit.Chem.rdchem.Mol object at 0x000001D6E1D9CEB0>,False,False
CHEMBL1336,IC50,nM,2.96,IC50,nM,2.96,CNC(=O)c1cc(Oc2ccc(NC(=O)Nc3ccc(Cl)c(C(F)(F)F)c3)cc2)ccn1,8.528708288941061,<rdkit.Chem.rdchem.Mol object at 0x000001D6E1D9C0B0>,False,False
CHEMBL3753444,IC50,nM,455.17,IC50,nM,455.17,COc1ccc(-c2cc(NC(=O)Nc3ccncc3)cc(OC)c2OC)cn1,6.341826369776011,<rdkit.Chem.rdchem.Mol object at 0x000001D6E1D9C120>,False,False
CHEMBL3753836,IC50,nM,131.09,IC50,nM,131.09,COc1cc(NC(=O)Nc2ccncc2)cc(-c2cccnc2)c1OC,6.882430436536173,<rdkit.Chem.rdchem.Mol object at 0x000001D6E1D9C190>,False,False
CHEMBL3754057,IC50,nM,26.56,IC50,nM,26.56,O=C(Nc1ccccn1)Nc1cc(-c2cncnc2)ccc1OC(F)(F)F,7.57577192930402,<rdkit.Chem.rdchem.Mol object at 0x000001D6E1D9C200>,False,False
CHEMBL3753208,IC50,nM,90.57,IC50,nM,90.57,O=C(Nc1ccccn1)Nc1cc(-c2cccnc2)ccc1OC(F)(F)F,7.04301563225724,<rdkit.Chem.rdchem.Mol object at 0x000001D6E1D9C270>,False,False
CHEMBL3754785,IC50,nM,66.59,IC50,nM,66.59,COc1ccc(-c2cc(NC(=O)Nc3ccccn3)cc(OC)c2OC)cn1,7.176590985107455,<rdkit.Chem.rdchem.Mol object at 0x000001D6E1D9C2E0>,False,False
CHEMBL3752074,IC50,nM,48.81,IC50,nM,48.81,COc1cc(NC(=O)Nc2ccccn2)cc(-c2cccnc2)c1OC,7.311491192343479,<rdkit.Chem.rdchem.Mol object at 0x000001D6E1D9C350>,False,False
CHEMBL3758502,IC50,nM,600.0,IC50,uM,0.6,CC1(C)OCc2c(Nc3n[nH]c4ccccc34)nc(-c3cn[nH]c3)nc21,6.221848749616356,<rdkit.Chem.rdchem.Mol object at 0x000001D6E1DAC820>,False,False
CHEMBL3759096,IC50,nM,3000.0,IC50,uM,3.0,Cn1nccc1-c1nc(Nc2n[nH]c3ccccc23)c2c(n1)C(C)(C)OC2,5.522878745280337,<rdkit.Chem.rdchem.Mol object at 0x000001D6E1DAC7B0>,False,False
CHEMBL3758739,IC50,nM,370.0,IC50,uM,0.37,CC1(C)OCc2c(Nc3n[nH]c4c(Cl)cccc34)nc(-c3cn[nH]c3C(F)F)nc21,6.431798275933005,<rdkit.Chem.rdchem.Mol object at 0x000001D6E1DAC740>,False,False
CHEMBL3759815,IC50,nM,13.0,IC50,nM,13.0,C[C@@H](Nc1ncnc2sc(-c3ccc(CO)cc3F)cc12)c1ccccc1,7.886056647693163,<rdkit.Chem.rdchem.Mol object at 0x000001D6E1DAC510>,False,False
CHEMBL3759356,IC50,nM,8.0,IC50,nM,8.0,C[C@@H](Nc1ncnc2sc(-c3cccc(C(=O)O)c3)cc12)c1ccccc1,8.096910013008056,<rdkit.Chem.rdchem.Mol object at 0x000001D6E1DAC200>,False,False
CHEMBL3758939,IC50,nM,5.0,IC50,nM,5.0,C[C@@H](Nc1ncnc2sc(-c3cccc(C(N)=O)c3)cc12)c1ccccc1,8.301029995663981,<rdkit.Chem.rdchem.Mol object at 0x000001D6E1DAC190>,False,False
CHEMBL3760023,IC50,nM,26.0,IC50,nM,26.0,C[C@@H](Nc1ncnc2sc(-c3cccc(S(C)(=O)=O)c3)cc12)c1ccccc1,7.585026652029182,<rdkit.Chem.rdchem.Mol object at 0x000001D6E1DAC120>,False,False
CHEMBL3759085,IC50,nM,276.0,IC50,nM,276.0,C[C@@H](Nc1ncnc2sc(-c3ccccc3C(N)=O)cc12)c1ccccc1,6.559090917934782,<rdkit.Chem.rdchem.Mol object at 0x000001D6E1DACF90>,False,False
CHEMBL3759963,IC50,nM,13.0,IC50,nM,13.0,COc1cccc(-c2cc3c(N[C@H](C)c4ccccc4)ncnc3s2)c1OC,7.886056647693163,<rdkit.Chem.rdchem.Mol object at 0x000001D6E1DACF20>,False,False
CHEMBL3759780,IC50,nM,6.0,IC50,nM,6.0,COc1cc(F)ccc1-c1cc2c(N[C@H](C)c3ccccc3)ncnc2s1,8.221848749616356,<rdkit.Chem.rdchem.Mol object at 0x000001D6E1DACEB0>,False,False
CHEMBL3758868,IC50,nM,5.0,IC50,nM,5.0,COc1ccc(-c2cc3c(N[C@H](C)c4ccccc4)ncnc3s2)c(OC)c1,8.301029995663981,<rdkit.Chem.rdchem.Mol object at 0x000001D6E1DACCF0>,False,False
CHEMBL3759961,IC50,nM,2.0,IC50,nM,2.0,COc1cccc(OC)c1-c1cc2c(N[C@H](C)c3ccccc3)ncnc2s1,8.698970004336019,<rdkit.Chem.rdchem.Mol object at 0x000001D6E1DACC80>,False,False
CHEMBL3759199,IC50,nM,0.9,IC50,nM,0.9,COc1cccc(OC)c1-c1cc2c(N[C@H](CO)c3ccccc3)ncnc2s1,9.045757490560677,<rdkit.Chem.rdchem.Mol object at 0x000001D6E1DACAC0>,False,False
CHEMBL3758800,IC50,nM,2.0,IC50,nM,2.0,C[C@@H](Nc1ncnc2sc(-c3ccc(C(=O)NCCN(C)C)cc3)cc12)c1ccccc1,8.698970004336019,<rdkit.Chem.rdchem.Mol object at 0x000001D6E1DAC6D0>,False,False
CHEMBL3758376,IC50,nM,2.0,IC50,nM,2.0,CN(C)CCNC(=O)c1ccc(-c2cc3c(N[C@H](CO)c4ccccc4)ncnc3s2)cc1,8.698970004336019,<rdkit.Chem.rdchem.Mol object at 0x000001D6E1DAC4A0>,False,False
CHEMBL3759369,IC50,nM,0.9,IC50,nM,0.9,C[C@@H](Nc1ncnc2sc(-c3cccc(C(=O)NCCN(C)C)c3)cc12)c1ccccc1,9.045757490560677,<rdkit.Chem.rdchem.Mol object at 0x000001D6E1DAC2E0>,False,False
CHEMBL3758278,IC50,nM,2.0,IC50,nM,2.0,COc1cc(C(N)=O)ccc1-c1cc2c(N[C@H](C)c3ccccc3)ncnc2s1,8.698970004336019,<rdkit.Chem.rdchem.Mol object at 0x000001D6E1DA4040>,False,False
CHEMBL3759480,IC50,nM,1.5,IC50,nM,1.5,COc1cc(C(N)=O)ccc1-c1cc2c(N[C@H](CO)c3ccccc3)ncnc2s1,8.823908740944319,<rdkit.Chem.rdchem.Mol object at 0x000001D6E1DA40B0>,False,False
CHEMBL3759478,IC50,nM,9.0,IC50,nM,9.0,OC[C@@H](Nc1ncnc2sc(-c3ccccc3)cc12)c1ccccc1,8.045757490560675,<rdkit.Chem.rdchem.Mol object at 0x000001D6E1DA4120>,False,False
CHEMBL3759359,IC50,nM,1.5,IC50,nM,1.5,COc1c(CO)cccc1-c1cc2c(N[C@H](C)c3ccccc3)ncnc2s1,8.823908740944319,<rdkit.Chem.rdchem.Mol object at 0x000001D6E1DA4200>,False,False
CHEMBL3758990,IC50,nM,9.0,IC50,nM,9.0,COC(=O)c1cccc(-c2cc3c(N[C@H](C)c4ccccc4)ncnc3s2)c1OC,8.045757490560675,<rdkit.Chem.rdchem.Mol object at 0x000001D6E1DA4270>,False,False
CHEMBL3759725,IC50,nM,3.0,IC50,nM,3.0,COc1c(C(=O)NCCN(C)C)cccc1-c1cc2c(N[C@H](C)c3ccccc3)ncnc2s1,8.522878745280337,<rdkit.Chem.rdchem.Mol object at 0x000001D6E1DA42E0>,False,False
CHEMBL3758946,IC50,nM,48.0,IC50,nM,48.0,OCc1ccc(-c2cc3c(NCc4ccccc4)ncnc3s2)cc1,7.318758762624412,<rdkit.Chem.rdchem.Mol object at 0x000001D6E1DA4350>,False,False
CHEMBL3759257,IC50,nM,21.0,IC50,nM,21.0,OCc1ccc(-c2cc3c(Nc4ccccc4)ncnc3s2)cc1,7.67778070526608,<rdkit.Chem.rdchem.Mol object at 0x000001D6E1DA43C0>,False,False
CHEMBL3759459,IC50,nM,20.0,IC50,nM,20.0,COC(=O)c1ccc(-c2cc3c(N[C@H](C)c4ccccc4)ncnc3s2)c(OC)c1,7.698970004336019,<rdkit.Chem.rdchem.Mol object at 0x000001D6E1DA4430>,False,False
CHEMBL3758770,IC50,nM,0.5,IC50,nM,0.5,COc1cc(C(=O)NCCN(C)C)ccc1-c1cc2c(N[C@H](C)c3ccccc3)ncnc2s1,9.30102999566398,<rdkit.Chem.rdchem.Mol object at 0x000001D6E1DA44A0>,False,False
CHEMBL3759929,IC50,nM,5.0,IC50,nM,5.0,COc1ccc(CO)cc1-c1cc2c(N[C@H](C)c3ccccc3)ncnc2s1,8.301029995663981,<rdkit.Chem.rdchem.Mol object at 0x000001D6E1DA4580>,False,False
CHEMBL3758758,IC50,nM,7.0,IC50,nM,7.0,COC(=O)c1ccc(OC)c(-c2cc3c(N[C@H](C)c4ccccc4)ncnc3s2)c1,8.154901959985743,<rdkit.Chem.rdchem.Mol object at 0x000001D6E1DA45F0>,False,False
CHEMBL3758582,IC50,nM,0.5,IC50,nM,0.5,COc1ccc(C(=O)NCCN(C)C)cc1-c1cc2c(N[C@H](C)c3ccccc3)ncnc2s1,9.30102999566398,<rdkit.Chem.rdchem.Mol object at 0x000001D6E1DA4660>,False,False
CHEMBL3760071,IC50,nM,4.0,IC50,nM,4.0,COC(=O)c1cc(OC)c(-c2cc3c(N[C@H](C)c4ccccc4)ncnc3s2)c(OC)c1,8.397940008672037,<rdkit.Chem.rdchem.Mol object at 0x000001D6E1DA46D0>,False,False
CHEMBL3759317,IC50,nM,0.4,IC50,nM,0.4,COc1cc(C(=O)NCCN(C)C)cc(OC)c1-c1cc2c(N[C@H](C)c3ccccc3)ncnc2s1,9.397940008672036,<rdkit.Chem.rdchem.Mol object at 0x000001D6E1DA4740>,False,False
CHEMBL3759022,IC50,nM,5.0,IC50,nM,5.0,COc1cc(CO)ccc1-c1cc2c(NCc3ccccc3)ncnc2s1,8.301029995663981,<rdkit.Chem.rdchem.Mol object at 0x000001D6E1DA47B0>,False,False
CHEMBL3758768,IC50,nM,14.0,IC50,nM,14.0,COc1cc(CO)ccc1-c1cc2c(Nc3ccccc3)ncnc2s1,7.853871964321762,<rdkit.Chem.rdchem.Mol object at 0x000001D6E1DA4820>,False,False
CHEMBL3758351,IC50,nM,2.0,IC50,nM,2.0,COc1cc(CO)ccc1-c1cc2c(Nc3ccc(F)c(Cl)c3)ncnc2s1,8.698970004336019,<rdkit.Chem.rdchem.Mol object at 0x000001D6E1DA4900>,False,False
CHEMBL3759986,IC50,nM,3.0,IC50,nM,3.0,OCc1cccc(-c2cc3c(N[C@H](CO)c4ccccc4)ncnc3s2)c1,8.522878745280337,<rdkit.Chem.rdchem.Mol object at 0x000001D6E1DA4AC0>,False,False
CHEMBL3759980,IC50,nM,19.0,IC50,nM,19.0,C[C@@H](Nc1ncnc2sc(-c3ccc(C(=O)O)cc3)cc12)c1ccccc1,7.721246399047171,<rdkit.Chem.rdchem.Mol object at 0x000001D6E1DA4B30>,False,False
CHEMBL3758762,IC50,nM,7.0,IC50,nM,7.0,C[C@@H](Nc1ncnc2sc(-c3ccc(C(N)=O)cc3)cc12)c1ccccc1,8.154901959985743,<rdkit.Chem.rdchem.Mol object at 0x000001D6E1DA4BA0>,False,False
CHEMBL3758889,IC50,nM,41.0,IC50,nM,41.0,C[C@@H](Nc1ncnc2sc(-c3ccc(S(C)(=O)=O)cc3)cc12)c1ccccc1,7.387216143280264,<rdkit.Chem.rdchem.Mol object at 0x000001D6E1DA4C10>,False,False
CHEMBL3759848,IC50,nM,300.0,IC50,uM,0.3,COc1cc2c(Nc3ccc(NC(=O)c4cccc(Cl)c4)cc3)ncnc2cc1OCCN1CCCCC1,6.522878745280337,<rdkit.Chem.rdchem.Mol object at 0x000001D6E1DA4C80>,False,False
CHEMBL3759155,IC50,nM,4610.0,IC50,uM,4.61,COc1cc2c(Nc3ccc(NC(=O)c4ccccc4)cc3)ncnc2cc1OCCN1CCCCC1,5.336299074610352,<rdkit.Chem.rdchem.Mol object at 0x000001D6E1DA4E40>,False,False
CHEMBL3759203,IC50,nM,730.0,IC50,uM,0.73,COc1cc2c(Nc3ccc(NC(=O)c4ccccc4Cl)cc3)ncnc2cc1OCc1ccccc1,6.136677139879544,<rdkit.Chem.rdchem.Mol object at 0x000001D6FB243190>,False,False
CHEMBL3774451,IC50,nM,582.17,IC50,nM,582.17,O=C(Nc1ccc(Oc2ccnc3[nH]ccc23)c(F)c1)c1nnn(-c2ccc(F)cc2)c1C(F)(F)F,6.2349501780970495,<rdkit.Chem.rdchem.Mol object at 0x000001D6FB243820>,False,False
CHEMBL3775664,IC50,nM,336.0,IC50,uM,0.336,O=C1COc2cc3ncnc(Nc4ccc(F)c(Cl)c4)c3cc2N1CCCN1CCOCC1,6.473660722610156,<rdkit.Chem.rdchem.Mol object at 0x000001D6FB243890>,False,False
CHEMBL3775046,IC50,nM,137.9,IC50,nM,137.9,O=C1COc2cc3ncnc(Nc4ccc(F)c(Cl)c4)c3cc2N1CCCN1CCCCC1,6.860435733824151,<rdkit.Chem.rdchem.Mol object at 0x000001D6FB243970>,False,False
CHEMBL3775897,IC50,nM,456.2,IC50,nM,456.2,Cc1cccc(Nc2ncnc3cc4c(cc23)N(CCCN2CCCCC2)C(=O)CO4)c1,6.34084471905937,<rdkit.Chem.rdchem.Mol object at 0x000001D6FB243A50>,False,False
CHEMBL3775112,IC50,nM,99.0,IC50,nM,99.0,O=C1COc2cc3ncnc(Nc4cccc(Br)c4)c3cc2N1CCCN1CCCCC1,7.00436480540245,<rdkit.Chem.rdchem.Mol object at 0x000001D6FB243AC0>,False,False
CHEMBL3775536,IC50,nM,115.9,IC50,nM,115.9,O=C1COc2cc3ncnc(Nc4cccc(Cl)c4)c3cc2N1CCCN1CCCCC1,6.935916564036404,<rdkit.Chem.rdchem.Mol object at 0x000001D6FB243B30>,False,False
CHEMBL3774808,IC50,nM,460.0,IC50,nM,460.0,O=C1COc2cc3ncnc(Nc4cccc(F)c4)c3cc2N1CCCN1CCCCC1,6.337242168318426,<rdkit.Chem.rdchem.Mol object at 0x000001D6FB243BA0>,False,False
CHEMBL3774578,IC50,nM,162.7,IC50,nM,162.7,Cc1ccc(Nc2ncnc3cc4c(cc23)N(CCCN2CCOCC2)C(=O)CO4)cc1Cl,6.788612447063141,<rdkit.Chem.rdchem.Mol object at 0x000001D6FB243C10>,False,False
CHEMBL3775148,IC50,nM,518.6,IC50,nM,518.6,O=C1COc2cc3ncnc(Nc4ccccc4)c3cc2N1CCCN1CCOCC1,6.285167487566667,<rdkit.Chem.rdchem.Mol object at 0x000001D6FB243C80>,False,False
CHEMBL3774712,IC50,nM,594.5,IC50,nM,594.5,Cc1ccc(Nc2ncnc3cc4c(cc23)N(CCCN2CCOCC2)C(=O)CO4)cc1,6.225848141045289,<rdkit.Chem.rdchem.Mol object at 0x000001D6FB243CF0>,False,False
CHEMBL3774609,IC50,nM,823.9,IC50,nM,823.9,O=C1COc2cc3ncnc(Nc4ccc(Br)cc4)c3cc2N1CCCN1CCOCC1,6.084125497142309,<rdkit.Chem.rdchem.Mol object at 0x000001D6FB243D60>,False,False
CHEMBL3775911,IC50,nM,353.7,IC50,nM,353.7,O=C1COc2cc3ncnc(Nc4ccc(Cl)cc4)c3cc2N1CCCN1CCOCC1,6.451364940185249,<rdkit.Chem.rdchem.Mol object at 0x000001D6FB243DD0>,False,False
CHEMBL3774471,IC50,nM,434.1,IC50,nM,434.1,O=C1COc2cc3ncnc(Nc4ccc(F)cc4)c3cc2N1CCCN1CCOCC1,6.3624102141613,<rdkit.Chem.rdchem.Mol object at 0x000001D6FB243E40>,False,False
CHEMBL3774982,IC50,nM,829.2,IC50,nM,829.2,O=C1COc2cc3ncnc(Nc4cccc(C(F)(F)F)c4)c3cc2N1CCCN1CCOCC1,6.081340706578176,<rdkit.Chem.rdchem.Mol object at 0x000001D6FB243EB0>,False,False
CHEMBL3775459,IC50,nM,186.9,IC50,nM,186.9,Cc1cccc(Nc2ncnc3cc4c(cc23)N(CCCN2CCOCC2)C(=O)CO4)c1,6.728390698621168,<rdkit.Chem.rdchem.Mol object at 0x000001D6FB243F20>,False,False
CHEMBL3774906,IC50,nM,89.6,IC50,nM,89.6,O=C1COc2cc3ncnc(Nc4cccc(Br)c4)c3cc2N1CCCN1CCOCC1,7.047691990337875,<rdkit.Chem.rdchem.Mol object at 0x000001D6FB243F90>,False,False
CHEMBL3774947,IC50,nM,63.1,IC50,nM,63.1,O=C1COc2cc3ncnc(Nc4cccc(Cl)c4)c3cc2N1CCCN1CCOCC1,7.199970640755866,<rdkit.Chem.rdchem.Mol object at 0x000001D6FB25F040>,False,False
CHEMBL3775285,IC50,nM,245.1,IC50,nM,245.1,O=C1COc2cc3ncnc(Nc4cccc(F)c4)c3cc2N1CCCN1CCOCC1,6.610656688747922,<rdkit.Chem.rdchem.Mol object at 0x000001D6FB25F0B0>,False,False
CHEMBL3787112,IC50,nM,2300.0,IC50,uM,2.3,Nc1ncnc2c1c(-c1cccc(O)c1)cn2[C@H]1C[C@@H](CN2CCC2)C1,5.638272163982407,<rdkit.Chem.rdchem.Mol object at 0x000001D6FB25F270>,False,False
CHEMBL1614712,IC50,nM,5200.0,IC50,uM,5.2,Nc1ncnc2c1c(-c1cccc(OCc3ccccc3)c1)cn2[C@H]1C[C@@H](CN2CCC2)C1,5.2839966563652006,<rdkit.Chem.rdchem.Mol object at 0x000001D6FB25F900>,False,False
CHEMBL3800262,IC50,nM,57000.0,IC50,uM,57.0,CC(=O)c1cccc(NC(=O)c2cc3ccccc3[nH]2)c1,4.2441251443275085,<rdkit.Chem.rdchem.Mol object at 0x000001D6FB25F9E0>,False,False
CHEMBL3797839,IC50,nM,50000.0,IC50,uM,50.0,CC(=O)c1ccc(NC(=O)c2cc3ccccc3[nH]2)cc1,4.301029995663981,<rdkit.Chem.rdchem.Mol object at 0x000001D6FB25FA50>,False,False
CHEMBL3799956,IC50,nM,45000.0,IC50,uM,45.0,O=C(c1ccccc1)c1cccc(NC(=O)c2cc3ccccc3[nH]2)c1,4.346787486224656,<rdkit.Chem.rdchem.Mol object at 0x000001D6FB25FAC0>,False,False
CHEMBL3799345,IC50,nM,49000.0,IC50,uM,49.0,O=C(c1ccccc1)c1ccc(NC(=O)c2cc3ccccc3[nH]2)cc1,4.309803919971486,<rdkit.Chem.rdchem.Mol object at 0x000001D6FB25FB30>,False,False
CHEMBL3800448,IC50,nM,34000.0,IC50,uM,34.0,CC(O)c1cccc(NC(=O)c2cc3ccccc3[nH]2)c1,4.468521082957745,<rdkit.Chem.rdchem.Mol object at 0x000001D6FB25FBA0>,False,False
CHEMBL3798556,IC50,nM,35000.0,IC50,uM,35.0,CC(O)c1ccc(NC(=O)c2cc3ccccc3[nH]2)cc1,4.455931955649724,<rdkit.Chem.rdchem.Mol object at 0x000001D6FB25FC10>,False,False
CHEMBL3798658,IC50,nM,15000.0,IC50,uM,15.0,O=C(Nc1cccc(C(O)c2ccccc2)c1)c1cc2ccccc2[nH]1,4.823908740944319,<rdkit.Chem.rdchem.Mol object at 0x000001D6FB25FC80>,False,False
CHEMBL3799332,IC50,nM,38000.0,IC50,uM,38.0,O=C(Nc1ccc(C(O)c2ccccc2)cc1)c1cc2ccccc2[nH]1,4.42021640338319,<rdkit.Chem.rdchem.Mol object at 0x000001D6FB25FCF0>,False,False
CHEMBL3806222,IC50,nM,58.8,IC50,nM,58.8,Fc1ccc(Nc2ncnc3cc(OC4CCOCC4)c4c(c23)OCCO4)cc1Cl,7.230622673923861,<rdkit.Chem.rdchem.Mol object at 0x000001D6FB2626D0>,False,False
CHEMBL3805782,IC50,nM,20.5,IC50,nM,20.5,Fc1ccc(Nc2ncnc3cc(OC4CCOC4)c4c(c23)OCCO4)cc1Cl,7.688246138944246,<rdkit.Chem.rdchem.Mol object at 0x000001D6FB2625F0>,False,False
CHEMBL3805775,IC50,nM,247.2,IC50,nM,247.2,COCC(C)Oc1cc2ncnc(Nc3ccc(F)c(Cl)c3)c2c2c1OCCO2,6.606951533583222,<rdkit.Chem.rdchem.Mol object at 0x000001D6FB262510>,False,False
CHEMBL3805283,IC50,nM,29.1,IC50,nM,29.1,CC(C)Oc1cc2ncnc(Nc3ccc(F)c(Cl)c3)c2c2c1OCCO2,7.536107011014093,<rdkit.Chem.rdchem.Mol object at 0x000001D6FB2622E0>,False,False
CHEMBL3806321,IC50,nM,416.1,IC50,nM,416.1,Cc1ccc(Nc2ncnc3cc(OC(C)C)c4c(c23)OCCO4)cc1C#N,6.380802284207053,<rdkit.Chem.rdchem.Mol object at 0x000001D6FB262270>,False,False
CHEMBL3805949,IC50,nM,313.6,IC50,nM,313.6,CC(C)Oc1cc2ncnc(Nc3ccc(F)c(C#N)c3)c2c2c1OCCO2,6.5036239459876,<rdkit.Chem.rdchem.Mol object at 0x000001D6FB262200>,False,False
CHEMBL3806213,IC50,nM,24.1,IC50,nM,24.1,Fc1ccc(Nc2ncnc3cc(OCC4CCCO4)c4c(c23)OCCO4)cc1Cl,7.617982957425132,<rdkit.Chem.rdchem.Mol object at 0x000001D6FB262D60>,False,False
CHEMBL3805859,IC50,nM,3.6,IC50,nM,3.6,CCOc1cc2ncnc(Nc3ccc(C)cc3)c2c2c1OCCO2,8.443697499232712,<rdkit.Chem.rdchem.Mol object at 0x000001D6FB262970>,False,False
CHEMBL3804868,IC50,nM,6.7,IC50,nM,6.7,CCOc1cc2ncnc(Nc3ccc(C)c(Cl)c3)c2c2c1OCCO2,8.173925197299173,<rdkit.Chem.rdchem.Mol object at 0x000001D6FB262890>,False,False
CHEMBL3805774,IC50,nM,4.4,IC50,nM,4.4,CCOc1cc2ncnc(Nc3cccc(OC)c3)c2c2c1OCCO2,8.356547323513812,<rdkit.Chem.rdchem.Mol object at 0x000001D6FB2620B0>,False,False
CHEMBL3806248,IC50,nM,2.0,IC50,nM,2.0,CCOc1cc2ncnc(Nc3ccc(F)c(Cl)c3)c2c2c1OCCO2,8.698970004336019,<rdkit.Chem.rdchem.Mol object at 0x000001D6FB264040>,False,False
CHEMBL3806292,IC50,nM,22.5,IC50,nM,22.5,COc1cc2ncnc(Nc3ccc(F)c(Cl)c3)c2c2c1OCCO2,7.647817481888637,<rdkit.Chem.rdchem.Mol object at 0x000001D6FB264120>,False,False
CHEMBL3805508,IC50,nM,7920.0,IC50,uM,7.92,c1ccc(COc2cccc(C3CC(c4ccc5c(c4)OCCO5)=NN3c3ccccc3)c2)cc1,5.101274818410507,<rdkit.Chem.rdchem.Mol object at 0x000001D6FB264350>,False,False
CHEMBL3805409,IC50,nM,81200.0,IC50,uM,81.2,Clc1cccc(C2CC(c3ccc4c(c3)OCCO4)=NN2c2ccccc2)c1,4.090443970758825,<rdkit.Chem.rdchem.Mol object at 0x000001D6FB2643C0>,False,False
CHEMBL3805893,IC50,nM,9040.0,IC50,uM,9.04,c1ccc(COc2ccc(C3CC(c4ccc5c(c4)OCCO5)=NN3c3ccccc3)cc2)cc1,5.043831569524636,<rdkit.Chem.rdchem.Mol object at 0x000001D6FB264430>,False,False
CHEMBL3805849,IC50,nM,192000.0,IC50,uM,192.0,Clc1ccc(C2CC(c3ccc4c(c3)OCCO4)=NN2c2ccccc2)cc1Cl,3.7166987712964494,<rdkit.Chem.rdchem.Mol object at 0x000001D6FB2644A0>,False,False
CHEMBL3808884,IC50,nM,15.0,IC50,nM,15.0,COC(=O)c1cc2cc(NCc3cc(NC(=O)c4cc(-n5cnc(C)c5)cc(C(F)(F)F)c4)ccc3C)cnc2[nH]1,7.823908740944319,<rdkit.Chem.rdchem.Mol object at 0x000001D6FB264510>,False,False
CHEMBL3815045,IC50,nM,50.0,IC50,uM,0.05,CCn1c(-c2nc(-c3cnn(C4CCN(C)CC4)c3)cnc2N)nc2ccccc21,7.301029995663981,<rdkit.Chem.rdchem.Mol object at 0x000001D6FB264660>,False,False
CHEMBL3813979,IC50,nM,290.0,IC50,uM,0.29,CN1CCC(n2cc(-c3cnc(N)c(-c4nc5ccccc5[nH]4)n3)cn2)CC1,6.537602002101044,<rdkit.Chem.rdchem.Mol object at 0x000001D6FB2646D0>,False,False
CHEMBL3814959,IC50,nM,0.803,IC50,nM,0.803,NC(=O)Nc1ccc2ncnc(Nc3ccc(Br)cc3)c2c1,9.09528445472132,<rdkit.Chem.rdchem.Mol object at 0x000001D6FB264820>,False,False
CHEMBL2031296,IC50,nM,1.01,IC50,nM,1.01,CC(=O)Nc1ccc2ncnc(Nc3cccc(Br)c3)c2c1,8.995678626217357,<rdkit.Chem.rdchem.Mol object at 0x000001D6FB264890>,False,False
CHEMBL3814211,IC50,nM,0.854,IC50,nM,0.854,NC(=O)Nc1ccc2ncnc(Nc3ccc(F)c(Cl)c3)c2c1,9.068542129310996,<rdkit.Chem.rdchem.Mol object at 0x000001D6FB2649E0>,False,False
CHEMBL3814257,IC50,nM,0.662,IC50,nM,0.662,CC(=O)Nc1ccc2ncnc(Nc3ccc(F)c(Cl)c3)c2c1,9.1791420105603,<rdkit.Chem.rdchem.Mol object at 0x000001D6FB264A50>,False,False
CHEMBL3814846,IC50,nM,3.96,IC50,nM,3.96,CC(=O)Nc1ccc2ncnc(Nc3ccc(OCc4cccc(F)c4)c(Cl)c3)c2c1,8.402304814074487,<rdkit.Chem.rdchem.Mol object at 0x000001D6FB264AC0>,False,False
CHEMBL3814320,IC50,nM,1.43,IC50,nM,1.43,O=C(NCCN1CCOCC1)Nc1ccc2ncnc(Nc3cccc(Br)c3)c2c1,8.844663962534938,<rdkit.Chem.rdchem.Mol object at 0x000001D6FB264B30>,False,False
CHEMBL3814882,IC50,nM,0.772,IC50,nM,0.772,O=C(NCCN1CCCCC1)Nc1ccc2ncnc(Nc3cccc(Br)c3)c2c1,9.112382699664265,<rdkit.Chem.rdchem.Mol object at 0x000001D6FB264BA0>,False,False
CHEMBL3815161,IC50,nM,2.92,IC50,nM,2.92,O=C(NCCN1CCOCC1)Nc1ccc2ncnc(Nc3ccc(F)c(Cl)c3)c2c1,8.534617148551582,<rdkit.Chem.rdchem.Mol object at 0x000001D6FB264C10>,False,False
CHEMBL3814956,IC50,nM,1.06,IC50,nM,1.06,O=C(NCCN1CCCCC1)Nc1ccc2ncnc(Nc3ccc(F)c(Cl)c3)c2c1,8.97469413473523,<rdkit.Chem.rdchem.Mol object at 0x000001D6FB264C80>,False,False
CHEMBL3814460,IC50,nM,259.0,IC50,uM,0.259,O=C(NCCN1CCOCC1)Nc1ccc2ncnc(Nc3ccc(OCc4cccc(F)c4)c(Cl)c3)c2c1,6.586700235918748,<rdkit.Chem.rdchem.Mol object at 0x000001D6FB261040>,False,False
CHEMBL3814021,IC50,nM,2030.0,IC50,uM,2.03,O=C(NCCN1CCCCC1)Nc1ccc2ncnc(Nc3ccc(OCc4cccc(F)c4)c(Cl)c3)c2c1,5.692503962086787,<rdkit.Chem.rdchem.Mol object at 0x000001D6FB261200>,False,False
CHEMBL3818364,IC50,nM,110.6,IC50,nM,110.6,CCOc1cc2ncnc(Nc3ccc(OCc4cccc(F)c4)c(Cl)c3)c2cc1NC(=O)[C@H]1COC(=O)N1,6.956244873031321,<rdkit.Chem.rdchem.Mol object at 0x000001D6FB261270>,False,False
CHEMBL3818062,IC50,nM,40.16,IC50,nM,40.16,COc1cc2ncnc(Nc3ccc(F)c(Cl)c3)c2cc1NC(=O)[C@H]1NC(=O)O[C@@H]1C,7.396206295863037,<rdkit.Chem.rdchem.Mol object at 0x000001D6FB2612E0>,False,False
CHEMBL3819553,IC50,nM,294.6,IC50,nM,294.6,CCOc1cc2ncnc(Nc3ccc(OCc4cccc(F)c4)c(Cl)c3)c2cc1NC(=O)[C@H]1NC(=O)O[C@@H]1C,6.530767257493388,<rdkit.Chem.rdchem.Mol object at 0x000001D6FB261350>,False,False
CHEMBL3818547,IC50,nM,1.06,IC50,nM,1.06,COc1cc2ncnc(Nc3ccc(F)c(Cl)c3)c2cc1NC(=O)[C@@H]1COC(=O)N1,8.97469413473523,<rdkit.Chem.rdchem.Mol object at 0x000001D6FB2613C0>,False,False
CHEMBL3818115,IC50,nM,1.34,IC50,nM,1.34,CCOc1cc2ncnc(Nc3ccc(OCc4cccc(F)c4)c(Cl)c3)c2cc1NC(=O)[C@@H]1COC(=O)N1,8.872895201635192,<rdkit.Chem.rdchem.Mol object at 0x000001D6FB261430>,False,False
CHEMBL3818015,IC50,nM,0.47,IC50,nM,0.47,COc1cc2ncnc(Nc3cccc(Br)c3)c2cc1NC(=O)[C@@H]1COC(=O)N1,9.327902142064282,<rdkit.Chem.rdchem.Mol object at 0x000001D6FB2614A0>,False,False
CHEMBL3818563,IC50,nM,5.52,IC50,nM,5.52,CCOc1cc2ncnc(N[C@@H](C)c3ccccc3)c2cc1NC(=O)[C@@H]1COC(=O)N1,8.2580609222708,<rdkit.Chem.rdchem.Mol object at 0x000001D6FB261510>,False,False
CHEMBL3818970,IC50,nM,37.81,IC50,nM,37.81,CCOc1cc2ncnc(Nc3ccc(OCC4CC4)c(Cl)c3)c2cc1NC(=O)[C@@H]1COC(=O)N1,7.422393322637465,<rdkit.Chem.rdchem.Mol object at 0x000001D6FB261580>,False,False
CHEMBL3819120,IC50,nM,25.53,IC50,nM,25.53,O=C1N[C@H](C(=O)Nc2cc3c(Nc4ccc(F)c(Cl)c4)ncnc3cc2OCCN2CCCCC2)CO1,7.592949185195749,<rdkit.Chem.rdchem.Mol object at 0x000001D6FB2615F0>,False,False
CHEMBL3735648,IC50,nM,350.0,IC50,nM,350.0,CC1(C)c2cc(C3CCN(CC4CCOCC4)CC3)ccc2C(=O)c2c1[nH]c1cc(C#N)ccc21,6.455931955649724,<rdkit.Chem.rdchem.Mol object at 0x000001D6FB261740>,False,False
CHEMBL3828269,IC50,nM,2.97,IC50,nM,2.97,Cn1cc(-c2ccc3ncnc(Nc4ccc(F)c(Cl)c4)c3c2)cn1,8.527243550682787,<rdkit.Chem.rdchem.Mol object at 0x000001D6FB2617B0>,False,False
CHEMBL3828079,IC50,nM,44.1,IC50,nM,44.1,Cn1cc(-c2ccc3ncnc(Nc4ccc5ncccc5c4)c3c2)cn1,7.355561410532162,<rdkit.Chem.rdchem.Mol object at 0x000001D6FB261820>,False,False
CHEMBL3828092,IC50,nM,31.9,IC50,nM,31.9,Fc1ccc(Nc2ncnc3ccc(-c4cnn(C5CCNCC5)c4)cc23)cc1Cl,7.496209316942819,<rdkit.Chem.rdchem.Mol object at 0x000001D6FB261900>,False,False
CHEMBL3827349,IC50,nM,28.2,IC50,nM,28.2,c1cnc2ccc(Nc3ncnc4ccc(-c5cnn(C6CCNCC6)c5)cc34)cc2c1,7.549750891680639,<rdkit.Chem.rdchem.Mol object at 0x000001D6FB261970>,False,False
CHEMBL3948084,IC50,nM,17.0,IC50,uM,0.017,CCC(=O)Nc1cc2c(Nc3ccc4c(cnn4Cc4ccccc4)c3)ncnc2cc1OC,7.769551078621726,<rdkit.Chem.rdchem.Mol object at 0x000001D6FB260040>,False,False
CHEMBL3977326,IC50,nM,21.0,IC50,uM,0.021,CCC(=O)Nc1cc2c(Nc3ccc4c(ccn4Cc4ccccc4)c3)ncnc2cc1OC,7.67778070526608,<rdkit.Chem.rdchem.Mol object at 0x000001D6FB260DD0>,False,False
CHEMBL3921347,IC50,nM,79.0,IC50,uM,0.079,CCC(=O)Nc1cc2c(Nc3ccc4[nH]ncc4c3)ncnc2cc1OC,7.102372908709558,<rdkit.Chem.rdchem.Mol object at 0x000001D6FB260CF0>,False,False
CHEMBL3963723,IC50,nM,6.0,IC50,uM,0.006,CCC(=O)Nc1cc2c(Nc3ccc4[nH]ccc4c3)ncnc2cc1OC,8.221848749616356,<rdkit.Chem.rdchem.Mol object at 0x000001D6FB260C80>,False,False
CHEMBL3930316,IC50,nM,2.0,IC50,uM,0.002,CCC(=O)Nc1cc2c(Nc3ccc(F)c(Cl)c3)ncnc2cc1OC,8.698970004336019,<rdkit.Chem.rdchem.Mol object at 0x000001D6FB260A50>,False,False
CHEMBL3968839,IC50,nM,61.0,IC50,uM,0.061,CCC(=O)Nc1cc2c(Nc3ccc4c(ccn4Cc4ccccn4)c3)ncnc2cc1OC,7.214670164989233,<rdkit.Chem.rdchem.Mol object at 0x000001D6FB260740>,False,False
CHEMBL3939300,IC50,nM,714.0,IC50,uM,0.714,CCC(=O)Nc1cc2c(Nc3ccc4c(ccn4Cc4cccnc4)c3)ncnc2cc1OC,6.146301788223826,<rdkit.Chem.rdchem.Mol object at 0x000001D6FB2606D0>,False,False
CHEMBL3919183,IC50,nM,94.0,IC50,uM,0.094,CCC(=O)Nc1cc2c(Nc3ccc4c(cnn4Cc4ccccn4)c3)ncnc2cc1OC,7.026872146400302,<rdkit.Chem.rdchem.Mol object at 0x000001D6FB2605F0>,False,False
CHEMBL3981041,IC50,nM,127.0,IC50,uM,0.127,CCC(=O)Nc1cc2c(Nc3ccc4c(ccn4S(=O)(=O)c4ccccc4)c3)ncnc2cc1OC,6.896196279044043,<rdkit.Chem.rdchem.Mol object at 0x000001D6FB260510>,False,False
CHEMBL3964380,IC50,nM,86.0,IC50,uM,0.086,CCC(=O)Nc1cc2c(Nc3ccc4c(ccn4Cc4ccco4)c3)ncnc2cc1OC,7.0655015487564325,<rdkit.Chem.rdchem.Mol object at 0x000001D6FB2604A0>,False,False
CHEMBL3962032,IC50,nM,421.0,IC50,uM,0.421,CCC(=O)Nc1cc2c(Nc3ccc4c(ccn4CC(C)C)c3)ncnc2cc1OC,6.375717904164332,<rdkit.Chem.rdchem.Mol object at 0x000001D6FB2602E0>,False,False
CHEMBL3934539,IC50,nM,136.0,IC50,uM,0.136,CCC(=O)Nc1cc2c(NCc3ccccc3)ncnc2cc1OC,6.866461091629782,<rdkit.Chem.rdchem.Mol object at 0x000001D6FB260270>,False,False
CHEMBL3973028,IC50,nM,86.0,IC50,uM,0.086,CCC(=O)Nc1cc2c(N[C@H](C)c3ccccc3)ncnc2cc1OC,7.0655015487564325,<rdkit.Chem.rdchem.Mol object at 0x000001D6FB260200>,False,False
CHEMBL3943512,IC50,nM,65.0,IC50,uM,0.065,CCC(=O)Nc1cc2c(Nc3ccc(Oc4ccccc4)cc3)ncnc2cc1OC,7.187086643357144,<rdkit.Chem.rdchem.Mol object at 0x000001D6FB260190>,False,False
CHEMBL3944572,IC50,nM,881.0,IC50,uM,0.881,CCC(=O)Nc1cc2c(Nc3ccc(Oc4cccc(F)c4)cc3)ncnc2cc1OC,6.055024091587952,<rdkit.Chem.rdchem.Mol object at 0x000001D6FB260F90>,False,False
CHEMBL3916644,IC50,nM,509.0,IC50,uM,0.509,CCC(=O)Nc1cc2c(Nc3ccc(Oc4ccc5c(c4)OCO5)cc3)ncnc2cc1OC,6.293282217663241,<rdkit.Chem.rdchem.Mol object at 0x000001D6FB260F20>,False,False
CHEMBL3951754,IC50,nM,531.0,IC50,uM,0.531,CCC(=O)Nc1cc2c(Nc3ccc(Oc4cccnc4)cc3)ncnc2cc1OC,6.274905478918531,<rdkit.Chem.rdchem.Mol object at 0x000001D6FB260EB0>,False,False
CHEMBL3980622,IC50,nM,205.0,IC50,uM,0.205,CCC(=O)Nc1cc2c(Nc3ccc(Cc4ccccn4)cc3)ncnc2cc1OC,6.688246138944246,<rdkit.Chem.rdchem.Mol object at 0x000001D6FB260E40>,False,False
CHEMBL3942999,IC50,nM,388.0,IC50,uM,0.388,CCC(=O)Nc1cc2c(Nc3ccc(Cc4ccncc4)cc3)ncnc2cc1OC,6.411168274405792,<rdkit.Chem.rdchem.Mol object at 0x000001D6FB260D60>,False,False
CHEMBL3972605,IC50,nM,343.0,IC50,uM,0.343,CCC(=O)Nc1cc2c(Nc3ccc(C(O)c4ccccc4)cc3)ncnc2cc1OC,6.464705879957229,<rdkit.Chem.rdchem.Mol object at 0x000001D6FB260C10>,False,False
CHEMBL3934034,IC50,nM,36.0,IC50,uM,0.036,CCC(=O)Nc1cc2c(Nc3ccc(OCc4ccccc4)cc3)ncnc2cc1OC,7.443697499232712,<rdkit.Chem.rdchem.Mol object at 0x000001D6FB260BA0>,False,False
CHEMBL3961532,IC50,nM,67.0,IC50,uM,0.067,CCC(=O)Nc1cc2c(Nc3ccc(OCc4cccc(F)c4)c(Cl)c3)ncnc2cc1OC,7.173925197299173,<rdkit.Chem.rdchem.Mol object at 0x000001D6FB260AC0>,False,False
CHEMBL3925158,IC50,nM,116.0,IC50,uM,0.116,CCC(=O)Nc1cc2c(Nc3ccc(OCc4ccccn4)cc3)ncnc2cc1OC,6.935542010773082,<rdkit.Chem.rdchem.Mol object at 0x000001D6FB260900>,False,False
CHEMBL3916141,IC50,nM,747.0,IC50,uM,0.747,CCC(=O)Nc1cc2c(Nc3ccc(CCc4ccccc4)cc3)ncnc2cc1OC,6.126679398184601,<rdkit.Chem.rdchem.Mol object at 0x000001D6FB260660>,False,False
CHEMBL3944095,IC50,nM,383.0,IC50,uM,0.383,CCC(=O)Nc1cc2c(Nc3ccc(NCc4ccccc4)cc3)ncnc2cc1OC,6.416801226031377,<rdkit.Chem.rdchem.Mol object at 0x000001D6FB260580>,False,False
CHEMBL3970738,IC50,nM,65.0,IC50,uM,0.065,CCC(=O)Nc1cc2c(Nc3ccc(NS(=O)(=O)c4ccccc4)cc3)ncnc2cc1OC,7.187086643357144,<rdkit.Chem.rdchem.Mol object at 0x000001D6FB260350>,False,False
CHEMBL3941175,IC50,nM,593.0,IC50,uM,0.593,CCC(=O)Nc1cc2c(Nc3ccc(NS(=O)(=O)c4ccccc4)c(F)c3)ncnc2cc1OC,6.226945306635737,<rdkit.Chem.rdchem.Mol object at 0x000001D6FB25B040>,False,False
CHEMBL3923650,IC50,nM,522.0,IC50,uM,0.522,CCC(=O)Nc1cc2c(Nc3ccc(NS(=O)(=O)c4ccccc4)nc3)ncnc2cc1OC,6.282329496997738,<rdkit.Chem.rdchem.Mol object at 0x000001D6FB25B0B0>,False,False
CHEMBL3952877,IC50,nM,28.0,IC50,nM,28.0,COC[C@@H](Nc1ncnc2oc(-c3ccccc3)cc12)c1ccccc1,7.552841968657781,<rdkit.Chem.rdchem.Mol object at 0x000001D6FB25DC80>,False,False
CHEMBL3981621,IC50,nM,93.0,IC50,nM,93.0,c1ccc(CNc2ncnc3oc(-c4ccccc4)cc23)cc1,7.031517051446065,<rdkit.Chem.rdchem.Mol object at 0x000001D6FB25DC10>,False,False
CHEMBL3961553,IC50,nM,2.0,IC50,nM,2.0,OC[C@@H](Nc1ncnc2oc(-c3ccc(O)cc3)cc12)c1ccccc1,8.698970004336019,<rdkit.Chem.rdchem.Mol object at 0x000001D6FB25DB30>,False,False
CHEMBL3892567,IC50,nM,3.9,IC50,nM,3.9,OC[C@@H](Nc1ncnc2oc(-c3ccccc3)cc12)c1ccccc1,8.4089353929735,<rdkit.Chem.rdchem.Mol object at 0x000001D6FB25DAC0>,False,False
CHEMBL3973601,IC50,nM,27.0,IC50,nM,27.0,COc1ccc(-c2cc3c(N[C@H](C)c4ccc(F)cc4)ncnc3o2)cc1,7.568636235841013,<rdkit.Chem.rdchem.Mol object at 0x000001D6FB25DA50>,False,False
CHEMBL3953210,IC50,nM,24.0,IC50,nM,24.0,COc1ccc(-c2cc3c(N[C@H](C)c4cccc(F)c4)ncnc3o2)cc1,7.619788758288394,<rdkit.Chem.rdchem.Mol object at 0x000001D6FB25D9E0>,False,False
CHEMBL3925584,IC50,nM,24.0,IC50,nM,24.0,COc1ccc(-c2cc3c(N[C@H](C)c4ccccc4F)ncnc3o2)cc1,7.619788758288394,<rdkit.Chem.rdchem.Mol object at 0x000001D6FB25D970>,False,False
CHEMBL3961961,IC50,nM,4.0,IC50,nM,4.0,COc1ccc(-c2cc3c(N[C@H](CCO)c4ccccc4)ncnc3o2)cc1,8.397940008672037,<rdkit.Chem.rdchem.Mol object at 0x000001D6FB25D900>,False,False
CHEMBL3934461,IC50,nM,22.0,IC50,nM,22.0,COc1ccc(-c2cc3c(NC(CC(N)=O)c4ccccc4)ncnc3o2)cc1,7.657577319177793,<rdkit.Chem.rdchem.Mol object at 0x000001D6FB25D890>,False,False
CHEMBL3972981,IC50,nM,22.0,IC50,nM,22.0,CC[C@@H](Nc1ncnc2oc(-c3ccc(OC)cc3)cc12)c1ccccc1,7.657577319177793,<rdkit.Chem.rdchem.Mol object at 0x000001D6FB25D820>,False,False
CHEMBL3943438,IC50,nM,14.0,IC50,nM,14.0,COC[C@@H](Nc1ncnc2oc(-c3ccc(OC)cc3)cc12)c1ccccc1,7.853871964321762,<rdkit.Chem.rdchem.Mol object at 0x000001D6FB25D7B0>,False,False
CHEMBL3939429,IC50,nM,74.0,IC50,nM,74.0,COc1ccc(-c2cc3c(NCc4ccccc4)ncnc3o2)cc1,7.130768280269024,<rdkit.Chem.rdchem.Mol object at 0x000001D6FB25D740>,False,False
CHEMBL3952157,IC50,nM,2.7,IC50,nM,2.7,COc1ccc(-c2cc3c(N[C@H](CO)c4ccccc4)ncnc3o2)cc1,8.568636235841012,<rdkit.Chem.rdchem.Mol object at 0x000001D6FB25D6D0>,False,False
CHEMBL3891846,IC50,nM,0.6,IC50,nM,0.6,C[C@@H](Nc1ncnc2oc(-c3ccc(NCCN4CCCCC4)cc3)cc12)c1ccccc1,9.221848749616356,<rdkit.Chem.rdchem.Mol object at 0x000001D6FB25D660>,False,False
CHEMBL3960853,IC50,nM,1.1,IC50,nM,1.1,C[C@@H](Nc1ncnc2oc(-c3ccc(NCCN4CCOCC4)cc3)cc12)c1ccccc1,8.958607314841775,<rdkit.Chem.rdchem.Mol object at 0x000001D6FB25D5F0>,False,False
CHEMBL3901622,IC50,nM,0.4,IC50,nM,0.4,C[C@@H](Nc1ncnc2oc(-c3ccc(NCCN(C)C)cc3)cc12)c1ccccc1,9.397940008672036,<rdkit.Chem.rdchem.Mol object at 0x000001D6FB25DDD0>,False,False
CHEMBL3929584,IC50,nM,29.0,IC50,nM,29.0,C=Cc1ccc(-c2cc3c(N[C@H](C)c4ccccc4)ncnc3o2)cc1,7.5376020021010435,<rdkit.Chem.rdchem.Mol object at 0x000001D6FB25DD60>,False,False
CHEMBL3928512,IC50,nM,2.0,IC50,nM,2.0,C[C@@H](Nc1ncnc2oc(-c3ccccc3O)cc12)c1ccccc1,8.698970004336019,<rdkit.Chem.rdchem.Mol object at 0x000001D6FB25DCF0>,False,False
CHEMBL3956112,IC50,nM,4.6,IC50,nM,4.6,C[C@@H](Nc1ncnc2oc(-c3cccc(O)c3)cc12)c1ccccc1,8.337242168318426,<rdkit.Chem.rdchem.Mol object at 0x000001D6FB25DBA0>,False,False
CHEMBL3919609,IC50,nM,1.5,IC50,nM,1.5,C[C@@H](Nc1ncnc2oc(-c3ccc(O)cc3)cc12)c1ccccc1,8.823908740944319,<rdkit.Chem.rdchem.Mol object at 0x000001D6FB25D580>,False,False
CHEMBL3947406,IC50,nM,4.0,IC50,nM,4.0,COc1ccccc1-c1cc2c(N[C@H](C)c3ccccc3)ncnc2o1,8.397940008672037,<rdkit.Chem.rdchem.Mol object at 0x000001D6FB25D510>,False,False
CHEMBL3946396,IC50,nM,7.0,IC50,nM,7.0,COc1cccc(-c2cc3c(N[C@H](C)c4ccccc4)ncnc3o2)c1,8.154901959985743,<rdkit.Chem.rdchem.Mol object at 0x000001D6FB25D4A0>,False,False
CHEMBL3975699,IC50,nM,44.0,IC50,nM,44.0,C[C@@H](Nc1ncnc2oc(-c3ccc(C#N)cc3)cc12)c1ccccc1,7.356547323513812,<rdkit.Chem.rdchem.Mol object at 0x000001D6FB25D430>,False,False
CHEMBL3937527,IC50,nM,56.0,IC50,nM,56.0,C[C@@H](Nc1ncnc2oc(-c3ccc(Br)cc3)cc12)c1ccccc1,7.251811972993799,<rdkit.Chem.rdchem.Mol object at 0x000001D6FB25D3C0>,False,False
CHEMBL3967219,IC50,nM,13.0,IC50,nM,13.0,C[C@@H](Nc1ncnc2oc(-c3ccc(F)cc3)cc12)c1ccccc1,7.886056647693163,<rdkit.Chem.rdchem.Mol object at 0x000001D6FB25D350>,False,False
CHEMBL3908303,IC50,nM,11.0,IC50,nM,11.0,C[C@@H](Nc1ncnc2oc(-c3ccccc3)cc12)c1ccccc1,7.958607314841775,<rdkit.Chem.rdchem.Mol object at 0x000001D6FB25D2E0>,False,False
CHEMBL3933539,IC50,nM,5.3,IC50,nM,5.3,COc1ccc(-c2cc3c(N[C@H](C)c4ccccc4)ncnc3o2)cc1,8.275724130399212,<rdkit.Chem.rdchem.Mol object at 0x000001D6FB25D270>,False,False
CHEMBL3965075,IC50,nM,470.0,IC50,uM,0.47,CCOCc1ccc2c(c1)nc(NC(=O)c1cccc(C(F)(F)F)c1)n2[C@H]1CC[C@H](O)CC1,6.327902142064283,<rdkit.Chem.rdchem.Mol object at 0x000001D6FB25D200>,False,False
CHEMBL3954370,IC50,nM,260.0,IC50,uM,0.26,O=C(Nc1nc2ccccc2n1[C@H]1CC[C@H](O)CC1)c1cccc(C(F)(F)F)c1,6.585026652029182,<rdkit.Chem.rdchem.Mol object at 0x000001D6FB25D190>,False,False
CHEMBL3918367,IC50,nM,1370.0,IC50,uM,1.37,Cc1cccc2c1nc(NC(=O)c1cccc(C(F)(F)F)c1)n2[C@H]1CC[C@H](O)CC1,5.863279432843593,<rdkit.Chem.rdchem.Mol object at 0x000001D6FB25D120>,False,False
CHEMBL3946259,IC50,nM,140.0,IC50,uM,0.14,Cc1ccc2c(c1)nc(NC(=O)c1cccc(C(F)(F)F)c1)n2[C@H]1CC[C@H](O)CC1,6.853871964321762,<rdkit.Chem.rdchem.Mol object at 0x000001D6FB25D0B0>,False,False
CHEMBL3909438,IC50,nM,280.0,IC50,uM,0.28,Cc1ccc2nc(NC(=O)c3cccc(C(F)(F)F)c3)n([C@H]3CC[C@H](O)CC3)c2c1,6.552841968657781,<rdkit.Chem.rdchem.Mol object at 0x000001D6FB25D040>,False,False
CHEMBL3937373,IC50,nM,90.0,IC50,uM,0.09,Cc1cccc2nc(NC(=O)c3cccc(C(F)(F)F)c3)n([C@H]3CC[C@H](O)CC3)c12,7.045757490560675,<rdkit.Chem.rdchem.Mol object at 0x000001D6FB258040>,False,False
CHEMBL3906533,IC50,nM,4.4,IC50,nM,4.4,CCOC(=O)c1ccc(Nc2nncc3ccccc23)cc1,8.356547323513812,<rdkit.Chem.rdchem.Mol object at 0x000001D6FB258F20>,False,False
CHEMBL3937949,IC50,nM,6.2,IC50,nM,6.2,O=C(O)c1ccc(Nc2nncc3ccccc23)cc1,8.207608310501746,<rdkit.Chem.rdchem.Mol object at 0x000001D6FB258F90>,False,False
CHEMBL3915508,IC50,nM,4.1,IC50,nM,4.1,N#Cc1ccc(Nc2nncc3ccccc23)cc1,8.387216143280265,<rdkit.Chem.rdchem.Mol object at 0x000001D6FB25C3C0>,False,False
CHEMBL3979610,IC50,nM,6.0,IC50,nM,6.0,Fc1ccc(Nc2nncc3ccccc23)cc1,8.221848749616356,<rdkit.Chem.rdchem.Mol object at 0x000001D6FB25C350>,False,False
CHEMBL3950630,IC50,nM,6.7,IC50,nM,6.7,Cc1cc(C)nc(NS(=O)(=O)c2ccc(Nc3nncc4ccccc34)cc2)n1,8.173925197299173,<rdkit.Chem.rdchem.Mol object at 0x000001D6FB25C270>,False,False
CHEMBL3908272,IC50,nM,86.0,IC50,nM,86.0,O=S(=O)(Nc1ncccn1)c1ccc(Nc2nncc3ccccc23)cc1,7.0655015487564325,<rdkit.Chem.rdchem.Mol object at 0x000001D6FB25C190>,False,False
CHEMBL3978686,IC50,nM,84.0,IC50,nM,84.0,O=S(=O)(Nc1ccccn1)c1ccc(Nc2nncc3ccccc23)cc1,7.075720713938118,<rdkit.Chem.rdchem.Mol object at 0x000001D6FB25C120>,False,False
CHEMBL3899216,IC50,nM,130.0,IC50,nM,130.0,Cc1cc(NS(=O)(=O)c2ccc(Nc3nncc4ccccc34)cc2)no1,6.886056647693163,<rdkit.Chem.rdchem.Mol object at 0x000001D6FB25CF90>,False,False
CHEMBL3970399,IC50,nM,88.0,IC50,nM,88.0,O=S(=O)(Nc1nccs1)c1ccc(Nc2nncc3ccccc23)cc1,7.055517327849832,<rdkit.Chem.rdchem.Mol object at 0x000001D6FB25CF20>,False,False
CHEMBL3926223,IC50,nM,140.0,IC50,nM,140.0,NS(=O)(=O)c1ccc(Nc2nncc3ccccc23)cc1,6.853871964321762,<rdkit.Chem.rdchem.Mol object at 0x000001D6FB25CEB0>,False,False
CHEMBL3890526,IC50,nM,670.0,IC50,nM,670.0,COc1cc(Nc2ncnc3ccc(-c4ccc(CN5C[C@@H]6[C@@H](CO)[C@@H]6C5)cc4)cc23)ccc1Oc1ccccc1,6.173925197299173,<rdkit.Chem.rdchem.Mol object at 0x000001D6FB25C7B0>,False,False
CHEMBL483321,IC50,nM,6400.0,IC50,nM,6400.0,COCC(=O)NC/C=C/c1ccc2ncnc(Nc3ccc(Oc4ccc(C)nc4)c(C)c3)c2c1,5.1938200260161125,<rdkit.Chem.rdchem.Mol object at 0x000001D6FB25C740>,False,False
CHEMBL2103842,IC50,nM,7.0,IC50,nM,7.0,C[C@@H]1COC(Nc2ccc3ncnc(Nc4ccc(OCc5nccs5)c(Cl)c4)c3c2)=N1,8.154901959985743,<rdkit.Chem.rdchem.Mol object at 0x000001D6FB25C6D0>,False,False
CHEMBL3884319,IC50,nM,10000.0,IC50,nM,10000.0,CC1(C)C(=O)N([C@H]2CCc3c(O)cccc32)c2nc(Nc3ccccc3)ncc21,5.0,<rdkit.Chem.rdchem.Mol object at 0x000001D6FB257CF0>,False,False
CHEMBL3917723,IC50,nM,9941.0,IC50,nM,9941.0,COC(=O)CNC(=O)c1ccc(Nc2ncnc3cc(OCCN4CCCCC4)c(OC)cc23)cc1,5.002569926202529,<rdkit.Chem.rdchem.Mol object at 0x000001D6FB257C80>,False,False
CHEMBL3939588,IC50,nM,817.0,IC50,nM,817.0,COc1cc2c(Nc3ccc(NC(=O)Nc4ccc(C)c(C)c4)c(Cl)c3)ncnc2cc1OCCN1CCCCC1,6.087777943467584,<rdkit.Chem.rdchem.Mol object at 0x000001D6FB257740>,False,False
CHEMBL3948354,IC50,nM,212.0,IC50,nM,212.0,COc1cc2c(Nc3ccc(NC(=O)Nc4ccccc4)c(Cl)c3)ncnc2cc1OCCN1CCCCC1,6.673664139071248,<rdkit.Chem.rdchem.Mol object at 0x000001D6FB257350>,False,False
CHEMBL3894623,IC50,nM,4649.0,IC50,nM,4649.0,COc1cc2c(Nc3ccc(NC(=O)Nc4cccc(Cl)c4)cc3)ncnc2cc1OCc1ccccc1,5.3326404538169125,<rdkit.Chem.rdchem.Mol object at 0x000001D6FB257890>,False,False
CHEMBL3983460,IC50,nM,2933.0,IC50,nM,2933.0,COc1cc2c(Nc3ccc(NC(=O)Nc4ccccc4)cc3)ncnc2cc1OCc1ccccc1,5.532687937019448,<rdkit.Chem.rdchem.Mol object at 0x000001D6FB257820>,False,False
CHEMBL3900054,IC50,nM,204.0,IC50,nM,204.0,COc1cc2ncnc(Nc3cccc(Cl)c3F)c2cc1OC1CCN(C(=O)CO)CC1,6.690369832574102,<rdkit.Chem.rdchem.Mol object at 0x000001D6FB24DC10>,False,False
CHEMBL3983201,IC50,nM,50.0,IC50,nM,50.0,COc1cc2c(Nc3ccc(Cl)c(Cl)c3)ncnc2cc1OCc1csc(-c2ccc(C(F)(F)F)cc2)n1,7.301029995663981,<rdkit.Chem.rdchem.Mol object at 0x000001D6FB254BA0>,False,False
CHEMBL3963620,IC50,nM,50.0,IC50,nM,50.0,COc1cc2c(Nc3ccc(Cl)c(Cl)c3)ncnc2cc1OCc1csc(-c2ccc(Cl)cc2)n1,7.301029995663981,<rdkit.Chem.rdchem.Mol object at 0x000001D6FB254B30>,False,False
CHEMBL3929002,IC50,nM,50.0,IC50,nM,50.0,COc1cc2c(Nc3ccc(Cl)c(Cl)c3)ncnc2cc1OCc1csc2ccc(Cl)cc12,7.301029995663981,<rdkit.Chem.rdchem.Mol object at 0x000001D6FB254AC0>,False,False
CHEMBL3951099,IC50,nM,50.0,IC50,nM,50.0,COc1cc2c(Nc3ccc(Cl)c(Cl)c3)ncnc2cc1OCc1nc(-c2ccc(C(C)(C)C)cc2)no1,7.301029995663981,<rdkit.Chem.rdchem.Mol object at 0x000001D6FB254F90>,False,False
CHEMBL3893128,IC50,nM,50.0,IC50,nM,50.0,COc1cc2c(Nc3ccc(Cl)c(Cl)c3)ncnc2cc1OCc1c(-c2c(Cl)cccc2Cl)noc1C,7.301029995663981,<rdkit.Chem.rdchem.Mol object at 0x000001D6FB254F20>,False,False
CHEMBL3961982,IC50,nM,50.0,IC50,nM,50.0,COc1cc2c(Nc3ccc(Cl)c(Cl)c3)ncnc2cc1OCc1cc(Br)cc(Br)c1,7.301029995663981,<rdkit.Chem.rdchem.Mol object at 0x000001D6FB254E40>,False,False
CHEMBL3948661,IC50,nM,50.0,IC50,nM,50.0,COc1cc2c(Nc3ccc(Cl)c(Cl)c3)ncnc2cc1OCc1ccc2nc(C(F)(F)F)cc(Cl)c2c1,7.301029995663981,<rdkit.Chem.rdchem.Mol object at 0x000001D6FB254A50>,False,False
CHEMBL3914599,IC50,nM,50.0,IC50,nM,50.0,CCCN1CCCOC(COc2cc3ncnc(Nc4ccc(Cl)c(Cl)c4)c3cc2OC)C1,7.301029995663981,<rdkit.Chem.rdchem.Mol object at 0x000001D6FB2549E0>,False,False
CHEMBL3944702,IC50,nM,50.0,IC50,nM,50.0,COc1cc(Nc2ncnc3cc(OCC4CN(C)CCO4)c(OC)cc23)c(OC)cc1Cl,7.301029995663981,<rdkit.Chem.rdchem.Mol object at 0x000001D6FB254970>,False,False
CHEMBL3666714,IC50,nM,32.4,IC50,nM,32.4,O=S(=O)(NCc1ccc(-c2ccc3ncnc(Nc4ccc(OCc5cccc(F)c5)c(Cl)c4)c3c2)o1)C(F)(F)F,7.489454989793388,<rdkit.Chem.rdchem.Mol object at 0x000001D6FB250040>,False,False
CHEMBL3970063,IC50,nM,45100.0,IC50,nM,45100.0,Nc1nc(Nc2cccc(Cl)c2)c2c(n1)-c1ccccc1C2,4.345823458122039,<rdkit.Chem.rdchem.Mol object at 0x000001D6FB24B3C0>,False,False
CHEMBL3902576,IC50,nM,98800.0,IC50,nM,98800.0,Nc1nc(Nc2cccc(Br)c2)c2c(n1)-c1ccccc1C2,4.005243055412372,<rdkit.Chem.rdchem.Mol object at 0x000001D6FB24B430>,False,False
CHEMBL3948546,IC50,nM,23000.0,IC50,nM,23000.0,CC(C)c1ccccc1Nc1nc(N)nc2c1Cc1ccccc1-2,4.638272163982407,<rdkit.Chem.rdchem.Mol object at 0x000001D6FB24B4A0>,False,False
CHEMBL3985894,IC50,nM,232700.0,IC50,nM,232700.0,Nc1nc(Nc2ccccc2)c2c(n1)-c1ccccc1C2,3.63320361671327,<rdkit.Chem.rdchem.Mol object at 0x000001D6FB24B510>,False,False
CHEMBL4103370,IC50,nM,81.0,IC50,uM,0.081,Clc1ccc(-c2nnc(Cc3nc4ccccc4[nH]3)o2)cc1,7.091514981121351,<rdkit.Chem.rdchem.Mol object at 0x000001D6FB24BD60>,False,False
CHEMBL4079125,IC50,nM,3700.0,IC50,uM,3.7,Clc1ccc(-c2nnc(Cc3nc4ccccc4[nH]3)o2)c(Cl)c1,5.431798275933005,<rdkit.Chem.rdchem.Mol object at 0x000001D6FB24BDD0>,False,False
CHEMBL4095623,IC50,nM,25000.0,IC50,uM,25.0,c1ccc(Cc2nnc(Cc3nc4ccccc4[nH]3)o2)cc1,4.6020599913279625,<rdkit.Chem.rdchem.Mol object at 0x000001D6FB24BE40>,False,False
CHEMBL4068254,IC50,nM,31800.0,IC50,uM,31.8,c1ccc(-c2nnc(Cc3nc4ccccc4[nH]3)o2)cc1,4.497572880015567,<rdkit.Chem.rdchem.Mol object at 0x000001D6FB24BEB0>,False,False
CHEMBL4087921,IC50,nM,46300.0,IC50,uM,46.3,c1ccc(OCc2nnc(Cc3nc4ccccc4[nH]3)o2)cc1,4.334419008982047,<rdkit.Chem.rdchem.Mol object at 0x000001D6FB24BF20>,False,False
CHEMBL4094471,IC50,nM,4500.0,IC50,uM,4.5,Clc1ccccc1-c1nnc(Cc2nc3ccccc3[nH]2)o1,5.346787486224656,<rdkit.Chem.rdchem.Mol object at 0x000001D6FB24BF90>,False,False
CHEMBL4074782,IC50,nM,39700.0,IC50,uM,39.7,Cc1ccccc1-c1nnc(Cc2nc3ccccc3[nH]2)o1,4.401209493236885,<rdkit.Chem.rdchem.Mol object at 0x000001D6FB24CEB0>,False,False
CHEMBL4065301,IC50,nM,61000.0,IC50,uM,61.0,COc1cccc(-c2nnc(Cc3nc4ccccc4[nH]3)o2)c1OC,4.214670164989233,<rdkit.Chem.rdchem.Mol object at 0x000001D6FB24CE40>,False,False
CHEMBL4102214,IC50,nM,45000.0,IC50,uM,45.0,c1ccc(C(c2ccccc2)c2nnc(Cc3nc4ccccc4[nH]3)o2)cc1,4.346787486224656,<rdkit.Chem.rdchem.Mol object at 0x000001D6FB24CCF0>,False,False
CHEMBL4084249,IC50,nM,98.0,IC50,uM,0.098,COc1ccc(-c2nnc(Cc3nc4ccccc4[nH]3)o2)cc1,7.008773924307505,<rdkit.Chem.rdchem.Mol object at 0x000001D6FB24CC80>,False,False
CHEMBL4068814,IC50,nM,65400.0,IC50,uM,65.4,CC(=O)c1ccccc1-c1nnc(Cc2nc3ccccc3[nH]2)o1,4.184422251675732,<rdkit.Chem.rdchem.Mol object at 0x000001D6FB24CC10>,False,False
CHEMBL4066118,IC50,nM,5700.0,IC50,uM,5.7,c1ccc2c(Cc3nnc(Cc4nc5ccccc5[nH]4)o3)cccc2c1,5.2441251443275085,<rdkit.Chem.rdchem.Mol object at 0x000001D6FB24C270>,False,False
CHEMBL4087489,IC50,nM,86200.0,IC50,uM,86.2,C1=CC2=C(Cc3nnc(Cc4nc5ccccc5[nH]4)o3)CNC2C=C1,4.064492734175287,<rdkit.Chem.rdchem.Mol object at 0x000001D6FB24C200>,False,False
CHEMBL4074726,IC50,nM,73500.0,IC50,uM,73.5,c1ccc(-c2nnc(Cc3nc4ccccc4[nH]3)o2)nc1,4.133712660915805,<rdkit.Chem.rdchem.Mol object at 0x000001D6FB24C190>,False,False
CHEMBL4095195,IC50,nM,50000.0,IC50,uM,50.0,Cc1ccccc1Cc1nnc(Cc2nc3ccccc3[nH]2)o1,4.301029995663981,<rdkit.Chem.rdchem.Mol object at 0x000001D6FB24C120>,False,False
CHEMBL4084996,IC50,nM,980.0,IC50,uM,0.98,Clc1ccc(-c2nnc(Cc3nc4ccc(Cl)cc4[nH]3)o2)cc1,6.008773924307505,<rdkit.Chem.rdchem.Mol object at 0x000001D6FB24C040>,False,False
CHEMBL4102942,IC50,nM,45100.0,IC50,uM,45.1,Clc1ccc(-c2nnc(Cc3nc4ccc(Cl)cc4[nH]3)o2)c(Cl)c1,4.345823458122039,<rdkit.Chem.rdchem.Mol object at 0x000001D6FB24CF90>,False,False
CHEMBL4083493,IC50,nM,33200.0,IC50,uM,33.2,Clc1ccc2nc(Cc3nnc(-c4ccccc4Cl)o3)[nH]c2c1,4.478861916295964,<rdkit.Chem.rdchem.Mol object at 0x000001D6FB24CF20>,False,False
CHEMBL4098409,IC50,nM,167.1,IC50,nM,167.1,COc1ccc2c(c1)CCN2c1nc(C)nc2c(Cc3ccccc3)c[nH]c12.Cl,6.777023550106609,<rdkit.Chem.rdchem.Mol object at 0x000001D6FB24CDD0>,False,False
CHEMBL4069672,IC50,nM,33.6,IC50,nM,33.6,COc1ccc2c(c1)CCCN2c1nc(C)nc2c(Cc3ccccc3)c[nH]c12.Cl,7.473660722610156,<rdkit.Chem.rdchem.Mol object at 0x000001D6FB24CD60>,False,False
CHEMBL4099682,IC50,nM,2.6,IC50,nM,2.6,COc1ccc(Nc2nc(C)nc3c(Cc4ccccc4)cn(C)c23)cc1.Cl,8.585026652029182,<rdkit.Chem.rdchem.Mol object at 0x000001D6FB24CBA0>,False,False
CHEMBL4060996,IC50,nM,2.3,IC50,nM,2.3,COc1ccc(N(C)c2nc(C)nc3c(Cc4ccccc4)cn(C)c23)cc1.Cl,8.638272163982407,<rdkit.Chem.rdchem.Mol object at 0x000001D6FB24CB30>,False,False
CHEMBL4104515,IC50,nM,4.9,IC50,nM,4.9,COc1ccc2c(c1)CCCN2c1nc(C)nc2c(Cc3ccccc3)cn(C)c12.Cl,8.309803919971486,<rdkit.Chem.rdchem.Mol object at 0x000001D6FB24CAC0>,False,False
CHEMBL4099329,IC50,nM,1.1,IC50,nM,1.1,COc1ccc(N(C)c2nc(N)nc3c(Cc4ccccc4)c[nH]c23)cc1,8.958607314841775,<rdkit.Chem.rdchem.Mol object at 0x000001D6FB24CA50>,False,False
CHEMBL4072383,IC50,nM,47.1,IC50,nM,47.1,COc1ccc2c(c1)CCCN2c1nc(N)nc2c(Cc3ccccc3)c[nH]c12,7.326979092871103,<rdkit.Chem.rdchem.Mol object at 0x000001D6FB24C9E0>,False,False
CHEMBL4063301,IC50,nM,6.13,IC50,nM,6.13,O=C(Nc1ccc2ncnc(Nc3cccc(Cl)c3)c2c1)C1CCCCC1,8.212539525481585,<rdkit.Chem.rdchem.Mol object at 0x000001D6FB24C5F0>,False,False
CHEMBL3542268,IC50,nM,5.06,IC50,nM,5.06,OCc1ccc(-c2ccc3ncnc(Nc4ccc(OCc5cccc(F)c5)c(Cl)c4)c3c2)o1,8.2958494831602,<rdkit.Chem.rdchem.Mol object at 0x000001D6FB24A740>,False,False
CHEMBL4060383,IC50,nM,20000.0,IC50,uM,20.0,Nc1nc(N)c2c(n1)[nH]c1cccc(Sc3ccc4ccccc4c3)c12,4.698970004336019,<rdkit.Chem.rdchem.Mol object at 0x000001D6FB24A820>,False,False
CHEMBL4088617,IC50,nM,167300.0,IC50,uM,167.3,Nc1nc(N)c2c(n1)[nH]c1cccc(Sc3cccc4ccccc34)c12,3.7765040590376056,<rdkit.Chem.rdchem.Mol object at 0x000001D6FB24A890>,False,False
CHEMBL4069070,IC50,nM,4300.0,IC50,uM,4.3,COc1ccc(OC)c(Sc2cccc3[nH]c4nc(N)nc(N)c4c23)c1,5.366531544420414,<rdkit.Chem.rdchem.Mol object at 0x000001D6FB24A900>,False,False
CHEMBL4096329,IC50,nM,20800.0,IC50,uM,20.8,COc1ccc(Sc2cccc3[nH]c4nc(N)nc(N)c4c23)cc1,4.681936665037238,<rdkit.Chem.rdchem.Mol object at 0x000001D6FB24A970>,False,False
CHEMBL4079829,IC50,nM,8300.0,IC50,uM,8.3,Nc1nc(N)c2c(n1)[nH]c1cccc(Sc3ccc(Cl)cc3)c12,5.080921907623926,<rdkit.Chem.rdchem.Mol object at 0x000001D6FB24A9E0>,False,False
CHEMBL4087709,IC50,nM,200.0,IC50,uM,0.2,COc1cc2cnnc(Nc3ccc(Cl)cc3F)c2cc1OC,6.698970004336019,<rdkit.Chem.rdchem.Mol object at 0x000001D6FB24AA50>,False,False
CHEMBL4097369,IC50,nM,8.4,IC50,nM,8.4,O=C(Nc1ccc2ncnc(Nc3cccc(Br)c3)c2c1)c1ccco1,8.075720713938118,<rdkit.Chem.rdchem.Mol object at 0x000001D6FB249B30>,False,False
CHEMBL4103464,IC50,nM,8.9,IC50,nM,8.9,O=C(NCc1ccccc1)Nc1ccc2ncnc(Nc3cccc(Br)c3)c2c1,8.050609993355087,<rdkit.Chem.rdchem.Mol object at 0x000001D6FB249510>,False,False
CHEMBL4089588,IC50,nM,19.3,IC50,nM,19.3,O=C(Nc1ccc(Cl)cc1)Nc1ccc2ncnc(Nc3cccc(Br)c3)c2c1,7.714442690992226,<rdkit.Chem.rdchem.Mol object at 0x000001D6FB2494A0>,False,False
CHEMBL4071058,IC50,nM,3.2,IC50,uM,0.0032,CC(C)(C)OC(=O)NCC(=O)Nc1ccc2ncnc(Nc3cccc(Br)c3)c2c1,8.494850021680094,<rdkit.Chem.rdchem.Mol object at 0x000001D6FB244040>,False,False
CHEMBL4091010,IC50,nM,145.0,IC50,uM,0.145,CC(C)C[C@@H](NC(=O)OC(C)(C)C)C(=O)Nc1ccc2ncnc(Nc3cccc(Br)c3)c2c1,6.838631997765025,<rdkit.Chem.rdchem.Mol object at 0x000001D6FB2440B0>,False,False
CHEMBL4061283,IC50,nM,55.5,IC50,uM,0.0555,CC[C@H](C)[C@@H](NC(=O)OC(C)(C)C)C(=O)Nc1ccc2ncnc(Nc3cccc(Br)c3)c2c1,7.255707016877324,<rdkit.Chem.rdchem.Mol object at 0x000001D6FB244120>,False,False
CHEMBL4098587,IC50,nM,17.0,IC50,uM,0.017,CC(C)(C)OC(=O)NCC(=O)Nc1ccc2ncnc(Nc3ccc(F)c(Cl)c3)c2c1,7.769551078621726,<rdkit.Chem.rdchem.Mol object at 0x000001D6FB244200>,False,False
CHEMBL4087241,IC50,nM,140.0,IC50,uM,0.14,CC(C)C[C@@H](NC(=O)OC(C)(C)C)C(=O)Nc1ccc2ncnc(Nc3ccc(F)c(Cl)c3)c2c1,6.853871964321762,<rdkit.Chem.rdchem.Mol object at 0x000001D6FB244270>,False,False
CHEMBL4092491,IC50,nM,1021.0,IC50,uM,1.021,CC(C)[C@@H](NC(=O)OC(C)(C)C)C(=O)Nc1ccc2ncnc(Nc3cccc(C(F)(F)F)c3)c2c1,5.99097425791309,<rdkit.Chem.rdchem.Mol object at 0x000001D6FB2442E0>,False,False
CHEMBL4102577,IC50,nM,6.8,IC50,nM,6.8,CCC(=O)Nc1cccc(Nc2cc(-c3[nH]c(SC)nc3-c3ccc(F)cc3)ccn2)c1,8.167491087293763,<rdkit.Chem.rdchem.Mol object at 0x000001D6FB244350>,False,False
CHEMBL4101193,IC50,nM,360.0,IC50,nM,360.0,CCC(=O)Nc1ccc(OC)c(Nc2cc(-c3cnc(SC)[nH]3)ccn2)c1,6.443697499232712,<rdkit.Chem.rdchem.Mol object at 0x000001D6FB244510>,False,False
CHEMBL321494,IC50,nM,130.0,IC50,nM,130.0,CSc1nc(-c2ccc(F)cc2)c(-c2ccnc(Nc3ccccc3)c2)[nH]1,6.886056647693163,<rdkit.Chem.rdchem.Mol object at 0x000001D6FB2446D0>,False,False
CHEMBL4064942,IC50,nM,81.0,IC50,nM,81.0,CN(C)C(=O)CSc1nc(-c2ccc(F)cc2)c(-c2ccnc(Nc3ccccc3)c2)[nH]1,7.091514981121351,<rdkit.Chem.rdchem.Mol object at 0x000001D6FB244740>,False,False
CHEMBL4091569,IC50,nM,83.0,IC50,nM,83.0,OCCSc1nc(-c2ccc(F)cc2)c(-c2ccnc(Nc3ccccc3)c2)[nH]1,7.080921907623926,<rdkit.Chem.rdchem.Mol object at 0x000001D6FB2447B0>,False,False
CHEMBL4067255,IC50,nM,1246.0,IC50,nM,1246.0,Fc1ccc(-c2nc(SCCN3CCOCC3)[nH]c2-c2ccnc(Nc3ccccc3)c2)cc1,5.9044819576768495,<rdkit.Chem.rdchem.Mol object at 0x000001D6FB244820>,False,False
CHEMBL4081860,IC50,nM,29.0,IC50,nM,29.0,NCCSc1nc(-c2ccc(F)cc2)c(-c2ccnc(Nc3ccccc3)c2)[nH]1,7.5376020021010435,<rdkit.Chem.rdchem.Mol object at 0x000001D6FB244890>,False,False
CHEMBL4094927,IC50,nM,5.0,IC50,nM,5.0,CCC(=O)Nc1ccc(OC)c(Nc2cc(-c3[nH]c(SC)nc3-c3ccc(F)cc3)ccn2)c1,8.301029995663981,<rdkit.Chem.rdchem.Mol object at 0x000001D6FB2484A0>,False,False
CHEMBL4090686,IC50,nM,7.0,IC50,nM,7.0,CCC(=O)Nc1ccc(OC)c(Nc2cc(-c3[nH]c(CCCO)nc3-c3ccc(F)cc3)ccn2)c1,8.154901959985743,<rdkit.Chem.rdchem.Mol object at 0x000001D6FB248F20>,False,False
CHEMBL4105329,IC50,nM,3.1,IC50,nM,3.1,Cc1n[nH]c2ccc(-c3cc(N[C@@H](CO)c4ccccc4)cnc3-c3cc(Cl)ccc3O)cc12,8.508638306165727,<rdkit.Chem.rdchem.Mol object at 0x000001D6FB248DD0>,False,False
CHEMBL4067871,IC50,nM,4.2,IC50,nM,4.2,OC[C@H](Nc1cnc(-c2cc(Cl)ccc2O)c(-c2ccc3cnccc3c2)c1)c1ccccc1,8.3767507096021,<rdkit.Chem.rdchem.Mol object at 0x000001D6FB248D60>,False,False
CHEMBL4062877,IC50,nM,4.7,IC50,nM,4.7,Cc1n[nH]c2ccc(-c3cc(N[C@@H](CO)c4ccccc4)cnc3-c3cc(F)ccc3O)cc12,8.327902142064282,<rdkit.Chem.rdchem.Mol object at 0x000001D6FB248CF0>,False,False
CHEMBL4075917,IC50,nM,8.1,IC50,nM,8.1,Cc1n[nH]c2ccc(-c3cc(N[C@@H](CO)c4ccccc4)cnc3-c3ccc(F)cc3O)cc12,8.09151498112135,<rdkit.Chem.rdchem.Mol object at 0x000001D6FB248C80>,False,False
CHEMBL4083815,IC50,nM,7230.0,IC50,uM,7.23,O=c1c2ccccc2nc(-c2ccccc2)n1-c1nnc(-c2ccccc2Cl)s1,5.140861702705469,<rdkit.Chem.rdchem.Mol object at 0x000001D6FB2485F0>,False,False
CHEMBL4077349,IC50,nM,780.0,IC50,uM,0.78,O=C(Nn1c(-c2ccccc2)nc2ccccc2c1=O)c1ccc(Br)cc1,6.107905397309519,<rdkit.Chem.rdchem.Mol object at 0x000001D6FB248580>,False,False
CHEMBL4072392,IC50,nM,720.0,IC50,uM,0.72,CC(=O)c1ccccc1-n1c(-c2ccccc2)nc2cc(Cl)ccc2c1=O,6.142667503568732,<rdkit.Chem.rdchem.Mol object at 0x000001D6FB248510>,False,False
CHEMBL4083467,IC50,nM,12120.0,IC50,uM,12.12,Cc1nnc(-n2c(-c3ccccc3)nc3cc(Cl)ccc3c2=O)s1,4.916497380169733,<rdkit.Chem.rdchem.Mol object at 0x000001D6FB248430>,False,False
CHEMBL4060821,IC50,nM,1120.0,IC50,uM,1.12,O=c1c2ccc(Cl)cc2nc(-c2ccccc2)n1-c1nnc(-c2ccccc2)s1,5.950781977329818,<rdkit.Chem.rdchem.Mol object at 0x000001D6FB2482E0>,False,False
CHEMBL4079183,IC50,nM,102.0,IC50,uM,0.102,O=c1c2ccc(Cl)cc2nc(-c2ccccc2)n1-c1nnc(C2CC2)s1,6.991399828238082,<rdkit.Chem.rdchem.Mol object at 0x000001D6FB248270>,False,False
CHEMBL4103440,IC50,nM,21.0,IC50,uM,0.021,COc1ccc(-c2nnc(-n3c(-c4ccccc4)nc4cc(Cl)ccc4c3=O)s2)cc1,7.67778070526608,<rdkit.Chem.rdchem.Mol object at 0x000001D6FB248200>,False,False
CHEMBL4074248,IC50,nM,287.0,IC50,uM,0.287,NCCn1c(-c2ccccc2)nc2cc(Cl)ccc2c1=O,6.542118103266008,<rdkit.Chem.rdchem.Mol object at 0x000001D6FB248120>,False,False
CHEMBL4066684,IC50,nM,725.3,IC50,nM,725.3,Cc1cc(=O)n(-c2ccc(F)cc2)nc1C(=O)Nc1ccc(Oc2ccnc3[nH]ccc23)c(F)c1,6.139482322538254,<rdkit.Chem.rdchem.Mol object at 0x000001D6FB245A50>,False,False
CHEMBL4087383,IC50,nM,1600.0,IC50,nM,1600.0,CCC(=O)N1CC[C@H](N2C(=O)N(c3cc(OC)ccc3F)Cc3cnc(Nc4ccc(N5CCN(C)CC5)cc4OC)nc32)C1,5.795880017344075,<rdkit.Chem.rdchem.Mol object at 0x000001D6FB246510>,False,False
CHEMBL4081698,IC50,nM,4700.0,IC50,uM,4.7,CCC(=O)N1CCC[C@@H](n2nc(-c3ccccc3)c3c(N)ncnc32)C1,5.327902142064283,<rdkit.Chem.rdchem.Mol object at 0x000001D6FB23F040>,False,False
CHEMBL4084214,IC50,nM,3400.0,IC50,uM,3.4,CCC(=O)N1CCC[C@@H](n2nc(-c3cccc(F)c3)c3c(N)ncnc32)C1,5.468521082957745,<rdkit.Chem.rdchem.Mol object at 0x000001D6FB23F190>,False,False
CHEMBL4103121,IC50,nM,5000.0,IC50,uM,5.0,CCC(=O)N1CCC[C@@H](n2nc(-c3ccc(F)cc3)c3c(N)ncnc32)C1,5.301029995663981,<rdkit.Chem.rdchem.Mol object at 0x000001D6FB23F270>,False,False
CHEMBL4063701,IC50,nM,5900.0,IC50,uM,5.9,CCC(=O)N1CCC[C@@H](n2nc(-c3ccc(C(F)(F)F)cc3)c3c(N)ncnc32)C1,5.229147988357856,<rdkit.Chem.rdchem.Mol object at 0x000001D6FB23F430>,False,False
CHEMBL4071494,IC50,nM,1300.0,IC50,nM,1300.0,Oc1ccc(-c2nc(-c3ccco3)c(-c3ccnc4[nH]c(-c5ccccc5)cc34)[nH]2)cc1,5.886056647693163,<rdkit.Chem.rdchem.Mol object at 0x000001D6FB23FDD0>,False,False
CHEMBL4070454,IC50,nM,11.2,IC50,nM,11.2,Oc1ccc(-c2nc(-c3ccccc3)c(-c3ccnc4[nH]c(-c5ccccc5)cc34)[nH]2)cc1,7.950781977329818,<rdkit.Chem.rdchem.Mol object at 0x000001D6FB23FE40>,False,False
CHEMBL4097627,IC50,nM,23.6,IC50,nM,23.6,Oc1cccc(-c2nc(-c3ccc(F)cc3)c(-c3ccnc4[nH]c(-c5ccccc5)cc34)[nH]2)c1,7.627087997029894,<rdkit.Chem.rdchem.Mol object at 0x000001D6FB23FEB0>,False,False
CHEMBL4088971,IC50,nM,24.4,IC50,nM,24.4,OCCCc1nc(-c2ccc(F)cc2)c(-c2ccnc3[nH]ccc23)[nH]1,7.61261017366127,<rdkit.Chem.rdchem.Mol object at 0x000001D6FB23FF20>,False,False
CHEMBL2179119,IC50,nM,24.1,IC50,nM,24.1,Oc1ccc(-c2nc(-c3ccc(F)cc3)c(-c3ccnc4[nH]c(-c5ccccc5)cc34)[nH]2)cc1,7.617982957425132,<rdkit.Chem.rdchem.Mol object at 0x000001D6FB23FF90>,False,False
CHEMBL2179128,IC50,nM,102.0,IC50,nM,102.0,Fc1ccc(-c2nc(-c3ccccc3)[nH]c2-c2ccnc3[nH]c(-c4ccccc4)cc23)cc1,6.991399828238082,<rdkit.Chem.rdchem.Mol object at 0x000001D6FB242F90>,False,False
CHEMBL2179124,IC50,nM,631.0,IC50,nM,631.0,Fc1ccc(-c2nc(-c3ccccc3)[nH]c2-c2ccnc3[nH]ccc23)cc1,6.199970640755866,<rdkit.Chem.rdchem.Mol object at 0x000001D6FB242F20>,False,False
CHEMBL4077917,IC50,nM,18.7,IC50,nM,18.7,CCC(=O)Nc1cccc(-c2cc3c(-c4[nH]c(-c5ccccc5)nc4-c4ccc(F)cc4)ccnc3[nH]2)c1,7.728158393463501,<rdkit.Chem.rdchem.Mol object at 0x000001D6FB242C80>,False,False
CHEMBL4077228,IC50,nM,279.0,IC50,nM,279.0,CCC(=O)Nc1cccc(-c2c[nH]c3nccc(-c4[nH]c(CCCO)nc4-c4ccc(F)cc4)c23)c1,6.554395796726403,<rdkit.Chem.rdchem.Mol object at 0x000001D6FB242B30>,False,False
CHEMBL4061829,IC50,nM,12.5,IC50,nM,12.5,OCCc1nc(-c2ccc(F)cc2)c(-c2ccnc3[nH]c(-c4ccccc4)cc23)[nH]1,7.903089986991944,<rdkit.Chem.rdchem.Mol object at 0x000001D6FB242900>,False,False
CHEMBL4082764,IC50,nM,336.0,IC50,nM,336.0,NCc1cccc(-c2nc(-c3ccc(F)cc3)c(-c3ccnc4[nH]c(-c5ccccc5)cc34)[nH]2)c1,6.473660722610156,<rdkit.Chem.rdchem.Mol object at 0x000001D6FB242AC0>,False,False
CHEMBL4101719,IC50,nM,6.47,IC50,nM,6.47,OCCCc1nc(-c2ccc(F)cc2)c(-c2ccnc3[nH]c(-c4ccccc4)cc23)[nH]1,8.1890957193313,<rdkit.Chem.rdchem.Mol object at 0x000001D6FB242820>,False,False
CHEMBL4095253,IC50,nM,642.7,IC50,nM,642.7,C=CS(=O)(=O)N1CCC[C@@H]1Cn1cc(-c2ccc3c(c2)OCO3)c2c(N)ncnc21,6.1919917000896,<rdkit.Chem.rdchem.Mol object at 0x000001D6FB241190>,False,False
CHEMBL4129138,IC50,nM,4.5,IC50,nM,4.5,CN1CCN(c2ccc(Nc3cc4c(N[C@@H]5CCCN(C)C5)nc(Nc5ccccc5)nc4cn3)nc2)CC1,8.346787486224656,<rdkit.Chem.rdchem.Mol object at 0x000001D6FB2414A0>,False,False
CHEMBL4126810,IC50,nM,1.7,IC50,nM,1.7,CN1CCN(c2ccc(Nc3cc4c(N[C@H]5CCCN(C)C5)nc(Nc5ccccc5)nc4cn3)nc2)CC1,8.769551078621726,<rdkit.Chem.rdchem.Mol object at 0x000001D6FB241510>,False,False
CHEMBL4171764,IC50,nM,2.61,IC50,nM,2.61,Brc1cccc(Nc2ncnc3sc4c(c23)CCCC4)c1,8.58335949266172,<rdkit.Chem.rdchem.Mol object at 0x000001D6FB241D60>,False,False
CHEMBL4166436,IC50,nM,865.0,IC50,nM,865.0,COc1cc(-n2cc(CN3C[C@@H](C)N[C@@H](C)C3)nn2)ccc1Nc1ncc(Cl)c(Nc2ccccc2S(=O)(=O)C(C)C)n1,6.062983892535185,<rdkit.Chem.rdchem.Mol object at 0x000001D6FB241F90>,False,False
CHEMBL4166038,IC50,nM,890.0,IC50,nM,890.0,COc1cc(-n2cc(CN3CCNCC3)nn2)ccc1Nc1ncc(Cl)c(Nc2ccccc2S(=O)(=O)C(C)C)n1,6.050609993355087,<rdkit.Chem.rdchem.Mol object at 0x000001D6FB240F90>,False,False
CHEMBL4163321,IC50,nM,320.0,IC50,uM,0.32,CN(CCN(C)Cc1ccc(C(=O)Nc2ccc3ncnc(Nc4cccc(Cl)c4)c3c2)cc1)CCn1nc(-c2ccc(Cl)cc2)c2c(N)ncnc21,6.494850021680094,<rdkit.Chem.rdchem.Mol object at 0x000001D6FB240F20>,False,False
CHEMBL4167162,IC50,nM,32.0,IC50,nM,32.0,O=C(CN1CCCC1)Nc1ccc2ncnc(Nc3ccc(Cl)cc3)c2c1,7.494850021680094,<rdkit.Chem.rdchem.Mol object at 0x000001D6FB2403C0>,False,False
CHEMBL4166069,IC50,nM,37.0,IC50,nM,37.0,O=C(CN1CCCCC1)Nc1ccc2ncnc(Nc3cccc(Br)c3)c2c1,7.431798275933005,<rdkit.Chem.rdchem.Mol object at 0x000001D6FB2402E0>,False,False
CHEMBL4177348,IC50,nM,98.0,IC50,nM,98.0,O=C(CN1CCOCC1)Nc1ccc2ncnc(Nc3cccc(Br)c3)c2c1,7.008773924307505,<rdkit.Chem.rdchem.Mol object at 0x000001D6FB240270>,False,False
CHEMBL4169489,IC50,nM,32.0,IC50,nM,32.0,CN1CCN(CC(=O)Nc2ccc3ncnc(Nc4cccc(Br)c4)c3c2)CC1,7.494850021680094,<rdkit.Chem.rdchem.Mol object at 0x000001D6FB240200>,False,False
CHEMBL4170916,IC50,nM,71.0,IC50,nM,71.0,O=C(CN1CCCC1)Nc1ccc2ncnc(Nc3ccc(OCc4cccc(F)c4)cc3)c2c1,7.1487416512809245,<rdkit.Chem.rdchem.Mol object at 0x000001D6FB240120>,False,False
CHEMBL4216265,IC50,nM,4210.0,IC50,uM,4.21,COc1cc(N2CCN(C)CC2)ccc1Nc1ncc(Cl)c(Oc2ccccc2NC(C)=O)n1,5.375717904164332,<rdkit.Chem.rdchem.Mol object at 0x000001D6FB23D5F0>,False,False
CHEMBL4215496,IC50,nM,390.0,IC50,uM,0.39,COc1cc(N2CCN(C)CC2)ccc1Nc1ncc(Cl)c(Oc2ccccc2NC(=O)COCc2ccccc2)n1,6.4089353929735005,<rdkit.Chem.rdchem.Mol object at 0x000001D6FB23D7B0>,False,False
CHEMBL4212450,IC50,nM,200.0,IC50,uM,0.2,COc1cc(N2CCN(C)CC2)ccc1Nc1ncc(Cl)c(Oc2ccccc2NC(=O)CO)n1,6.698970004336019,<rdkit.Chem.rdchem.Mol object at 0x000001D6FB23D820>,False,False
CHEMBL4208712,IC50,nM,650.0,IC50,uM,0.65,COc1cc(N2CCN(C)CC2)ccc1Nc1ncc(Cl)c(Oc2ccccc2NC(=O)CCO)n1,6.187086643357144,<rdkit.Chem.rdchem.Mol object at 0x000001D6FB23D900>,False,False
CHEMBL4202413,IC50,nM,2550.0,IC50,uM,2.55,COc1cc(N2CCN(C)CC2)ccc1Nc1ncc(Cl)c(Oc2cccc(NC(=O)COCc3ccccc3)c2)n1,5.5934598195660445,<rdkit.Chem.rdchem.Mol object at 0x000001D6FB23DBA0>,False,False
CHEMBL4207305,IC50,nM,1500.0,IC50,uM,1.5,COc1cc(N2CCN(C)CC2)ccc1Nc1ncc(Cl)c(Oc2cccc(NC(=O)CO)c2)n1,5.823908740944319,<rdkit.Chem.rdchem.Mol object at 0x000001D6FB23DC10>,False,False
CHEMBL4215164,IC50,nM,1590.0,IC50,uM,1.59,COc1cc(N2CCN(C)CC2)ccc1Nc1ncc(Cl)c(Oc2cccc(NC(=O)CCO)c2)n1,5.798602875679548,<rdkit.Chem.rdchem.Mol object at 0x000001D6FB23DCF0>,False,False
CHEMBL4203804,IC50,nM,3080.0,IC50,uM,3.08,COc1cc(N2CCN(C)CC2)ccc1Nc1ncc(Cl)c(Oc2ccc(NC(C)=O)cc2)n1,5.511449283499556,<rdkit.Chem.rdchem.Mol object at 0x000001D6FB23DEB0>,False,False
CHEMBL4211573,IC50,nM,2700.0,IC50,uM,2.7,COc1cc(N2CCN(C)CC2)ccc1Nc1ncc(Cl)c(Oc2ccc(NC(=O)COCc3ccccc3)cc2)n1,5.568636235841013,<rdkit.Chem.rdchem.Mol object at 0x000001D6FB23EF20>,False,False
CHEMBL4214040,IC50,nM,1060.0,IC50,uM,1.06,COc1cc(N2CCN(C)CC2)ccc1Nc1ncc(Cl)c(Oc2ccc(NC(=O)CO)cc2)n1,5.97469413473523,<rdkit.Chem.rdchem.Mol object at 0x000001D6FB23EEB0>,False,False
CHEMBL4217686,IC50,nM,6120.0,IC50,uM,6.12,COc1cc(N2CCN(C)CC2)ccc1Nc1ncc(Cl)c(Oc2ccc(NC(=O)CCO)cc2)n1,5.213248577854439,<rdkit.Chem.rdchem.Mol object at 0x000001D6FB23EDD0>,False,False
CHEMBL1328065,IC50,nM,24300.0,IC50,uM,24.3,Oc1ccccc1-c1nc(NCc2cccnc2)c2ccccc2n1,4.614393726401688,<rdkit.Chem.rdchem.Mol object at 0x000001D6FB23E9E0>,False,False
CHEMBL4207984,IC50,nM,23.0,IC50,uM,0.023,N#Cc1ccc(O)c(-c2nc(NCc3cccnc3)c3ccccc3n2)c1,7.638272163982407,<rdkit.Chem.rdchem.Mol object at 0x000001D6FB23E270>,False,False
CHEMBL4214588,IC50,nM,46.0,IC50,uM,0.046,COC(=O)c1ccc(O)c(-c2nc(NCc3cccnc3)c3ccccc3n2)c1,7.337242168318426,<rdkit.Chem.rdchem.Mol object at 0x000001D6FB23E0B0>,False,False
CHEMBL4218431,IC50,nM,17.0,IC50,uM,0.017,N#Cc1ccc(O)c(-c2nc(NCc3cnccn3)c3ccccc3n2)c1,7.769551078621726,<rdkit.Chem.rdchem.Mol object at 0x000001D6FB23E970>,False,False
CHEMBL4215703,IC50,nM,6900.0,IC50,nM,6900.0,Cc1cc(=O)n(-c2ccc(F)cc2)nc1C(=O)Nc1ccc(Oc2ncnc3ccsc23)c(F)c1,5.161150909262744,<rdkit.Chem.rdchem.Mol object at 0x000001D6FB23E900>,False,False
CHEMBL3809489,IC50,nM,3900.0,IC50,uM,3.9,Nc1nc(Nc2ccc3c(c2)CC[C@@H](N2CCCC2)CC3)nn1-c1cc2c(nn1)-c1ccccc1CCC2,5.4089353929735005,<rdkit.Chem.rdchem.Mol object at 0x000001D6FB23E890>,False,False
CHEMBL4214496,IC50,nM,800.0,IC50,uM,0.8,O=C(NC(CO)Cc1ccccc1)c1cc2cc(Cl)ccc2[nH]1,6.096910013008056,<rdkit.Chem.rdchem.Mol object at 0x000001D6FB23E7B0>,False,False
CHEMBL4208745,IC50,nM,2400.0,IC50,uM,2.4,O=c1[nH]c(Cc2ccccc2)cn2c1cc1cc(Cl)ccc12,5.619788758288394,<rdkit.Chem.rdchem.Mol object at 0x000001D6FB23E660>,False,False
CHEMBL4208224,IC50,nM,1700.0,IC50,uM,1.7,Cc1c2cc(Cl)ccc2n2cc(Cc3ccccc3)[nH]c(=O)c12,5.769551078621726,<rdkit.Chem.rdchem.Mol object at 0x000001D6FB23E5F0>,False,False
CHEMBL4213146,IC50,nM,3900.0,IC50,uM,3.9,CCc1c2cc(C(F)(F)F)ccc2n2cc(Cc3ccccc3)[nH]c(=O)c12,5.4089353929735005,<rdkit.Chem.rdchem.Mol object at 0x000001D6FB23E580>,False,False
CHEMBL4207750,IC50,nM,2.4,IC50,nM,2.4,CCS(=O)(=O)Nc1cc(-c2ccc3ncnc(Nc4ccc(F)c(Cl)c4)c3c2)cnc1OC,8.619788758288394,<rdkit.Chem.rdchem.Mol object at 0x000001D6FB23E510>,False,False
CHEMBL4206585,IC50,nM,409.0,IC50,nM,409.0,CCS(=O)(=O)Nc1cc(-c2ccc3ncnc(Nc4cccc(C(=O)OC)c4)c3c2)cnc1OC,6.388276691992658,<rdkit.Chem.rdchem.Mol object at 0x000001D6FB23E4A0>,False,False
CHEMBL4209801,IC50,nM,2.3,IC50,nM,2.3,CN1CCN(c2ccc(Nc3cc4c(N5CCCC5)nc(Nc5ccccc5)nc4cn3)nc2)CC1,8.638272163982407,<rdkit.Chem.rdchem.Mol object at 0x000001D6FB23E190>,False,False
CHEMBL4212884,IC50,nM,1.6,IC50,nM,1.6,CN(C)C1CCN(c2ccc(Nc3cc4c(N5CCCC5)nc(Nc5ccccc5)nc4cn3)nc2)CC1,8.795880017344075,<rdkit.Chem.rdchem.Mol object at 0x000001D6FB23E120>,False,False
CHEMBL4206716,IC50,nM,1.1,IC50,nM,1.1,CN1CCN(c2ccc(Nc3cc4c(N5CCCCC5)nc(Nc5ccccc5)nc4cn3)nc2)CC1,8.958607314841775,<rdkit.Chem.rdchem.Mol object at 0x000001D6FB23E040>,False,False
CHEMBL4203016,IC50,nM,4.9,IC50,nM,4.9,CN(C)C1CCN(c2ccc(Nc3cc4c(N5CCCCC5)nc(Nc5ccccc5)nc4cn3)nc2)CC1,8.309803919971486,<rdkit.Chem.rdchem.Mol object at 0x000001D6FB23E430>,False,False
CHEMBL4206288,IC50,nM,2.1,IC50,nM,2.1,CN1CCN(c2ccc(Nc3cc4c(N5CCOCC5)nc(Nc5ccccc5)nc4cn3)nc2)CC1,8.67778070526608,<rdkit.Chem.rdchem.Mol object at 0x000001D6FB23E3C0>,False,False
CHEMBL4217992,IC50,nM,3.9,IC50,nM,3.9,CN(C)C1CCN(c2ccc(Nc3cc4c(N5CCOCC5)nc(Nc5ccccc5)nc4cn3)nc2)CC1,8.4089353929735,<rdkit.Chem.rdchem.Mol object at 0x000001D6FB23E350>,False,False
CHEMBL4215076,IC50,nM,2.5,IC50,nM,2.5,CN(C)C1CCN(c2ccc(Nc3cc4c(N5CCOCC5)nc(Nc5ccc(F)cc5)nc4cn3)nc2)CC1,8.602059991327963,<rdkit.Chem.rdchem.Mol object at 0x000001D6FB23E2E0>,False,False
CHEMBL4215080,IC50,nM,2.1,IC50,nM,2.1,CN(C)C1CCN(c2ccc(Nc3cc4c(N5CCOCC5)nc(Nc5ccc(F)cc5F)nc4cn3)nc2)CC1,8.67778070526608,<rdkit.Chem.rdchem.Mol object at 0x000001D6FB23E200>,False,False
CHEMBL4206166,IC50,nM,3.2,IC50,nM,3.2,CN(C)C1CCN(c2ccc(Nc3cc4c(N5CCC(CO)CC5)nc(Nc5ccccc5)nc4cn3)nc2)CC1,8.494850021680094,<rdkit.Chem.rdchem.Mol object at 0x000001D6FB236040>,False,False
CHEMBL4209019,IC50,nM,1.1,IC50,nM,1.1,CN(C)C1CCN(c2ccc(Nc3cc4c(N5CCC(CO)CC5)nc(Nc5ccc(F)cc5)nc4cn3)nc2)CC1,8.958607314841775,<rdkit.Chem.rdchem.Mol object at 0x000001D6FB2360B0>,False,False
CHEMBL4208673,IC50,nM,34.8,IC50,nM,34.8,CN1CCN(c2nc(Nc3ccc(F)cc3)nc3cnc(Nc4ccc(N5CCC(N(C)C)CC5)cn4)cc23)CC1,7.458420756053419,<rdkit.Chem.rdchem.Mol object at 0x000001D6FB236120>,False,False
CHEMBL4204983,IC50,nM,24.7,IC50,nM,24.7,CN(C)CCN(C)c1nc(Nc2ccc(F)cc2)nc2cnc(Nc3ccc(N4CCC(N(C)C)CC4)cn3)cc12,7.607303046740334,<rdkit.Chem.rdchem.Mol object at 0x000001D6FB236190>,False,False
CHEMBL4203001,IC50,nM,51.3,IC50,nM,51.3,CN(CCO)c1nc(Nc2ccccc2)nc2cnc(Nc3ccc(N4CCC(N(C)C)CC4)cn3)cc12,7.289882634888183,<rdkit.Chem.rdchem.Mol object at 0x000001D6FB236200>,False,False
CHEMBL4204139,IC50,nM,51.9,IC50,nM,51.9,CN(CCCO)c1nc(Nc2ccc(F)cc2)nc2cnc(Nc3ccc(N4CCC(N(C)C)CC4)cn3)cc12,7.284832642151542,<rdkit.Chem.rdchem.Mol object at 0x000001D6FB236270>,False,False
CHEMBL4228518,IC50,nM,114.0,IC50,nM,114.0,CN(C)CCOc1ccc(Nc2ncc3nc(Sc4ccc(F)cc4)n(C4CCOCC4)c3n2)cc1,6.943095148663527,<rdkit.Chem.rdchem.Mol object at 0x000001D6FB23ADD0>,False,False
CHEMBL4226937,IC50,nM,805.0,IC50,nM,805.0,CN(C)CCOc1ccc(Nc2ncc3nc(Sc4cccc(F)c4)n(C4CCOCC4)c3n2)cc1,6.094204119632131,<rdkit.Chem.rdchem.Mol object at 0x000001D6FB23AD60>,False,False
CHEMBL4225777,IC50,nM,556.0,IC50,nM,556.0,CN(C)CCOc1ccc(Nc2ncc3nc(Sc4ccccc4)n(C4CCOCC4)c3n2)cc1,6.254925208417943,<rdkit.Chem.rdchem.Mol object at 0x000001D6FB23AC80>,False,False
CHEMBL4246256,IC50,nM,52110.0,IC50,uM,52.11,Oc1cccc(Nc2nnnc3sc4c(c23)CCC4)c1,4.283078926833239,<rdkit.Chem.rdchem.Mol object at 0x000001D6FB23A7B0>,False,False
CHEMBL4238771,IC50,nM,45500.0,IC50,uM,45.5,Clc1ccc(SCc2n[nH]c(-c3ccc(Cl)cc3)n2)cc1,4.341988603342887,<rdkit.Chem.rdchem.Mol object at 0x000001D6FB23A6D0>,False,False
CHEMBL172517,IC50,nM,31800.0,IC50,uM,31.8,CCOc1cc(O)c2c(=O)cc(-c3ccccc3)oc2c1,4.497572880015567,<rdkit.Chem.rdchem.Mol object at 0x000001D6FB23A5F0>,False,False
CHEMBL4250210,IC50,nM,6.4,IC50,nM,6.4,CNc1ccc(N(C)c2ncnc3occ(C)c23)cc1,8.193820026016112,<rdkit.Chem.rdchem.Mol object at 0x000001D6FB23A270>,False,False
CHEMBL4239716,IC50,nM,7.2,IC50,nM,7.2,CSc1ccc(N(C)c2ncnc3occ(C)c23)cc1,8.142667503568731,<rdkit.Chem.rdchem.Mol object at 0x000001D6FB23A200>,False,False
CHEMBL4242522,IC50,nM,4.0,IC50,nM,4.0,CCc1ccc(N(C)c2ncnc3occ(C)c23)cc1,8.397940008672037,<rdkit.Chem.rdchem.Mol object at 0x000001D6FB23A190>,False,False
CHEMBL4237916,IC50,nM,7.1,IC50,nM,7.1,CCCN(c1ccc(OC)cc1)c1ncnc2occ(C)c12,8.148741651280925,<rdkit.Chem.rdchem.Mol object at 0x000001D6FB23A120>,False,False
CHEMBL4250273,IC50,nM,10.1,IC50,nM,10.1,COc1ccc(N(c2ncnc3occ(C)c23)C(C)C)cc1,7.995678626217358,<rdkit.Chem.rdchem.Mol object at 0x000001D6FB23A0B0>,False,False
CHEMBL4241638,IC50,nM,92.5,IC50,nM,92.5,CCN(c1ccc(OC)cc1)c1ncnc2occ(C)c12,7.033858267260968,<rdkit.Chem.rdchem.Mol object at 0x000001D6FB23AE40>,False,False
CHEMBL4245874,IC50,nM,283.1,IC50,nM,283.1,COc1ccc(Nc2ncnc3occ(C)c23)cc1,6.548060130634897,<rdkit.Chem.rdchem.Mol object at 0x000001D6FB23AC10>,False,False
CHEMBL4250191,IC50,nM,15.5,IC50,nM,15.5,COc1ccc(N(C)c2ncnc3occ(C)c23)cc1,7.809668301829708,<rdkit.Chem.rdchem.Mol object at 0x000001D6FB23ABA0>,False,False
CHEMBL4289577,IC50,nM,632.8,IC50,nM,632.8,O=C(Nc1ccc(Oc2ccnc3[nH]ccc23)c(F)c1)c1cc2cccnc2n(-c2ccc(F)cc2)c1=O,6.19873352951038,<rdkit.Chem.rdchem.Mol object at 0x000001D6FB23AB30>,False,False
CHEMBL4293326,IC50,nM,951.0,IC50,uM,0.951,Cc1oc2ncnc(Nc3ccc(OCc4cccc(F)c4)c(Cl)c3)c2c1C(=O)O,6.021819483062586,<rdkit.Chem.rdchem.Mol object at 0x000001D6FB23AA50>,False,False
CHEMBL4290375,IC50,nM,901.0,IC50,uM,0.901,Cc1oc2ncnc(Nc3cccc(Cl)c3)c2c1C(=O)O,6.045275209020937,<rdkit.Chem.rdchem.Mol object at 0x000001D6FB23A9E0>,False,False
CHEMBL4285894,IC50,nM,752.0,IC50,uM,0.752,Cc1oc2ncnc(Nc3cccc(Br)c3)c2c1C(=O)O,6.123782159408358,<rdkit.Chem.rdchem.Mol object at 0x000001D6FB23A970>,False,False
CHEMBL4292715,IC50,nM,2700.0,IC50,uM,2.7,Cc1oc2ncnc(Nc3cccc(Cl)c3)c2c1C(=O)NCCO,5.568636235841013,<rdkit.Chem.rdchem.Mol object at 0x000001D6FB23A430>,False,False
CHEMBL4276965,IC50,nM,779.0,IC50,nM,779.0,COc1ccc(OC)c(Nc2cc(Nc3ccc(S(N)(=O)=O)cc3)ncn2)c1,6.108462542327436,<rdkit.Chem.rdchem.Mol object at 0x000001D6FB23C900>,False,False
CHEMBL4288300,IC50,nM,26.0,IC50,nM,26.0,COc1cccc(Nc2cc(Nc3cc(OC)ccc3OC)ncn2)c1,7.585026652029182,<rdkit.Chem.rdchem.Mol object at 0x000001D6FB23C970>,False,False
CHEMBL4280395,IC50,nM,336.0,IC50,nM,336.0,COc1ccc(OC)c(Nc2cc(Nc3ccc(F)cc3)ncn2)c1,6.473660722610156,<rdkit.Chem.rdchem.Mol object at 0x000001D6FB23C9E0>,False,False
CHEMBL4283097,IC50,nM,125.0,IC50,nM,125.0,COc1ccc(OC)c(Nc2cc(NCCc3cccs3)ncn2)c1,6.903089986991944,<rdkit.Chem.rdchem.Mol object at 0x000001D6FB23CAC0>,False,False
CHEMBL4283517,IC50,nM,901.0,IC50,nM,901.0,COc1cc(Nc2cc(Nc3ccc(Cl)cc3)ncn2)cc(OC)c1OC,6.045275209020937,<rdkit.Chem.rdchem.Mol object at 0x000001D6FB23CB30>,False,False
CHEMBL4286871,IC50,nM,170.0,IC50,nM,170.0,CCNc1cc(Nc2cccc(Cl)c2)ncn1,6.769551078621726,<rdkit.Chem.rdchem.Mol object at 0x000001D6FB23CBA0>,False,False
CHEMBL4283823,IC50,nM,81.0,IC50,nM,81.0,COc1ccc(Nc2cc(NC(=O)c3ccccc3)ncn2)cc1,7.091514981121351,<rdkit.Chem.rdchem.Mol object at 0x000001D6FB23CC80>,False,False
CHEMBL1379917,IC50,nM,131.0,IC50,nM,131.0,O=C(Nc1cc(N2CCOCC2)ncn1)c1ccc(F)cc1,6.882728704344236,<rdkit.Chem.rdchem.Mol object at 0x000001D6FB23CCF0>,False,False
CHEMBL4282460,IC50,nM,27.0,IC50,nM,27.0,O=C(O)CCCC(=O)Nc1cc(Nc2cccc(Cl)c2)ncn1,7.568636235841013,<rdkit.Chem.rdchem.Mol object at 0x000001D6FB23CD60>,False,False
CHEMBL4290750,IC50,nM,48.0,IC50,nM,48.0,CCOC(=O)c1ccc(Nc2cc(NC(=O)CCCC(=O)O)ncn2)cc1,7.318758762624412,<rdkit.Chem.rdchem.Mol object at 0x000001D6FB23CDD0>,False,False
CHEMBL4282879,IC50,nM,68.0,IC50,nM,68.0,COc1ccc(OC)c(Nc2cc(NC(=O)CCCC(=O)O)ncn2)c1,7.167491087293763,<rdkit.Chem.rdchem.Mol object at 0x000001D6FB23CE40>,False,False
CHEMBL4294156,IC50,nM,37.0,IC50,nM,37.0,COc1cccc(Nc2cc(NC(=O)CCCC(=O)O)ncn2)c1,7.431798275933005,<rdkit.Chem.rdchem.Mol object at 0x000001D6FB23CEB0>,False,False
CHEMBL4286263,IC50,nM,70.0,IC50,nM,70.0,O=C(O)CCCC(=O)Nc1cc(Nc2cccc(Br)c2)ncn1,7.154901959985743,<rdkit.Chem.rdchem.Mol object at 0x000001D6FB23CF20>,False,False
CHEMBL4283970,IC50,nM,53.0,IC50,nM,53.0,O=C(O)CCCC(=O)Nc1cc(N2CCOCC2)ncn1,7.275724130399211,<rdkit.Chem.rdchem.Mol object at 0x000001D6FB23CF90>,False,False
CHEMBL4283061,IC50,nM,27.0,IC50,nM,27.0,CCOC(=O)CCCC(=O)Nc1cc(Nc2cccc(Cl)c2)ncn1,7.568636235841013,<rdkit.Chem.rdchem.Mol object at 0x000001D6FB23B040>,False,False
CHEMBL4292110,IC50,nM,1188.0,IC50,nM,1188.0,CCOC(=O)c1ccc(Nc2cc(Nc3cccc(OC)c3)ncn2)cc1,5.925183559354825,<rdkit.Chem.rdchem.Mol object at 0x000001D6FB23B0B0>,False,False
CHEMBL4284911,IC50,nM,1229.0,IC50,nM,1229.0,COc1cccc(Nc2cc(Nc3ccc(S(N)(=O)=O)cc3)ncn2)c1,5.910448117113546,<rdkit.Chem.rdchem.Mol object at 0x000001D6FB23B120>,False,False
CHEMBL4293134,IC50,nM,754.0,IC50,nM,754.0,CCOc1ccc(Nc2cc(NC(=O)c3ccccc3)ncn2)cc1,6.122628654130226,<rdkit.Chem.rdchem.Mol object at 0x000001D6FB23B190>,False,False
CHEMBL4281413,IC50,nM,1409.0,IC50,nM,1409.0,O=C(Nc1cc(Nc2ccc(Cl)cc2)ncn1)c1ccc(F)cc1,5.851089006890644,<rdkit.Chem.rdchem.Mol object at 0x000001D6FB23B200>,False,False
CHEMBL4278997,IC50,nM,105.0,IC50,nM,105.0,O=C(O)CCCC(=O)Nc1cc(Nc2ccccc2)ncn1,6.978810700930062,<rdkit.Chem.rdchem.Mol object at 0x000001D6FB23B270>,False,False
CHEMBL4289682,IC50,nM,944.0,IC50,nM,944.0,O=C(O)CCCC(=O)Nc1cc(Nc2ccc(Cl)cc2)ncn1,6.025028005701931,<rdkit.Chem.rdchem.Mol object at 0x000001D6FB23B2E0>,False,False
CHEMBL4288761,IC50,nM,933.0,IC50,nM,933.0,CCOC(=O)CCC(=O)Nc1cc(Nc2cccc(Br)c2)ncn1,6.0301183562535,<rdkit.Chem.rdchem.Mol object at 0x000001D6FB23B350>,False,False
CHEMBL4278031,IC50,nM,974.0,IC50,nM,974.0,COc1cccc(Nc2cc(Nc3cccc(Cl)c3)ncn2)c1,6.011441043121384,<rdkit.Chem.rdchem.Mol object at 0x000001D6FB23B3C0>,False,False
CHEMBL4287629,IC50,nM,792.0,IC50,nM,792.0,O=C(O)CCC(=O)Nc1cc(Nc2ccc(Cl)cc2)ncn1,6.101274818410507,<rdkit.Chem.rdchem.Mol object at 0x000001D6FB23B430>,False,False
CHEMBL3545311,IC50,nM,38.3,IC50,nM,38.3,COc1cc(N2CCC(N3CCN(C)CC3)CC2)ccc1Nc1ncc(Cl)c(Nc2ccccc2P(C)(C)=O)n1,7.416801226031377,<rdkit.Chem.rdchem.Mol object at 0x000001D6FB23B4A0>,False,False
CHEMBL4284413,IC50,nM,24.0,IC50,uM,0.024,O=C(Nc1nccs1)C(c1ccccc1)N1Cc2ccccc2C1=O,7.619788758288394,<rdkit.Chem.rdchem.Mol object at 0x000001D6FB23BA50>,False,False
CHEMBL4290869,IC50,nM,9.8,IC50,nM,9.8,CC(C)(O)CC(=O)NCCc1ccc2ncnc(Nc3ccc(Oc4cccc(C(F)(F)F)c4)c(Cl)c3)c2c1,8.008773924307505,<rdkit.Chem.rdchem.Mol object at 0x000001D6FB23BAC0>,False,False
CHEMBL4286374,IC50,nM,120.0,IC50,uM,0.12,O=C(Nc1ccc2ncnc(Nc3cccc(Br)c3)c2c1)c1ccc(C(F)(F)F)cc1O,6.920818753952375,<rdkit.Chem.rdchem.Mol object at 0x000001D6FB23BB30>,False,False
CHEMBL4294264,IC50,nM,1935.0,IC50,uM,1.935,COc1cc2ncnc(Nc3ccc(-c4cc(-c5ccc(Br)cc5)c(C#N)c(=N)[nH]4)cc3)c2cc1OC,5.71331903064507,<rdkit.Chem.rdchem.Mol object at 0x000001D6FB23BBA0>,False,False
CHEMBL4280817,IC50,nM,9.0,IC50,uM,0.009,O=C1CSC(N2N=C(c3ccncc3)CC2c2ccc(Br)cc2)=N1,8.045757490560675,<rdkit.Chem.rdchem.Mol object at 0x000001D6FB23BC80>,False,False
CHEMBL4291471,IC50,nM,47.7,IC50,nM,47.7,CC(=O)Nc1ccc(-c2cc3c(Nc4ccc(Oc5cccc(C(F)(F)F)c5)c(Cl)c4)ncnc3s2)cc1,7.321481620959886,<rdkit.Chem.rdchem.Mol object at 0x000001D6FB23BD60>,False,False
CHEMBL4280835,IC50,nM,47.1,IC50,nM,47.1,CS(=O)(=O)Nc1ccc(-c2cc3c(Nc4ccc(Oc5cccc(C(F)(F)F)c5)c(Cl)c4)ncnc3s2)cc1,7.326979092871103,<rdkit.Chem.rdchem.Mol object at 0x000001D6FB23BDD0>,False,False
CHEMBL4286733,IC50,nM,112.0,IC50,nM,112.0,O=C(Nc1ccc(-c2cc3c(Nc4ccc(Oc5cccc(C(F)(F)F)c5)c(Cl)c4)ncnc3s2)cc1)NC1CC1,6.950781977329818,<rdkit.Chem.rdchem.Mol object at 0x000001D6FB23BE40>,False,False
CHEMBL4288374,IC50,nM,91.7,IC50,nM,91.7,O=C(NCCN1CCOCC1)Nc1ccc(-c2cc3c(Nc4ccc(Oc5cccc(C(F)(F)F)c5)c(Cl)c4)ncnc3s2)cc1,7.037630664329979,<rdkit.Chem.rdchem.Mol object at 0x000001D6FB23BEB0>,False,False
CHEMBL4286998,IC50,nM,9800.0,IC50,uM,9.8,c1ccc(-c2nc3sc(-c4ccccc4)cn3n2)cc1,5.008773924307505,<rdkit.Chem.rdchem.Mol object at 0x000001D6FB23BF20>,False,False
CHEMBL4282482,IC50,nM,7200.0,IC50,uM,7.2,Clc1ccc(-c2cn3nc(-c4ccccc4)nc3s2)cc1,5.142667503568732,<rdkit.Chem.rdchem.Mol object at 0x000001D6FB23BF90>,False,False
CHEMBL4290355,IC50,nM,5600.0,IC50,uM,5.6,COc1ccc(-c2nc3sc(-c4ccccc4)cn3n2)cc1,5.251811972993799,<rdkit.Chem.rdchem.Mol object at 0x000001D6FB238040>,False,False
CHEMBL4279008,IC50,nM,1500.0,IC50,uM,1.5,COc1ccc(-c2nc3sc(-c4ccc(Cl)cc4)cn3n2)cc1,5.823908740944319,<rdkit.Chem.rdchem.Mol object at 0x000001D6FB2380B0>,False,False
CHEMBL4286943,IC50,nM,2800.0,IC50,uM,2.8,COc1cc(-c2nc3sc(-c4ccccc4)cn3n2)cc(OC)c1OC,5.552841968657781,<rdkit.Chem.rdchem.Mol object at 0x000001D6FB238120>,False,False
CHEMBL4289274,IC50,nM,1700.0,IC50,uM,1.7,COc1cc(-c2nc3sc(-c4ccc(Cl)cc4)cn3n2)cc(OC)c1OC,5.769551078621726,<rdkit.Chem.rdchem.Mol object at 0x000001D6FB238190>,False,False
CHEMBL4284841,IC50,nM,108.0,IC50,uM,0.108,COc1ccc(C2=C(C#N)C3=NC4=Nc5ccc(S(=O)(=O)N6CCOCC6)cc5C4=NC3C(O)=C2C#N)cc1,6.966576244513051,<rdkit.Chem.rdchem.Mol object at 0x000001D6FB238350>,False,False
CHEMBL4448494,IC50,nM,1970.0,IC50,nM,1970.0,Cc1nc2c(F)cc(-c3nc(Nc4ccc5c(n4)CCN(CCN(C)C)C5)ncc3F)cc2n1C(C)C,5.705533773838407,<rdkit.Chem.rdchem.Mol object at 0x000001D6FB238510>,False,False
CHEMBL4578764,IC50,nM,2160.0,IC50,uM,2.16,Cc1ccc(C2=NN(c3ccccc3)C(c3ccc(OC4CCCC4)cc3)C2)cc1,5.665546248849069,<rdkit.Chem.rdchem.Mol object at 0x000001D6FB238580>,False,False
CHEMBL4520064,IC50,nM,384.8,IC50,nM,384.8,FC(F)(F)c1ccc(COc2ccc(Nc3ncnc4cc5c(cc34)OCCOCCOCCOCCO5)cc2)cc1,6.414764936634224,<rdkit.Chem.rdchem.Mol object at 0x000001D6FB2385F0>,False,False
CHEMBL4535881,IC50,nM,275.7,IC50,uM,0.2757,O=C(Nc1ccccc1)Nc1nnc(-c2cccnc2)o1,6.5595632338942265,<rdkit.Chem.rdchem.Mol object at 0x000001D6FB2386D0>,False,False
CHEMBL4444231,IC50,nM,173.0,IC50,nM,173.0,CC(C)(O)Cn1/c(=N/C(=O)c2cccc(-c3cccnc3)c2)[nH]c2ccccc21,6.761953896871205,<rdkit.Chem.rdchem.Mol object at 0x000001D6FB238EB0>,False,False
CHEMBL4449589,IC50,nM,57.0,IC50,nM,57.0,CC(C)(O)Cn1/c(=N/C(=O)c2ccnc(-c3cccnc3)c2)[nH]c2ccccc21,7.244125144327507,<rdkit.Chem.rdchem.Mol object at 0x000001D6FB238F20>,False,False
CHEMBL4519157,IC50,nM,3.0,IC50,nM,3.0,O=C1/N=C2\Nc3ccccc3N2CCCCCOc2ccccc2-c2cc1ccn2,8.522878745280337,<rdkit.Chem.rdchem.Mol object at 0x000001D6FB238F90>,False,False
CHEMBL4591327,IC50,nM,790.0,IC50,nM,790.0,CC(C)(O)Cn1/c(=N/C(=O)c2cc(F)cc(-c3cccnc3)c2)[nH]c2ccccc21,6.102372908709558,<rdkit.Chem.rdchem.Mol object at 0x000001D6FB239BA0>,False,False
CHEMBL4532034,IC50,nM,12.0,IC50,nM,12.0,COc1ccncc1-c1cc(C(=O)/N=c2\[nH]c3ccccc3n2CC(C)(C)O)ccn1,7.920818753952375,<rdkit.Chem.rdchem.Mol object at 0x000001D6FB239B30>,False,False
CHEMBL4550104,IC50,nM,1.0,IC50,nM,1.0,Cc1cc2cc(n1)-c1cnn(C)c1OCCCCCN1/C(=N/C2=O)Nc2ccccc21,9.0,<rdkit.Chem.rdchem.Mol object at 0x000001D6FB239AC0>,False,False
CHEMBL4434788,IC50,nM,22.0,IC50,nM,22.0,CC(C)(O)Cn1/c(=N/C(=O)c2ccnc(-c3ccccc3)c2)[nH]c2ccccc21,7.657577319177793,<rdkit.Chem.rdchem.Mol object at 0x000001D6FB239A50>,False,False
CHEMBL4525935,IC50,nM,519.0,IC50,nM,519.0,Cn1cc(-c2cc(C(=O)/N=c3\[nH]c4ccccc4n3CC(C)(C)O)ccn2)cn1,6.284832642151542,<rdkit.Chem.rdchem.Mol object at 0x000001D6FB239970>,False,False
CHEMBL4562138,IC50,nM,0.8,IC50,nM,0.8,Cc1cc2cc(n1)-c1cnn(C)c1OCCC[C@@H](C)CN1/C(=N/C2=O)Nc2ccccc21,9.096910013008056,<rdkit.Chem.rdchem.Mol object at 0x000001D6FB239900>,False,False
CHEMBL4537790,IC50,nM,0.6,IC50,nM,0.6,Cc1cc2cc(n1)-c1cnn(C)c1OCCC[C@@H](C)CN1/C(=N/C2=O)Nc2ccc(CN3CCN(C)CC3)cc21,9.221848749616356,<rdkit.Chem.rdchem.Mol object at 0x000001D6FB239890>,False,False
CHEMBL4446681,IC50,nM,10000.0,IC50,uM,10.0,CN(CCc1ccc(-c2ccccc2)cc1)Cc1cn(C)c2ccc(C(=O)Nc3ccc(F)cc3)cc12,5.0,<rdkit.Chem.rdchem.Mol object at 0x000001D6FB239EB0>,False,False
CHEMBL4441392,IC50,nM,56.0,IC50,uM,0.056,Cc1cc(=O)n2nc(SCc3ccc(F)cc3)nc2[nH]1,7.251811972993799,<rdkit.Chem.rdchem.Mol object at 0x000001D6FB239DD0>,False,False
CHEMBL4567599,IC50,nM,188.0,IC50,uM,0.188,Cc1cc(=O)n2nc(SCc3ccc(C(C)(C)C)cc3)nc2[nH]1,6.72584215073632,<rdkit.Chem.rdchem.Mol object at 0x000001D6FB239D60>,False,False
CHEMBL4456976,IC50,nM,62.0,IC50,uM,0.062,Cc1cc(=O)n2nc(SCc3ccc(C(C)C)cc3)nc2[nH]1,7.207608310501746,<rdkit.Chem.rdchem.Mol object at 0x000001D6FB239CF0>,False,False
CHEMBL4435632,IC50,nM,84.0,IC50,uM,0.084,Cc1cc(=O)n2nc(SCc3cccc(C(F)(F)F)c3)nc2[nH]1,7.075720713938118,<rdkit.Chem.rdchem.Mol object at 0x000001D6FB239C80>,False,False
CHEMBL4539566,IC50,nM,168.0,IC50,uM,0.168,Cc1ccc(CSc2nc3[nH]c(C)cc(=O)n3n2)cc1,6.774690718274137,<rdkit.Chem.rdchem.Mol object at 0x000001D6FB239C10>,False,False
CHEMBL3818535,IC50,nM,182.0,IC50,uM,0.182,Cc1cc(=O)n2nc(SCc3ccc(Cl)cc3)nc2[nH]1,6.739928612014925,<rdkit.Chem.rdchem.Mol object at 0x000001D6FB2399E0>,False,False
CHEMBL4550473,IC50,nM,59.0,IC50,uM,0.059,Cc1cc(=O)n2nc(SCc3cccc(Cl)c3)nc2[nH]1,7.229147988357855,<rdkit.Chem.rdchem.Mol object at 0x000001D6FB239660>,False,False
CHEMBL4570484,IC50,nM,141.0,IC50,uM,0.141,Cc1cc(=O)n2nc(SCc3ccc(Cl)cc3Cl)nc2[nH]1,6.85078088734462,<rdkit.Chem.rdchem.Mol object at 0x000001D6FB237040>,False,False
CHEMBL4553708,IC50,nM,66100.0,IC50,nM,66100.0,OCCNc1nc(Nc2cccc(F)c2)c2cn[nH]c2n1,4.179798540514359,<rdkit.Chem.rdchem.Mol object at 0x000001D6FB237200>,False,False
CHEMBL4465558,IC50,nM,765.0,IC50,nM,765.0,COc1cc(N2CCNC2=O)ccc1Nc1ncc(Cl)c(Nc2ccccc2S(=O)(=O)C(C)C)n1,6.116338564846382,<rdkit.Chem.rdchem.Mol object at 0x000001D6FB237270>,False,False
CHEMBL4519408,IC50,nM,598.0,IC50,nM,598.0,COc1cc(N2CCN(CC(=O)N(C)C)C2=O)ccc1Nc1ncc(Cl)c(Nc2ccccc2S(=O)(=O)C(C)C)n1,6.223298816011589,<rdkit.Chem.rdchem.Mol object at 0x000001D6FB237350>,False,False
CHEMBL4546122,IC50,nM,52.0,IC50,nM,52.0,COc1ccc(-c2cc3ncnc(Nc4cc(OC)c(OC)c(OC)c4)c3s2)cc1,7.2839966563652,<rdkit.Chem.rdchem.Mol object at 0x000001D6FB235200>,False,False
CHEMBL4569885,IC50,nM,30.0,IC50,nM,30.0,COc1cc(Nc2ncnc3cc(-c4ccc(C)cc4)sc23)cc(OC)c1OC,7.522878745280337,<rdkit.Chem.rdchem.Mol object at 0x000001D6FB235270>,False,False
CHEMBL4572443,IC50,nM,326.0,IC50,nM,326.0,COc1cc(Nc2ncnc3cc(-c4ccc(Br)cc4)sc23)cc(OC)c1OC,6.486782399932061,<rdkit.Chem.rdchem.Mol object at 0x000001D6FB235350>,False,False
CHEMBL4552482,IC50,nM,273.0,IC50,nM,273.0,COc1cc(Nc2ncnc3cc(-c4ccc(Cl)cc4)sc23)cc(OC)c1OC,6.563837352959244,<rdkit.Chem.rdchem.Mol object at 0x000001D6FB2353C0>,False,False
CHEMBL4460381,IC50,nM,2.5,IC50,nM,2.5,COc1cc(Nc2ncnc3cc(-c4cccs4)sc23)cc(OC)c1OC,8.602059991327963,<rdkit.Chem.rdchem.Mol object at 0x000001D6FB235430>,False,False
CHEMBL4541014,IC50,nM,23.0,IC50,nM,23.0,COc1cc(Nc2ncnc3cc(-c4ccccc4)sc23)cc(OC)c1OC,7.638272163982407,<rdkit.Chem.rdchem.Mol object at 0x000001D6FB2354A0>,False,False
CHEMBL4439974,IC50,nM,34.0,IC50,nM,34.0,CCOc1cc2ncnc(Nc3ccc(F)c(Cl)c3)c2cc1NC(=O)COC(C)=O,7.468521082957745,<rdkit.Chem.rdchem.Mol object at 0x000001D6FB234BA0>,False,False
CHEMBL4437599,IC50,nM,25.0,IC50,nM,25.0,CCOc1cc2ncnc(Nc3ccc(F)c(Cl)c3)c2cc1NC(=O)COC(=O)c1ccccc1,7.602059991327962,<rdkit.Chem.rdchem.Mol object at 0x000001D6FB234C10>,False,False
CHEMBL4538707,IC50,nM,44.0,IC50,nM,44.0,CCOc1cc2ncnc(Nc3ccc(F)c(Cl)c3)c2cc1NC(=O)COC(=O)c1c(C)cccc1C,7.356547323513812,<rdkit.Chem.rdchem.Mol object at 0x000001D6FB234C80>,False,False
CHEMBL4449681,IC50,nM,27.0,IC50,nM,27.0,CCOc1cc2ncnc(Nc3ccc(F)c(Cl)c3)c2cc1NC(=O)CO,7.568636235841013,<rdkit.Chem.rdchem.Mol object at 0x000001D6FB234CF0>,False,False
CHEMBL4576626,IC50,nM,16180.0,IC50,uM,16.18,COc1ccc(-n2cc(NC(=O)c3ccc(NS(=O)(=O)c4ccc(Cl)cc4)cc3)cn2)cc1,4.791021482723746,<rdkit.Chem.rdchem.Mol object at 0x000001D6FB2332E0>,False,False
CHEMBL4549295,IC50,nM,12450.0,IC50,uM,12.45,Cc1ccc(-n2cc(NC(=O)c3ccc(NS(=O)(=O)c4ccc(Cl)cc4)cc3)cn2)cc1,4.904830648568245,<rdkit.Chem.rdchem.Mol object at 0x000001D6FB233350>,False,False
CHEMBL4459564,IC50,nM,18690.0,IC50,uM,18.69,O=C(Nc1cnn(-c2ccccc2)c1)c1ccc(NS(=O)(=O)c2ccc(Cl)cc2)cc1,4.728390698621168,<rdkit.Chem.rdchem.Mol object at 0x000001D6FB2333C0>,False,False
CHEMBL4442932,IC50,nM,24130.0,IC50,uM,24.13,COc1cccc(-n2cc(NC(=O)c3ccc(NS(=O)(=O)c4ccccc4)cc3)cn2)c1,4.617442678091214,<rdkit.Chem.rdchem.Mol object at 0x000001D6FB233430>,False,False
CHEMBL4448424,IC50,nM,26150.0,IC50,uM,26.15,COc1ccc(-n2cc(NC(=O)c3ccc(NS(=O)(=O)c4ccccc4)cc3)cn2)cc1,4.582528306796707,<rdkit.Chem.rdchem.Mol object at 0x000001D6FB2334A0>,False,False
CHEMBL4470214,IC50,nM,18260.0,IC50,uM,18.26,Cc1ccc(-n2cc(NC(=O)c3ccc(NS(=O)(=O)c4ccccc4)cc3)cn2)cc1,4.73849922680172,<rdkit.Chem.rdchem.Mol object at 0x000001D6FB233510>,False,False
CHEMBL4445843,IC50,nM,25410.0,IC50,uM,25.41,O=C(Nc1cnn(-c2ccccc2)c1)c1ccc(NS(=O)(=O)c2ccccc2)cc1,4.594995334949631,<rdkit.Chem.rdchem.Mol object at 0x000001D6FB233580>,False,False
CHEMBL4522594,IC50,nM,36840.0,IC50,uM,36.84,Cn1cc(NC(=O)c2ccc(NS(=O)(=O)c3ccccc3)cc2)cn1,4.433680378475189,<rdkit.Chem.rdchem.Mol object at 0x000001D6FB2335F0>,False,False
CHEMBL4554486,IC50,nM,15630.0,IC50,uM,15.63,COc1cccc(-n2cc(NC(=O)c3cccc(NS(=O)(=O)c4ccc(Cl)cc4)c3)cn2)c1,4.806041021980813,<rdkit.Chem.rdchem.Mol object at 0x000001D6FB233660>,False,False
CHEMBL4471464,IC50,nM,15330.0,IC50,uM,15.33,COc1ccc(-n2cc(NC(=O)c3cccc(NS(=O)(=O)c4ccc(Cl)cc4)c3)cn2)cc1,4.814457845145625,<rdkit.Chem.rdchem.Mol object at 0x000001D6FB2336D0>,False,False
CHEMBL4460897,IC50,nM,8770.0,IC50,uM,8.77,Cc1ccc(-n2cc(NC(=O)c3cccc(NS(=O)(=O)c4ccc(Cl)cc4)c3)cn2)cc1,5.05700040663396,<rdkit.Chem.rdchem.Mol object at 0x000001D6FB233740>,False,False
CHEMBL4439053,IC50,nM,10580.0,IC50,uM,10.58,O=C(Nc1cnn(-c2ccccc2)c1)c1cccc(NS(=O)(=O)c2ccc(Cl)cc2)c1,4.975514332300833,<rdkit.Chem.rdchem.Mol object at 0x000001D6FB2337B0>,False,False
CHEMBL4455321,IC50,nM,30450.0,IC50,uM,30.45,Cn1cc(NC(=O)c2cccc(NS(=O)(=O)c3ccc(Cl)cc3)c2)cn1,4.516412703031106,<rdkit.Chem.rdchem.Mol object at 0x000001D6FB233820>,False,False
CHEMBL4520103,IC50,nM,22850.0,IC50,uM,22.85,COc1cccc(-n2cc(NC(=O)c3cccc(NS(=O)(=O)c4ccccc4)c3)cn2)c1,4.641113795594131,<rdkit.Chem.rdchem.Mol object at 0x000001D6FB233890>,False,False
CHEMBL4530048,IC50,nM,26970.0,IC50,uM,26.97,COc1ccc(-n2cc(NC(=O)c3cccc(NS(=O)(=O)c4ccccc4)c3)cn2)cc1,4.569119053547109,<rdkit.Chem.rdchem.Mol object at 0x000001D6FB233900>,False,False
CHEMBL4549604,IC50,nM,9570.0,IC50,uM,9.57,Cc1ccc(-n2cc(NC(=O)c3cccc(NS(=O)(=O)c4ccccc4)c3)cn2)cc1,5.019088062223156,<rdkit.Chem.rdchem.Mol object at 0x000001D6FB233970>,False,False
CHEMBL4459052,IC50,nM,15360.0,IC50,uM,15.36,O=C(Nc1cnn(-c2ccccc2)c1)c1cccc(NS(=O)(=O)c2ccccc2)c1,4.813608784304507,<rdkit.Chem.rdchem.Mol object at 0x000001D6FB2339E0>,False,False
CHEMBL4552065,IC50,nM,34280.0,IC50,uM,34.28,Cn1cc(NC(=O)c2cccc(NS(=O)(=O)c3ccccc3)c2)cn1,4.464959186748839,<rdkit.Chem.rdchem.Mol object at 0x000001D6FB233A50>,False,False
CHEMBL311959,IC50,nM,27000.0,IC50,nM,27000.0,COc1cc2nccc(Nc3cc(OC)c(OC)c(OC)c3)c2cc1OC,4.568636235841013,<rdkit.Chem.rdchem.Mol object at 0x000001D6FB232580>,False,False
CHEMBL309682,IC50,nM,5400.0,IC50,nM,5400.0,COc1cc2ncnc(Nc3cc(OC)c(OC)c(OC)c3)c2cc1OC,5.267606240177032,<rdkit.Chem.rdchem.Mol object at 0x000001D6FB2325F0>,False,False
CHEMBL81073,IC50,nM,7100.0,IC50,nM,7100.0,COc1cc2ncc(C#N)c(Nc3cc(OC)c(OC)c(OC)c3)c2cc1OC,5.1487416512809245,<rdkit.Chem.rdchem.Mol object at 0x000001D6FB232660>,False,False
CHEMBL98248,IC50,nM,170.0,IC50,nM,170.0,COc1cc2nccc(Nc3cccc(Br)c3)c2cc1OC,6.769551078621726,<rdkit.Chem.rdchem.Mol object at 0x000001D6FB2327B0>,False,False
CHEMBL4447797,IC50,nM,1700.0,IC50,nM,1700.0,COc1cc2nccc(Nc3ccc(OCc4cccc(F)c4)c(Cl)c3)c2cc1OC,5.769551078621726,<rdkit.Chem.rdchem.Mol object at 0x000001D6FB232820>,False,False
CHEMBL4462395,IC50,nM,2200.0,IC50,nM,2200.0,COc1cc(N(C)c2ccnc3ccc(C(F)(F)F)cc23)cc(OC)c1OC,5.657577319177793,<rdkit.Chem.rdchem.Mol object at 0x000001D6FB232890>,False,False
CHEMBL4516635,IC50,nM,9.3,IC50,nM,9.3,COc1cc2c(Nc3ccc(NC(=O)C(c4ccccc4)N4Cc5ccccc5C4=O)cc3F)ncnc2cc1OCC1CCN(C)CC1,8.031517051446064,<rdkit.Chem.rdchem.Mol object at 0x000001D6FB232BA0>,False,False
CHEMBL4538066,IC50,nM,179.6,IC50,nM,179.6,COc1cc2c(Nc3ccc(NC(=O)C(C4CCCCC4)N4Cc5ccccc5C4=O)cc3F)ncnc2cc1OCC1CCN(C)CC1,6.745693667668714,<rdkit.Chem.rdchem.Mol object at 0x000001D6FB232C10>,False,False
CHEMBL4471235,IC50,nM,37.1,IC50,nM,37.1,COc1cc2c(Nc3cc(NC(=O)C(c4ccccc4)N4Cc5ccccc5C4=O)ccc3F)ncnc2cc1OCC1CCN(C)CC1,7.430626090384954,<rdkit.Chem.rdchem.Mol object at 0x000001D6FB232C80>,False,False
CHEMBL4465497,IC50,nM,7.9,IC50,nM,7.9,COc1cc2c(Nc3ccc(NC(=O)[C@H](c4ccccc4)N4Cc5ccccc5C4=O)cc3F)ncnc2cc1OCC1CCN(C)CC1,8.102372908709558,<rdkit.Chem.rdchem.Mol object at 0x000001D6FB232CF0>,False,False
CHEMBL4593609,IC50,nM,19.2,IC50,nM,19.2,COc1cc2c(Nc3ccc(NC(=O)[C@@H](c4ccccc4)N4Cc5ccccc5C4=O)cc3F)ncnc2cc1OCC1CCN(C)CC1,7.716698771296451,<rdkit.Chem.rdchem.Mol object at 0x000001D6FB232D60>,False,False
CHEMBL4443483,IC50,nM,331.3,IC50,nM,331.3,COc1cc2c(Nc3ccc(NC(=O)C(c4cc(F)ccc4F)N4Cc5ccccc5C4=O)cc3F)ncnc2cc1OCC1CCN(C)CC1,6.47977856411804,<rdkit.Chem.rdchem.Mol object at 0x000001D6FB232DD0>,False,False
CHEMBL4462528,IC50,nM,617.0,IC50,nM,617.0,COc1cc(NC(=O)C2CC2)ccc1Nc1ncc(Cl)c(Nc2ccccc2NC(C)=O)n1,6.209714835966758,<rdkit.Chem.rdchem.Mol object at 0x000001D6FB232F90>,False,False
CHEMBL4516916,IC50,nM,23340.0,IC50,uM,23.34,Fc1ccc(-c2csc(N3N=C(c4ccc(N5CCOCC5)cc4)CC3c3ccc(Cl)cc3)n2)cc1,4.631899148290649,<rdkit.Chem.rdchem.Mol object at 0x000001D6FB231040>,False,False
CHEMBL4516736,IC50,nM,4340.0,IC50,uM,4.34,N#Cc1ccc(-c2csc(N3N=C(c4ccc(N5CCOCC5)cc4)CC3c3ccc(Cl)cc3)n2)cc1,5.36251027048749,<rdkit.Chem.rdchem.Mol object at 0x000001D6FB2310B0>,False,False
CHEMBL4557318,IC50,nM,4710.0,IC50,uM,4.71,N#Cc1ccc(-c2csc(N3N=C(c4ccc(N5CCCCC5)cc4)CC3c3ccc(Cl)cc3)n2)cc1,5.326979092871103,<rdkit.Chem.rdchem.Mol object at 0x000001D6FB231120>,False,False
CHEMBL4558528,IC50,nM,200.0,IC50,uM,0.2,CN1CCN(c2ccc(Oc3ccc4c(c3)C(=O)N(Cc3ccccc3)c3cc(F)ccc3N4)cc2)CC1,6.698970004336019,<rdkit.Chem.rdchem.Mol object at 0x000001D6FB2316D0>,False,False
CHEMBL4530686,IC50,nM,350.0,IC50,uM,0.35,O=C1c2cc(Oc3ccc(N4CCNCC4)cc3)ccc2Nc2ccc(F)cc2N1Cc1ccccc1,6.455931955649724,<rdkit.Chem.rdchem.Mol object at 0x000001D6FB231740>,False,False
CHEMBL4533337,IC50,nM,930.0,IC50,uM,0.93,O=C1c2cc(-c3ccc(N4CCNCC4)cc3)ccc2Nc2ccc(F)cc2N1Cc1ccccc1,6.031517051446065,<rdkit.Chem.rdchem.Mol object at 0x000001D6FB2317B0>,False,False
CHEMBL4520903,IC50,nM,1200.0,IC50,uM,1.2,O=C1c2ccccc2Nc2ccc(F)cc2N1Cc1ccccc1,5.920818753952375,<rdkit.Chem.rdchem.Mol object at 0x000001D6FB231820>,False,False
CHEMBL4447036,IC50,nM,2459.0,IC50,nM,2459.0,C=CS(=O)(=O)Nc1cccc(-c2c(-c3ccccc3)oc3ncnc(N[C@H](CO)c4ccccc4)c23)c1,5.609241471261283,<rdkit.Chem.rdchem.Mol object at 0x000001D6FB2303C0>,False,False
CHEMBL4439933,IC50,nM,315.0,IC50,nM,315.0,COc1cc(Nc2cc(NC(=O)Nc3c(Cl)cccc3Cl)ncn2)cc(OC)c1,6.501689446210399,<rdkit.Chem.rdchem.Mol object at 0x000001D6FB230EB0>,False,False
CHEMBL4548481,IC50,nM,202.0,IC50,nM,202.0,COc1ccc(OC)c(Nc2cc(NC(=O)Nc3c(Cl)cccc3Cl)ncn2)c1,6.694648630553377,<rdkit.Chem.rdchem.Mol object at 0x000001D6FB230F20>,False,False
CHEMBL4537004,IC50,nM,528.0,IC50,nM,528.0,Cc1cc(F)cc(Nc2cc(NC(=O)Nc3c(Cl)cccc3Cl)ncn2)c1,6.277366077466188,<rdkit.Chem.rdchem.Mol object at 0x000001D6FB230F90>,False,False
CHEMBL4437803,IC50,nM,147.0,IC50,uM,0.147,O=C(Nc1cccc(NC(=O)c2ccccn2)c1)NC1CCCCC1,6.832682665251824,<rdkit.Chem.rdchem.Mol object at 0x000001D6FB259970>,False,False
CHEMBL4569508,IC50,nM,1100.0,IC50,nM,1100.0,O=C(NCC(F)(F)F)c1cc(-c2cnn3cc(-c4ccc(OCCN5CCCCC5)cc4)cnc23)cs1,5.958607314841775,<rdkit.Chem.rdchem.Mol object at 0x000001D6FB259AC0>,False,False
CHEMBL4550702,IC50,nM,28000.0,IC50,nM,28000.0,Cn1cc(-c2cnc3c(-c4csc(C(=O)NCC(F)(F)F)c4)cnn3c2)cn1,4.552841968657781,<rdkit.Chem.rdchem.Mol object at 0x000001D6FB259B30>,False,False
CHEMBL4568087,IC50,nM,340.0,IC50,nM,340.0,Cn1cc(-c2cnc3c(-c4csc(C(=O)N[C@@H]5CCCC[C@@H]5N)c4)cnn3c2)cn1,6.468521082957745,<rdkit.Chem.rdchem.Mol object at 0x000001D6FB259BA0>,False,False
CHEMBL4588202,IC50,nM,649.0,IC50,nM,649.0,CCC(=O)N1CCC[C@@H](n2nc(-c3cn(-c4ccc(C(C)=O)cc4)nn3)c3c(N)ncnc32)C1,6.187755303199631,<rdkit.Chem.rdchem.Mol object at 0x000001D6FB259D60>,False,False
CHEMBL4646415,IC50,nM,145.0,IC50,uM,0.145,CN(CCO)c1ccc2ncnc(Nc3cccc(Br)c3)c2c1,6.838631997765025,<rdkit.Chem.rdchem.Mol object at 0x000001D6FB259F20>,False,False
CHEMBL4645726,IC50,nM,1800.0,IC50,uM,1.8,N#CC1=C(N)N(c2nnc3c4ccccc4nc(Sc4ccc(Br)cc4)n23)C(=O)C1,5.7447274948966935,<rdkit.Chem.rdchem.Mol object at 0x000001D69563E3C0>,False,False
CHEMBL4647325,IC50,nM,690.0,IC50,uM,0.69,Nc1nc(Nc2nnc3c4ccccc4nc(Sc4ccc(Br)cc4)n23)cs1,6.161150909262744,<rdkit.Chem.rdchem.Mol object at 0x000001D69563E4A0>,False,False
CHEMBL4637355,IC50,nM,3910.0,IC50,uM,3.91,CCN1CCN(CC(=O)Nc2nnc3c4ccccc4nc(Sc4ccc(Br)cc4)n23)CC1,5.407823242604133,<rdkit.Chem.rdchem.Mol object at 0x000001D69563E510>,False,False
CHEMBL4635625,IC50,nM,4110.0,IC50,nM,4110.0,C[C@@H]1[C@@H]2CN(c3nc(Nc4cnn(C)c4)ncc3F)C[C@]12NC(=O)[C@@H]1CC1(F)F,5.386158178123931,<rdkit.Chem.rdchem.Mol object at 0x000001D69563E5F0>,False,False
CHEMBL4642177,IC50,nM,208.0,IC50,nM,208.0,CCC(=O)Nc1cc(Nc2nccc(-c3c[nH]c4c(CCO)cccc34)n2)c(OC)cc1F,6.681936665037238,<rdkit.Chem.rdchem.Mol object at 0x000001D69563E740>,False,False
CHEMBL4640686,IC50,nM,170.1,IC50,nM,170.1,CCC(=O)Nc1cc(Nc2nccc(-c3cn(CCO)c4ccccc34)n2)c(OC)cc1F,6.769295686387431,<rdkit.Chem.rdchem.Mol object at 0x000001D69563E7B0>,False,False
CHEMBL4639459,IC50,nM,126.8,IC50,nM,126.8,CCC(=O)Nc1cc(Nc2nccc(-c3cn(CCCO)c4ccccc34)n2)c(OC)cc1F,6.896880746454286,<rdkit.Chem.rdchem.Mol object at 0x000001D69563E820>,False,False
CHEMBL4641096,IC50,nM,169.3,IC50,nM,169.3,CCC(=O)Nc1cc(Nc2nccc(-c3cn(CCCO)c4ccccc34)n2)c(OC)cc1N(C)CCN(C)C,6.771343041891065,<rdkit.Chem.rdchem.Mol object at 0x000001D69563E890>,False,False
CHEMBL4649261,IC50,nM,156.6,IC50,nM,156.6,COc1cc(N(C)CCN(C)C)ccc1Nc1nccc(-c2cn(CCCO)c3ccccc23)n1,6.805208242278075,<rdkit.Chem.rdchem.Mol object at 0x000001D69563E900>,False,False
CHEMBL4647073,IC50,nM,142.0,IC50,nM,142.0,CCC(=O)Nc1cc(Nc2nccc(-c3cn(CCCO)c4ccc(F)cc34)n2)c(OC)cc1F,6.847711655616943,<rdkit.Chem.rdchem.Mol object at 0x000001D69563E970>,False,False
CHEMBL4745877,IC50,nM,2520.0,IC50,nM,2520.0,COc1ncc(-c2ccc3ncnc(Nc4cnn(CCO)c4)c3c2)cc1NS(C)(=O)=O,5.598599459218456,<rdkit.Chem.rdchem.Mol object at 0x000001D69563F120>,False,False
CHEMBL4787698,IC50,nM,144.0,IC50,uM,0.144,CC(C)(C)c1cc(NC(=O)CN2CCOCC2)no1,6.841637507904751,<rdkit.Chem.rdchem.Mol object at 0x000001D69563F510>,False,False
CHEMBL1619395,IC50,nM,81.0,IC50,uM,0.081,CCN1CCN(CC(=O)Nc2cc(C)on2)CC1,7.091514981121351,<rdkit.Chem.rdchem.Mol object at 0x000001D69563F580>,False,False
CHEMBL4740108,IC50,nM,64.0,IC50,uM,0.064,Cc1cc(NC(=O)CN2CCN(c3ccccc3)CC2)no1,7.1938200260161125,<rdkit.Chem.rdchem.Mol object at 0x000001D69563F5F0>,False,False
CHEMBL4755651,IC50,nM,66.0,IC50,uM,0.066,CC(C)(C)c1cc(NC(=O)CN2CCN(c3ccccc3)CC2)no1,7.180456064458132,<rdkit.Chem.rdchem.Mol object at 0x000001D69563F660>,False,False
CHEMBL4755988,IC50,nM,81.0,IC50,uM,0.081,Cc1cc(NC2=NC(=O)CS2)no1,7.091514981121351,<rdkit.Chem.rdchem.Mol object at 0x000001D69563F6D0>,False,False
CHEMBL4751085,IC50,nM,150.0,IC50,uM,0.15,CC(C)(C)c1cc(NC2=NC(=O)CS2)no1,6.823908740944319,<rdkit.Chem.rdchem.Mol object at 0x000001D69563F740>,False,False
CHEMBL4792279,IC50,nM,186.0,IC50,nM,186.0,Cc1nn(-c2ccc(F)cc2)c2ncnc(Nc3ccc(F)c(Cl)c3)c12,6.730487055782084,<rdkit.Chem.rdchem.Mol object at 0x000001D69563F890>,False,False
CHEMBL4793639,IC50,nM,617.33,IC50,nM,617.33,COc1ccc(C2N=C(C(N)=O)c3ncn(-c4ccc(F)cc4)c3N2)cc1OC,6.20948261738268,<rdkit.Chem.rdchem.Mol object at 0x000001D69563FAC0>,False,False
CHEMBL4795888,IC50,nM,710.0,IC50,nM,710.0,CC(C)c1ccc(C2N=C(C(N)=O)c3ncn(-c4ccc(F)cc4)c3N2)cc1,6.1487416512809245,<rdkit.Chem.rdchem.Mol object at 0x000001D69563FB30>,False,False
CHEMBL458997,IC50,nM,550.0,IC50,uM,0.55,CNC(=O)c1ccccc1Nc1nc(Nc2ccc(N3CCOCC3)cc2OC)ncc1Cl,6.259637310505756,<rdkit.Chem.rdchem.Mol object at 0x000001D69563FC10>,False,False
CHEMBL492399,IC50,nM,2.8,IC50,nM,2.8,COc1ccc(N(C)c2nc(C)nc3ccccc23)cc1,8.55284196865778,<rdkit.Chem.rdchem.Mol object at 0x000001D6956400B0>,False,False
CHEMBL2420866,IC50,nM,5.0,IC50,nM,5.0,COc1ccc2c(c1)CCCN2c1nc(C)nc2ccccc12,8.301029995663981,<rdkit.Chem.rdchem.Mol object at 0x000001D695640120>,False,False
CHEMBL516047,IC50,nM,8.7,IC50,nM,8.7,CSc1ccc(N(C)c2nc(C)nc3ccccc23)cc1,8.060480747381382,<rdkit.Chem.rdchem.Mol object at 0x000001D695640190>,False,False
CHEMBL4746488,IC50,nM,10.6,IC50,nM,10.6,COc1cccc2cc(N(C)c3nc(C)nc4ccccc34)ccc12,7.97469413473523,<rdkit.Chem.rdchem.Mol object at 0x000001D695640200>,False,False
CHEMBL3604205,IC50,nM,48.9,IC50,nM,48.9,COc1ccc2c(c1)CCCN2c1ncnc2ccccc12,7.31069114087638,<rdkit.Chem.rdchem.Mol object at 0x000001D695640270>,False,False
CHEMBL444724,IC50,nM,3.6,IC50,nM,3.6,COc1ccc(N(C)c2nc(Cl)nc3ccccc23)cc1,8.443697499232712,<rdkit.Chem.rdchem.Mol object at 0x000001D6956402E0>,False,False
CHEMBL2420867,IC50,nM,5.4,IC50,nM,5.4,COc1ccc2c(c1)CCCN2c1nc(Cl)nc2ccccc12,8.267606240177031,<rdkit.Chem.rdchem.Mol object at 0x000001D695640350>,False,False
CHEMBL3651854,IC50,nM,960.0,IC50,uM,0.96,Cc1cc(Nc2nc(Nc3ccccc3S(=O)(=O)C(C)C)c3c(C)[nH]nc3n2)c(OC(C)C)cc1C1CCN(C)CC1,6.017728766960431,<rdkit.Chem.rdchem.Mol object at 0x000001D6956407B0>,False,False
CHEMBL4780286,IC50,nM,0.8,IC50,nM,0.8,OC[C@@H](Nc1ncnc2[nH]c(-c3ccccc3)cc12)c1ccccc1,9.096910013008056,<rdkit.Chem.rdchem.Mol object at 0x000001D695640820>,False,False
CHEMBL4783569,IC50,nM,0.4,IC50,nM,0.4,COc1ccccc1-c1cc2c(N[C@H](CO)c3ccccc3)ncnc2[nH]1,9.397940008672036,<rdkit.Chem.rdchem.Mol object at 0x000001D695640890>,False,False
CHEMBL4795296,IC50,nM,0.4,IC50,nM,0.4,C[C@@H](Nc1ncnc2[nH]c(-c3ccc(S(C)(=O)=O)cc3)cc12)c1ccccc1,9.397940008672036,<rdkit.Chem.rdchem.Mol object at 0x000001D695640900>,False,False
CHEMBL4751641,IC50,nM,0.7,IC50,nM,0.7,C[C@@H](Nc1ncnc2[nH]c(-c3ccc(S(N)(=O)=O)cc3)cc12)c1ccccc1,9.154901959985745,<rdkit.Chem.rdchem.Mol object at 0x000001D695640970>,False,False
CHEMBL4791195,IC50,nM,0.8,IC50,nM,0.8,C[C@@H](Nc1ncnc2[nH]c(-c3ccc(C(N)=O)cc3)cc12)c1ccccc1,9.096910013008056,<rdkit.Chem.rdchem.Mol object at 0x000001D6956409E0>,False,False
CHEMBL4743998,IC50,nM,0.3,IC50,nM,0.3,C[C@@H](Nc1ncnc2[nH]c(-c3ccc(NS(C)(=O)=O)cc3)cc12)c1ccccc1,9.522878745280336,<rdkit.Chem.rdchem.Mol object at 0x000001D695640A50>,False,False
CHEMBL4744798,IC50,nM,0.7,IC50,nM,0.7,CC(=O)Nc1ccc(-c2cc3c(N[C@H](C)c4ccccc4)ncnc3[nH]2)cc1,9.154901959985745,<rdkit.Chem.rdchem.Mol object at 0x000001D695640AC0>,False,False
CHEMBL4741922,IC50,nM,0.6,IC50,nM,0.6,C[C@@H](Nc1ncnc2[nH]c(-c3ccncc3)cc12)c1ccccc1,9.221848749616356,<rdkit.Chem.rdchem.Mol object at 0x000001D695640B30>,False,False
CHEMBL4779711,IC50,nM,1.1,IC50,nM,1.1,C[C@@H](Nc1ncnc2[nH]c(-c3ccc(C(=O)O)cc3)cc12)c1ccccc1,8.958607314841775,<rdkit.Chem.rdchem.Mol object at 0x000001D695640BA0>,False,False
CHEMBL4776056,IC50,nM,1.4,IC50,nM,1.4,C[C@@H](Nc1ncnc2[nH]c(-c3cccc(C(N)=O)c3)cc12)c1ccccc1,8.853871964321762,<rdkit.Chem.rdchem.Mol object at 0x000001D695640C10>,False,False
CHEMBL4785569,IC50,nM,0.3,IC50,nM,0.3,CCOc1ccccc1-c1cc2c(N[C@H](C)c3ccccc3)ncnc2[nH]1,9.522878745280336,<rdkit.Chem.rdchem.Mol object at 0x000001D695640C80>,False,False
CHEMBL4746770,IC50,nM,0.6,IC50,nM,0.6,CC(C)Oc1ccccc1-c1cc2c(N[C@H](C)c3ccccc3)ncnc2[nH]1,9.221848749616356,<rdkit.Chem.rdchem.Mol object at 0x000001D695640CF0>,False,False
CHEMBL4746697,IC50,nM,0.8,IC50,nM,0.8,C[C@@H](Nc1ncnc2[nH]c(-c3ccccc3OC(F)F)cc12)c1ccccc1,9.096910013008056,<rdkit.Chem.rdchem.Mol object at 0x000001D695640D60>,False,False
CHEMBL4800697,IC50,nM,4.3,IC50,nM,4.3,C[C@@H](Nc1ncnc2[nH]c(-c3ccccc3OC(F)(F)F)cc12)c1ccccc1,8.366531544420413,<rdkit.Chem.rdchem.Mol object at 0x000001D695640DD0>,False,False
CHEMBL4170121,IC50,nM,0.6,IC50,nM,0.6,COc1cccc(OC)c1-c1cc2c(N[C@H](C)c3ccccc3)ncnc2[nH]1,9.221848749616356,<rdkit.Chem.rdchem.Mol object at 0x000001D695640E40>,False,False
CHEMBL4757806,IC50,nM,0.4,IC50,nM,0.4,COc1cc(C(N)=O)ccc1-c1cc2c(N[C@H](C)c3ccccc3)ncnc2[nH]1,9.397940008672036,<rdkit.Chem.rdchem.Mol object at 0x000001D695640EB0>,False,False
CHEMBL4778894,IC50,nM,0.7,IC50,nM,0.7,COc1cc(NS(C)(=O)=O)ccc1-c1cc2c(N[C@H](C)c3ccccc3)ncnc2[nH]1,9.154901959985745,<rdkit.Chem.rdchem.Mol object at 0x000001D695640F20>,False,False
CHEMBL4793053,IC50,nM,0.4,IC50,nM,0.4,[2H]C([2H])([2H])Oc1ccccc1-c1cc2c(N[C@H](CO)c3ccccc3)ncnc2[nH]1,9.397940008672036,<rdkit.Chem.rdchem.Mol object at 0x000001D695641040>,False,False
CHEMBL4776396,IC50,nM,0.2,IC50,nM,0.2,CCOc1ccccc1-c1cc2c(N[C@H](CO)c3ccccc3)ncnc2[nH]1,9.69897000433602,<rdkit.Chem.rdchem.Mol object at 0x000001D6956410B0>,False,False
CHEMBL4763315,IC50,nM,0.5,IC50,nM,0.5,CS(=O)(=O)Nc1ccc(-c2cc3c(N[C@H](CO)c4ccccc4)ncnc3[nH]2)cc1,9.30102999566398,<rdkit.Chem.rdchem.Mol object at 0x000001D695641120>,False,False
CHEMBL4740295,IC50,nM,0.8,IC50,nM,0.8,CS(=O)(=O)c1ccc(-c2cc3c(N[C@H](CO)c4ccccc4)ncnc3[nH]2)cc1,9.096910013008056,<rdkit.Chem.rdchem.Mol object at 0x000001D695641190>,False,False
CHEMBL4759127,IC50,nM,0.7,IC50,nM,0.7,NC(=O)Cc1cccc(-c2cc3c(N[C@H](CO)c4ccccc4)ncnc3[nH]2)c1,9.154901959985745,<rdkit.Chem.rdchem.Mol object at 0x000001D695641200>,False,False
CHEMBL4776751,IC50,nM,0.5,IC50,nM,0.5,COc1cc(C(N)=O)ccc1-c1cc2c(N[C@H](CO)c3ccccc3)ncnc2[nH]1,9.30102999566398,<rdkit.Chem.rdchem.Mol object at 0x000001D695641270>,False,False
CHEMBL4740573,IC50,nM,0.3,IC50,nM,0.3,COc1cc(NS(C)(=O)=O)ccc1-c1cc2c(N[C@H](CO)c3ccccc3)ncnc2[nH]1,9.522878745280336,<rdkit.Chem.rdchem.Mol object at 0x000001D6956412E0>,False,False
CHEMBL4764993,IC50,nM,0.8,IC50,nM,0.8,COc1cc(NC(C)=O)ccc1-c1cc2c(N[C@H](CO)c3ccccc3)ncnc2[nH]1,9.096910013008056,<rdkit.Chem.rdchem.Mol object at 0x000001D695641350>,False,False
CHEMBL4780965,IC50,nM,2.0,IC50,nM,2.0,OC[C@@H](Nc1ncnc2[nH]c(-c3ccncc3)cc12)c1ccccc1,8.698970004336019,<rdkit.Chem.rdchem.Mol object at 0x000001D6956413C0>,False,False
CHEMBL4789312,IC50,nM,2.2,IC50,nM,2.2,OC[C@@H](Nc1ncnc2[nH]c(-c3cccnc3)cc12)c1ccccc1,8.657577319177793,<rdkit.Chem.rdchem.Mol object at 0x000001D695641430>,False,False
CHEMBL4749862,IC50,nM,0.6,IC50,nM,0.6,COc1cnccc1-c1cc2c(N[C@H](CO)c3ccccc3)ncnc2[nH]1,9.221848749616356,<rdkit.Chem.rdchem.Mol object at 0x000001D6956414A0>,False,False
CHEMBL4748149,IC50,nM,1.6,IC50,nM,1.6,OCc1cc(-c2cc3c(N[C@H](CO)c4ccccc4)ncnc3[nH]2)ccc1F,8.795880017344075,<rdkit.Chem.rdchem.Mol object at 0x000001D695641820>,False,False
CHEMBL4789027,IC50,nM,0.6,IC50,nM,0.6,OCc1ccc(-c2cc3c(N[C@H](CO)c4ccccc4)ncnc3[nH]2)cc1F,9.221848749616356,<rdkit.Chem.rdchem.Mol object at 0x000001D695641900>,False,False
CHEMBL4784258,IC50,nM,0.1,IC50,nM,0.1,COc1cc(CN(C)CCN(C)C)ccc1-c1cc2c(N[C@H](CO)c3ccccc3)ncnc2[nH]1,10.0,<rdkit.Chem.rdchem.Mol object at 0x000001D695641970>,False,False
CHEMBL4792577,IC50,nM,0.5,IC50,nM,0.5,COC[C@@H](Nc1ncnc2[nH]c(-c3ccc(CO)cc3OC)cc12)c1ccccc1,9.30102999566398,<rdkit.Chem.rdchem.Mol object at 0x000001D6956419E0>,False,False
CHEMBL4794073,IC50,nM,1.3,IC50,nM,1.3,COC[C@@H](Nc1ncnc2[nH]c(-c3ccccc3OC(F)F)cc12)c1ccccc1,8.886056647693163,<rdkit.Chem.rdchem.Mol object at 0x000001D695641A50>,False,False
CHEMBL4786776,IC50,nM,0.5,IC50,nM,0.5,OCC[C@@H](Nc1ncnc2[nH]c(-c3ccccc3)cc12)c1ccccc1,9.30102999566398,<rdkit.Chem.rdchem.Mol object at 0x000001D695641AC0>,False,False
CHEMBL4760328,IC50,nM,0.1,IC50,nM,0.1,CCOc1ccccc1-c1cc2c(N[C@H](CCO)c3ccccc3)ncnc2[nH]1,10.0,<rdkit.Chem.rdchem.Mol object at 0x000001D695641B30>,False,False
CHEMBL4753008,IC50,nM,900.0,IC50,nM,900.0,Cn1c(-c2ccccc2)cc2c(N[C@H](CO)c3ccccc3)ncnc21,6.045757490560675,<rdkit.Chem.rdchem.Mol object at 0x000001D695641BA0>,False,False
CHEMBL4164805,IC50,nM,0.2,IC50,nM,0.2,COc1cc(CO)ccc1-c1cc2c(N[C@H](CO)c3ccccc3)ncnc2[nH]1,9.69897000433602,<rdkit.Chem.rdchem.Mol object at 0x000001D695641C10>,False,False
CHEMBL4175024,IC50,nM,0.2,IC50,nM,0.2,OCc1ccc(-c2cc3c(N[C@H](CO)c4ccccc4)ncnc3[nH]2)cc1,9.69897000433602,<rdkit.Chem.rdchem.Mol object at 0x000001D695641C80>,False,False
CHEMBL4741925,IC50,nM,307.7,IC50,nM,307.7,COc1ccc(-c2c3c4cc(OC)c(O)cc4[nH]c(=O)c3n3ccc4cc(O)c(OC)cc4c23)cc1O,6.511872503752541,<rdkit.Chem.rdchem.Mol object at 0x000001D695642F20>,False,False
CHEMBL4792673,IC50,nM,259.0,IC50,nM,259.0,COc1ccc(-c2c3c4cc(OC)c(OC)cc4[nH]c(=O)c3n3ccc4cc(O)c(OC)cc4c23)cc1O,6.586700235918748,<rdkit.Chem.rdchem.Mol object at 0x000001D695642F90>,False,False
CHEMBL4743464,IC50,nM,22.0,IC50,nM,22.0,N#Cc1cccc(Nc2ncnc3cc4c(cc23)OCCO4)c1F,7.657577319177793,<rdkit.Chem.rdchem.Mol object at 0x000001D695644040>,False,False
CHEMBL4744655,IC50,nM,3.91,IC50,nM,3.91,Fc1c(Cl)cccc1Nc1ncnc2cc3c(cc12)OCCO3,8.407823242604133,<rdkit.Chem.rdchem.Mol object at 0x000001D6956440B0>,False,False
CHEMBL4743220,IC50,nM,2.49,IC50,nM,2.49,Fc1c(Br)cccc1Nc1ncnc2cc3c(cc12)OCCO3,8.603800652904264,<rdkit.Chem.rdchem.Mol object at 0x000001D695644120>,False,False
CHEMBL4759650,IC50,nM,41.4,IC50,nM,41.4,Fc1c(Nc2ncnc3cc4c(cc23)OCCO4)cccc1C(F)(F)F,7.382999658879101,<rdkit.Chem.rdchem.Mol object at 0x000001D695644200>,False,False
CHEMBL4778159,IC50,nM,24.0,IC50,nM,24.0,N#Cc1cccc(Nc2ncnc3cc4c(cc23)OCCO4)c1,7.619788758288394,<rdkit.Chem.rdchem.Mol object at 0x000001D695644270>,False,False
CHEMBL4740063,IC50,nM,6.41,IC50,nM,6.41,Clc1cccc(Nc2ncnc3cc4c(cc23)OCCO4)c1,8.193141970481182,<rdkit.Chem.rdchem.Mol object at 0x000001D6956442E0>,False,False
CHEMBL1198370,IC50,nM,13.6,IC50,nM,13.6,Brc1cccc(Nc2ncnc3cc4c(cc23)OCCO4)c1,7.866461091629782,<rdkit.Chem.rdchem.Mol object at 0x000001D695644350>,False,False
CHEMBL4791756,IC50,nM,7.63,IC50,nM,7.63,Fc1ccc(Br)cc1Nc1ncnc2cc3c(cc12)OCCO3,8.11747546204512,<rdkit.Chem.rdchem.Mol object at 0x000001D6956446D0>,False,False
CHEMBL4749501,IC50,nM,18.9,IC50,nM,18.9,Fc1cccc(Nc2ncnc3cc4c(cc23)OCCO4)c1F,7.723538195826756,<rdkit.Chem.rdchem.Mol object at 0x000001D6956447B0>,False,False
CHEMBL4800533,IC50,nM,330.0,IC50,uM,0.33,COc1cc(N2CCN(C)CC2)ccc1Nc1nc(Oc2ccc3ccc(=O)[nH]c3c2)c2sccc2n1,6.481486060122113,<rdkit.Chem.rdchem.Mol object at 0x000001D695645430>,False,False
CHEMBL4791108,IC50,nM,330.0,IC50,uM,0.33,CCN1CCN(c2ccc(Nc3nc(Oc4ccc5ccc(=O)[nH]c5c4)c4sccc4n3)c(OC)c2)CC1,6.481486060122113,<rdkit.Chem.rdchem.Mol object at 0x000001D6956454A0>,False,False
CHEMBL4791953,IC50,nM,200.0,IC50,uM,0.2,CN1CCN(Cc2ccc(Nc3nc(Oc4ccc5ccc(=O)[nH]c5c4)c4sccc4n3)cc2)CC1,6.698970004336019,<rdkit.Chem.rdchem.Mol object at 0x000001D695645580>,False,False
CHEMBL4785528,IC50,nM,240.0,IC50,uM,0.24,CCN1CCN(Cc2ccc(Nc3nc(Oc4ccc5ccc(=O)[nH]c5c4)c4sccc4n3)cc2)CC1,6.619788758288394,<rdkit.Chem.rdchem.Mol object at 0x000001D6956455F0>,False,False
CHEMBL4780855,IC50,nM,230.0,IC50,uM,0.23,CN(C)CCNc1ccc(Nc2nc(Oc3ccc4ccc(=O)[nH]c4c3)c3sccc3n2)cc1F,6.638272163982407,<rdkit.Chem.rdchem.Mol object at 0x000001D695645660>,False,False
CHEMBL4791960,IC50,nM,56780.0,IC50,uM,56.78,CC(C)(C)c1cc(NC(=O)Cc2ccc(Nc3ncnc4[nH]c(-c5ccc(S(C)(=O)=O)cc5)cc34)cc2)no1,4.245804611810161,<rdkit.Chem.rdchem.Mol object at 0x000001D695645740>,False,False
CHEMBL4850856,IC50,nM,207.1,IC50,nM,207.1,O=C(CSc1nc2ccccc2c(=O)n1Cc1ccc2c(c1)OCO2)Nc1ccccc1F,6.683819901106547,<rdkit.Chem.rdchem.Mol object at 0x000001D695645890>,False,False
CHEMBL4851555,IC50,nM,1032.7,IC50,nM,1032.7,O=C(CSc1nc2ccccc2c(=O)n1Cc1ccc2c(c1)OCO2)Nc1ccc(Br)cc1Br,5.986025822979084,<rdkit.Chem.rdchem.Mol object at 0x000001D695645900>,False,False
CHEMBL4868797,IC50,nM,176090.0,IC50,uM,176.09,Cn1cc(-c2cc3ncnc(Nc4ccc(CC(=O)Nc5cc(C(C)(C)C)nn5C)cc4)c3s2)cn1,3.7542653065434144,<rdkit.Chem.rdchem.Mol object at 0x000001D695645DD0>,False,False
CHEMBL4856453,IC50,nM,33.1,IC50,nM,33.1,COc1ccc(-c2coc3cc(OCC(=O)N/C=C\c4ccc(O)cc4)ccc3c2=O)cc1,7.480172006224281,<rdkit.Chem.rdchem.Mol object at 0x000001D6956462E0>,False,False
CHEMBL4859473,IC50,nM,143.4,IC50,nM,143.4,CCc1ccc(NCC(=O)Nn2c(-c3ccccc3)nc3ccccc3c2=O)cc1,6.843450848668218,<rdkit.Chem.rdchem.Mol object at 0x000001D695646350>,False,False
CHEMBL1988225,IC50,nM,81.07,IC50,nM,81.07,O=C(CNc1ccc(Cl)cc1)Nn1c(-c2ccccc2)nc2ccccc2c1=O,7.091139826982723,<rdkit.Chem.rdchem.Mol object at 0x000001D6956463C0>,False,False
CHEMBL4871569,IC50,nM,72.0,IC50,uM,0.072,Cc1nc2c(Br)cc(Br)cc2c(=O)n1N,7.142667503568732,<rdkit.Chem.rdchem.Mol object at 0x000001D695646580>,False,False
CHEMBL4869634,IC50,nM,1970.0,IC50,nM,1970.0,CC(C)Oc1cc(F)ccc1Nc1ncnc2ccc(-c3ccc(C(=O)N4CCNCC4)cc3)nc12,5.705533773838407,<rdkit.Chem.rdchem.Mol object at 0x000001D695646660>,False,False
CHEMBL4873767,IC50,nM,100.0,IC50,nM,100.0,Oc1cc(Nc2ccnc3cc(-c4ccccc4)ccc23)ccc1Cl,7.0,<rdkit.Chem.rdchem.Mol object at 0x000001D6956466D0>,False,False
CHEMBL4876135,IC50,nM,2500.0,IC50,nM,2500.0,c1ccc(-c2ccc3c(Nc4ccc5scnc5c4)ccnc3c2)cc1,5.6020599913279625,<rdkit.Chem.rdchem.Mol object at 0x000001D695646740>,False,False
CHEMBL4854693,IC50,nM,675.0,IC50,nM,675.0,C=CS(=O)(=O)Nc1cccc(Nc2nc(Nc3ccc(N4CCN(C(C)=O)CC4)cc3OC)ncc2Cl)c1,6.170696227168975,<rdkit.Chem.rdchem.Mol object at 0x000001D6956469E0>,False,False
CHEMBL4873392,IC50,nM,458.0,IC50,nM,458.0,COc1cc(N2CCN(C(C)=O)CC2)ccc1Nc1ncc(Cl)c(Nc2cccc(NCCS(=O)(=O)F)c2)n1,6.33913452199613,<rdkit.Chem.rdchem.Mol object at 0x000001D695646A50>,False,False
CHEMBL4873600,IC50,nM,476.0,IC50,nM,476.0,COc1cc(N2CCN(C(C)=O)CC2)ccc1Nc1ncc(Cl)c(Nc2cccc(NC(=O)c3cccc(S(=O)(=O)F)c3)c2)n1,6.3223930472795065,<rdkit.Chem.rdchem.Mol object at 0x000001D695646AC0>,False,False
CHEMBL4866162,IC50,nM,110.0,IC50,nM,110.0,COc1cc(N2CCN(C(C)=O)CC2)ccc1Nc1ncc(Cl)c(Nc2ccc(NCc3ccc(S(=O)(=O)F)cc3)cc2)n1,6.958607314841775,<rdkit.Chem.rdchem.Mol object at 0x000001D695646B30>,False,False
CHEMBL4856343,IC50,nM,1105.0,IC50,nM,1105.0,COc1cc(N2CCN(C(C)=O)CC2)ccc1Nc1ncc(Cl)c(Nc2cccc(NC(C)=O)c2)n1,5.95663772197887,<rdkit.Chem.rdchem.Mol object at 0x000001D695646BA0>,False,False
CHEMBL4873830,IC50,nM,198.5,IC50,nM,198.5,O=C(O)c1ccccc1Nc1nc(Nc2ccc(OCC(=O)N3CCOCC3)cc2)ncc1Cl,6.702239488900866,<rdkit.Chem.rdchem.Mol object at 0x000001D695647190>,False,False
CHEMBL4862351,IC50,nM,0.2446,IC50,nM,0.2446,CCOC(=O)c1ccccc1Nc1nc(Nc2ccc(OCC(=O)N3CCOCC3)cc2)ncc1Cl,9.611543547299734,<rdkit.Chem.rdchem.Mol object at 0x000001D695647200>,False,False
CHEMBL4862976,IC50,nM,3.89,IC50,nM,3.89,CNC(=O)c1ccccc1Nc1nc(Nc2ccc(NC(=O)CN3CCOCC3)c(C)c2)ncc1Cl,8.410050398674292,<rdkit.Chem.rdchem.Mol object at 0x000001D695647270>,False,False
CHEMBL4860202,IC50,nM,9920.0,IC50,nM,9920.0,CS(=O)(=O)c1nccc(-c2c(-c3cccc(OCc4ccccc4)c3)nc3sccn23)n1,5.0034883278458215,<rdkit.Chem.rdchem.Mol object at 0x000001D6956472E0>,False,False
CHEMBL4866102,IC50,nM,4354.0,IC50,nM,4354.0,c1ccc(COc2cccc(-c3nc4sccn4c3-c3ccncn3)c2)cc1,5.361111575294925,<rdkit.Chem.rdchem.Mol object at 0x000001D695647350>,False,False
CHEMBL4872030,IC50,nM,14260.0,IC50,uM,14.26,COc1ccc(C(Nc2ccccc2)n2c(=O)ccc3cc(O)ccc32)cc1,4.8458804744841535,<rdkit.Chem.rdchem.Mol object at 0x000001D695647430>,False,False
CHEMBL4861493,IC50,nM,1130.0,IC50,uM,1.13,COc1ccc(C(Nc2ccc(Cl)cc2)n2c(=O)ccc3cc(O)ccc32)cc1,5.94692155651658,<rdkit.Chem.rdchem.Mol object at 0x000001D695647510>,False,False
CHEMBL4861796,IC50,nM,960.0,IC50,uM,0.96,COc1ccc(C(Nc2ccc(Br)cc2)n2c(=O)ccc3cc(O)ccc32)cc1,6.017728766960431,<rdkit.Chem.rdchem.Mol object at 0x000001D695647580>,False,False
CHEMBL4878790,IC50,nM,2980.0,IC50,uM,2.98,O=C(Nc1cncnc1Oc1cccc(C(F)(F)F)c1)c1ccc(F)cc1,5.525783735923745,<rdkit.Chem.rdchem.Mol object at 0x000001D695648200>,False,False
CHEMBL5094282,IC50,nM,10.52,IC50,nM,10.52,CS(=O)(=O)CCN(Cc1ccc(-c2ccc3ncnc(Nc4ccc(OCc5cccc(F)c5)c(Cl)c4)c3c2)o1)C(=O)CCC(=O)OCCN1CCN(CCCN2c3ccccc3Sc3ccc(Cl)cc32)CC1,7.977984260182279,<rdkit.Chem.rdchem.Mol object at 0x000001D695648740>,False,False
CHEMBL5077378,IC50,nM,1.3,IC50,uM,0.0013,COc1cc(N2CCC(N3CCN(C)CC3)CC2)c(-c2cn[nH]c2)cc1Nc1ncc(Cl)c(Nc2ccccc2P(C)(C)=O)n1,8.886056647693163,<rdkit.Chem.rdchem.Mol object at 0x000001D695648820>,False,False
CHEMBL5094480,IC50,nM,0.9,IC50,uM,0.0009,COc1cc(N2CCC(N(C)C)CC2)c(-c2cn[nH]c2)cc1Nc1ncc(Cl)c(Nc2ccccc2P(C)(C)=O)n1,9.045757490560677,<rdkit.Chem.rdchem.Mol object at 0x000001D695648890>,False,False
CHEMBL5087815,IC50,nM,0.92,IC50,uM,0.0009199999999999,COc1cc(N2CCC(N3CCN(C)CC3)CC2)c(-c2cnn(C)c2)cc1Nc1ncc(Cl)c(Nc2ccccc2P(C)(C)=O)n1,9.036212172654444,<rdkit.Chem.rdchem.Mol object at 0x000001D695648900>,False,False
CHEMBL5086066,IC50,nM,1.7,IC50,uM,0.0017,COc1cc(N2CCC(N(C)C)CC2)c(-c2cnn(C)c2)cc1Nc1ncc(Cl)c(Nc2ccccc2P(C)(C)=O)n1,8.769551078621726,<rdkit.Chem.rdchem.Mol object at 0x000001D695648970>,False,False
CHEMBL5087610,IC50,nM,3.3,IC50,uM,0.0033,COc1cc(N2CCN(C)CC2)c(-c2cnn(C)c2)cc1Nc1ncc(Cl)c(Nc2ccccc2P(C)(C)=O)n1,8.481486060122112,<rdkit.Chem.rdchem.Mol object at 0x000001D6956489E0>,False,False
CHEMBL5087264,IC50,nM,4.4,IC50,uM,0.0044,COc1cc(N2CCOCC2)c(-c2cnn(C)c2)cc1Nc1ncc(Cl)c(Nc2ccccc2P(C)(C)=O)n1,8.356547323513812,<rdkit.Chem.rdchem.Mol object at 0x000001D695648A50>,False,False
CHEMBL5081299,IC50,nM,5.6,IC50,uM,0.0056,COc1cc(N2CCOCC2)c(-c2cn[nH]c2)cc1Nc1ncc(Cl)c(Nc2ccccc2P(C)(C)=O)n1,8.2518119729938,<rdkit.Chem.rdchem.Mol object at 0x000001D695648AC0>,False,False
CHEMBL5078413,IC50,nM,2.4,IC50,uM,0.0024,CCP(=O)(CC)c1ccccc1Nc1nc(Nc2cc(-c3cnn(C)c3)c(N3CCOCC3)cc2OC)ncc1Cl,8.619788758288394,<rdkit.Chem.rdchem.Mol object at 0x000001D695648B30>,False,False
CHEMBL1714813,IC50,nM,1.0,IC50,nM,1.0,COc1cc2ncnc(N[C@H](C)c3ccccc3)c2cc1OC,9.0,<rdkit.Chem.rdchem.Mol object at 0x000001D695648C10>,False,False
CHEMBL5087955,IC50,nM,2800.0,IC50,nM,2800.0,COc1cc2nc(C)nc(N[C@H](C)c3ccccc3)c2cc1OC,5.552841968657781,<rdkit.Chem.rdchem.Mol object at 0x000001D695648C80>,False,False
CHEMBL5082394,IC50,nM,170.0,IC50,nM,170.0,CCC(=O)Nc1cc(Nc2ncc(Cl)c(N3CCc4sccc4C3)n2)c(OC)cc1N(C)CCN(C)C,6.769551078621726,<rdkit.Chem.rdchem.Mol object at 0x000001D695648D60>,False,False
CHEMBL5087931,IC50,nM,337.6,IC50,nM,337.6,Cc1cc(Nc2ncc(Cl)c(Nc3ccccc3P(C)(C)=O)n2)cnc1N1CCC(N2CCN(C)CC2)CC1,6.471597562046383,<rdkit.Chem.rdchem.Mol object at 0x000001D695649200>,False,False
CHEMBL5081174,IC50,nM,65.9,IC50,nM,65.9,CN1CCN(C2CCN(c3cc(Cl)c(Nc4ncc(Cl)c(Nc5ccccc5P(C)(C)=O)n4)cc3Cl)CC2)CC1,7.18111458540599,<rdkit.Chem.rdchem.Mol object at 0x000001D6956492E0>,False,False
CHEMBL5092606,IC50,nM,7137.0,IC50,nM,7137.0,CN(C)C(=O)c1ccc(Nc2ncc(C(F)(F)F)c(N[C@H]3CC[C@@H](N)CC3)n2)cc1,5.146484303243072,<rdkit.Chem.rdchem.Mol object at 0x000001D6956499E0>,False,False
CHEMBL5173408,IC50,nM,88.3,IC50,nM,88.3,O=C(Cc1csc2nc3ccccc3n12)Nc1cccc2ccccc12,7.054039296422431,<rdkit.Chem.rdchem.Mol object at 0x000001D69564A3C0>,False,False
CHEMBL5181237,IC50,nM,3.76,IC50,nM,3.76,Brc1cccc(Nc2ncnc3[nH]ccc23)c1,8.424812155072338,<rdkit.Chem.rdchem.Mol object at 0x000001D69564A660>,False,False
CHEMBL5207949,IC50,nM,3.63,IC50,nM,3.63,Clc1ccc(Nc2ncnc3[nH]ccc23)cc1Br,8.440093374963887,<rdkit.Chem.rdchem.Mol object at 0x000001D69564A6D0>,False,False
CHEMBL5187375,IC50,nM,180.0,IC50,uM,0.18,Cc1nn(-c2ccc(F)cc2)c2c(Nc3ccc(F)c(Cl)c3)ncnc12,6.7447274948966935,<rdkit.Chem.rdchem.Mol object at 0x000001D69564A7B0>,False,False
CHEMBL5198368,IC50,nM,90.0,IC50,uM,0.09,CC1=NNC2=NC(=O)NC(c3ccccc3Br)C12,7.045757490560675,<rdkit.Chem.rdchem.Mol object at 0x000001D69564A820>,False,False
CHEMBL5196209,IC50,nM,60.0,IC50,uM,0.06,Cc1n[nH]c2c1C(c1ccccc1Br)c1c(ncn(N)c1=N)O2,7.221848749616356,<rdkit.Chem.rdchem.Mol object at 0x000001D69564A890>,False,False
CHEMBL5206805,IC50,nM,200.0,IC50,uM,0.2,Fc1cccc(COc2ccc(Nc3ncnc4sc5c(c34)CCCC5)cc2Cl)c1,6.698970004336019,<rdkit.Chem.rdchem.Mol object at 0x000001D69564A900>,False,False
CHEMBL5194543,IC50,nM,180.0,IC50,uM,0.18,Cc1ccc(-c2c(CN3CCCCC3)nc3scc(C(=O)O)n23)cc1,6.7447274948966935,<rdkit.Chem.rdchem.Mol object at 0x000001D69564B430>,False,False
CHEMBL5208825,IC50,nM,957.0,IC50,uM,0.957,COC(=O)CCc1nc2ccc(Br)cc2[nH]c1=O,6.019088062223156,<rdkit.Chem.rdchem.Mol object at 0x000001D69564B7B0>,False,False
CHEMBL5206400,IC50,nM,1340.0,IC50,uM,1.34,COC(=O)CCc1nc2ccc(Cl)cc2[nH]c1=O,5.872895201635193,<rdkit.Chem.rdchem.Mol object at 0x000001D69564B820>,False,False
CHEMBL5206715,IC50,nM,10.4,IC50,nM,10.4,CCc1cc(Nc2ncc(Br)c(Nc3ccc4nccnc4c3P(C)(C)=O)n2)c(OC)cc1N1CCC(N2CCN(CCS(C)(=O)=O)CC2)CC1,7.982966660701219,<rdkit.Chem.rdchem.Mol object at 0x000001D69564B890>,False,False
CHEMBL5209094,IC50,nM,0.1,IC50,nM,0.1,CCc1cc(Nc2ncc(Br)c(Nc3ccn4ncnc4c3P(C)(C)=O)n2)c(OC)cc1N1CCC(N2CCN(CC)CC2)CC1,10.0,<rdkit.Chem.rdchem.Mol object at 0x000001D69564BC10>,False,False
CHEMBL5195137,IC50,nM,0.18,IC50,nM,0.18,CCc1cc(Nc2ncc(Br)c(Nc3ccn4ncnc4c3P(C)(C)=O)n2)c(OC)cc1N1CCC(N2CCOCC2)CC1,9.744727494896694,<rdkit.Chem.rdchem.Mol object at 0x000001D69564BC80>,False,False
CHEMBL5199678,IC50,nM,0.1,IC50,nM,0.1,CCc1cc(Nc2ncc(Br)c(Nc3ccc4ncnn4c3P(C)(C)=O)n2)c(OC)cc1N1CCC(N2CC(COC)C2)CC1,10.0,<rdkit.Chem.rdchem.Mol object at 0x000001D69564BCF0>,False,False
CHEMBL5203041,IC50,nM,0.9,IC50,nM,0.9,CCOC1CN(C2CCN(c3cc(OC)c(Nc4ncc(Br)c(Nc5ccc6ncnn6c5P(C)(C)=O)n4)cc3CC)CC2)C1,9.045757490560677,<rdkit.Chem.rdchem.Mol object at 0x000001D69564BD60>,False,False
CHEMBL5203220,IC50,nM,0.4,IC50,nM,0.4,CCc1cc(Nc2ncc(Br)c(Nc3ccc4c(c3P(C)(C)=O)OCO4)n2)c(OC)cc1N1CCC(N2CC(N(C)C)C2)CC1,9.397940008672036,<rdkit.Chem.rdchem.Mol object at 0x000001D69564BDD0>,False,False
CHEMBL5180388,IC50,nM,0.11,IC50,nM,0.11,CCc1cc(Nc2ncc(Br)c(Nc3ccc4nccnc4c3P(C)(C)=O)n2)c(OC)cc1N1CCC(N2CC(N(C)C)C2)CC1,9.958607314841776,<rdkit.Chem.rdchem.Mol object at 0x000001D69564BE40>,False,False
CHEMBL5180894,IC50,nM,0.83,IC50,nM,0.83,CCc1cc(Nc2ncc(Br)c(Nc3ccc4nccnc4c3P(C)(C)=O)n2)c(OC)cc1N1CCC(N2CCCN(C)CC2)CC1,9.080921907623926,<rdkit.Chem.rdchem.Mol object at 0x000001D69564BEB0>,False,False
CHEMBL5186680,IC50,nM,0.06,IC50,nM,0.06,COc1cc(N2CCC(N3CC(N(C)C)C3)CC2)c(C)cc1Nc1ncc(Br)c(Nc2ccc3nccnc3c2P(C)(C)=O)n1,10.221848749616356,<rdkit.Chem.rdchem.Mol object at 0x000001D69564BF20>,False,False
CHEMBL5179357,IC50,nM,0.65,IC50,nM,0.65,CCOC1CN(C2CCN(c3cc(OC)c(Nc4ncc(Br)c(Nc5ccc6nccnc6c5P(C)(C)=O)n4)cc3C)CC2)C1,9.187086643357144,<rdkit.Chem.rdchem.Mol object at 0x000001D69564BF90>,False,False
CHEMBL5188373,IC50,nM,0.31,IC50,nM,0.31,COCC1CN(C2CCN(c3cc(OC)c(Nc4ncc(Br)c(Nc5ccc6c(c5P(C)(C)=O)OCCO6)n4)cc3C)CC2)C1,9.508638306165729,<rdkit.Chem.rdchem.Mol object at 0x000001D69564C040>,False,False
CHEMBL5206164,IC50,nM,0.3,IC50,nM,0.3,COc1cc(N2CCC(N3CC(N(C)C)C3)CC2)c(C)cc1Nc1ncc(Br)c(Nc2ccc3c(c2P(C)(C)=O)OCCO3)n1,9.522878745280336,<rdkit.Chem.rdchem.Mol object at 0x000001D69564C0B0>,False,False
CHEMBL5195904,IC50,nM,0.43,IC50,nM,0.43,CCOC1CN(C2CCN(c3cc(OC)c(Nc4ncc(Br)c(Nc5ccc6c(c5P(C)(C)=O)OCCO6)n4)cc3C)CC2)C1,9.366531544420411,<rdkit.Chem.rdchem.Mol object at 0x000001D69564C120>,False,False
CHEMBL5193123,IC50,nM,0.05,IC50,nM,0.05,COc1cc(N2CCC(N3CCCN(C)CC3)CC2)c(C)cc1Nc1ncc(Br)c(Nc2ccc3c(c2P(C)(C)=O)OCCO3)n1,10.30102999566398,<rdkit.Chem.rdchem.Mol object at 0x000001D69564C190>,False,False
CHEMBL5192223,IC50,nM,0.13,IC50,nM,0.13,COc1cc(N2CCC(N3CCCOCC3)CC2)c(C)cc1Nc1ncc(Br)c(Nc2ccc3c(c2P(C)(C)=O)OCCO3)n1,9.886056647693165,<rdkit.Chem.rdchem.Mol object at 0x000001D69564C200>,False,False
CHEMBL5204749,IC50,nM,0.28,IC50,nM,0.28,CCO[C@@H]1CCN(C2CCN(c3cc(OC)c(Nc4ncc(Br)c(Nc5ccc6c(c5P(C)(C)=O)OCCO6)n4)cc3C)CC2)C1,9.55284196865778,<rdkit.Chem.rdchem.Mol object at 0x000001D69564C270>,False,False
CHEMBL5193149,IC50,nM,0.12,IC50,nM,0.12,COc1cc(N2CCC(N3CC[C@H](N(C)C)C3)CC2)c(C)cc1Nc1ncc(Br)c(Nc2ccc3c(c2P(C)(C)=O)OCCO3)n1,9.920818753952377,<rdkit.Chem.rdchem.Mol object at 0x000001D69564C2E0>,False,False
CHEMBL5188940,IC50,nM,0.08,IC50,nM,0.08,CCc1cc(Nc2ncc(Br)c(Nc3ccc4c(c3P(C)(C)=O)OCCO4)n2)c(OC)cc1N1CCC(N2CC(N(C)C)C2)CC1,10.096910013008056,<rdkit.Chem.rdchem.Mol object at 0x000001D69564C350>,False,False
CHEMBL5203385,IC50,nM,0.49,IC50,nM,0.49,CCc1cc(Nc2ncc(Br)c(Nc3ccc4c(c3P(C)(C)=O)OCCO4)n2)c(OC)cc1N1CCC(N2CC(CC#N)C2)CC1,9.309803919971486,<rdkit.Chem.rdchem.Mol object at 0x000001D69564C3C0>,False,False
CHEMBL5197545,IC50,nM,0.15,IC50,nM,0.15,CCc1cc(Nc2ncc(Br)c(Nc3ccc4c(c3P(C)(C)=O)OCCO4)n2)c(OC)cc1N1CCC(N2CC(COC)C2)CC1,9.82390874094432,<rdkit.Chem.rdchem.Mol object at 0x000001D69564C430>,False,False
CHEMBL5178971,IC50,nM,0.28,IC50,nM,0.28,CCN(C)C1CN(C2CCN(c3cc(OC)c(Nc4ncc(Br)c(Nc5ccc6c(c5P(C)(C)=O)OCCO6)n4)cc3C)CC2)C1,9.55284196865778,<rdkit.Chem.rdchem.Mol object at 0x000001D69564C4A0>,False,False
CHEMBL5208369,IC50,nM,938.0,IC50,nM,938.0,O=C(Nc1nccs1)C(c1cc[nH]n1)N1Cc2ccccc2C1=O,6.027797161620936,<rdkit.Chem.rdchem.Mol object at 0x000001D69564C510>,False,False
CHEMBL5195669,IC50,nM,23.0,IC50,nM,23.0,O=C(Nc1nccs1)C(c1n[nH]c2c1CCC2)N1Cc2ccccc2C1=O,7.638272163982407,<rdkit.Chem.rdchem.Mol object at 0x000001D69564C580>,False,False
CHEMBL5203388,IC50,nM,16.0,IC50,nM,16.0,O=C(Nc1nccs1)C(c1ncn2c1CCC2)N1Cc2ccccc2C1=O,7.795880017344075,<rdkit.Chem.rdchem.Mol object at 0x000001D69564C5F0>,False,False
CHEMBL5173979,IC50,nM,4.0,IC50,nM,4.0,O=C(Nc1nccs1)C(c1ncn2c1CCC2)N1Cc2c(Cl)cccc2C1=O,8.397940008672037,<rdkit.Chem.rdchem.Mol object at 0x000001D69564C660>,False,False
CHEMBL5180289,IC50,nM,7.0,IC50,nM,7.0,CCN1CCN(c2ccc(-c3cc(F)c4cn(C(C(=O)Nc5nccs5)c5ncn6c5CCC6)nc4c3)cc2)CC1,8.154901959985743,<rdkit.Chem.rdchem.Mol object at 0x000001D69564CC10>,False,False
CHEMBL5203543,IC50,nM,11.0,IC50,nM,11.0,CCN1CCN(c2ccc(-c3cc(Cl)c4cn(C(C(=O)Nc5nccs5)c5ncn6c5CCC6)nc4c3Cl)cc2)CC1,7.958607314841775,<rdkit.Chem.rdchem.Mol object at 0x000001D69564CC80>,False,False
CHEMBL5202945,IC50,nM,4.0,IC50,nM,4.0,CCN1CCN(c2ccc(-c3cc(Cl)c4cn(C(C(=O)Nc5nccs5)c5ncn6c5C[C@@H](F)C6)nc4c3Cl)cc2)CC1,8.397940008672037,<rdkit.Chem.rdchem.Mol object at 0x000001D69564CCF0>,False,False
CHEMBL5207152,IC50,nM,17.0,IC50,nM,17.0,O=C(Nc1nccs1)C(c1ncn2c1C[C@@H](F)C2)n1cc2c(Cl)cc(-c3ccc(N4CCN(C5CC5)CC4)cc3)c(Cl)c2n1,7.769551078621726,<rdkit.Chem.rdchem.Mol object at 0x000001D69564CD60>,False,False
CHEMBL5201725,IC50,nM,22.0,IC50,nM,22.0,O=C(Nc1nccs1)C(c1ncn2c1CCC2)n1cc2c(Cl)cc(-c3ccc(N4CCOCC4)cc3)c(Cl)c2n1,7.657577319177793,<rdkit.Chem.rdchem.Mol object at 0x000001D69564CDD0>,False,False
CHEMBL5208056,IC50,nM,6.0,IC50,nM,6.0,O=C(Nc1nccs1)C(c1ncn2c1C[C@@H](F)C2)n1cc2c(Cl)cc(-c3ccc(N4CCOCC4)cc3)c(Cl)c2n1,8.221848749616356,<rdkit.Chem.rdchem.Mol object at 0x000001D69564CE40>,False,False
CHEMBL5193594,IC50,nM,7.0,IC50,nM,7.0,Cc1c(-c2ccc(N3CCOCC3)cc2)cc(C(F)F)c2cn(C(C(=O)Nc3nccs3)c3ncn4c3C[C@@H](F)C4)nc12,8.154901959985743,<rdkit.Chem.rdchem.Mol object at 0x000001D69564CEB0>,False,False
CHEMBL5170519,IC50,nM,10.0,IC50,nM,10.0,Cc1c(-c2ccc(N3CCOCC3)cc2)cc(C(F)F)c2cn(C(C(=O)Nc3nccs3)c3ncn4c3CCC43CC3)nc12,8.0,<rdkit.Chem.rdchem.Mol object at 0x000001D69564CF20>,False,False
CHEMBL5179023,IC50,nM,10.0,IC50,uM,0.01,COc1cc(N2CCC(N(C)C)CC2)ccc1Nc1ncc2cc(CNc3ccccc3)n(C3CCCC3)c2n1,8.0,<rdkit.Chem.rdchem.Mol object at 0x000001D69564D270>,False,False
CHEMBL5181487,IC50,nM,55.0,IC50,uM,0.055,COc1cc(N2CCC(N3CCN(C)CC3)CC2)ccc1Nc1ncc2cc(CNc3ccccc3)n(C3CCCC3)c2n1,7.259637310505756,<rdkit.Chem.rdchem.Mol object at 0x000001D69564D2E0>,False,False
CHEMBL5202119,IC50,nM,97.0,IC50,uM,0.0969999999999999,CCc1ccc(Cn2cc(-c3cc(-c4ccc(Br)cc4)nc(N)n3)c3ccccc32)cc1,7.013228265733755,<rdkit.Chem.rdchem.Mol object at 0x000001D69564D580>,False,False
CHEMBL5193175,IC50,nM,94.0,IC50,uM,0.094,CC(C)c1ccc(Cn2cc(-c3cc(-c4ccc(Br)cc4)nc(N)n3)c3ccccc32)cc1,7.026872146400302,<rdkit.Chem.rdchem.Mol object at 0x000001D69564D5F0>,False,False
CHEMBL5203758,IC50,nM,195.0,IC50,uM,0.195,Nc1nc(-c2ccc(Br)cc2)cc(-c2cn(Cc3cccc(Cl)c3)c3ccccc23)n1,6.709965388637482,<rdkit.Chem.rdchem.Mol object at 0x000001D69564D660>,False,False
CHEMBL5201532,IC50,nM,7.85,IC50,nM,7.85,COc1cc(/C=C/S(=O)(=O)c2ccccc2)cc(OC)c1OC,8.105130343254748,<rdkit.Chem.rdchem.Mol object at 0x000001D69564D970>,False,False
CHEMBL5185952,IC50,nM,55000.0,IC50,uM,55.0,O=C(Cc1csc2nc3ccccc3n12)Nc1cccc(O)c1,4.259637310505756,<rdkit.Chem.rdchem.Mol object at 0x000001D69564D9E0>,False,False
CHEMBL1358485,IC50,nM,3.0,IC50,nM,3.0,CCN(CC)CC1CCN(c2ncc3ncnc(Nc4ccc(F)c(Cl)c4)c3n2)CC1,8.522878745280337,<rdkit.Chem.rdchem.Mol object at 0x000001D69564DA50>,False,False
CHEMBL2093753,IC50,nM,79.0,IC50,nM,79.0,O=C(Cc1cccs1)Nc1cccc(-c2ccc3nnc(-c4cccnc4)n3n2)c1,7.102372908709558,<rdkit.Chem.rdchem.Mol object at 0x000001D69564DAC0>,False,False
CHEMBL5192793,IC50,nM,0.15,IC50,nM,0.15,COc1ccc(-c2cc(=O)cc(-c3ccc(OC)cc3)o2)cc1,9.82390874094432,<rdkit.Chem.rdchem.Mol object at 0x000001D69564DBA0>,False,False
CHEMBL5198809,IC50,nM,72.0,IC50,nM,72.0,Brc1cccc(Nc2ncnc3c2[nH]c2ccccc23)c1,7.142667503568732,<rdkit.Chem.rdchem.Mol object at 0x000001D69564DF90>,False,False
CHEMBL5173075,IC50,nM,460.0,IC50,nM,460.0,c1ccc(CNc2ncnc3c2[nH]c2ccccc23)cc1,6.337242168318426,<rdkit.Chem.rdchem.Mol object at 0x000001D69564E040>,False,False
CHEMBL4117373,IC50,nM,4.9,IC50,nM,4.9,COc1ccc2c(c1)CCCN2c1nc(C)nc2c(Cc3ccccc3)cn(C)c12,8.309803919971486,<rdkit.Chem.rdchem.Mol object at 0x000001D69564E2E0>,False,False
CHEMBL4116552,IC50,nM,2.3,IC50,nM,2.3,COc1ccc(N(C)c2nc(C)nc3c(Cc4ccccc4)cn(C)c23)cc1,8.638272163982407,<rdkit.Chem.rdchem.Mol object at 0x000001D69564E350>,False,False
CHEMBL4077930,IC50,nM,83900.0,IC50,uM,83.9,COc1cc2ncnc(Oc3ccc(NC(=O)Nc4cccc(C(F)(F)F)c4)c4ccccc34)c2cc1OC,4.0762380391713,<rdkit.Chem.rdchem.Mol object at 0x000001D69564E3C0>,False,False
CHEMBL1782692,IC50,nM,31.2,IC50,nM,31.2,NS(=O)(=O)c1ccc(NC(=O)c2ccccc2NC(=O)c2ccco2)cc1,7.505845405981558,<rdkit.Chem.rdchem.Mol object at 0x000001D69564E510>,False,False
CHEMBL5188618,IC50,nM,224.0,IC50,nM,224.0,COc1cc(N(C)CCN(C)C)c(NC(=O)c2cnccn2)cc1Nc1nccc(-c2cn(C)c3ccccc23)n1,6.649751981665837,<rdkit.Chem.rdchem.Mol object at 0x000001D69564E580>,False,False
CHEMBL5201846,IC50,nM,29.0,IC50,nM,29.0,COc1cc(N(C)CCN(C)C)c(NC(=O)c2ccncn2)cc1Nc1nccc(-c2cn(C)c3ccccc23)n1,7.5376020021010435,<rdkit.Chem.rdchem.Mol object at 0x000001D69564E5F0>,False,False
CHEMBL5199169,IC50,nM,146.0,IC50,nM,146.0,COc1cc(N(C)CCN(C)C)c(NC(=O)c2ncccn2)cc1Nc1nccc(-c2cn(C)c3ccccc23)n1,6.835647144215563,<rdkit.Chem.rdchem.Mol object at 0x000001D69564E660>,False,False
CHEMBL5189183,IC50,nM,360.0,IC50,nM,360.0,COc1cc(N(C)CCN(C)C)c(NC(=O)c2ccncn2)cc1Nc1nc(-c2cn(C)c3ccccc23)c2cccnc2n1,6.443697499232712,<rdkit.Chem.rdchem.Mol object at 0x000001D69564E6D0>,False,False
CHEMBL5206298,IC50,nM,590.0,IC50,nM,590.0,COc1cc(N(C)CCN(C)C)c(NC(=O)c2ccncn2)cc1Nc1nccc(-c2cn(CCCO)c3ccccc23)n1,6.229147988357855,<rdkit.Chem.rdchem.Mol object at 0x000001D69564E7B0>,False,False
CHEMBL5174232,IC50,nM,391.0,IC50,nM,391.0,COc1cc(N(C)CCN(C)C)c(NC(=O)c2ccncc2)cc1Nc1nccc(-c2cn(C)c3ccccc23)n1,6.407823242604133,<rdkit.Chem.rdchem.Mol object at 0x000001D69564E820>,False,False
CHEMBL5191292,IC50,nM,100.0,IC50,nM,100.0,COc1cc(N(C)CCN(C)C)c(NC(=O)c2ccncc2OC)cc1Nc1nccc(-c2cn(C)c3ccccc23)n1,7.0,<rdkit.Chem.rdchem.Mol object at 0x000001D69564E890>,False,False
CHEMBL5203821,IC50,nM,360.0,IC50,nM,360.0,COc1cc(N(C)CCN(C)C)c(NC(=O)c2cccnc2)cc1Nc1nccc(-c2cn(C)c3ccccc23)n1,6.443697499232712,<rdkit.Chem.rdchem.Mol object at 0x000001D69564E900>,False,False
CHEMBL5175316,IC50,nM,87.0,IC50,nM,87.0,COc1ccc(C(=O)Nc2cc(Nc3nccc(-c4cn(C)c5ccccc45)n3)c(OC)cc2N(C)CCN(C)C)nc1,7.060480747381382,<rdkit.Chem.rdchem.Mol object at 0x000001D69564E970>,False,False
CHEMBL5196254,IC50,nM,110.0,IC50,nM,110.0,COc1cc(N(C)CCN(C)C)c(NC(=O)c2nccn2C)cc1Nc1nccc(-c2cn(C)c3ccccc23)n1,6.958607314841775,<rdkit.Chem.rdchem.Mol object at 0x000001D69564E9E0>,False,False
CHEMBL5185772,IC50,nM,420.0,IC50,nM,420.0,COc1cc(N(C)CCN(C)C)c(NC(=O)c2nccn2C)cc1Nc1nc(-c2cn(C)c3ccccc23)c2cccnc2n1,6.376750709602099,<rdkit.Chem.rdchem.Mol object at 0x000001D69564EA50>,False,False
CHEMBL5209276,IC50,nM,290.0,IC50,nM,290.0,CNC(=O)c1cnc(Nc2ccnc(N3CCC(O)CC3)n2)cc1NC(C)C,6.537602002101044,<rdkit.Chem.rdchem.Mol object at 0x000001D69564EB30>,False,False
CHEMBL5177090,IC50,nM,99.0,IC50,nM,99.0,CNC(=O)c1cnc(Nc2ccnc(N3CC[C@@H](O)[C@@H](F)C3)n2)cc1NC(C)C,7.00436480540245,<rdkit.Chem.rdchem.Mol object at 0x000001D69564EBA0>,False,False
CHEMBL5188960,IC50,nM,50.0,IC50,nM,50.0,CNc1ncc(C(C)C)c2cc(Nc3ccnc(N4CC[C@@H](O)[C@@H](F)C4)n3)ncc12,7.301029995663981,<rdkit.Chem.rdchem.Mol object at 0x000001D69564EC10>,False,False
CHEMBL5185287,IC50,nM,8.1,IC50,nM,8.1,CNc1ncc(C(C)C)c2cc(Nc3ccnc(N4CC[C@@H](O)[C@@](C)(F)C4)n3)ncc12,8.09151498112135,<rdkit.Chem.rdchem.Mol object at 0x000001D69564EC80>,False,False
CHEMBL5208679,IC50,nM,2.1,IC50,nM,2.1,CC(C)c1cnc(N2CCC2)c2cnc(Nc3ccnc(N4CC[C@@H](O)[C@@](C)(F)C4)n3)cc12,8.67778070526608,<rdkit.Chem.rdchem.Mol object at 0x000001D69564ECF0>,False,False
CHEMBL5195164,IC50,nM,0.3,IC50,nM,0.3,CC(C)c1cnc(N2CC[C@H]2C)c2cnc(Nc3ccnc(N4CC[C@@H](O)[C@@](C)(F)C4)n3)cc12,9.522878745280336,<rdkit.Chem.rdchem.Mol object at 0x000001D69564ED60>,False,False
CHEMBL5174629,IC50,nM,106.0,IC50,nM,106.0,CC(C)c1cnc(N2CC[C@@H]2C)c2cnc(Nc3ccnc(N4CC[C@@H](O)[C@@](C)(F)C4)n3)cc12,6.97469413473523,<rdkit.Chem.rdchem.Mol object at 0x000001D69564EDD0>,False,False
CHEMBL5184941,IC50,nM,16.0,IC50,nM,16.0,CC(C)c1nnc(N2CC[C@H]2C)c2cnc(Nc3ccnc(N4CC[C@@H](O)[C@@](C)(F)C4)n3)cc12,7.795880017344075,<rdkit.Chem.rdchem.Mol object at 0x000001D69564EE40>,False,False
CHEMBL5182741,IC50,nM,2.2,IC50,nM,2.2,CC(C)c1ncc(N2CC[C@H]2C)c2cnc(Nc3ccnc(N4CC[C@@H](O)[C@@](C)(F)C4)n3)cc12,8.657577319177793,<rdkit.Chem.rdchem.Mol object at 0x000001D69564EEB0>,False,False
CHEMBL5203267,IC50,nM,3.6,IC50,nM,3.6,CC(C)c1cnc(N2CC(O)C2)c2cnc(Nc3ccnc(N4CC[C@@H](O)[C@@](C)(F)C4)n3)cc12,8.443697499232712,<rdkit.Chem.rdchem.Mol object at 0x000001D69564EF20>,False,False
CHEMBL5207390,IC50,nM,0.3,IC50,nM,0.3,CC(C)c1cnc(N2C[C@H](O)[C@H]2C)c2cnc(Nc3ccnc(N4CC[C@@H](O)[C@@](C)(F)C4)n3)cc12,9.522878745280336,<rdkit.Chem.rdchem.Mol object at 0x000001D69564EF90>,False,False
CHEMBL5172587,IC50,nM,1.8,IC50,nM,1.8,CC(C)c1ncc(N2C[C@H](O)[C@H]2C)c2cnc(Nc3ccnc(N4CC[C@@H](O)[C@@](C)(F)C4)n3)cc12,8.744727494896694,<rdkit.Chem.rdchem.Mol object at 0x000001D69564F040>,False,False
CHEMBL5185207,IC50,nM,0.5,IC50,nM,0.5,CC(C)c1ccc(N2C[C@H](O)[C@H]2C)c2cnc(Nc3ccnc(N4CC[C@@H](O)[C@@](C)(F)C4)n3)cc12,9.30102999566398,<rdkit.Chem.rdchem.Mol object at 0x000001D69564F0B0>,False,False
CHEMBL5205583,IC50,nM,3.4,IC50,nM,3.4,COC1CN(c2ncc(C(C)C)c3cc(Nc4ccnc(N5CC[C@@H](O)[C@@](C)(F)C5)n4)ncc23)C1,8.468521082957745,<rdkit.Chem.rdchem.Mol object at 0x000001D69564F120>,False,False
CHEMBL5198992,IC50,nM,11.0,IC50,nM,11.0,COCC1CN(c2ncc(C(C)C)c3cc(Nc4ccnc(N5CC[C@@H](O)[C@@](C)(F)C5)n4)ncc23)C1,7.958607314841775,<rdkit.Chem.rdchem.Mol object at 0x000001D69564F190>,False,False
CHEMBL5187021,IC50,nM,1.0,IC50,nM,1.0,CNC(=O)C1CN(c2ncc(C(C)C)c3cc(Nc4ccnc(N5CC[C@@H](O)[C@@](C)(F)C5)n4)ncc23)C1,9.0,<rdkit.Chem.rdchem.Mol object at 0x000001D69564F200>,False,False
CHEMBL5170376,IC50,nM,0.9,IC50,nM,0.9,CC(C)c1cnc(N2CC(C(=O)N(C)C)C2)c2cnc(Nc3ccnc(N4CC[C@@H](O)[C@@](C)(F)C4)n3)cc12,9.045757490560677,<rdkit.Chem.rdchem.Mol object at 0x000001D69564F270>,False,False
CHEMBL5173517,IC50,nM,0.1,IC50,nM,0.1,CC(C)c1cnc(N2CC(CS(C)(=O)=O)C2)c2cnc(Nc3ccnc(N4CC[C@@H](O)[C@@](C)(F)C4)n3)cc12,10.0,<rdkit.Chem.rdchem.Mol object at 0x000001D69564F2E0>,False,False
CHEMBL5200991,IC50,nM,0.2,IC50,nM,0.2,CC(C)c1cnc(N2C[C@H](CS(C)(=O)=O)[C@H]2C)c2cnc(Nc3ccnc(N4CC[C@@H](O)[C@@](C)(F)C4)n3)cc12,9.69897000433602,<rdkit.Chem.rdchem.Mol object at 0x000001D69564F350>,False,False
CHEMBL5206444,IC50,nM,0.2,IC50,nM,0.2,CC(C)c1ccc(N2CC(CS(C)(=O)=O)C2)c2cnc(Nc3ccnc(N4CC[C@@H](O)[C@@](C)(F)C4)n3)cc12,9.69897000433602,<rdkit.Chem.rdchem.Mol object at 0x000001D69564F3C0>,False,False
CHEMBL5196495,IC50,nM,0.3,IC50,nM,0.3,CC(C)c1ccc(N2C[C@H](CS(C)(=O)=O)[C@H]2C)c2cnc(Nc3ccnc(N4CC[C@@H](O)[C@@](C)(F)C4)n3)cc12,9.522878745280336,<rdkit.Chem.rdchem.Mol object at 0x000001D69564F430>,False,False
CHEMBL5194722,IC50,nM,0.5,IC50,nM,0.5,CC[C@]1(F)CN(c2nccc(Nc3cc4c(C(C)C)ccc(N5C[C@H](CS(C)(=O)=O)[C@H]5C)c4cn3)n2)CC[C@H]1O,9.30102999566398,<rdkit.Chem.rdchem.Mol object at 0x000001D69564F4A0>,False,False
CHEMBL5208737,IC50,nM,0.4,IC50,nM,0.4,CC(C)c1ccc(N2C[C@H](CS(C)(=O)=O)[C@H]2C)c2cnc(Nc3ccnc(N4CC[C@@](C)(O)[C@@H](F)C4)n3)cc12,9.397940008672036,<rdkit.Chem.rdchem.Mol object at 0x000001D69564F510>,False,False
CHEMBL5095169,IC50,nM,0.4,IC50,nM,0.4,CO[C@@H]1CCN(c2nccc(Nc3cc4c(C(C)C)ccc(N5C[C@H](CS(C)(=O)=O)[C@H]5C)c4cn3)n2)C[C@@H]1F,9.397940008672036,<rdkit.Chem.rdchem.Mol object at 0x000001D69564F580>,False,False
CHEMBL5193016,IC50,nM,0.7,IC50,nM,0.7,CO[C@@H]1[C@H](O)CN(c2nccc(Nc3cc4c(C(C)C)ccc(N5C[C@H](CS(C)(=O)=O)[C@H]5C)c4cn3)n2)CC1(F)F,9.154901959985745,<rdkit.Chem.rdchem.Mol object at 0x000001D69564F5F0>,False,False
CHEMBL5189778,IC50,nM,10000.0,IC50,nM,10000.0,CC(C)c1cnc(N2CCCC2)c2cnc(Nc3ccnc(N4CC[C@@H](O)[C@@](C)(F)C4)n3)cc12,5.0,<rdkit.Chem.rdchem.Mol object at 0x000001D69564F660>,False,False
CHEMBL5169349,IC50,nM,3401.0,IC50,nM,3401.0,CC(C)c1cnc(N2CC(C#N)C2)c2cnc(Nc3ccnc(N4CC[C@@H](O)[C@@](C)(F)C4)n3)cc12,5.468393368067278,<rdkit.Chem.rdchem.Mol object at 0x000001D69564F6D0>,False,False
CHEMBL5195321,IC50,nM,53.0,IC50,nM,53.0,CC(C)(C)n1cc(-c2cncc3ccccc23)c2c(N)ncnc21,7.275724130399211,<rdkit.Chem.rdchem.Mol object at 0x000001D69564F820>,False,False
CHEMBL5169450,IC50,nM,0.16,IC50,nM,0.16,COc1cc(N2CCC(N3CCN(C)CC3)CC2)c(C)cc1Nc1ncc(Br)c(Nc2ccc3nccnc3c2P(C)(C)=O)n1,9.795880017344077,<rdkit.Chem.rdchem.Mol object at 0x000001D69564FB30>,False,False
CHEMBL5174418,IC50,nM,0.26,IC50,nM,0.26,CCc1cc(Nc2ncc(Br)c(Nc3ccc4nccnc4c3P(C)(C)=O)n2)c(OC)cc1N1CCC(N2CCN(C)CC2)CC1,9.585026652029182,<rdkit.Chem.rdchem.Mol object at 0x000001D69564FBA0>,False,False
CHEMBL5190204,IC50,nM,4.0,IC50,nM,4.0,CCC1CCN(c2ccc(-c3cc(F)c4c(c3)C(=O)N(C(C(=O)Nc3nccs3)c3ncn5c3CCC5)C4)cc2)CC1,8.397940008672037,<rdkit.Chem.rdchem.Mol object at 0x000001D69564FC10>,False,False
CHEMBL5180830,IC50,nM,52.0,IC50,nM,52.0,O=C1c2cc(F)ccc2Nc2ccccc2N1Cc1ccccc1,7.2839966563652,<rdkit.Chem.rdchem.Mol object at 0x000001D69564FC80>,False,False
CHEMBL5195167,IC50,nM,48.2,IC50,nM,48.2,Cn1cc(-c2cc(C(=O)/N=c3\[nH]c4ccccc4n3[C@H]3CC[C@H](O)CC3)ccn2)cn1,7.31695296176115,<rdkit.Chem.rdchem.Mol object at 0x000001D69564FDD0>,False,False
CHEMBL5202381,IC50,nM,287.0,IC50,nM,287.0,CSc1nc(-c2ccc(F)cc2)c(-c2ccnc3[nH]c(-c4ccccc4)cc23)[nH]1,6.542118103266008,<rdkit.Chem.rdchem.Mol object at 0x000001D69564FE40>,False,False
CHEMBL5172794,IC50,nM,430.0,IC50,nM,430.0,COc1cc(N2CCC(N3CCN(C)CC3)CC2)ccc1Nc1ncc(Cl)c(Nc2ccccc2NS(C)(=O)=O)n1,6.366531544420414,<rdkit.Chem.rdchem.Mol object at 0x000001D69564FEB0>,False,False
CHEMBL5187838,IC50,nM,260.0,IC50,nM,260.0,COc1cc(N2CCC(N3CCN(CCO)CC3)CC2)ccc1Nc1ncc(Cl)c(Nc2ccccc2NS(C)(=O)=O)n1,6.585026652029182,<rdkit.Chem.rdchem.Mol object at 0x000001D69564FF20>,False,False
CHEMBL5176129,IC50,nM,2.8,IC50,nM,2.8,COc1cc(N2CCC(N3CCN(C)CC3)CC2)ccc1Nc1ncc(Cl)c(Nc2ccccc2NS(N)(=O)=O)n1,8.55284196865778,<rdkit.Chem.rdchem.Mol object at 0x000001D69564FF90>,False,False
CHEMBL5193027,IC50,nM,15.0,IC50,nM,15.0,O=C(Nc1nccs1)C(c1ccccc1)N1Cc2ccc(-c3ccc4[nH]ccc4c3)cc2C1=O,7.823908740944319,<rdkit.Chem.rdchem.Mol object at 0x000001D6956500B0>,False,False
CHEMBL5179288,IC50,nM,1200.0,IC50,uM,1.2,N#Cc1ccc(O)c(-c2nc(NCc3ncccn3)c3ccccc3n2)c1,5.920818753952375,<rdkit.Chem.rdchem.Mol object at 0x000001D695650120>,False,False
CHEMBL3989868,IC50,nM,449.0,IC50,nM,449.0,Cc1cc(Nc2ncnc3ccc(NC4=NC(C)(C)CO4)cc23)ccc1Oc1ccn2ncnc2c1,6.347753658996677,<rdkit.Chem.rdchem.Mol object at 0x000001D695650190>,False,False
CHEMBL5182553,IC50,nM,0.2,IC50,nM,0.2,CN1CCC(c2ccc(-c3ccc4c(c3)C(=O)N(C(C(=O)Nc3nccs3)c3cccc(F)c3)C4)cc2)CC1,9.69897000433602,<rdkit.Chem.rdchem.Mol object at 0x000001D695650580>,False,False
CHEMBL5177306,IC50,nM,0.9,IC50,nM,0.9,CN1CCN(c2ccc(-c3ccc4c(c3)C(=O)N(C(C(=O)Nc3nccs3)c3ccccc3)C4)cc2)CC1,9.045757490560677,<rdkit.Chem.rdchem.Mol object at 0x000001D6956505F0>,False,False
CHEMBL5198812,IC50,nM,0.9,IC50,nM,0.9,CN1CCC(c2ccc(-c3ccc4c(c3)C(=O)N(C(C(=O)Nc3nccs3)c3ccccc3)C4)cc2)CC1,9.045757490560677,<rdkit.Chem.rdchem.Mol object at 0x000001D695650660>,False,False
CHEMBL5176460,IC50,nM,1.8,IC50,nM,1.8,CN1CCN(c2ccc(-c3ccc4c(c3)C(=O)N(C(C(=O)Nc3nccs3)c3cccc(F)c3)C4)cc2)CC1,8.744727494896694,<rdkit.Chem.rdchem.Mol object at 0x000001D6956506D0>,False,False
CHEMBL5202129,IC50,nM,1.1,IC50,nM,1.1,CN1CCN(c2ccc(-c3ccc4c(c3)CCN(C(C(=O)Nc3nccs3)c3cccc(F)c3)C4=O)cc2)CC1,8.958607314841775,<rdkit.Chem.rdchem.Mol object at 0x000001D695650740>,False,False
CHEMBL5200637,IC50,nM,2.2,IC50,nM,2.2,CN1CCC(c2ccc(-c3ccc4c(c3)CCN(C(C(=O)Nc3nccs3)c3cccc(F)c3)C4=O)cc2)CC1,8.657577319177793,<rdkit.Chem.rdchem.Mol object at 0x000001D6956507B0>,False,False
CHEMBL5187605,IC50,nM,6.8,IC50,nM,6.8,CN1CCN(c2ccc(-c3ccc4c(c3)C(=O)N(C(C(=O)Nc3nccs3)c3cccc(F)c3)CC4)cc2)CC1,8.167491087293763,<rdkit.Chem.rdchem.Mol object at 0x000001D695650820>,False,False
CHEMBL5195912,IC50,nM,3.2,IC50,nM,3.2,CN1CCC(c2ccc(-c3ccc4c(c3)C(=O)N(C(C(=O)Nc3nccs3)c3cccc(F)c3)CC4)cc2)CC1,8.494850021680094,<rdkit.Chem.rdchem.Mol object at 0x000001D695650890>,False,False
CHEMBL5178865,IC50,nM,3.4,IC50,nM,3.4,CN1CCN(c2ccc(-c3ccc4c(=O)n(C(C(=O)Nc5nccs5)c5ccccc5)ccc4c3)cc2)CC1,8.468521082957745,<rdkit.Chem.rdchem.Mol object at 0x000001D695650900>,False,False
CHEMBL5197154,IC50,nM,1.2,IC50,nM,1.2,CN1CCC(c2ccc(-c3ccc4c(=O)n(C(C(=O)Nc5nccs5)c5ccccc5)ccc4c3)cc2)CC1,8.920818753952375,<rdkit.Chem.rdchem.Mol object at 0x000001D695650970>,False,False
CHEMBL5208065,IC50,nM,5.0,IC50,nM,5.0,CN1CCN(c2ccc(-c3ccc4ccn(C(C(=O)Nc5nccs5)c5ccccc5)c(=O)c4c3)cc2)CC1,8.301029995663981,<rdkit.Chem.rdchem.Mol object at 0x000001D6956509E0>,False,False
CHEMBL5173701,IC50,nM,1.8,IC50,nM,1.8,CN1CCC(c2ccc(-c3ccc4ccn(C(C(=O)Nc5nccs5)c5ccccc5)c(=O)c4c3)cc2)CC1,8.744727494896694,<rdkit.Chem.rdchem.Mol object at 0x000001D695650A50>,False,False
CHEMBL5204970,IC50,nM,3.1,IC50,nM,3.1,CN1CCN(c2ccc(-c3ccc4c(=O)n(C(C(=O)Nc5nccs5)c5ccccc5)cnc4c3)cc2)CC1,8.508638306165727,<rdkit.Chem.rdchem.Mol object at 0x000001D695650AC0>,False,False
CHEMBL5204270,IC50,nM,5.8,IC50,nM,5.8,CN1CCC(c2ccc(-c3ccc4c(=O)n(C(C(=O)Nc5nccs5)c5ccccc5)cnc4c3)cc2)CC1,8.236572006437063,<rdkit.Chem.rdchem.Mol object at 0x000001D695650B30>,False,False
CHEMBL5172573,IC50,nM,0.9,IC50,nM,0.9,CN1CCN(c2ccc(-c3ccc4ncn(C(C(=O)Nc5nccs5)c5ccccc5)c(=O)c4c3)cc2)CC1,9.045757490560677,<rdkit.Chem.rdchem.Mol object at 0x000001D695650BA0>,False,False
CHEMBL5206902,IC50,nM,0.2,IC50,nM,0.2,CN1CCC(c2ccc(-c3ccc4ncn(C(C(=O)Nc5nccs5)c5ccccc5)c(=O)c4c3)cc2)CC1,9.69897000433602,<rdkit.Chem.rdchem.Mol object at 0x000001D695650C10>,False,False
CHEMBL5207462,IC50,nM,17.8,IC50,nM,17.8,CN1CCN(c2ccc(-c3ccc4c(=O)n(C(C(=O)Nc5nccs5)c5ccccc5)ncc4c3)cc2)CC1,7.749579997691106,<rdkit.Chem.rdchem.Mol object at 0x000001D695650C80>,False,False
CHEMBL5200988,IC50,nM,9.7,IC50,nM,9.7,CN1CCC(c2ccc(-c3ccc4c(=O)n(C(C(=O)Nc5nccs5)c5ccccc5)ncc4c3)cc2)CC1,8.013228265733755,<rdkit.Chem.rdchem.Mol object at 0x000001D695650CF0>,False,False
CHEMBL5206436,IC50,nM,10.3,IC50,nM,10.3,CN1CCN(c2ccc(-c3ccc4cnn(C(C(=O)Nc5nccs5)c5ccccc5)c(=O)c4c3)cc2)CC1,7.987162775294828,<rdkit.Chem.rdchem.Mol object at 0x000001D695650D60>,False,False
CHEMBL5178754,IC50,nM,4.0,IC50,nM,4.0,CN1CCC(c2ccc(-c3ccc4cnn(C(C(=O)Nc5nccs5)c5ccccc5)c(=O)c4c3)cc2)CC1,8.397940008672037,<rdkit.Chem.rdchem.Mol object at 0x000001D695650DD0>,False,False
CHEMBL5191674,IC50,nM,0.6,IC50,nM,0.6,CN1CCC(c2ccc(-c3ccc4ncn(C(C(=O)Nc5nccs5)c5ccccc5)c(=O)c4n3)cc2)CC1,9.221848749616356,<rdkit.Chem.rdchem.Mol object at 0x000001D695650E40>,False,False
CHEMBL5207108,IC50,nM,1.9,IC50,nM,1.9,CN1CCC(c2ccc(-c3cnc4ncn(C(C(=O)Nc5nccs5)c5ccccc5)c(=O)c4c3)cc2)CC1,8.721246399047171,<rdkit.Chem.rdchem.Mol object at 0x000001D695650EB0>,False,False
CHEMBL5177272,IC50,nM,0.6,IC50,nM,0.6,CN1CCC(c2ccc(-c3cc(F)c4ncn(C(C(=O)Nc5nccs5)c5ccccc5)c(=O)c4c3)cc2)CC1,9.221848749616356,<rdkit.Chem.rdchem.Mol object at 0x000001D695650F20>,False,False
CHEMBL5196360,IC50,nM,0.1,IC50,nM,0.1,CN1CCC(c2ccc(-c3ccc4ncn(C(C(=O)Nc5nccs5)c5ccccc5)c(=O)c4c3F)cc2)CC1,10.0,<rdkit.Chem.rdchem.Mol object at 0x000001D695650F90>,False,False
CHEMBL5178571,IC50,nM,1.4,IC50,nM,1.4,CN1CCC(c2ccc(-c3cc4c(=O)n(C(C(=O)Nc5nccs5)c5ccccc5)cnc4cc3F)cc2)CC1,8.853871964321762,<rdkit.Chem.rdchem.Mol object at 0x000001D695651040>,False,False
CHEMBL5095068,IC50,nM,35.0,IC50,nM,35.0,COc1cc(N2CCC3(CCN(C)CC3)CC2)ccc1Nc1ncc(Cl)c(Nc2ccccc2P(C)(C)=O)n1,7.455931955649724,<rdkit.Chem.rdchem.Mol object at 0x000001D6956510B0>,False,False
CHEMBL5173862,IC50,nM,120.0,IC50,nM,120.0,N#CC1=C(c2ccccc2)Nc2c(c(-c3cccs3)nn2-c2ccccc2)C12C(=O)Nc1ccc(Cl)cc12,6.920818753952375,<rdkit.Chem.rdchem.Mol object at 0x000001D695651120>,False,False
CHEMBL5209100,IC50,nM,150.0,IC50,nM,150.0,N#CC1=C(c2ccccc2)Nc2c(c(-c3cccs3)nn2-c2ccccc2)C12C(=O)Nc1ccc(Br)cc12,6.823908740944319,<rdkit.Chem.rdchem.Mol object at 0x000001D695651190>,False,False
CHEMBL5190513,IC50,nM,1026.7,IC50,nM,1026.7,Fc1cc2c(cc1Cl)Nc1ncnc3ccc(cc13)OCCOCCO2,5.988556437977925,<rdkit.Chem.rdchem.Mol object at 0x000001D6956513C0>,False,False
CHEMBL5185330,IC50,nM,154.6,IC50,nM,154.6,COc1cc2ncnc3c2cc1OCCOCCOc1ccccc1N3,6.810790510417694,<rdkit.Chem.rdchem.Mol object at 0x000001D695651430>,False,False
CHEMBL5205073,IC50,nM,509.3,IC50,nM,509.3,COc1cc2ncnc3c2cc1OCCOCCOc1c(Cl)cccc1N3,6.293026323823822,<rdkit.Chem.rdchem.Mol object at 0x000001D6956514A0>,False,False
CHEMBL5186794,IC50,nM,24.9,IC50,nM,24.9,COc1cc2ncnc3c2cc1OCCOCCOc1ccc(Cl)cc1N3,7.603800652904264,<rdkit.Chem.rdchem.Mol object at 0x000001D695651510>,False,False
CHEMBL5182465,IC50,nM,119.1,IC50,nM,119.1,COc1cc2ncnc3c2cc1OCCOCCOc1cc(F)c(Cl)cc1N3,6.924088238517222,<rdkit.Chem.rdchem.Mol object at 0x000001D695651580>,False,False
CHEMBL5176295,IC50,nM,490.6,IC50,nM,490.6,COc1cc2ncnc3c2cc1OCCCCCCOc1ccccc1N3,6.309272456129633,<rdkit.Chem.rdchem.Mol object at 0x000001D6956515F0>,False,False
CHEMBL5180070,IC50,nM,3034.0,IC50,nM,3034.0,COc1cc2ncnc3c2cc1OCCCCCCOc1c(Cl)cccc1N3,5.517984423549288,<rdkit.Chem.rdchem.Mol object at 0x000001D695651660>,False,False
CHEMBL5196064,IC50,nM,63506.7,IC50,nM,63506.7,COc1cc2ncnc3c2cc1OCCCCCCOc1cc(Cl)ccc1N3,4.197180453927995,<rdkit.Chem.rdchem.Mol object at 0x000001D6956516D0>,False,False
CHEMBL5195531,IC50,nM,19.6,IC50,nM,19.6,COc1cc2ncnc3c2cc1OCCCCCCOc1ccc(Cl)cc1N3,7.707743928643524,<rdkit.Chem.rdchem.Mol object at 0x000001D695651740>,False,False
CHEMBL5184313,IC50,nM,56.8,IC50,nM,56.8,COc1cc2ncnc3c2cc1OCCCCCCOc1cccc(Cl)c1N3,7.245651664288981,<rdkit.Chem.rdchem.Mol object at 0x000001D6956517B0>,False,False
CHEMBL5208312,IC50,nM,235.5,IC50,nM,235.5,COc1cc2ncnc3c2cc1OCCCCCCOc1cc(F)c(Cl)cc1N3,6.628009088535085,<rdkit.Chem.rdchem.Mol object at 0x000001D695651820>,False,False
CHEMBL5204446,IC50,nM,1874.3,IC50,nM,1874.3,COc1cc2ncnc3c2cc1OCCOCCOCCOc1ccccc1N3,5.727160894815874,<rdkit.Chem.rdchem.Mol object at 0x000001D695651890>,False,False
CHEMBL5192038,IC50,nM,114.0,IC50,nM,114.0,COc1cc2ncnc3c2cc1OCCOCCOCCOc1c(Cl)cccc1N3,6.943095148663527,<rdkit.Chem.rdchem.Mol object at 0x000001D695651900>,False,False
CHEMBL5169346,IC50,nM,16.2,IC50,nM,16.2,COc1cc2ncnc3c2cc1OCCOCCOCCOc1cc(Cl)ccc1N3,7.790484985457369,<rdkit.Chem.rdchem.Mol object at 0x000001D695651970>,False,False
CHEMBL5206110,IC50,nM,0.3,IC50,nM,0.3,COc1cc2ncnc3c2cc1OCCOCCOCCOc1ccc(Cl)cc1N3,9.522878745280336,<rdkit.Chem.rdchem.Mol object at 0x000001D6956519E0>,False,False
CHEMBL5194285,IC50,nM,42.9,IC50,nM,42.9,COc1cc2ncnc3c2cc1OCCOCCOCCOc1cccc(Cl)c1N3,7.367542707815276,<rdkit.Chem.rdchem.Mol object at 0x000001D695651A50>,False,False
CHEMBL5180914,IC50,nM,1.3,IC50,nM,1.3,COc1cc2ncnc3c2cc1OCCOCCOCCOc1cc(F)c(Cl)cc1N3,8.886056647693163,<rdkit.Chem.rdchem.Mol object at 0x000001D695651AC0>,False,False
CHEMBL5183329,IC50,nM,33860.0,IC50,nM,33860.0,COc1cc2ncnc3c2cc1OCCOCCOc1cccc(c1)N3,4.470313046227084,<rdkit.Chem.rdchem.Mol object at 0x000001D695651B30>,False,False
CHEMBL5199106,IC50,nM,492.9,IC50,nM,492.9,COc1cc2ncnc3c2cc1OCCOCCOc1cc(ccc1Cl)N3,6.307241181845276,<rdkit.Chem.rdchem.Mol object at 0x000001D695651BA0>,False,False
CHEMBL5190227,IC50,nM,6302.0,IC50,nM,6302.0,COc1cc2ncnc3c2cc1OCCOCCOc1cc(Cl)cc(c1)N3,5.200521601162019,<rdkit.Chem.rdchem.Mol object at 0x000001D695651C10>,False,False
CHEMBL5173596,IC50,nM,70396.7,IC50,nM,70396.7,COc1cc2ncnc3c2cc1OCCOCCOc1ccc(Cl)c(c1)N3,4.152447698888872,<rdkit.Chem.rdchem.Mol object at 0x000001D695651C80>,False,False
CHEMBL5188250,IC50,nM,5.5,IC50,nM,5.5,CSc1nc(-c2cccc(NC(=O)c3cc(O)ccc3F)c2)c(-c2ccnc(NC(C)=O)c2)[nH]1,8.259637310505756,<rdkit.Chem.rdchem.Mol object at 0x000001D695651DD0>,False,False
CHEMBL5200783,IC50,nM,1833.8,IC50,nM,1833.8,COCC(=O)NC/C=C/c1ccc2ncc(C#N)c(Nc3ccc(Oc4cc5nncn5cn4)c(C)c3)c2c1,5.7366480316064346,<rdkit.Chem.rdchem.Mol object at 0x000001D695653040>,False,False
CHEMBL5203179,IC50,nM,110.32,IC50,nM,110.32,COCC(=O)NC/C=C/c1ccc2ncnc(Nc3ccc(Oc4cc5nncn5cn4)c(C)c3)c2c1,6.957345746832207,<rdkit.Chem.rdchem.Mol object at 0x000001D6956530B0>,False,False
CHEMBL5194174,IC50,nM,1.9,IC50,nM,1.9,COc1cc(N2CCC(N3CCN(C)CC3)CC2)ccc1Nc1ncc(Cl)c(-c2cn(S(C)(=O)=O)c3ccccc23)n1,8.721246399047171,<rdkit.Chem.rdchem.Mol object at 0x000001D695653120>,False,False
CHEMBL5172338,IC50,nM,22.6,IC50,nM,22.6,COc1cc(N2CCC(N3CCN(C)CC3)CC2)ccc1Nc1ncc(Cl)c(-c2c[nH]c3ccccc23)n1,7.645891560852599,<rdkit.Chem.rdchem.Mol object at 0x000001D695653190>,False,False
CHEMBL5207083,IC50,nM,8.5,IC50,nM,8.5,COc1cc(N2CCC(N3CCN(C)CC3)CC2)ccc1Nc1ncc(Cl)c(-c2cn(C(C)=O)c3ccccc23)n1,8.070581074285707,<rdkit.Chem.rdchem.Mol object at 0x000001D695653200>,False,False
CHEMBL5198314,IC50,nM,5.6,IC50,nM,5.6,CCS(=O)(=O)n1cc(-c2nc(Nc3ccc(N4CCC(N5CCN(C)CC5)CC4)cc3OC)ncc2Cl)c2ccccc21,8.2518119729938,<rdkit.Chem.rdchem.Mol object at 0x000001D695653270>,False,False
CHEMBL5200598,IC50,nM,33.3,IC50,nM,33.3,COc1cc(N2CCC(N3CCN(C)CC3)CC2)ccc1Nc1ncc(Cl)c(-c2cn(S(=O)(=O)C3CC3)c3ccccc23)n1,7.47755576649368,<rdkit.Chem.rdchem.Mol object at 0x000001D6956532E0>,False,False
CHEMBL5188281,IC50,nM,24.2,IC50,nM,24.2,COc1cc(N2CCC(N3CCN(C)CC3)CC2)ccc1Nc1ncc(Cl)c(-c2cn(S(=O)(=O)C(C)C)c3ccccc23)n1,7.616184634019569,<rdkit.Chem.rdchem.Mol object at 0x000001D695653350>,False,False
CHEMBL5176897,IC50,nM,25.6,IC50,nM,25.6,CCS(=O)(=O)n1cc(-c2nc(Nc3cc(Cl)c(N4CCC(N5CCN(C)CC5)CC4)cc3OC)ncc2Cl)c2ccccc21,7.59176003468815,<rdkit.Chem.rdchem.Mol object at 0x000001D6956533C0>,False,False
CHEMBL5185864,IC50,nM,69.2,IC50,nM,69.2,CCS(=O)(=O)n1cc(-c2nc(Nc3cc(C)c(N4CCC(N5CCN(C)CC5)CC4)cc3OC)ncc2Cl)c2ccccc21,7.1598939055432425,<rdkit.Chem.rdchem.Mol object at 0x000001D695653430>,False,False
CHEMBL5172251,IC50,nM,54.8,IC50,nM,54.8,CCc1cc(Nc2ncc(Cl)c(-c3cn(S(=O)(=O)CC)c4ccccc34)n2)c(OC)cc1N1CCC(N2CCN(C)CC2)CC1,7.261219441515631,<rdkit.Chem.rdchem.Mol object at 0x000001D6956534A0>,False,False
CHEMBL5179495,IC50,nM,115.9,IC50,nM,115.9,CCS(=O)(=O)n1cc(-c2nc(Nc3cc(C(C)C)c(N4CCC(N5CCN(C)CC5)CC4)cc3OC)ncc2Cl)c2ccccc21,6.935916564036404,<rdkit.Chem.rdchem.Mol object at 0x000001D695653510>,False,False
CHEMBL5209545,IC50,nM,8.1,IC50,nM,8.1,CCS(=O)(=O)n1cc(-c2nc(Nc3cc(Cl)c(N4CCC(N5CCN(C)CC5)CC4)cc3OC(C)C)ncc2Cl)c2ccccc21,8.09151498112135,<rdkit.Chem.rdchem.Mol object at 0x000001D695653660>,False,False
CHEMBL5197952,IC50,nM,28.0,IC50,nM,28.0,CCS(=O)(=O)n1cc2c3ccc(cc31)OCCCCCCOc1cc(c(F)cc1N1CCOCC1)Nc1ncc(Cl)c-2n1,7.552841968657781,<rdkit.Chem.rdchem.Mol object at 0x000001D695653900>,False,False
CHEMBL5170653,IC50,nM,57.8,IC50,nM,57.8,CCS(=O)(=O)n1cc2c3ccc(cc31)OCCCCCCOc1cc(c(Cl)cc1N1CCOCC1)Nc1ncc(Cl)c-2n1,7.2380721615794705,<rdkit.Chem.rdchem.Mol object at 0x000001D695653970>,False,False
CHEMBL5179214,IC50,nM,56.4,IC50,nM,56.4,CCS(=O)(=O)n1cc2c3ccc(cc31)OCCCCCCOc1cc(c(C3CC3)cc1N1CCOCC1)Nc1ncc(Cl)c-2n1,7.248720896016658,<rdkit.Chem.rdchem.Mol object at 0x000001D695653AC0>,False,False
CHEMBL5169943,IC50,nM,164.9,IC50,nM,164.9,CCS(=O)(=O)n1cc2c3ccc(cc31)OCCCCCCOc1cc(c(C3CCCC3)cc1N1CCOCC1)Nc1ncc(Cl)c-2n1,6.782779344355482,<rdkit.Chem.rdchem.Mol object at 0x000001D695653B30>,False,False
CHEMBL204232,IC50,nM,3260.0,IC50,uM,3.26,CC(=O)Nc1c(C(C)=O)c(=O)n(C)c2nc(-c3ccc(Cl)cc3Cl)c(-c3ccc(Cl)cc3)cc12,5.486782399932061,<rdkit.Chem.rdchem.Mol object at 0x000001D695653BA0>,False,False
CHEMBL5218821,IC50,nM,1203.0,IC50,nM,1203.0,CCC(=O)Nc1cccc(-c2c(-c3ccccc3)[nH]c3ncnc(OC)c23)c1,5.919734372660155,<rdkit.Chem.rdchem.Mol object at 0x000001D695653CF0>,False,False
CHEMBL5220061,IC50,nM,7.64,IC50,nM,7.64,OCCc1ccc(-c2nc(-c3ccc(F)cc3)c(-c3ccnc4c3CC(c3ccccc3)N4)[nH]2)cc1,8.11690664142431,<rdkit.Chem.rdchem.Mol object at 0x000001D695653EB0>,False,False
CHEMBL5218780,IC50,nM,916.0,IC50,nM,916.0,Oc1ccc(-c2nc(-c3ccc(F)cc3)c(-c3ccnc4c3CC(c3ccccc3)N4)[nH]2)cc1,6.03810452633215,<rdkit.Chem.rdchem.Mol object at 0x000001D695653F90>,False,False
CHEMBL268501,IC50,nM,2.0,IC50,nM,2.0,Cc1ccc2c(-c3ccccc3)nc(=O)n(C(C)C)c2c1,8.698970004336019,<rdkit.Chem.rdchem.Mol object at 0x000001D695654120>,False,False
CHEMBL5221067,IC50,nM,0.47,IC50,nM,0.47,N#Cc1c(NC(=O)CNc2n[nH]c3ncccc23)sc2c1CCCC2,9.327902142064282,<rdkit.Chem.rdchem.Mol object at 0x000001D695654270>,False,False
CHEMBL941,IC50,nM,0.11,IC50,nM,0.11,Cc1ccc(NC(=O)c2ccc(CN3CCN(C)CC3)cc2)cc1Nc1nccc(-c2cccnc2)n1,9.958607314841776,<rdkit.Chem.rdchem.Mol object at 0x000001D6956542E0>,False,False
CHEMBL5272200,IC50,nM,5.3,IC50,nM,5.3,COc1cc2ncnc(Nc3ccc(O[C@H]4CO[C@H]5[C@@H]4OC[C@@H]5O)c(Cl)c3)c2cc1OC,8.275724130399212,<rdkit.Chem.rdchem.Mol object at 0x000001D6956547B0>,False,False
CHEMBL5288191,IC50,nM,5827.0,IC50,uM,5.827,COc1nc2ccccc2cc1-c1nc2c(cnn2-c2ccc(Br)cc2)c(=O)[nH]1,5.23455498190985,<rdkit.Chem.rdchem.Mol object at 0x000001D695654900>,False,False
CHEMBL5266387,IC50,nM,38.8,IC50,uM,0.0388,Cc1ccc2c(=O)n(Cc3ccccc3)c(SCc3cn(-c4ccc(C(=O)O)cc4)nn3)nc2c1,7.411168274405793,<rdkit.Chem.rdchem.Mol object at 0x000001D695654CF0>,False,False
CHEMBL5199520,IC50,nM,200.0,IC50,uM,0.2,NS(=O)(=O)c1ccc(CCn2c(SCC(=O)Nc3ccc(Cl)cc3)nc3ccccc3c2=O)cc1,6.698970004336019,<rdkit.Chem.rdchem.Mol object at 0x000001D6956550B0>,False,False
CHEMBL5291481,IC50,nM,102.0,IC50,uM,0.102,O=c1c2ccc(Cl)cc2nc(-c2ccccc2)n1-c1nnc(-c2ccccc2C2CC2)o1,6.991399828238082,<rdkit.Chem.rdchem.Mol object at 0x000001D6956554A0>,False,False
CHEMBL5279539,IC50,nM,21.0,IC50,uM,0.021,COc1ccc(-c2nnc(-n3c(-c4ccccc4)nc4cc(Cl)ccc4c3=O)o2)cc1,7.67778070526608,<rdkit.Chem.rdchem.Mol object at 0x000001D695655510>,False,False
CHEMBL5269391,IC50,nM,87.27,IC50,nM,87.27,Fc1ccc(Nc2ncnc3ccc4c(c23)OCCN4)cc1Cl,7.059135024033278,<rdkit.Chem.rdchem.Mol object at 0x000001D695656430>,False,False
CHEMBL5287505,IC50,nM,120.5,IC50,nM,120.5,Brc1cccc(Nc2ncnc3ccc4c(c23)OCCN4)c1,6.919012953089113,<rdkit.Chem.rdchem.Mol object at 0x000001D6956564A0>,False,False
CHEMBL5280531,IC50,nM,937.7,IC50,nM,937.7,FC(F)(F)c1cccc(Nc2ncnc3ccc4c(c23)OCCN4)c1,6.027936083991977,<rdkit.Chem.rdchem.Mol object at 0x000001D695656510>,False,False
CHEMBL5269684,IC50,nM,47.22,IC50,nM,47.22,CC(=O)N1CCOc2c1ccc1ncnc(Nc3ccc(F)c(Cl)c3)c21,7.325874017257291,<rdkit.Chem.rdchem.Mol object at 0x000001D695656580>,False,False
CHEMBL5275916,IC50,nM,45.6,IC50,nM,45.6,CC(=O)N1CCOc2c1ccc1ncnc(Nc3cccc(Br)c3)c21,7.341035157335565,<rdkit.Chem.rdchem.Mol object at 0x000001D6956565F0>,False,False
CHEMBL5267140,IC50,nM,534.0,IC50,nM,534.0,CC(=O)N1CCOc2c1ccc1ncnc(Nc3cccc(C(F)(F)F)c3)c21,6.272458742971444,<rdkit.Chem.rdchem.Mol object at 0x000001D695656660>,False,False
CHEMBL5278452,IC50,nM,70.61,IC50,nM,70.61,CCC(=O)N1CCOc2c1ccc1ncnc(Nc3ccc(F)c(Cl)c3)c21,7.151133788505221,<rdkit.Chem.rdchem.Mol object at 0x000001D6956566D0>,False,False
CHEMBL5271937,IC50,nM,70.28,IC50,nM,70.28,CCC(=O)N1CCOc2c1ccc1ncnc(Nc3cccc(Br)c3)c21,7.153168247176743,<rdkit.Chem.rdchem.Mol object at 0x000001D695656740>,False,False
CHEMBL5271978,IC50,nM,837.8,IC50,nM,837.8,CCC(=O)N1CCOc2c1ccc1ncnc(Nc3cccc(C(F)(F)F)c3)c21,6.0768596439748,<rdkit.Chem.rdchem.Mol object at 0x000001D6956567B0>,False,False
CHEMBL5286368,IC50,nM,25.69,IC50,nM,25.69,CN1CCN(CCC(=O)N2CCOc3c2ccc2ncnc(Nc4ccc(F)c(Cl)c4)c32)CC1,7.590235895733654,<rdkit.Chem.rdchem.Mol object at 0x000001D695656820>,False,False
CHEMBL5276304,IC50,nM,40.7,IC50,nM,40.7,CN1CCN(CCC(=O)N2CCOc3c2ccc2ncnc(Nc4cccc(Br)c4)c32)CC1,7.39040559077478,<rdkit.Chem.rdchem.Mol object at 0x000001D695656890>,False,False
CHEMBL5290595,IC50,nM,148.4,IC50,nM,148.4,CN1CCN(CCC(=O)N2CCOc3c2ccc2ncnc(Nc4cccc(C(F)(F)F)c4)c32)CC1,6.828566099056991,<rdkit.Chem.rdchem.Mol object at 0x000001D695656900>,False,False
CHEMBL5277101,IC50,nM,610.0,IC50,uM,0.61,CN(CCOC(=O)c1ccc(C(=O)Nc2ncnc3c2c(-c2ccc(Cl)cc2)nn3C(C)(C)C)nc1)Cc1ccc(C(=O)Nc2ccc3ncnc(Nc4cccc(Cl)c4)c3c2)cc1,6.214670164989233,<rdkit.Chem.rdchem.Mol object at 0x000001D695656A50>,False,False
CHEMBL5273124,IC50,nM,2800.0,IC50,uM,2.8,CCOc1ccc2nc(NC(=O)CSc3nnc(Cc4c[nH]c5ccccc45)o3)sc2c1,5.552841968657781,<rdkit.Chem.rdchem.Mol object at 0x000001D695656BA0>,False,False
CHEMBL475584,IC50,nM,150.0,IC50,nM,150.0,COc1cccc(-c2cn(-c3ccc(CCN4CCC(O)CC4)cc3)c3ncnc(N)c23)c1,6.823908740944319,<rdkit.Chem.rdchem.Mol object at 0x000001D695656D60>,False,False
CHEMBL1830231,IC50,nM,8.0,IC50,uM,0.008,COc1cc(C(=O)c2csc(-c3ccc4[nH]ccc4c3)n2)cc(OC)c1OC,8.096910013008056,<rdkit.Chem.rdchem.Mol object at 0x000001D695656F20>,False,False
CHEMBL5274657,IC50,nM,80.0,IC50,uM,0.08,O=C(NC1=NC2C(=O)NN=C(c3ccc(Br)cc3)C2S1)Nc1ccc(Cl)cc1,7.096910013008056,<rdkit.Chem.rdchem.Mol object at 0x000001D695657190>,False,False
CHEMBL4216765,IC50,nM,3600.0,IC50,uM,3.6,COc1ccc(C(=O)n2nc(-c3cccnc3)nc2N)cc1,5.443697499232712,<rdkit.Chem.rdchem.Mol object at 0x000001D695657200>,False,False
CHEMBL5287053,IC50,nM,4600.0,IC50,uM,4.6,COc1ccc(C(=O)n2nc(-c3ccncc3)nc2N)cc1,5.337242168318426,<rdkit.Chem.rdchem.Mol object at 0x000001D695657270>,False,False
CHEMBL5288957,IC50,nM,609.0,IC50,uM,0.609,COc1cc2c(Nc3ccc(-c4ccccc4)cc3)ncnc2cc1OCC1CCN(C)CC1,6.215382707367125,<rdkit.Chem.rdchem.Mol object at 0x000001D6956572E0>,False,False
CHEMBL5274670,IC50,nM,672.0,IC50,uM,0.672,COc1cc2c(Nc3ccc(Cc4ccccc4)cc3)ncnc2cc1OCC1CCN(C)CC1,6.172630726946175,<rdkit.Chem.rdchem.Mol object at 0x000001D695657350>,False,False
CHEMBL5284848,IC50,nM,128.0,IC50,uM,0.128,COc1cc2c(Nc3ccc(Oc4ccccc4)cc3)ncnc2cc1OCC1CCN(C)CC1,6.892790030352131,<rdkit.Chem.rdchem.Mol object at 0x000001D6956573C0>,False,False
CHEMBL5271568,IC50,nM,142.0,IC50,uM,0.142,COc1cc2c(Nc3ccc(Sc4ccccc4)cc3)ncnc2cc1OCC1CCN(C)CC1,6.847711655616943,<rdkit.Chem.rdchem.Mol object at 0x000001D695657430>,False,False
CHEMBL5289352,IC50,nM,550.0,IC50,uM,0.55,COc1cc2c(Nc3ccc(S(=O)(=O)c4ccccc4)cc3)ncnc2cc1OCC1CCN(C)CC1,6.259637310505756,<rdkit.Chem.rdchem.Mol object at 0x000001D695657510>,False,False
CHEMBL5280288,IC50,nM,712.0,IC50,uM,0.712,COc1cc2c(Nc3ccc(Oc4ccccn4)cc3)ncnc2cc1OCC1CCN(C)CC1,6.147520006363144,<rdkit.Chem.rdchem.Mol object at 0x000001D695657580>,False,False
CHEMBL5268092,IC50,nM,47.0,IC50,uM,0.047,COc1cc2c(Nc3ccc(Oc4ccccc4)cc3F)ncnc2cc1OCC1CCN(C)CC1,7.327902142064283,<rdkit.Chem.rdchem.Mol object at 0x000001D6956575F0>,False,False
CHEMBL5290503,IC50,nM,952.0,IC50,uM,0.952,COc1cc2c(Nc3ccc(Oc4ccccc4)cc3Br)ncnc2cc1OCC1CCN(C)CC1,6.021363051615525,<rdkit.Chem.rdchem.Mol object at 0x000001D695657660>,False,False
CHEMBL5271155,IC50,nM,34.0,IC50,uM,0.034,COc1cc2c(Nc3ccc(Oc4ccccc4)cc3C)ncnc2cc1OCC1CCN(C)CC1,7.468521082957745,<rdkit.Chem.rdchem.Mol object at 0x000001D6956576D0>,False,False
CHEMBL5275486,IC50,nM,107.0,IC50,uM,0.107,COc1cc2c(Nc3ccc(Oc4ccccc4)c(Cl)c3)ncnc2cc1OCC1CCN(C)CC1,6.97061622231479,<rdkit.Chem.rdchem.Mol object at 0x000001D695657740>,False,False
CHEMBL5280471,IC50,nM,7.0,IC50,uM,0.007,COc1cc2c(Nc3ccc(Oc4ccccc4)c(Br)c3)ncnc2cc1OCC1CCN(C)CC1,8.154901959985743,<rdkit.Chem.rdchem.Mol object at 0x000001D6956577B0>,False,False
CHEMBL5284179,IC50,nM,22.0,IC50,uM,0.022,COc1cc2c(Nc3ccc(Oc4ccccc4)c(C)c3)ncnc2cc1OCC1CCN(C)CC1,7.657577319177793,<rdkit.Chem.rdchem.Mol object at 0x000001D695657820>,False,False
CHEMBL5290340,IC50,nM,20.0,IC50,uM,0.02,COc1cc2c(Nc3ccc(Oc4ccccc4F)cc3)ncnc2cc1OCC1CCN(C)CC1,7.698970004336019,<rdkit.Chem.rdchem.Mol object at 0x000001D695657890>,False,False
CHEMBL5279933,IC50,nM,41.0,IC50,uM,0.041,COc1cc2c(Nc3ccc(Oc4ccccc4Cl)cc3)ncnc2cc1OCC1CCN(C)CC1,7.387216143280264,<rdkit.Chem.rdchem.Mol object at 0x000001D695657900>,False,False
CHEMBL5268062,IC50,nM,160.0,IC50,uM,0.16,COc1cc2c(Nc3ccc(Oc4ccccc4Br)cc3)ncnc2cc1OCC1CCN(C)CC1,6.795880017344075,<rdkit.Chem.rdchem.Mol object at 0x000001D695657970>,False,False
CHEMBL5284866,IC50,nM,32.0,IC50,uM,0.032,COc1cc2c(Nc3ccc(Oc4ccccc4C)cc3)ncnc2cc1OCC1CCN(C)CC1,7.494850021680094,<rdkit.Chem.rdchem.Mol object at 0x000001D6956579E0>,False,False
CHEMBL5273000,IC50,nM,36.0,IC50,uM,0.036,COc1cc2c(Nc3ccc(Oc4cccc(F)c4)cc3)ncnc2cc1OCC1CCN(C)CC1,7.443697499232712,<rdkit.Chem.rdchem.Mol object at 0x000001D695657A50>,False,False
CHEMBL5290879,IC50,nM,729.0,IC50,uM,0.729,COc1cc2c(Nc3ccc(Oc4cccc(Cl)c4)cc3)ncnc2cc1OCC1CCN(C)CC1,6.137272471682025,<rdkit.Chem.rdchem.Mol object at 0x000001D695657AC0>,False,False
CHEMBL5273342,IC50,nM,352.0,IC50,uM,0.352,COc1cc2c(Nc3ccc(Oc4cccc(C)c4)cc3)ncnc2cc1OCC1CCN(C)CC1,6.453457336521869,<rdkit.Chem.rdchem.Mol object at 0x000001D695657B30>,False,False
CHEMBL5280575,IC50,nM,891.0,IC50,uM,0.891,COc1cc2c(Nc3ccc(Oc4ccc(F)cc4)cc3)ncnc2cc1OCC1CCN(C)CC1,6.050122295963125,<rdkit.Chem.rdchem.Mol object at 0x000001D695657BA0>,False,False
CHEMBL5280292,IC50,nM,337.0,IC50,uM,0.337,COc1cc2c(Nc3ccc(Oc4ccc(Cl)cc4)cc3)ncnc2cc1OCC1CCN(C)CC1,6.4723700991286615,<rdkit.Chem.rdchem.Mol object at 0x000001D695657C10>,False,False
CHEMBL5273994,IC50,nM,3754.0,IC50,uM,3.754,COc1cc2c(Nc3ccc(Oc4ccc(Br)cc4)cc3)ncnc2cc1OCC1CCN(C)CC1,5.425505731714672,<rdkit.Chem.rdchem.Mol object at 0x000001D695657C80>,False,False
CHEMBL5265927,IC50,nM,230.0,IC50,uM,0.23,COc1cc2c(Nc3ccc(Oc4ccc(C)cc4)cc3)ncnc2cc1OCC1CCN(C)CC1,6.638272163982407,<rdkit.Chem.rdchem.Mol object at 0x000001D695657CF0>,False,False
CHEMBL97771,IC50,nM,373.0,IC50,uM,0.373,COc1cc2ncnc(Nc3ccc(Oc4ccccc4)cc3)c2cc1OC,6.428291168191312,<rdkit.Chem.rdchem.Mol object at 0x000001D695657D60>,False,False
CHEMBL5280555,IC50,nM,3900.0,IC50,uM,3.9,CC(C)n1nc(N)c2cnc(Nc3ccnc(-c4cnn(S(=O)(=O)C5CC5)c4)n3)cc21,5.4089353929735005,<rdkit.Chem.rdchem.Mol object at 0x000001D6956589E0>,False,False
CHEMBL5273791,IC50,nM,850.0,IC50,uM,0.85,CC(C)n1nc(N2CCOCC2)c2cnc(Nc3ccnc(-c4cnn(S(=O)(=O)C5CC5)c4)n3)cc21,6.070581074285707,<rdkit.Chem.rdchem.Mol object at 0x000001D695658A50>,False,False
CHEMBL5276357,IC50,nM,1500.0,IC50,uM,1.5,CC(C)n1nc(N2CCC(O)CC2)c2cnc(Nc3ccnc(-c4cnn(S(=O)(=O)C5CC5)c4)n3)cc21,5.823908740944319,<rdkit.Chem.rdchem.Mol object at 0x000001D695658AC0>,False,False
CHEMBL5285503,IC50,nM,96.0,IC50,uM,0.096,CC(C)n1nc(N2CC(CO)C2)c2cnc(Nc3ccnc(-c4cnn(S(=O)(=O)C5CC5)c4)n3)cc21,7.017728766960431,<rdkit.Chem.rdchem.Mol object at 0x000001D695658B30>,False,False
CHEMBL5282716,IC50,nM,210.0,IC50,uM,0.21,CC(C)n1nc(N2CC(C(C)(C)O)C2)c2cnc(Nc3ccnc(-c4cnn(S(=O)(=O)C5CC5)c4)n3)cc21,6.6777807052660805,<rdkit.Chem.rdchem.Mol object at 0x000001D695658BA0>,False,False
CHEMBL5280589,IC50,nM,580.0,IC50,uM,0.58,CC[C@@H](C)n1nc(N2CC(C(C)(C)O)C2)c2cnc(Nc3ccnc(-c4cnn(S(=O)(=O)C5CC5)c4)n3)cc21,6.236572006437063,<rdkit.Chem.rdchem.Mol object at 0x000001D695658C10>,False,False
CHEMBL5282118,IC50,nM,218.0,IC50,uM,0.218,CC[C@H](C)n1nc(N2CC(C(C)(C)O)C2)c2cnc(Nc3ccnc(-c4cnn(S(=O)(=O)C5CC5)c4)n3)cc21,6.661543506395395,<rdkit.Chem.rdchem.Mol object at 0x000001D695658C80>,False,False
CHEMBL5281446,IC50,nM,3000.0,IC50,uM,3.0,CC(C)c1nn(C(C)C)c2cc(Nc3ccnc(-c4cnn(S(=O)(=O)C5CC5)c4)n3)ncc12,5.522878745280337,<rdkit.Chem.rdchem.Mol object at 0x000001D695658CF0>,False,False
CHEMBL5280082,IC50,nM,0.4,IC50,nM,0.4,COc1cc(N2CCC(N(C)C)CC2)ccc1Nc1ncc(C(=O)OC(C)C)c(-c2cn(C)c3ccccc23)n1,9.397940008672036,<rdkit.Chem.rdchem.Mol object at 0x000001D69565A510>,False,False
CHEMBL5285308,IC50,nM,34.0,IC50,nM,34.0,COc1cc(N2CCN(C)CC2)ccc1Nc1nccc(-c2cn(C)c3ccccc23)n1,7.468521082957745,<rdkit.Chem.rdchem.Mol object at 0x000001D69565A580>,False,False
CHEMBL5289859,IC50,nM,0.16,IC50,nM,0.16,COc1cc(N2CCC(N(C)C)CC2)ccc1Nc1ncc(C(=O)OC(C)C)c(-c2c[nH]c3ccccc23)n1,9.795880017344077,<rdkit.Chem.rdchem.Mol object at 0x000001D69565A5F0>,False,False
CHEMBL5288276,IC50,nM,0.86,IC50,nM,0.86,COc1cc(N2CCC(N(C)C)CC2)ccc1Nc1ncc(C(=O)OC(C)C)c(-c2cn(C(C)=O)c3ccccc23)n1,9.065501548756432,<rdkit.Chem.rdchem.Mol object at 0x000001D69565A740>,False,False
CHEMBL5287229,IC50,nM,0.35,IC50,nM,0.35,COc1cc(N2CCC(N)CC2)ccc1Nc1ncc(C(=O)OC(C)C)c(-c2cn(C)c3ccccc23)n1,9.455931955649724,<rdkit.Chem.rdchem.Mol object at 0x000001D69565A7B0>,False,False
CHEMBL5275642,IC50,nM,1.0,IC50,nM,1.0,COc1cc(N2CCN(C)CC2)ccc1Nc1ncc(C(=O)OC(C)C)c(-c2cn(C)c3ccccc23)n1,9.0,<rdkit.Chem.rdchem.Mol object at 0x000001D69565A820>,False,False
CHEMBL5278657,IC50,nM,5.2,IC50,nM,5.2,CCOC(=O)c1cnc(Nc2ccc(N3CCN(C)CC3)cc2OC)nc1-c1cn(C)c2ccccc12,8.2839966563652,<rdkit.Chem.rdchem.Mol object at 0x000001D69565A890>,False,False
CHEMBL5269375,IC50,nM,23.0,IC50,nM,23.0,COC(=O)c1cnc(Nc2ccc(N3CCN(C)CC3)cc2OC)nc1-c1cn(C)c2ccccc12,7.638272163982407,<rdkit.Chem.rdchem.Mol object at 0x000001D69565A900>,False,False
CHEMBL5291434,IC50,nM,2.7,IC50,nM,2.7,CCC(=O)Nc1cc(Nc2ncc(Br)c(Nc3ccc4cc[nH]c4c3)n2)c(OC)cc1N1CCN(C)CC1,8.568636235841012,<rdkit.Chem.rdchem.Mol object at 0x000001D69565B270>,False,False
CHEMBL5431583,IC50,nM,20.0,IC50,nM,20.0,CN(Cc1ccccc1)c1ncnc2[nH]c(-c3ccc(CO)cc3)cc12,7.698970004336019,<rdkit.Chem.rdchem.Mol object at 0x000001D69565B5F0>,False,False
CHEMBL5413223,IC50,nM,109.0,IC50,nM,109.0,CN(Cc1ccccc1)c1ncnc2[nH]c(-c3ccc(CO)cc3)nc12,6.962573502059376,<rdkit.Chem.rdchem.Mol object at 0x000001D69565B660>,False,False
CHEMBL5439143,IC50,nM,24.0,IC50,nM,24.0,OCc1ccc(-c2nc3c(NCc4ccccc4)ncnc3[nH]2)cc1,7.619788758288394,<rdkit.Chem.rdchem.Mol object at 0x000001D69565B6D0>,False,False
CHEMBL5434495,IC50,nM,0.06,IC50,nM,0.06,COCC1CN(C2CCN(c3cc(OC)c(Nc4ncc(Br)c(Nc5ccc6nccnc6c5P(C)(C)=O)n4)cc3C)CC2)C1,10.221848749616356,<rdkit.Chem.rdchem.Mol object at 0x000001D69565B740>,False,False
CHEMBL5397801,IC50,nM,0.12,IC50,nM,0.12,COc1cc(N2CCC(N3CC(CC#N)C3)CC2)c(C)cc1Nc1ncc(Br)c(Nc2ccc3nccnc3c2P(C)(C)=O)n1,9.920818753952377,<rdkit.Chem.rdchem.Mol object at 0x000001D69565B7B0>,False,False
CHEMBL5435775,IC50,nM,0.34,IC50,nM,0.34,COc1cc(N2CCC(N3CC(CO)C3)CC2)c(C)cc1Nc1ncc(Br)c(Nc2ccc3nccnc3c2P(C)(C)=O)n1,9.468521082957745,<rdkit.Chem.rdchem.Mol object at 0x000001D69565B820>,False,False
CHEMBL5399653,IC50,nM,0.15,IC50,nM,0.15,COc1cc(N2CCC(N3CC(C(C)(C)O)C3)CC2)c(C)cc1Nc1ncc(Br)c(Nc2ccc3nccnc3c2P(C)(C)=O)n1,9.82390874094432,<rdkit.Chem.rdchem.Mol object at 0x000001D69565B890>,False,False
CHEMBL5416489,IC50,nM,0.81,IC50,nM,0.81,COCC1(C)CN(C2CCN(c3cc(OC)c(Nc4ncc(Br)c(Nc5ccc6nccnc6c5P(C)(C)=O)n4)cc3C)CC2)C1,9.09151498112135,<rdkit.Chem.rdchem.Mol object at 0x000001D69565B900>,False,False
CHEMBL5393923,IC50,nM,0.15,IC50,nM,0.15,COc1cc(N2CCC(N3CC(C)(CO)C3)CC2)c(C)cc1Nc1ncc(Br)c(Nc2ccc3nccnc3c2P(C)(C)=O)n1,9.82390874094432,<rdkit.Chem.rdchem.Mol object at 0x000001D69565B970>,False,False
CHEMBL5415311,IC50,nM,0.1,IC50,nM,0.1,COc1cc(N2CCC(N3CC(F)(CO)C3)CC2)c(C)cc1Nc1ncc(Br)c(Nc2ccc3nccnc3c2P(C)(C)=O)n1,10.0,<rdkit.Chem.rdchem.Mol object at 0x000001D69565B9E0>,False,False
CHEMBL5422588,IC50,nM,0.12,IC50,nM,0.12,COc1cc(N2CCC(N3CCN(C(C)=O)CC3)CC2)c(C)cc1Nc1ncc(Br)c(Nc2ccc3nccnc3c2P(C)(C)=O)n1,9.920818753952377,<rdkit.Chem.rdchem.Mol object at 0x000001D69565BA50>,False,False
CHEMBL5431909,IC50,nM,0.13,IC50,nM,0.13,COc1cc(N2CCC(N3CC[C@@H](N(C)C)C3)CC2)c(C)cc1Nc1ncc(Br)c(Nc2ccc3nccnc3c2P(C)(C)=O)n1,9.886056647693165,<rdkit.Chem.rdchem.Mol object at 0x000001D69565BAC0>,False,False
CHEMBL5418539,IC50,nM,0.12,IC50,nM,0.12,COc1cc(N2CCC(N3C[C@H]4COC[C@H]4C3)CC2)c(C)cc1Nc1ncc(Br)c(Nc2ccc3nccnc3c2P(C)(C)=O)n1,9.920818753952377,<rdkit.Chem.rdchem.Mol object at 0x000001D69565BB30>,False,False
CHEMBL5436031,IC50,nM,0.15,IC50,nM,0.15,COc1cc(N2CCC(N(C)CCN(C)C)CC2)c(C)cc1Nc1ncc(Br)c(Nc2ccc3nccnc3c2P(C)(C)=O)n1,9.82390874094432,<rdkit.Chem.rdchem.Mol object at 0x000001D69565BBA0>,False,False
CHEMBL5396086,IC50,nM,0.12,IC50,nM,0.12,COc1cc(N2CCC(N3CC(N(C)C)C3)CC2)c(C)cc1Nc1ncc(Cl)c(Nc2ccc3nccnc3c2P(C)(C)=O)n1,9.920818753952377,<rdkit.Chem.rdchem.Mol object at 0x000001D69565BC10>,False,False
CHEMBL5432965,IC50,nM,0.05,IC50,nM,0.05,COc1cc(N2CCC(N3CC(N(C)C)C3)CC2)c(C)cc1Nc1ncc(SC)c(Nc2ccc3nccnc3c2P(C)(C)=O)n1,10.30102999566398,<rdkit.Chem.rdchem.Mol object at 0x000001D69565BC80>,False,False
CHEMBL5415418,IC50,nM,0.4,IC50,nM,0.4,CCc1cc(Nc2ncc(Cl)c(Nc3ccc4nccnc4c3P(C)(C)=O)n2)c(OC)cc1N1CCC(N2CC(N(C)C)C2)CC1,9.397940008672036,<rdkit.Chem.rdchem.Mol object at 0x000001D69565BCF0>,False,False
CHEMBL5425947,IC50,nM,0.29,IC50,nM,0.29,CCc1cc(Nc2ncc(C(F)(F)F)c(Nc3ccc4nccnc4c3P(C)(C)=O)n2)c(OC)cc1N1CCC(N2CC(N(C)C)C2)CC1,9.537602002101044,<rdkit.Chem.rdchem.Mol object at 0x000001D69565BD60>,False,False
CHEMBL608533,IC50,nM,3000.0,IC50,uM,3.0,CO[C@@H]1[C@H](N(C)C(=O)c2ccccc2)C[C@H]2O[C@]1(C)n1c3ccccc3c3c4c(c5c6ccccc6n2c5c31)C(=O)NC4,5.522878745280337,<rdkit.Chem.rdchem.Mol object at 0x000001D69565C740>,False,False
CHEMBL5440989,IC50,nM,44.89,IC50,nM,44.89,COc1cc(N2CCC(N3CCN(C)CC3)CC2)c(C)cc1Nc1nccc(-n2cc(CNC(C)CO)c(-c3ccccc3)n2)n1,7.347850394598347,<rdkit.Chem.rdchem.Mol object at 0x000001D69565C820>,False,False
CHEMBL5435881,IC50,nM,70.42,IC50,nM,70.42,COc1cc(N2CCC(N3CCN(C)CC3)CC2)c(C)cc1Nc1nccc(-n2cc(CNC(CO)C(C)C)c(-c3ccccc3)n2)n1,7.1523039792658345,<rdkit.Chem.rdchem.Mol object at 0x000001D69565C890>,False,False
CHEMBL5435735,IC50,nM,71.85,IC50,nM,71.85,COc1cc(N2CCC(N3CCN(C)CC3)CC2)c(C)cc1Nc1nccc(-n2cc(CN[C@H](C)CO)c(-c3ccccc3)n2)n1,7.143573227529756,<rdkit.Chem.rdchem.Mol object at 0x000001D69565C900>,False,False
CHEMBL5423287,IC50,nM,33.26,IC50,nM,33.26,COc1cc(N2CCC(N3CCN(C)CC3)CC2)c(C)cc1Nc1nccc(-n2cc(CN[C@@H](C)CO)c(-c3ccccc3)n2)n1,7.4780777551165,<rdkit.Chem.rdchem.Mol object at 0x000001D69565C970>,False,False
CHEMBL5405276,IC50,nM,217.0,IC50,nM,217.0,CCC(=O)Nc1cc(Nc2nccc(-c3cn(C)c4ccccc34)n2)cc2cnn(CCN(C)C)c12,6.663540266151471,<rdkit.Chem.rdchem.Mol object at 0x000001D69565CB30>,False,False
CHEMBL5418665,IC50,nM,242.0,IC50,nM,242.0,CC(=O)Nc1cc(Nc2nccc(-c3cn(C)c4ccccc34)n2)cc2cnn(CCN(C)C)c12,6.616184634019569,<rdkit.Chem.rdchem.Mol object at 0x000001D69565CBA0>,False,False
CHEMBL5412895,IC50,nM,572.0,IC50,nM,572.0,CC(C)C(=O)Nc1cc(Nc2nccc(-c3cn(C)c4ccccc34)n2)cc2cnn(CCN(C)C)c12,6.242603971206976,<rdkit.Chem.rdchem.Mol object at 0x000001D69565CC10>,False,False
CHEMBL5423465,IC50,nM,27.0,IC50,nM,27.0,CCC(=O)Nc1cc(Nc2nccc(-c3cn(S(=O)(=O)CC)c4ccccc34)n2)cc2cnn(CCN(C)C)c12,7.568636235841013,<rdkit.Chem.rdchem.Mol object at 0x000001D69565CDD0>,False,False
CHEMBL5407309,IC50,nM,11.0,IC50,nM,11.0,CCS(=O)(=O)n1cc(-c2ccnc(Nc3cc(NC(C)=O)c4c(cnn4CCN(C)C)c3)n2)c2ccccc21,7.958607314841775,<rdkit.Chem.rdchem.Mol object at 0x000001D69565CE40>,False,False
CHEMBL5398953,IC50,nM,37.0,IC50,nM,37.0,CCn1ncc2cc(Nc3nccc(-c4cn(S(=O)(=O)CC)c5ccccc45)n3)cc(NC(=O)C(C)C)c21,7.431798275933005,<rdkit.Chem.rdchem.Mol object at 0x000001D69565CEB0>,False,False
CHEMBL5433585,IC50,nM,18.0,IC50,nM,18.0,CCS(=O)(=O)n1cc(-c2ccnc(Nc3cc(NC(=O)C4CC4)c4c(cnn4CCN(C)C)c3)n2)c2ccccc21,7.744727494896693,<rdkit.Chem.rdchem.Mol object at 0x000001D69565CF20>,False,False
CHEMBL5397162,IC50,nM,256.0,IC50,nM,256.0,[2H]C([2H])([2H])n1cc(-c2ccnc(Nc3cc(NC(=O)CC)c4c(cnn4CCN(C)C)c3)n2)c2ccccc21,6.59176003468815,<rdkit.Chem.rdchem.Mol object at 0x000001D69565D120>,False,False
CHEMBL5436784,IC50,nM,158.0,IC50,nM,158.0,[2H]C([2H])([2H])n1cc(-c2ccnc(Nc3cc(NC(C)=O)c4c(cnn4CCN(C)C)c3)n2)c2ccccc21,6.801342913045577,<rdkit.Chem.rdchem.Mol object at 0x000001D69565D190>,False,False
CHEMBL5408433,IC50,nM,341.0,IC50,nM,341.0,[2H]C([2H])([2H])n1cc(-c2ccnc(Nc3cc(NC(=O)C(C)C)c4c(cnn4CCN(C)C)c3)n2)c2ccccc21,6.467245621007502,<rdkit.Chem.rdchem.Mol object at 0x000001D69565D200>,False,False
CHEMBL5431254,IC50,nM,261.0,IC50,nM,261.0,[2H]C([2H])([2H])n1cc(-c2ccnc(Nc3cc(NC(=O)C4CC4)c4c(cnn4CCN(C)C)c3)n2)c2ccccc21,6.583359492661719,<rdkit.Chem.rdchem.Mol object at 0x000001D69565D270>,False,False
CHEMBL5405341,IC50,nM,21.0,IC50,nM,21.0,CCC(=O)Nc1cc(Nc2nccc(-c3cn(S(=O)(=O)CC)c4ccccc34)n2)cc2cnn(CCN(CC)CC)c12,7.67778070526608,<rdkit.Chem.rdchem.Mol object at 0x000001D69565D430>,False,False
CHEMBL5402031,IC50,nM,13.0,IC50,nM,13.0,CCN(CC)CCn1ncc2cc(Nc3nccc(-c4cn(S(=O)(=O)CC)c5ccccc45)n3)cc(NC(C)=O)c21,7.886056647693163,<rdkit.Chem.rdchem.Mol object at 0x000001D69565D4A0>,False,False
CHEMBL5406084,IC50,nM,60.0,IC50,nM,60.0,CCN(CC)CCn1ncc2cc(Nc3nccc(-c4cn(S(=O)(=O)CC)c5ccccc45)n3)cc(NC(=O)C(C)C)c21,7.221848749616356,<rdkit.Chem.rdchem.Mol object at 0x000001D69565D510>,False,False
CHEMBL5417219,IC50,nM,26.0,IC50,nM,26.0,CCN(CC)CCn1ncc2cc(Nc3nccc(-c4cn(S(=O)(=O)CC)c5ccccc45)n3)cc(NC(=O)C3CC3)c21,7.585026652029182,<rdkit.Chem.rdchem.Mol object at 0x000001D69565D580>,False,False
CHEMBL5436840,IC50,nM,375.0,IC50,nM,375.0,CN(C)CCn1ncc2cc(Nc3nccc(-c4cn(C)c5ccccc45)n3)ccc21,6.425968732272281,<rdkit.Chem.rdchem.Mol object at 0x000001D69565D5F0>,False,False
CHEMBL5428511,IC50,nM,1571.0,IC50,nM,1571.0,Cn1cc(-c2ccnc(Nc3ccc4c(cnn4CCN4CCOCC4)c3)n2)c2ccccc21,5.803823814960027,<rdkit.Chem.rdchem.Mol object at 0x000001D69565D660>,False,False
CHEMBL5414627,IC50,nM,170.0,IC50,nM,170.0,CN(C)CCn1ncc2cc(Nc3nccc(-c4cn(C)c5ccccc45)n3)cc(Cl)c21,6.769551078621726,<rdkit.Chem.rdchem.Mol object at 0x000001D69565D6D0>,False,False
CHEMBL5427045,IC50,nM,1963.0,IC50,nM,1963.0,Cn1cc(-c2ccnc(Nc3cc(Cl)c4c(cnn4CCN4CCOCC4)c3)n2)c2ccccc21,5.707079700399993,<rdkit.Chem.rdchem.Mol object at 0x000001D69565D740>,False,False
CHEMBL5406303,IC50,nM,7.6,IC50,nM,7.6,CCS(=O)(=O)n1cc(-c2ccnc(Nc3ccc4c(cnn4CCN(C)C)c3)n2)c2ccccc21,8.119186407719209,<rdkit.Chem.rdchem.Mol object at 0x000001D69565D7B0>,False,False
CHEMBL5428623,IC50,nM,56.0,IC50,nM,56.0,CCS(=O)(=O)n1cc(-c2ccnc(Nc3ccc4c(cnn4CCN4CCOCC4)c3)n2)c2ccccc21,7.251811972993799,<rdkit.Chem.rdchem.Mol object at 0x000001D69565D820>,False,False
CHEMBL5417458,IC50,nM,175.0,IC50,nM,175.0,CCS(=O)(=O)n1cc(-c2ccnc(Nc3cc(Cl)c4c(cnn4CCN4CCOCC4)c3)n2)c2ccccc21,6.756961951313706,<rdkit.Chem.rdchem.Mol object at 0x000001D69565D890>,False,False
CHEMBL5414512,IC50,nM,11.0,IC50,nM,11.0,CCN(CC)CCn1ncc2cc(Nc3nccc(-c4cn(S(=O)(=O)CC)c5ccccc45)n3)ccc21,7.958607314841775,<rdkit.Chem.rdchem.Mol object at 0x000001D69565D900>,False,False
CHEMBL5402816,IC50,nM,24.0,IC50,nM,24.0,CCN(CC)CCn1ncc2cc(Nc3nccc(-c4cn(S(=O)(=O)CC)c5ccccc45)n3)cc(Cl)c21,7.619788758288394,<rdkit.Chem.rdchem.Mol object at 0x000001D69565D970>,False,False
CHEMBL5430401,IC50,nM,38.0,IC50,nM,38.0,CCS(=O)(=O)n1cc(-c2ccnc(Nc3ccc4c(cnn4CC(=O)N(C)C)c3)n2)c2ccccc21,7.42021640338319,<rdkit.Chem.rdchem.Mol object at 0x000001D69565D9E0>,False,False
CHEMBL5439200,IC50,nM,71.0,IC50,nM,71.0,CN(C)CCn1ncc2cc(Nc3ncc(Cl)c(-c4cn(C)c5ccccc45)n3)ccc21,7.1487416512809245,<rdkit.Chem.rdchem.Mol object at 0x000001D69565DA50>,False,False
CHEMBL5411347,IC50,nM,204.0,IC50,nM,204.0,COc1cnc(Nc2ccc3c(cnn3CCN(C)C)c2)nc1-c1cn(C)c2ccccc12,6.690369832574102,<rdkit.Chem.rdchem.Mol object at 0x000001D69565DAC0>,False,False
CHEMBL5420774,IC50,nM,4.6,IC50,nM,4.6,CCS(=O)(=O)n1cc(-c2nc(Nc3ccc4c(cnn4CCN(C)C)c3)ncc2Cl)c2ccccc21,8.337242168318426,<rdkit.Chem.rdchem.Mol object at 0x000001D69565DB30>,False,False
CHEMBL5418390,IC50,nM,1.9,IC50,nM,1.9,CCS(=O)(=O)n1cc(-c2ccnc(Nc3ccc4c(ccn4CCN(C)C)c3)n2)c2ccccc21,8.721246399047171,<rdkit.Chem.rdchem.Mol object at 0x000001D69565DC10>,False,False
CHEMBL5435225,IC50,nM,2.81,IC50,nM,2.81,CCS(=O)(=O)n1cc(-c2nc(Nc3ccc4c(ccn4CCN(C)C)c3)ncc2Cl)c2ccccc21,8.55129368009492,<rdkit.Chem.rdchem.Mol object at 0x000001D69565DC80>,False,False
CHEMBL5408941,IC50,nM,92.0,IC50,nM,92.0,CN(C)CCn1ncc2cc(Nc3ncc(C(F)(F)F)c(-c4cn(C)c5ccccc45)n3)cc(Cl)c21,7.036212172654444,<rdkit.Chem.rdchem.Mol object at 0x000001D69565DCF0>,False,False
CHEMBL5435033,IC50,nM,14.0,IC50,nM,14.0,CCS(=O)(=O)n1cc(-c2nc(Nc3ccc4c(ccn4CCN(C)C)c3)ncc2C(F)(F)F)c2ccccc21,7.853871964321762,<rdkit.Chem.rdchem.Mol object at 0x000001D69565DD60>,False,False
CHEMBL5411378,IC50,nM,73.0,IC50,nM,73.0,COc1ccc(-c2cc3c(N(C)Cc4ccccc4)ncnc3[nH]2)cc1,7.136677139879544,<rdkit.Chem.rdchem.Mol object at 0x000001D69565DEB0>,False,False
CHEMBL5436096,IC50,nM,23.0,IC50,nM,23.0,CN(Cc1ccccc1)c1ncnc2[nH]c(-c3ccc(O)cc3)cc12,7.638272163982407,<rdkit.Chem.rdchem.Mol object at 0x000001D69565DF20>,False,False
CHEMBL5418474,IC50,nM,47.0,IC50,nM,47.0,CN(Cc1ccccc1)c1ncnc2[nH]c(-c3ccc(CO)c(F)c3)cc12,7.327902142064283,<rdkit.Chem.rdchem.Mol object at 0x000001D69565E0B0>,False,False
CHEMBL5432592,IC50,nM,53.0,IC50,nM,53.0,CN(Cc1ccccc1)c1ncnc2[nH]c(-c3ccc(F)c(CO)c3)cc12,7.275724130399211,<rdkit.Chem.rdchem.Mol object at 0x000001D69565E120>,False,False
CHEMBL5397557,IC50,nM,1.0,IC50,nM,1.0,OCc1ccc(-c2cc3c(NCc4ccccc4)ncnc3[nH]2)cc1,9.0,<rdkit.Chem.rdchem.Mol object at 0x000001D69565E270>,False,False
CHEMBL5418732,IC50,nM,0.8,IC50,nM,0.8,CCN(Cc1ccccc1)c1ncnc2[nH]c(-c3ccc(CO)cc3)cc12,9.096910013008056,<rdkit.Chem.rdchem.Mol object at 0x000001D69565E2E0>,False,False
CHEMBL5404799,IC50,nM,4.5,IC50,nM,4.5,CC(C)N(Cc1ccccc1)c1ncnc2[nH]c(-c3ccc(CO)cc3)cc12,8.346787486224656,<rdkit.Chem.rdchem.Mol object at 0x000001D69565E350>,False,False
CHEMBL5403510,IC50,nM,0.3,IC50,nM,0.3,C[C@@H](Nc1ncnc2[nH]c(-c3ccc(CO)cc3)cc12)c1ccccc1,9.522878745280336,<rdkit.Chem.rdchem.Mol object at 0x000001D69565E3C0>,False,False
CHEMBL5440766,IC50,nM,22.0,IC50,nM,22.0,C[C@H](c1ccccc1)N(C)c1ncnc2[nH]c(-c3ccc(CO)cc3)cc12,7.657577319177793,<rdkit.Chem.rdchem.Mol object at 0x000001D69565E430>,False,False
CHEMBL5398686,IC50,nM,17.0,IC50,nM,17.0,[2H]C([2H])([2H])N(Cc1ccccc1)c1ncnc2[nH]c(-c3ccc(CO)cc3)cc12,7.769551078621726,<rdkit.Chem.rdchem.Mol object at 0x000001D69565E4A0>,False,False
CHEMBL5417494,IC50,nM,7.4,IC50,nM,7.4,Cc1ccccc1CN(C)c1ncnc2[nH]c(-c3ccc(CO)cc3)cc12,8.130768280269024,<rdkit.Chem.rdchem.Mol object at 0x000001D69565E510>,False,False
CHEMBL5406924,IC50,nM,133.0,IC50,nM,133.0,Cc1cccc(CN(C)c2ncnc3[nH]c(-c4ccc(CO)cc4)cc23)c1,6.876148359032914,<rdkit.Chem.rdchem.Mol object at 0x000001D69565E580>,False,False
CHEMBL5414964,IC50,nM,50.0,IC50,nM,50.0,Cc1ccc(CN(C)c2ncnc3[nH]c(-c4ccc(CO)cc4)cc23)cc1,7.301029995663981,<rdkit.Chem.rdchem.Mol object at 0x000001D69565E5F0>,False,False
CHEMBL5403478,IC50,nM,133.0,IC50,nM,133.0,CN(Cc1ccccn1)c1ncnc2[nH]c(-c3ccc(CO)cc3)cc12,6.876148359032914,<rdkit.Chem.rdchem.Mol object at 0x000001D69565E660>,False,False
CHEMBL5424694,IC50,nM,236.0,IC50,nM,236.0,CN(Cc1ccncc1)c1ncnc2[nH]c(-c3ccc(CO)cc3)cc12,6.627087997029894,<rdkit.Chem.rdchem.Mol object at 0x000001D69565E6D0>,False,False
CHEMBL5428404,IC50,nM,78.0,IC50,nM,78.0,Cc1cccc(CN(C)c2ncnc3[nH]c(-c4ccc(CO)cc4)cc23)n1,7.107905397309519,<rdkit.Chem.rdchem.Mol object at 0x000001D69565E740>,False,False
CHEMBL5434318,IC50,nM,45.0,IC50,nM,45.0,CN(Cc1ccccc1F)c1ncnc2[nH]c(-c3ccc(CO)cc3)cc12,7.346787486224656,<rdkit.Chem.rdchem.Mol object at 0x000001D69565E7B0>,False,False
CHEMBL5406951,IC50,nM,3.7,IC50,nM,3.7,CN(c1ncnc2[nH]c(-c3ccc(CO)cc3)cc12)[C@H](CO)c1ccccc1,8.431798275933005,<rdkit.Chem.rdchem.Mol object at 0x000001D69565E820>,False,False
CHEMBL5419520,IC50,nM,65.0,IC50,nM,65.0,CN(c1ncnc2[nH]c(-c3ccc(CO)cc3)cc12)[C@@H](CO)c1ccccc1,7.187086643357144,<rdkit.Chem.rdchem.Mol object at 0x000001D69565E890>,False,False
CHEMBL5397490,IC50,nM,745.0,IC50,nM,745.0,Cc1cccc(CN(C)c2ncnc3[nH]c(-c4ccc(O)cc4)cc23)c1,6.127843727251707,<rdkit.Chem.rdchem.Mol object at 0x000001D69565E900>,False,False
CHEMBL5436321,IC50,nM,413.0,IC50,nM,413.0,Cc1cccc(CN(C)c2ncnc3[nH]c(-c4cccnc4)cc23)c1,6.384049948343599,<rdkit.Chem.rdchem.Mol object at 0x000001D69565E970>,False,False
CHEMBL5439126,IC50,nM,53.0,IC50,nM,53.0,Cc1cccc(CN(C)c2ncnc3[nH]c(-c4ccc(C(=O)O)cc4)cc23)c1,7.275724130399211,<rdkit.Chem.rdchem.Mol object at 0x000001D69565EA50>,False,False
CHEMBL5418087,IC50,nM,30.0,IC50,nM,30.0,Cc1cccc(CN(C)c2ncnc3[nH]c(-c4ccc(CCC(=O)O)cc4)cc23)c1,7.522878745280337,<rdkit.Chem.rdchem.Mol object at 0x000001D69565EAC0>,False,False
CHEMBL5411617,IC50,nM,98.0,IC50,nM,98.0,Cc1cccc(CN(C)c2ncnc3[nH]c(-c4ccc(S(N)(=O)=O)cc4)cc23)c1,7.008773924307505,<rdkit.Chem.rdchem.Mol object at 0x000001D69565EB30>,False,False
CHEMBL5404033,IC50,nM,127.0,IC50,nM,127.0,Cc1cccc(CN(C)c2ncnc3[nH]c(-c4cccc(C(=O)O)c4)cc23)c1,6.896196279044043,<rdkit.Chem.rdchem.Mol object at 0x000001D69565EBA0>,False,False
CHEMBL5400975,IC50,nM,60.0,IC50,uM,0.06,CC1=NNC2Oc3ncn(N)c(=N)c3C(c3ccccc3Br)C12,7.221848749616356,<rdkit.Chem.rdchem.Mol object at 0x000001D69565EC10>,False,False
CHEMBL5427952,IC50,nM,30.0,IC50,nmol/L,30.0,CC[C@H](C)Nc1cc(Nc2ccnc(-c3cnn(S(=O)(=O)C4CC4)c3)n2)ncc1C(=O)N1CC(C(C)(C)O)C1,7.522878745280337,<rdkit.Chem.rdchem.Mol object at 0x000001D69565ECF0>,False,False
CHEMBL5403085,IC50,nM,72.0,IC50,nmol/L,72.0,CC(C)Nc1cc(Nc2ccnc(-c3cnn(S(=O)(=O)C4CC4)c3)n2)ncc1C(=O)N1CC(C(C)(C)O)C1,7.142667503568732,<rdkit.Chem.rdchem.Mol object at 0x000001D69565ED60>,False,False
CHEMBL5401125,IC50,nM,450.0,IC50,nmol/L,450.0,CC[C@H](C)Nc1cc(Nc2ccnc(-c3cnn(S(=O)(=O)C4CC4)c3)n2)ncc1C(=O)N(C)C,6.346787486224656,<rdkit.Chem.rdchem.Mol object at 0x000001D69565EDD0>,False,False
CHEMBL5410422,IC50,nM,3.6,IC50,nmol/L,3.6,CC[C@H](C)Nc1cc(Nc2ccnc(-c3cnn(S(=O)(=O)C4CC4)c3)n2)ncc1C(=O)NC,8.443697499232712,<rdkit.Chem.rdchem.Mol object at 0x000001D69565EE40>,False,False
CHEMBL5413772,IC50,nM,13.0,IC50,nmol/L,13.0,CCC(=O)c1cnc(Nc2ccnc(-c3cnn(S(=O)(=O)C4CC4)c3)n2)cc1N[C@@H](C)CC,7.886056647693163,<rdkit.Chem.rdchem.Mol object at 0x000001D69565EEB0>,False,False
CHEMBL5415613,IC50,nM,6.0,IC50,nmol/L,6.0,CCNC(=O)c1cnc(Nc2ccnc(-c3cnn(S(=O)(=O)C4CC4)c3)n2)cc1N[C@@H](C)CC,8.221848749616356,<rdkit.Chem.rdchem.Mol object at 0x000001D69565EF20>,False,False
CHEMBL5434067,IC50,nM,13.0,IC50,nmol/L,13.0,CC[C@H](C)Nc1cc(Nc2ccnc(-c3cnn(S(=O)(=O)C4CC4)c3)n2)ncc1C(=O)NC1CCOCC1,7.886056647693163,<rdkit.Chem.rdchem.Mol object at 0x000001D69565EF90>,False,False
CHEMBL5401619,IC50,nM,11.0,IC50,nmol/L,11.0,CC[C@H](C)Nc1cc(Nc2ccnc(-c3cnn(S(=O)(=O)C4CC4)c3)n2)ncc1C(=O)NCCN(C)C,7.958607314841775,<rdkit.Chem.rdchem.Mol object at 0x000001D69565F040>,False,False
CHEMBL5405222,IC50,nM,6.5,IC50,nmol/L,6.5,CC[C@H](C)Nc1cc(Nc2ccnc(-c3cnn(S(=O)(=O)C4CC4)c3)n2)ncc1C(=O)NCCC(F)F,8.187086643357144,<rdkit.Chem.rdchem.Mol object at 0x000001D69565F120>,False,False
CHEMBL5415774,IC50,nM,4875.0,IC50,nmol/L,4875.0,CCNS(=O)(=O)c1cnc(Nc2ccnc(-c3cnn(S(=O)(=O)C4CC4)c3)n2)cc1N[C@@H](C)CC,5.312025379965444,<rdkit.Chem.rdchem.Mol object at 0x000001D69565F190>,False,False
CHEMBL5425121,IC50,nM,32.0,IC50,nM,32.0,c1ccc2c(c1)CCN2c1ncnc2cc3c(cc12)NCN3CCN1CCCC1,7.494850021680094,<rdkit.Chem.rdchem.Mol object at 0x000001D69565F200>,False,False
CHEMBL5405436,IC50,nM,5900.0,IC50,uM,5.9,CCN(CC)CCNC(=O)c1c(C)[nH]c(/C=C2\CNc3ccc(F)cc32)c1C,5.229147988357856,<rdkit.Chem.rdchem.Mol object at 0x000001D69565F430>,False,False
CHEMBL5420857,IC50,nM,17.0,IC50,nM,17.0,CN(C)CCn1ccc2cc(Nc3nccc(-n4ccnc4-c4ccc(F)cc4)n3)ccc21,7.769551078621726,<rdkit.Chem.rdchem.Mol object at 0x000001D69565F510>,False,False
CHEMBL5409629,IC50,nM,86.0,IC50,nM,86.0,CN(C)CCn1ccc2cc(Nc3nccc(-n4ccnc4-c4ccc(Cl)cc4)n3)ccc21,7.0655015487564325,<rdkit.Chem.rdchem.Mol object at 0x000001D69565F580>,False,False
CHEMBL5401705,IC50,nM,289.0,IC50,nM,289.0,COc1ccc(-c2nccn2-c2ccnc(Nc3ccc4c(ccn4CCN(C)C)c3)n2)cc1,6.539102157243452,<rdkit.Chem.rdchem.Mol object at 0x000001D69565F5F0>,False,False
CHEMBL5404315,IC50,nM,90.0,IC50,nM,90.0,CN(C)CCn1ccc2cc(Nc3nccc(-n4ccnc4-c4cccc(F)c4)n3)ccc21,7.045757490560675,<rdkit.Chem.rdchem.Mol object at 0x000001D69565F660>,False,False
CHEMBL5419934,IC50,nM,127.0,IC50,nM,127.0,COc1cc(N2CCN(C)CC2)ccc1Nc1nccc(-n2ccnc2-c2ccc(F)cc2)n1,6.896196279044043,<rdkit.Chem.rdchem.Mol object at 0x000001D69565F740>,False,False
CHEMBL5401094,IC50,nM,28.0,IC50,nM,28.0,COc1cc(N2CCC(N3CCN(C)CC3)CC2)c(C)cc1Nc1nccc(-n2ccnc2-c2ccc(F)cc2)n1,7.552841968657781,<rdkit.Chem.rdchem.Mol object at 0x000001D69565F7B0>,False,False
CHEMBL5406587,IC50,nM,2.1,IC50,nM,2.1,CN(C)CCn1ccc2cc(Nc3nccc(-c4sc(N)nc4-c4ccc(F)cc4)n3)ccc21,8.67778070526608,<rdkit.Chem.rdchem.Mol object at 0x000001D69565F820>,False,False
CHEMBL5430071,IC50,nM,19.0,IC50,nM,19.0,CNc1nc(-c2ccc(F)cc2)c(-c2ccnc(Nc3ccc4c(ccn4CCN(C)C)c3)n2)s1,7.721246399047171,<rdkit.Chem.rdchem.Mol object at 0x000001D69565F890>,False,False
CHEMBL5433431,IC50,nM,11.0,IC50,nM,11.0,Cc1nc(-c2ccc(F)cc2)c(-c2ccnc(Nc3ccc4c(ccn4CCN(C)C)c3)n2)s1,7.958607314841775,<rdkit.Chem.rdchem.Mol object at 0x000001D69565F900>,False,False
CHEMBL5408900,IC50,nM,20.0,IC50,nM,20.0,CC(C)c1nc(-c2ccc(F)cc2)c(-c2ccnc(Nc3ccc4c(ccn4CCN(C)C)c3)n2)s1,7.698970004336019,<rdkit.Chem.rdchem.Mol object at 0x000001D69565F970>,False,False
CHEMBL5412108,IC50,nM,26.0,IC50,nM,26.0,CN(C)CCn1ccc2cc(Nc3nccc(-c4sc(N5CCOCC5)nc4-c4ccc(F)cc4)n3)ccc21,7.585026652029182,<rdkit.Chem.rdchem.Mol object at 0x000001D69565F9E0>,False,False
CHEMBL5414782,IC50,nM,3.2,IC50,nM,3.2,CC(=O)Nc1nc(-c2ccc(F)cc2)c(-c2ccnc(Nc3ccc4c(ccn4CCN(C)C)c3)n2)s1,8.494850021680094,<rdkit.Chem.rdchem.Mol object at 0x000001D69565FA50>,False,False
CHEMBL5407489,IC50,nM,2.5,IC50,nM,2.5,CN(C)CCn1ccc2cc(Nc3nccc(-c4sc(NS(C)(=O)=O)nc4-c4ccc(F)cc4)n3)ccc21,8.602059991327963,<rdkit.Chem.rdchem.Mol object at 0x000001D69565FAC0>,False,False
CHEMBL5411886,IC50,nM,0.9,IC50,nM,0.9,CCS(=O)(=O)Nc1nc(-c2ccc(F)cc2)c(-c2ccnc(Nc3ccc4c(ccn4CCN(C)C)c3)n2)s1,9.045757490560677,<rdkit.Chem.rdchem.Mol object at 0x000001D69565FB30>,False,False
CHEMBL5412305,IC50,nM,3.4,IC50,nM,3.4,CC(C)S(=O)(=O)Nc1nc(-c2ccc(F)cc2)c(-c2ccnc(Nc3ccc4c(ccn4CCN(C)C)c3)n2)s1,8.468521082957745,<rdkit.Chem.rdchem.Mol object at 0x000001D69565FBA0>,False,False
CHEMBL5432141,IC50,nM,4.3,IC50,nM,4.3,CCCCS(=O)(=O)Nc1nc(-c2ccc(F)cc2)c(-c2ccnc(Nc3ccc4c(ccn4CCN(C)C)c3)n2)s1,8.366531544420413,<rdkit.Chem.rdchem.Mol object at 0x000001D69565FC10>,False,False
CHEMBL5398817,IC50,nM,20.0,IC50,nM,20.0,CN(C)CCn1ccc2cc(Nc3nccc(-c4sc(NS(=O)(=O)C5CCCCC5)nc4-c4ccc(F)cc4)n3)ccc21,7.698970004336019,<rdkit.Chem.rdchem.Mol object at 0x000001D69565FCF0>,False,False
CHEMBL5419895,IC50,nM,4.1,IC50,nM,4.1,CCN(CC)CCn1ccc2cc(Nc3nccc(-c4sc(NS(=O)(=O)CC)nc4-c4ccc(F)cc4)n3)ccc21,8.387216143280265,<rdkit.Chem.rdchem.Mol object at 0x000001D69565FD60>,False,False
CHEMBL5401500,IC50,nM,6.3,IC50,nM,6.3,CCS(=O)(=O)Nc1nc(-c2ccc(F)cc2)c(-c2ccnc(Nc3ccc4c(ccn4CCN4CCOCC4)c3)n2)s1,8.200659450546418,<rdkit.Chem.rdchem.Mol object at 0x000001D69565FDD0>,False,False
CHEMBL5436254,IC50,nM,2.1,IC50,nM,2.1,CCS(=O)(=O)Nc1nc(-c2ccc(F)cc2)c(-c2ccnc(Nc3ccc(C4CCN(C)CC4)cc3)n2)s1,8.67778070526608,<rdkit.Chem.rdchem.Mol object at 0x000001D69565FF90>,False,False
CHEMBL5436965,IC50,nM,2.5,IC50,nM,2.5,CCS(=O)(=O)Nc1nc(-c2ccc(F)cc2)c(-c2ccnc(Nc3ccc(N4CCN(C)CC4)cc3OC)n2)s1,8.602059991327963,<rdkit.Chem.rdchem.Mol object at 0x000001D6956600B0>,False,False
CHEMBL5431378,IC50,nM,10.0,IC50,nM,10.0,CCS(=O)(=O)Nc1nc(-c2ccc(F)cc2)c(-c2ccnc(Nc3cc(C)c(N4CCC(N5CCN(C)CC5)CC4)cc3OC)n2)s1,8.0,<rdkit.Chem.rdchem.Mol object at 0x000001D695660120>,False,False
CHEMBL5397642,IC50,nM,8.5,IC50,nM,8.5,CCS(=O)(=O)Nc1nc(-c2ccc(F)cc2)c(-c2ccnc(Nc3ccc(N4CCOCC4)cc3OC)n2)s1,8.070581074285707,<rdkit.Chem.rdchem.Mol object at 0x000001D695660200>,False,False
CHEMBL5411267,IC50,nM,70.1,IC50,nM,70.1,CCS(=O)(=O)Nc1nc(-c2ccc(F)cc2)c(-c2ccnc(Nc3cc(-c4cnn(C)c4)c(N4CCOCC4)cc3OC)n2)s1,7.154281982033341,<rdkit.Chem.rdchem.Mol object at 0x000001D6956602E0>,False,False
CHEMBL5430547,IC50,nM,5.1,IC50,nM,5.1,CCS(=O)(=O)N1CCC(c2nc(-c3ccc(F)cc3)c(-c3ccnc(Nc4ccc5c(ccn5CCN(C)C)c4)n3)s2)CC1,8.292429823902063,<rdkit.Chem.rdchem.Mol object at 0x000001D695660350>,False,False
CHEMBL5414792,IC50,nM,34.0,IC50,nM,34.0,CCN(CC)CCn1ccc2cc(Nc3nccc(-c4sc(C5CCN(S(=O)(=O)CC)CC5)nc4-c4ccc(F)cc4)n3)ccc21,7.468521082957745,<rdkit.Chem.rdchem.Mol object at 0x000001D6956603C0>,False,False
CHEMBL5419002,IC50,nM,71.0,IC50,nM,71.0,CCS(=O)(=O)N1CCC(c2nc(-c3ccc(F)cc3)c(-c3ccnc(Nc4ccc5c(ccn5CCN5CCOCC5)c4)n3)s2)CC1,7.1487416512809245,<rdkit.Chem.rdchem.Mol object at 0x000001D695660430>,False,False
CHEMBL5400143,IC50,nM,15.0,IC50,nM,15.0,CCS(=O)(=O)N1CCC(c2nc(-c3ccc(F)cc3)c(-c3ccnc(Nc4ccc(C5CCN(C)CC5)cc4)n3)s2)CC1,7.823908740944319,<rdkit.Chem.rdchem.Mol object at 0x000001D695660660>,False,False
CHEMBL5440559,IC50,nM,71.0,IC50,nM,71.0,CCS(=O)(=O)N1CCC(c2nc(-c3ccc(F)cc3)c(-c3ccnc(Nc4ccc(N5CCN(C)CC5)cc4OC)n3)s2)CC1,7.1487416512809245,<rdkit.Chem.rdchem.Mol object at 0x000001D695660740>,False,False
CHEMBL5419101,IC50,nM,71.0,IC50,nM,71.0,CCS(=O)(=O)N1CCC(c2nc(-c3ccc(F)cc3)c(-c3ccnc(Nc4ccc(N5CCOCC5)cc4OC)n3)s2)CC1,7.1487416512809245,<rdkit.Chem.rdchem.Mol object at 0x000001D695660820>,False,False
CHEMBL5424597,IC50,nM,409.0,IC50,nM,409.0,CN(C)CCn1ccc2cc(Nc3nccc(-n4ccc(-c5ccc(F)cc5)n4)n3)ccc21,6.388276691992658,<rdkit.Chem.rdchem.Mol object at 0x000001D695660900>,False,False
CHEMBL5412768,IC50,nM,580.0,IC50,nM,580.0,COc1cc2ncnc(N[C@H](C)c3cccc4ccccc34)c2cc1OC,6.236572006437063,<rdkit.Chem.rdchem.Mol object at 0x000001D695661CF0>,False,False
CHEMBL5408255,IC50,nM,152.0,IC50,nM,152.0,CCOC(=O)c1c(-n2ccnc2)nc2ccc(Br)cc2c1N1CCN(c2ccccc2NS(=O)(=O)c2ccc(F)cc2)CC1,6.818156412055227,<rdkit.Chem.rdchem.Mol object at 0x000001D695661E40>,False,False
CHEMBL5438940,IC50,nM,159.0,IC50,nM,159.0,CCOC(=O)c1c(-n2ccnc2)nc2ccc(Br)cc2c1N1CCN(c2ccccc2NS(=O)(=O)c2ccc(F)c(F)c2)CC1,6.798602875679548,<rdkit.Chem.rdchem.Mol object at 0x000001D695661EB0>,False,False
CHEMBL5404784,IC50,nM,144.0,IC50,nM,144.0,CCOC(=O)c1c(-n2ccnc2)nc2ccc(Br)cc2c1N1CCN(c2ccccc2NS(=O)(=O)c2ccccc2F)CC1,6.841637507904751,<rdkit.Chem.rdchem.Mol object at 0x000001D695661F20>,False,False
CHEMBL5410384,IC50,nM,138.0,IC50,nM,138.0,CCOC(=O)c1c(-n2ccnc2)nc2ccc(Br)cc2c1N1CCN(c2ccccc2NS(=O)(=O)c2ccc(C(F)(F)F)cc2)CC1,6.860120913598763,<rdkit.Chem.rdchem.Mol object at 0x000001D695661F90>,False,False
CHEMBL5416668,IC50,nM,490.0,IC50,uM,0.49,N#Cc1c(-c2ccc3ncc(C(N)=O)c(Nc4cccc(Br)c4)c3c2)csc1N,6.309803919971486,<rdkit.Chem.rdchem.Mol object at 0x000001D695662040>,False,False
CHEMBL5398753,IC50,nM,98.0,IC50,nM,98.0,O=C(CSc1nc2ccccc2c(=O)n1CCc1ccccc1)Nc1ccc(S(=O)(=O)Nc2ccc(Cl)nn2)cc1,7.008773924307505,<rdkit.Chem.rdchem.Mol object at 0x000001D6956620B0>,False,False
